/opt/conda/lib/python3.11/site-packages/torch/cuda/__init__.py:63: FutureWarning: The pynvml package is deprecated. Please install nvidia-ml-py instead. If you did not install pynvml directly, please report this to the maintainers of the package that installed pynvml for you.
  import pynvml  # type: ignore[import]
W0712 03:02:23.677000 2902284 site-packages/torch/distributed/run.py:774] 
W0712 03:02:23.677000 2902284 site-packages/torch/distributed/run.py:774] *****************************************
W0712 03:02:23.677000 2902284 site-packages/torch/distributed/run.py:774] Setting OMP_NUM_THREADS environment variable for each process to be 1 in default, to avoid your system being overloaded, please further tune the variable for optimal performance in your application as needed. 
W0712 03:02:23.677000 2902284 site-packages/torch/distributed/run.py:774] *****************************************
/opt/conda/lib/python3.11/site-packages/torch/cuda/__init__.py:63: FutureWarning: The pynvml package is deprecated. Please install nvidia-ml-py instead. If you did not install pynvml directly, please report this to the maintainers of the package that installed pynvml for you.
  import pynvml  # type: ignore[import]
/opt/conda/lib/python3.11/site-packages/torch/cuda/__init__.py:63: FutureWarning: The pynvml package is deprecated. Please install nvidia-ml-py instead. If you did not install pynvml directly, please report this to the maintainers of the package that installed pynvml for you.
  import pynvml  # type: ignore[import]
/opt/conda/lib/python3.11/site-packages/torch/cuda/__init__.py:63: FutureWarning: The pynvml package is deprecated. Please install nvidia-ml-py instead. If you did not install pynvml directly, please report this to the maintainers of the package that installed pynvml for you.
  import pynvml  # type: ignore[import]
/opt/conda/lib/python3.11/site-packages/torch/cuda/__init__.py:63: FutureWarning: The pynvml package is deprecated. Please install nvidia-ml-py instead. If you did not install pynvml directly, please report this to the maintainers of the package that installed pynvml for you.
  import pynvml  # type: ignore[import]
/opt/conda/lib/python3.11/site-packages/torch/cuda/__init__.py:63: FutureWarning: The pynvml package is deprecated. Please install nvidia-ml-py instead. If you did not install pynvml directly, please report this to the maintainers of the package that installed pynvml for you.
  import pynvml  # type: ignore[import]
/opt/conda/lib/python3.11/site-packages/torch/cuda/__init__.py:63: FutureWarning: The pynvml package is deprecated. Please install nvidia-ml-py instead. If you did not install pynvml directly, please report this to the maintainers of the package that installed pynvml for you.
  import pynvml  # type: ignore[import]
/opt/conda/lib/python3.11/site-packages/torch/cuda/__init__.py:63: FutureWarning: The pynvml package is deprecated. Please install nvidia-ml-py instead. If you did not install pynvml directly, please report this to the maintainers of the package that installed pynvml for you.
  import pynvml  # type: ignore[import]
/opt/conda/lib/python3.11/site-packages/torch/cuda/__init__.py:63: FutureWarning: The pynvml package is deprecated. Please install nvidia-ml-py instead. If you did not install pynvml directly, please report this to the maintainers of the package that installed pynvml for you.
  import pynvml  # type: ignore[import]
using device: cuda:6
using device: cuda:4
using device: cuda:7
using device: cuda:2
using device: cuda:1
using device: cuda:0
Accumulation steps: 2
using device: cuda:3
Training DataLoader: total number of tokens: 2900000000 across 29 files
Validation DataLoader: total number of tokens: 100000000 across 1 files
using device: cuda:5
number of parameters: 373.43M
number of parameters: 373.43M
number of parameters: 373.43M
number of parameters: 373.43M
number of parameters: 373.43M
number of parameters: 373.43M
number of parameters: 373.43M
number of parameters: 373.43M
Model size: 1424.53 MB
Number of parameters: 373432185
Number of trainable parameters: 373432185
Logging run in logs/ar_full_F74c_0/
====================================================================================================
import datetime
import os
import sys

from coqpit import Coqpit
from optimizers import get_optimizer
from utils import get_model

with open(sys.argv[0]) as f:
    code = f.read()  # read the code of this file ASAP, for logging
import glob
import time
from dataclasses import dataclass, field

import numpy as np
import torch
import torch.distributed as dist
from torch.nn.parallel import DistributedDataParallel as DDP

os.environ["TORCH_NCCL_ASYNC_ERROR_HANDLING"] = "1"
os.environ["NCCL_TIMEOUT"] = "1800"

torch._dynamo.config.optimize_ddp = False
torch.set_float32_matmul_precision("high")


class TeeLogger:
    def __init__(self, filename):
        self.terminal = sys.stdout
        self.log = open(filename, "a")

    def write(self, message):
        self.terminal.write(message)
        self.log.write(message)
        self.log.flush()

    def flush(self):
        self.terminal.flush()

    def isatty(self):
        return hasattr(self.terminal, "isatty") and self.terminal.isatty()

    def fileno(self):
        return self.terminal.fileno()


# -----------------------------------------------------------------------------
# Our own simple Distributed Data Loader


def _peek_data_shard(filename):
    # only reads the header, returns header data
    with open(filename, "rb") as f:
        # first read the header, which is 256 int32 integers (4 bytes each)
        header = np.frombuffer(f.read(256 * 4), dtype=np.int32)
    if header[0] != 20240520:
        print("ERROR: magic number mismatch in the data .bin file!")
        print("---> HINT: Are you passing in a correct file with --input_bin?")
        print(
            "---> HINT: Dataset encoding changed recently, re-run data prepro or refer again to README"
        )
        print(
            "---> HINT: For example re-run: `python dev/data/tinyshakespeare.py`, then re-try"
        )
        exit(1)
    assert header[1] == 1, "unsupported version"
    ntok = header[2]  # number of tokens (claimed)
    return ntok  # for now just return the number of tokens


def _load_data_shard(filename):
    with open(filename, "rb") as f:
        # first read the header, which is 256 int32 integers (4 bytes each)
        header = np.frombuffer(f.read(256 * 4), dtype=np.int32)
        assert header[0] == 20240520, "magic number mismatch in the data .bin file"
        assert header[1] == 1, "unsupported version"
        ntok = header[2]  # number of tokens (claimed)
        # the rest of it are tokens, stored as uint16
        tokens = np.frombuffer(f.read(), dtype=np.uint16)
    assert len(tokens) == ntok, "number of tokens read does not match header?"
    return tokens


class DistributedDataLoader:
    def __init__(self, filename_pattern, B, T, process_rank, num_processes):
        self.process_rank = process_rank
        self.num_processes = num_processes
        self.B = B
        self.T = T

        # glob files that match the pattern
        self.files = sorted(glob.glob(filename_pattern))
        assert (
            len(self.files) > 0
        ), f"did not find any files that match the pattern {filename_pattern}"

        # load and validate all data shards, count number of tokens in total
        ntok_total = 0
        for fname in self.files:
            shard_ntok = _peek_data_shard(fname)
            assert shard_ntok >= num_processes * B * T + 1
            ntok_total += int(shard_ntok)
        self.ntok_total = ntok_total

        # kick things off
        self.reset()

    def reset(self):
        self.current_shard = 0
        self.current_position = self.process_rank * self.B * self.T
        self.tokens = _load_data_shard(self.files[self.current_shard])

    def advance(self):  # advance to next data shard
        self.current_shard = (self.current_shard + 1) % len(self.files)
        self.current_position = self.process_rank * self.B * self.T
        self.tokens = _load_data_shard(self.files[self.current_shard])

    def next_batch(self):
        B = self.B
        T = self.T
        buf = self.tokens[self.current_position : self.current_position + B * T + 1]
        buf = torch.tensor(buf.astype(np.int32), dtype=torch.long)
        x = (buf[:-1]).view(B, T)  # inputs
        y = (buf[1:]).view(B, T)  # targets
        # advance current position and load next shard if necessary
        self.current_position += B * T * self.num_processes
        if self.current_position + (B * T * self.num_processes + 1) > len(self.tokens):
            self.advance()
        return x.cuda(), y.cuda()


# -----------------------------------------------------------------------------
# Hyperparameters


@dataclass
class Hyperparameters(Coqpit):
    run_name: str = "nano_gpt+rms_norm+geglu+gqa+softcap"
    compile_model: bool = True
    # data hyperparams
    input_bin: str = "../data/fineweb10B/fineweb_train_*.bin"  # input .bin to train on
    input_val_bin: str = (
        "../data/fineweb10B/fineweb_val_*.bin"  # input .bin to eval validation loss on
    )

    # training
    batch_size: int = 8 * 64  # batch size, in sequences, across all devices
    device_batch_size: int = 32  # batch size, in sequences, per device, grad_accum_steps = batch_size // num_devices /// device_batch_size
    sequence_length: int = 1024  # sequence length, in tokens
    num_iterations: int = 5100  # number of iterations to run

    # optimizer
    optimizer_name: str = "Adam"
    optimizer_args: dict = field(
        default_factory=lambda: {
            "betas": (0.9, 0.95),
            "eps": 1e-8,
            "weight_decay": 0.0,
            "use_cautious_weight_decay": False,
        }
    )
    learning_rate: float = 0.001
    warmup_iters: int = 250
    warmdown_iters: int = 2000  # number of iterations of linear warmup/warmdown for triangular or trapezoidal schedule

    # evaluation and logging hyperparams
    val_loss_every: int = (
        125  # every how many steps to evaluate val loss? 0 for only at the end
    )
    val_tokens: int = 10485760  # how many tokens of validation data? it's important to keep this fixed for consistent comparisons
    save_every: int = (
        5000  # every how many steps to save the checkpoint? 0 for only at the end
    )

    # checkpoint params
    keep_last_n_checkpoints: int = 1  # number of checkpoints to keep
    save_best_model: bool = True  # whether to save best model based on val loss


# -----------------------------------------------------------------------------
# int main

if __name__ == "__main__":
    from argparse import ArgumentParser

    parser = ArgumentParser()
    parser.add_argument("--config", type=str, default=None)
    parser.add_argument("--run_name", type=str, default=None)
    parser.add_argument("--model_name", type=str, default="bla_gpt")
    cli_args = parser.parse_args()

    args = Hyperparameters()
    model_config, model = get_model(cli_args.model_name)

    if cli_args.config:
        model_config.load_json(cli_args.config)

    # Apply model-config values to matching training hyperparameters after
    # loading overrides (e.g. warmup_iters in a full-training recipe).
    for key, value in model_config.to_dict().items():
        if hasattr(args, key):
            setattr(args, key, value)

    if cli_args.run_name:
        args.run_name = cli_args.run_name

    # set up DDP (distributed data parallel). torchrun sets this env variable
    assert torch.cuda.is_available()
    dist.init_process_group(
        backend="nccl", init_method="env://", timeout=datetime.timedelta(minutes=30)
    )
    ddp_rank = int(os.environ["RANK"])
    ddp_local_rank = int(os.environ["LOCAL_RANK"])
    ddp_world_size = int(os.environ["WORLD_SIZE"])
    device = f"cuda:{ddp_local_rank}"
    torch.cuda.set_device(device)
    print(f"using device: {device}")
    master_process = ddp_rank == 0  # this process will do logging, checkpointing etc.

    # convenience variables
    B, T = args.device_batch_size, args.sequence_length
    # calculate the number of steps to take in the val loop.
    assert args.val_tokens % (B * T * ddp_world_size) == 0
    val_steps = args.val_tokens // (B * T * ddp_world_size)
    # calculate the steps of gradient accumulation required to attain the desired global batch size.
    assert args.batch_size % (B * ddp_world_size) == 0
    train_accumulation_steps = args.batch_size // (B * ddp_world_size)
    if master_process:
        print(f"Accumulation steps: {train_accumulation_steps}")

    # load tokens
    train_loader = DistributedDataLoader(args.input_bin, B, T, ddp_rank, ddp_world_size)
    val_loader = DistributedDataLoader(
        args.input_val_bin, B, T, ddp_rank, ddp_world_size
    )
    if master_process:
        print(
            f"Training DataLoader: total number of tokens: {train_loader.ntok_total} across {len(train_loader.files)} files"
        )
        print(
            f"Validation DataLoader: total number of tokens: {val_loader.ntok_total} across {len(val_loader.files)} files"
        )
    x, y = train_loader.next_batch()

    # there are only 50257 unique GPT-2 tokens; we extend to nearest multiple of 128 for efficiency. suggested to me by @Grad62304977.
    # this originates from Karpathy's experiments.
    torch.cuda.empty_cache()
    model = model(model_config)
    model = model.cuda()

    if args.compile_model:
        model = torch.compile(model)

    model_size = (
        sum(p.numel() for p in model.parameters()) * 4 / (1024**2)
    )  # size in MB

    num_parameters = sum(p.numel() for p in model.parameters())
    num_trainable_parameters = sum(
        p.numel() for p in model.parameters() if p.requires_grad
    )

    if master_process:
        print(f"Model size: {model_size:.2f} MB")
        print(f"Number of parameters: {num_parameters}")
        print(f"Number of trainable parameters: {num_trainable_parameters}")

    # here we wrap model into DDP container
    model = DDP(
        model,
        device_ids=[ddp_local_rank],
        find_unused_parameters=True,
        broadcast_buffers=False,
        gradient_as_bucket_view=True,
    )
    raw_model = model.module  # always contains the "raw" unwrapped model
    ctx = torch.amp.autocast(device_type="cuda", dtype=torch.bfloat16)

    # init the optimizer(s)
    # foreach == false to save VRAM

    optimizer1 = get_optimizer(
        args.optimizer_name, args.optimizer_args, args.learning_rate, raw_model
    )

    optimizers = [
        optimizer1,
    ]

    # learning rate decay scheduler (linear warmup and warmdown)
    def get_lr(it):
        assert it <= args.num_iterations
        # 1) linear warmup for warmup_iters steps
        if it < args.warmup_iters:
            return (it + 1) / args.warmup_iters
        # 2) constant lr for a while
        elif it < args.num_iterations - args.warmdown_iters:
            return 1.0
        # 3) linear warmdown
        else:
            decay_ratio = (args.num_iterations - it) / args.warmdown_iters
            return decay_ratio

    schedulers = [torch.optim.lr_scheduler.LambdaLR(opt, get_lr) for opt in optimizers]

    # begin logging
    if master_process:
        run_num = 0
        run_id = f"{args.run_name}_{run_num}"
        logdir = "logs/%s/" % run_id
        while os.path.exists(logdir):
            run_num += 1
            run_id = f"{args.run_name}_{run_num}"
            logdir = "logs/%s/" % run_id
        os.makedirs(logdir, exist_ok=True)
        logfile = "logs/%s.txt" % run_id
        print(f"Logging run in {logdir}")
        # create the log file and set up TeeLogger
        sys.stdout = TeeLogger(logfile)
        # begin the log by printing this file (the Python code)
        print("=" * 100)
        print(code)
        print("=" * 100)
        # log information about the hardware/software environment this is running on
        # and print the full `nvidia-smi` to file
        print(
            f"Running pytorch {torch.version.__version__} compiled for CUDA {torch.version.cuda}\nnvidia-smi:"
        )
        import subprocess

        result = subprocess.run(
            ["nvidia-smi"],
            stdout=subprocess.PIPE,
            stderr=subprocess.PIPE,
            text=True,
        )
        print(f"{result.stdout}")
        print("=" * 100)

    training_time_ms = 0
    best_val_loss = float("inf")
    # start the clock
    torch.cuda.synchronize()
    t0 = time.time()
    # begin training
    train_loader.reset()
    for step in range(args.num_iterations + 1):
        last_step = step == args.num_iterations
        # This effectively ignores timing first 10 steps, which are slower for weird reasons.
        # Alternately, and slightly more correctly in terms of benchmarking, we could do 10
        # steps with dummy data first, and then re-initialize the model and reset the loader.
        if step == 10:
            training_time_ms = 0
            t0 = time.time()
        timed_steps = (
            float("nan") if step <= 11 else (step - 10) + 1
        )  # <= 11 to avoid bug in val

        # once in a while evaluate the validation dataset
        if last_step or (args.val_loss_every > 0 and step % args.val_loss_every == 0):
            # stop the clock
            torch.cuda.synchronize()
            training_time_ms += 1000 * (time.time() - t0)
            # run validation batches
            model.eval()
            val_loader.reset()
            val_loss = 0.0
            with torch.no_grad():
                for _ in range(val_steps):
                    x_val, y_val = val_loader.next_batch()
                    with ctx:  # of course, we'd like to use no_grad() here too, but that creates a torch.compile error for some reason
                        _, loss = model(x_val, y_val)
                        metrics = None
                        if type(loss) is dict:
                            metrics = {k: v for k, v in loss.items() if k != "total"}
                            loss = loss["total"]
                        val_loss += loss.detach()
                        del loss
            dist.all_reduce(val_loss, op=dist.ReduceOp.AVG)
            val_loss /= val_steps
            # log val loss to console and to logfile
            if master_process:
                if metrics is None:
                    print(
                        f"step:{step}/{args.num_iterations} val_loss:{val_loss:.4f} train_time:{training_time_ms:.0f}ms step_avg:{training_time_ms/(timed_steps-1):.2f}ms"
                    )
                else:
                    print(
                        f"step:{step}/{args.num_iterations} val_loss:{val_loss:.4f} train_time:{training_time_ms:.0f}ms step_avg:{training_time_ms/(timed_steps-1):.2f}ms {metrics}"
                    )
                with open(logfile, "a") as f:
                    f.write(
                        f"step:{step}/{args.num_iterations} val_loss:{val_loss:.4f} train_time:{training_time_ms:.0f}ms step_avg:{training_time_ms/(timed_steps-1):.2f}ms\n"
                    )
            # start the clock again
            torch.cuda.synchronize()
            torch.cuda.empty_cache()
            t0 = time.time()

            # Save best model if validation loss improved
            if master_process and (args.save_best_model and val_loss < best_val_loss):
                best_val_loss = val_loss
                log = dict(
                    step=step,
                    code=code,
                    model_config=model_config.to_dict(),
                    train_config=args.to_dict(),
                    model=raw_model.state_dict(),
                    optimizers=[opt.state_dict() for opt in optimizers],
                    val_loss=val_loss,
                )
                best_model_path = f"logs/{run_id}/best_model_{step}.pt"
                torch.save(log, best_model_path)

                # Remove previous best model if exists
                for f in glob.glob(f"logs/{run_id}/best_model_*.pt"):
                    if f != best_model_path:
                        os.remove(f)

        if master_process and (
            last_step or (args.save_every > 0 and step % args.save_every == 0)
        ):
            # stop the clock
            torch.cuda.synchronize()
            training_time_ms += 1000 * (time.time() - t0)
            # save the state of the training process
            log = dict(
                step=step,
                code=code,
                model_config=model_config.to_dict(),
                train_config=args.to_dict(),
                model=raw_model.state_dict(),
                optimizers=[opt.state_dict() for opt in optimizers],
            )
            torch.save(log, "logs/%s/state_step%06d.pt" % (run_id, step))

            # Cleanup old checkpoints
            if args.keep_last_n_checkpoints > 0:
                checkpoints = sorted(glob.glob(f"logs/{run_id}/state_step*.pt"))
                if len(checkpoints) > args.keep_last_n_checkpoints:
                    for checkpoint in checkpoints[: -args.keep_last_n_checkpoints]:
                        os.remove(checkpoint)

            # start the clock again
            torch.cuda.synchronize()
            t0 = time.time()

        # bit confusing: we want to make sure to eval on 0th iteration
        # but also after the very last iteration. so we loop for step <= num_iterations
        # instead of just < num_iterations (one extra due to <=), only to do
        # the validation/sampling one last time, and then we break right here as we're done.
        if last_step:
            break

        # --------------- TRAINING SECTION BEGIN -----------------
        model.train()
        # Optional sequence-length curriculum from the model recipe. Data and
        # validation remain unchanged; only early train forwards use a prefix.
        curriculum_steps = getattr(model_config, "seq_curriculum_steps", 0)
        curriculum_len = getattr(model_config, "seq_curriculum_len", T)
        use_short_sequence = curriculum_steps > 0 and step < curriculum_steps
        for i in range(1, train_accumulation_steps + 1):
            # forward pass
            with ctx:
                if use_short_sequence:
                    _, loss = model(
                        x[:, :curriculum_len].contiguous(),
                        y[:, :curriculum_len].contiguous(),
                    )
                else:
                    _, loss = model(x, y)
                metrics = None
                if type(loss) is dict:
                    metrics = {k: v for k, v in loss.items() if k != "total"}
                    loss = loss["total"]
                train_loss = loss.detach()

            # advance the dataset for the next batch
            x, y = train_loader.next_batch()
            # backward pass
            if i < train_accumulation_steps:
                with (
                    model.no_sync()
                ):  # there's no need to sync gradients every accumulation step
                    loss.backward()
            else:
                loss.backward()  # just sync on the last step
        for p in model.parameters():
            if p.grad is not None:
                p.grad /= train_accumulation_steps
        # step the optimizers and schedulers
        for opt, sched in zip(optimizers, schedulers):
            opt.step()
            sched.step()
        # null the gradients
        model.zero_grad(set_to_none=True)
        # --------------- TRAINING SECTION END -------------------
        # everything that follows now is just diagnostics, prints, logging, etc.

        # dist.all_reduce(train_loss, op=dist.ReduceOp.AVG) # all-reducing the training loss would be more correct in terms of logging, but slower
        if master_process:
            approx_time = training_time_ms + 1000 * (time.time() - t0)
            lr = optimizers[0].param_groups[0]["lr"]
            if metrics is None:
                print(
                    f"step:{step+1}/{args.num_iterations} lr:{lr} train_loss:{train_loss.item():.4f} train_time:{approx_time:.0f}ms step_avg:{approx_time/timed_steps:.2f}ms"
                )
            else:
                print(
                    f"step:{step+1}/{args.num_iterations} lr:{lr} train_loss:{train_loss.item():.4f} train_time:{approx_time:.0f}ms step_avg:{approx_time/timed_steps:.2f}ms {metrics}"
                )

    if master_process:
        print(
            f"peak memory consumption: {torch.cuda.max_memory_allocated() // 1024 // 1024} MiB"
        )

    # -------------------------------------------------------------------------
    # clean up nice
    dist.destroy_process_group()

====================================================================================================
Running pytorch 2.8.0+cu129 compiled for CUDA 12.9
nvidia-smi:
Sun Jul 12 03:02:49 2026       
+-----------------------------------------------------------------------------------------+
| NVIDIA-SMI 590.48.01              Driver Version: 590.48.01      CUDA Version: 13.1     |
+-----------------------------------------+------------------------+----------------------+
| GPU  Name                 Persistence-M | Bus-Id          Disp.A | Volatile Uncorr. ECC |
| Fan  Temp   Perf          Pwr:Usage/Cap |           Memory-Usage | GPU-Util  Compute M. |
|                                         |                        |               MIG M. |
|=========================================+========================+======================|
|   0  NVIDIA H100 80GB HBM3          On  |   00000000:19:00.0 Off |                    0 |
| N/A   30C    P0            122W /  700W |    9315MiB /  81559MiB |     49%      Default |
|                                         |                        |             Disabled |
+-----------------------------------------+------------------------+----------------------+
|   1  NVIDIA H100 80GB HBM3          On  |   00000000:3B:00.0 Off |                    0 |
| N/A   30C    P0            124W /  700W |    9315MiB /  81559MiB |     54%      Default |
|                                         |                        |             Disabled |
+-----------------------------------------+------------------------+----------------------+
|   2  NVIDIA H100 80GB HBM3          On  |   00000000:4C:00.0 Off |                    0 |
| N/A   27C    P0            117W /  700W |    9315MiB /  81559MiB |     42%      Default |
|                                         |                        |             Disabled |
+-----------------------------------------+------------------------+----------------------+
|   3  NVIDIA H100 80GB HBM3          On  |   00000000:5D:00.0 Off |                    0 |
| N/A   29C    P0            121W /  700W |    9315MiB /  81559MiB |     17%      Default |
|                                         |                        |             Disabled |
+-----------------------------------------+------------------------+----------------------+
|   4  NVIDIA H100 80GB HBM3          On  |   00000000:9B:00.0 Off |                    0 |
| N/A   30C    P0            120W /  700W |    9315MiB /  81559MiB |     24%      Default |
|                                         |                        |             Disabled |
+-----------------------------------------+------------------------+----------------------+
|   5  NVIDIA H100 80GB HBM3          On  |   00000000:BB:00.0 Off |                    0 |
| N/A   27C    P0            122W /  700W |    9315MiB /  81559MiB |      0%      Default |
|                                         |                        |             Disabled |
+-----------------------------------------+------------------------+----------------------+
|   6  NVIDIA H100 80GB HBM3          On  |   00000000:CB:00.0 Off |                    0 |
| N/A   30C    P0            125W /  700W |    9315MiB /  81559MiB |      0%      Default |
|                                         |                        |             Disabled |
+-----------------------------------------+------------------------+----------------------+
|   7  NVIDIA H100 80GB HBM3          On  |   00000000:DB:00.0 Off |                    0 |
| N/A   38C    P0            127W /  700W |    9315MiB /  81559MiB |      0%      Default |
|                                         |                        |             Disabled |
+-----------------------------------------+------------------------+----------------------+

+-----------------------------------------------------------------------------------------+
| Processes:                                                                              |
|  GPU   GI   CI              PID   Type   Process name                        GPU Memory |
|        ID   ID                                                               Usage      |
|=========================================================================================|
|    0   N/A  N/A         2902351      C   /opt/conda/bin/python3.11              4650MiB |
|    0   N/A  N/A         2902480      C   /opt/conda/bin/python3.11              4650MiB |
|    1   N/A  N/A         2902352      C   /opt/conda/bin/python3.11              4650MiB |
|    1   N/A  N/A         2902481      C   /opt/conda/bin/python3.11              4650MiB |
|    2   N/A  N/A         2902353      C   /opt/conda/bin/python3.11              4650MiB |
|    2   N/A  N/A         2902482      C   /opt/conda/bin/python3.11              4650MiB |
|    3   N/A  N/A         2902354      C   /opt/conda/bin/python3.11              4650MiB |
|    3   N/A  N/A         2902483      C   /opt/conda/bin/python3.11              4650MiB |
|    4   N/A  N/A         2902355      C   /opt/conda/bin/python3.11              4650MiB |
|    4   N/A  N/A         2902484      C   /opt/conda/bin/python3.11              4650MiB |
|    5   N/A  N/A         2902356      C   /opt/conda/bin/python3.11              4650MiB |
|    5   N/A  N/A         2902485      C   /opt/conda/bin/python3.11              4650MiB |
|    6   N/A  N/A         2902357      C   /opt/conda/bin/python3.11              4650MiB |
|    6   N/A  N/A         2902486      C   /opt/conda/bin/python3.11              4650MiB |
|    7   N/A  N/A         2902358      C   /opt/conda/bin/python3.11              4650MiB |
|    7   N/A  N/A         2902487      C   /opt/conda/bin/python3.11              4650MiB |
+-----------------------------------------------------------------------------------------+

====================================================================================================
[rank7]:W0712 03:02:51.681000 2902358 site-packages/torch/_dynamo/variables/tensor.py:1047] [1/0] Graph break from `Tensor.item()`, consider setting:
[rank7]:W0712 03:02:51.681000 2902358 site-packages/torch/_dynamo/variables/tensor.py:1047] [1/0]     torch._dynamo.config.capture_scalar_outputs = True
[rank7]:W0712 03:02:51.681000 2902358 site-packages/torch/_dynamo/variables/tensor.py:1047] [1/0] or:
[rank7]:W0712 03:02:51.681000 2902358 site-packages/torch/_dynamo/variables/tensor.py:1047] [1/0]     env TORCHDYNAMO_CAPTURE_SCALAR_OUTPUTS=1
[rank7]:W0712 03:02:51.681000 2902358 site-packages/torch/_dynamo/variables/tensor.py:1047] [1/0] to include these operations in the captured graph.
[rank7]:W0712 03:02:51.681000 2902358 site-packages/torch/_dynamo/variables/tensor.py:1047] [1/0] 
[rank7]:W0712 03:02:51.681000 2902358 site-packages/torch/_dynamo/variables/tensor.py:1047] [1/0] Graph break: from user code at:
[rank7]:W0712 03:02:51.681000 2902358 site-packages/torch/_dynamo/variables/tensor.py:1047] [1/0]   File "/nvme/BlaGPT/bla_gpt/bla_gpt.py", line 935, in forward
[rank7]:W0712 03:02:51.681000 2902358 site-packages/torch/_dynamo/variables/tensor.py:1047] [1/0]     loss_dict = {"ntp_loss": ntp_loss.detach().item()}
[rank7]:W0712 03:02:51.681000 2902358 site-packages/torch/_dynamo/variables/tensor.py:1047] [1/0] 
[rank7]:W0712 03:02:51.681000 2902358 site-packages/torch/_dynamo/variables/tensor.py:1047] [1/0] 
[rank4]:W0712 03:02:51.693000 2902355 site-packages/torch/_dynamo/variables/tensor.py:1047] [1/0] Graph break from `Tensor.item()`, consider setting:
[rank4]:W0712 03:02:51.693000 2902355 site-packages/torch/_dynamo/variables/tensor.py:1047] [1/0]     torch._dynamo.config.capture_scalar_outputs = True
[rank4]:W0712 03:02:51.693000 2902355 site-packages/torch/_dynamo/variables/tensor.py:1047] [1/0] or:
[rank4]:W0712 03:02:51.693000 2902355 site-packages/torch/_dynamo/variables/tensor.py:1047] [1/0]     env TORCHDYNAMO_CAPTURE_SCALAR_OUTPUTS=1
[rank4]:W0712 03:02:51.693000 2902355 site-packages/torch/_dynamo/variables/tensor.py:1047] [1/0] to include these operations in the captured graph.
[rank4]:W0712 03:02:51.693000 2902355 site-packages/torch/_dynamo/variables/tensor.py:1047] [1/0] 
[rank4]:W0712 03:02:51.693000 2902355 site-packages/torch/_dynamo/variables/tensor.py:1047] [1/0] Graph break: from user code at:
[rank4]:W0712 03:02:51.693000 2902355 site-packages/torch/_dynamo/variables/tensor.py:1047] [1/0]   File "/nvme/BlaGPT/bla_gpt/bla_gpt.py", line 935, in forward
[rank4]:W0712 03:02:51.693000 2902355 site-packages/torch/_dynamo/variables/tensor.py:1047] [1/0]     loss_dict = {"ntp_loss": ntp_loss.detach().item()}
[rank4]:W0712 03:02:51.693000 2902355 site-packages/torch/_dynamo/variables/tensor.py:1047] [1/0] 
[rank4]:W0712 03:02:51.693000 2902355 site-packages/torch/_dynamo/variables/tensor.py:1047] [1/0] 
[rank5]:W0712 03:02:51.704000 2902356 site-packages/torch/_dynamo/variables/tensor.py:1047] [1/0] Graph break from `Tensor.item()`, consider setting:
[rank5]:W0712 03:02:51.704000 2902356 site-packages/torch/_dynamo/variables/tensor.py:1047] [1/0]     torch._dynamo.config.capture_scalar_outputs = True
[rank5]:W0712 03:02:51.704000 2902356 site-packages/torch/_dynamo/variables/tensor.py:1047] [1/0] or:
[rank5]:W0712 03:02:51.704000 2902356 site-packages/torch/_dynamo/variables/tensor.py:1047] [1/0]     env TORCHDYNAMO_CAPTURE_SCALAR_OUTPUTS=1
[rank5]:W0712 03:02:51.704000 2902356 site-packages/torch/_dynamo/variables/tensor.py:1047] [1/0] to include these operations in the captured graph.
[rank5]:W0712 03:02:51.704000 2902356 site-packages/torch/_dynamo/variables/tensor.py:1047] [1/0] 
[rank5]:W0712 03:02:51.704000 2902356 site-packages/torch/_dynamo/variables/tensor.py:1047] [1/0] Graph break: from user code at:
[rank5]:W0712 03:02:51.704000 2902356 site-packages/torch/_dynamo/variables/tensor.py:1047] [1/0]   File "/nvme/BlaGPT/bla_gpt/bla_gpt.py", line 935, in forward
[rank5]:W0712 03:02:51.704000 2902356 site-packages/torch/_dynamo/variables/tensor.py:1047] [1/0]     loss_dict = {"ntp_loss": ntp_loss.detach().item()}
[rank5]:W0712 03:02:51.704000 2902356 site-packages/torch/_dynamo/variables/tensor.py:1047] [1/0] 
[rank5]:W0712 03:02:51.704000 2902356 site-packages/torch/_dynamo/variables/tensor.py:1047] [1/0] 
[rank6]:W0712 03:02:51.710000 2902357 site-packages/torch/_dynamo/variables/tensor.py:1047] [1/0] Graph break from `Tensor.item()`, consider setting:
[rank6]:W0712 03:02:51.710000 2902357 site-packages/torch/_dynamo/variables/tensor.py:1047] [1/0]     torch._dynamo.config.capture_scalar_outputs = True
[rank6]:W0712 03:02:51.710000 2902357 site-packages/torch/_dynamo/variables/tensor.py:1047] [1/0] or:
[rank6]:W0712 03:02:51.710000 2902357 site-packages/torch/_dynamo/variables/tensor.py:1047] [1/0]     env TORCHDYNAMO_CAPTURE_SCALAR_OUTPUTS=1
[rank6]:W0712 03:02:51.710000 2902357 site-packages/torch/_dynamo/variables/tensor.py:1047] [1/0] to include these operations in the captured graph.
[rank6]:W0712 03:02:51.710000 2902357 site-packages/torch/_dynamo/variables/tensor.py:1047] [1/0] 
[rank6]:W0712 03:02:51.710000 2902357 site-packages/torch/_dynamo/variables/tensor.py:1047] [1/0] Graph break: from user code at:
[rank6]:W0712 03:02:51.710000 2902357 site-packages/torch/_dynamo/variables/tensor.py:1047] [1/0]   File "/nvme/BlaGPT/bla_gpt/bla_gpt.py", line 935, in forward
[rank6]:W0712 03:02:51.710000 2902357 site-packages/torch/_dynamo/variables/tensor.py:1047] [1/0]     loss_dict = {"ntp_loss": ntp_loss.detach().item()}
[rank6]:W0712 03:02:51.710000 2902357 site-packages/torch/_dynamo/variables/tensor.py:1047] [1/0] 
[rank6]:W0712 03:02:51.710000 2902357 site-packages/torch/_dynamo/variables/tensor.py:1047] [1/0] 
[rank1]:W0712 03:02:51.729000 2902352 site-packages/torch/_dynamo/variables/tensor.py:1047] [1/0] Graph break from `Tensor.item()`, consider setting:
[rank1]:W0712 03:02:51.729000 2902352 site-packages/torch/_dynamo/variables/tensor.py:1047] [1/0]     torch._dynamo.config.capture_scalar_outputs = True
[rank1]:W0712 03:02:51.729000 2902352 site-packages/torch/_dynamo/variables/tensor.py:1047] [1/0] or:
[rank1]:W0712 03:02:51.729000 2902352 site-packages/torch/_dynamo/variables/tensor.py:1047] [1/0]     env TORCHDYNAMO_CAPTURE_SCALAR_OUTPUTS=1
[rank1]:W0712 03:02:51.729000 2902352 site-packages/torch/_dynamo/variables/tensor.py:1047] [1/0] to include these operations in the captured graph.
[rank1]:W0712 03:02:51.729000 2902352 site-packages/torch/_dynamo/variables/tensor.py:1047] [1/0] 
[rank1]:W0712 03:02:51.729000 2902352 site-packages/torch/_dynamo/variables/tensor.py:1047] [1/0] Graph break: from user code at:
[rank1]:W0712 03:02:51.729000 2902352 site-packages/torch/_dynamo/variables/tensor.py:1047] [1/0]   File "/nvme/BlaGPT/bla_gpt/bla_gpt.py", line 935, in forward
[rank1]:W0712 03:02:51.729000 2902352 site-packages/torch/_dynamo/variables/tensor.py:1047] [1/0]     loss_dict = {"ntp_loss": ntp_loss.detach().item()}
[rank1]:W0712 03:02:51.729000 2902352 site-packages/torch/_dynamo/variables/tensor.py:1047] [1/0] 
[rank1]:W0712 03:02:51.729000 2902352 site-packages/torch/_dynamo/variables/tensor.py:1047] [1/0] 
[rank2]:W0712 03:02:51.754000 2902353 site-packages/torch/_dynamo/variables/tensor.py:1047] [1/0] Graph break from `Tensor.item()`, consider setting:
[rank2]:W0712 03:02:51.754000 2902353 site-packages/torch/_dynamo/variables/tensor.py:1047] [1/0]     torch._dynamo.config.capture_scalar_outputs = True
[rank2]:W0712 03:02:51.754000 2902353 site-packages/torch/_dynamo/variables/tensor.py:1047] [1/0] or:
[rank2]:W0712 03:02:51.754000 2902353 site-packages/torch/_dynamo/variables/tensor.py:1047] [1/0]     env TORCHDYNAMO_CAPTURE_SCALAR_OUTPUTS=1
[rank2]:W0712 03:02:51.754000 2902353 site-packages/torch/_dynamo/variables/tensor.py:1047] [1/0] to include these operations in the captured graph.
[rank2]:W0712 03:02:51.754000 2902353 site-packages/torch/_dynamo/variables/tensor.py:1047] [1/0] 
[rank2]:W0712 03:02:51.754000 2902353 site-packages/torch/_dynamo/variables/tensor.py:1047] [1/0] Graph break: from user code at:
[rank2]:W0712 03:02:51.754000 2902353 site-packages/torch/_dynamo/variables/tensor.py:1047] [1/0]   File "/nvme/BlaGPT/bla_gpt/bla_gpt.py", line 935, in forward
[rank2]:W0712 03:02:51.754000 2902353 site-packages/torch/_dynamo/variables/tensor.py:1047] [1/0]     loss_dict = {"ntp_loss": ntp_loss.detach().item()}
[rank2]:W0712 03:02:51.754000 2902353 site-packages/torch/_dynamo/variables/tensor.py:1047] [1/0] 
[rank2]:W0712 03:02:51.754000 2902353 site-packages/torch/_dynamo/variables/tensor.py:1047] [1/0] 
[rank3]:W0712 03:02:51.757000 2902354 site-packages/torch/_dynamo/variables/tensor.py:1047] [1/0] Graph break from `Tensor.item()`, consider setting:
[rank3]:W0712 03:02:51.757000 2902354 site-packages/torch/_dynamo/variables/tensor.py:1047] [1/0]     torch._dynamo.config.capture_scalar_outputs = True
[rank3]:W0712 03:02:51.757000 2902354 site-packages/torch/_dynamo/variables/tensor.py:1047] [1/0] or:
[rank3]:W0712 03:02:51.757000 2902354 site-packages/torch/_dynamo/variables/tensor.py:1047] [1/0]     env TORCHDYNAMO_CAPTURE_SCALAR_OUTPUTS=1
[rank3]:W0712 03:02:51.757000 2902354 site-packages/torch/_dynamo/variables/tensor.py:1047] [1/0] to include these operations in the captured graph.
[rank3]:W0712 03:02:51.757000 2902354 site-packages/torch/_dynamo/variables/tensor.py:1047] [1/0] 
[rank3]:W0712 03:02:51.757000 2902354 site-packages/torch/_dynamo/variables/tensor.py:1047] [1/0] Graph break: from user code at:
[rank3]:W0712 03:02:51.757000 2902354 site-packages/torch/_dynamo/variables/tensor.py:1047] [1/0]   File "/nvme/BlaGPT/bla_gpt/bla_gpt.py", line 935, in forward
[rank3]:W0712 03:02:51.757000 2902354 site-packages/torch/_dynamo/variables/tensor.py:1047] [1/0]     loss_dict = {"ntp_loss": ntp_loss.detach().item()}
[rank3]:W0712 03:02:51.757000 2902354 site-packages/torch/_dynamo/variables/tensor.py:1047] [1/0] 
[rank3]:W0712 03:02:51.757000 2902354 site-packages/torch/_dynamo/variables/tensor.py:1047] [1/0] 
[rank0]:W0712 03:02:53.254000 2902351 site-packages/torch/_dynamo/variables/tensor.py:1047] [1/0] Graph break from `Tensor.item()`, consider setting:
[rank0]:W0712 03:02:53.254000 2902351 site-packages/torch/_dynamo/variables/tensor.py:1047] [1/0]     torch._dynamo.config.capture_scalar_outputs = True
[rank0]:W0712 03:02:53.254000 2902351 site-packages/torch/_dynamo/variables/tensor.py:1047] [1/0] or:
[rank0]:W0712 03:02:53.254000 2902351 site-packages/torch/_dynamo/variables/tensor.py:1047] [1/0]     env TORCHDYNAMO_CAPTURE_SCALAR_OUTPUTS=1
[rank0]:W0712 03:02:53.254000 2902351 site-packages/torch/_dynamo/variables/tensor.py:1047] [1/0] to include these operations in the captured graph.
[rank0]:W0712 03:02:53.254000 2902351 site-packages/torch/_dynamo/variables/tensor.py:1047] [1/0] 
[rank0]:W0712 03:02:53.254000 2902351 site-packages/torch/_dynamo/variables/tensor.py:1047] [1/0] Graph break: from user code at:
[rank0]:W0712 03:02:53.254000 2902351 site-packages/torch/_dynamo/variables/tensor.py:1047] [1/0]   File "/nvme/BlaGPT/bla_gpt/bla_gpt.py", line 935, in forward
[rank0]:W0712 03:02:53.254000 2902351 site-packages/torch/_dynamo/variables/tensor.py:1047] [1/0]     loss_dict = {"ntp_loss": ntp_loss.detach().item()}
[rank0]:W0712 03:02:53.254000 2902351 site-packages/torch/_dynamo/variables/tensor.py:1047] [1/0] 
[rank0]:W0712 03:02:53.254000 2902351 site-packages/torch/_dynamo/variables/tensor.py:1047] [1/0] 
step:0/5100 val_loss:15.3679 train_time:250ms step_avg:nanms
[rank6]:[W712 03:03:40.278852446 reducer.cpp:1457] Warning: find_unused_parameters=True was specified in DDP constructor, but did not find any unused parameters in the forward pass. This flag results in an extra traversal of the autograd graph every iteration,  which can adversely affect performance. If your model indeed never has any unused parameters in the forward pass, consider turning this flag off. Note that this warning may be a false positive if your model has flow control causing later iterations to have unused parameters. (function operator())
[rank7]:[W712 03:03:40.280937651 reducer.cpp:1457] Warning: find_unused_parameters=True was specified in DDP constructor, but did not find any unused parameters in the forward pass. This flag results in an extra traversal of the autograd graph every iteration,  which can adversely affect performance. If your model indeed never has any unused parameters in the forward pass, consider turning this flag off. Note that this warning may be a false positive if your model has flow control causing later iterations to have unused parameters. (function operator())
[rank1]:[W712 03:03:40.384811317 reducer.cpp:1457] Warning: find_unused_parameters=True was specified in DDP constructor, but did not find any unused parameters in the forward pass. This flag results in an extra traversal of the autograd graph every iteration,  which can adversely affect performance. If your model indeed never has any unused parameters in the forward pass, consider turning this flag off. Note that this warning may be a false positive if your model has flow control causing later iterations to have unused parameters. (function operator())
[rank3]:[W712 03:03:40.538223394 reducer.cpp:1457] Warning: find_unused_parameters=True was specified in DDP constructor, but did not find any unused parameters in the forward pass. This flag results in an extra traversal of the autograd graph every iteration,  which can adversely affect performance. If your model indeed never has any unused parameters in the forward pass, consider turning this flag off. Note that this warning may be a false positive if your model has flow control causing later iterations to have unused parameters. (function operator())
[rank2]:[W712 03:03:40.642571154 reducer.cpp:1457] Warning: find_unused_parameters=True was specified in DDP constructor, but did not find any unused parameters in the forward pass. This flag results in an extra traversal of the autograd graph every iteration,  which can adversely affect performance. If your model indeed never has any unused parameters in the forward pass, consider turning this flag off. Note that this warning may be a false positive if your model has flow control causing later iterations to have unused parameters. (function operator())
[rank4]:[W712 03:03:40.817693620 reducer.cpp:1457] Warning: find_unused_parameters=True was specified in DDP constructor, but did not find any unused parameters in the forward pass. This flag results in an extra traversal of the autograd graph every iteration,  which can adversely affect performance. If your model indeed never has any unused parameters in the forward pass, consider turning this flag off. Note that this warning may be a false positive if your model has flow control causing later iterations to have unused parameters. (function operator())
[rank5]:[W712 03:03:41.390347770 reducer.cpp:1457] Warning: find_unused_parameters=True was specified in DDP constructor, but did not find any unused parameters in the forward pass. This flag results in an extra traversal of the autograd graph every iteration,  which can adversely affect performance. If your model indeed never has any unused parameters in the forward pass, consider turning this flag off. Note that this warning may be a false positive if your model has flow control causing later iterations to have unused parameters. (function operator())
[rank0]:[W712 03:03:45.018043528 reducer.cpp:1457] Warning: find_unused_parameters=True was specified in DDP constructor, but did not find any unused parameters in the forward pass. This flag results in an extra traversal of the autograd graph every iteration,  which can adversely affect performance. If your model indeed never has any unused parameters in the forward pass, consider turning this flag off. Note that this warning may be a false positive if your model has flow control causing later iterations to have unused parameters. (function operator())
step:1/5100 lr:2e-05 train_loss:15.3715 train_time:45021ms step_avg:nanms
step:2/5100 lr:3e-05 train_loss:15.2686 train_time:45200ms step_avg:nanms
step:3/5100 lr:4e-05 train_loss:14.9261 train_time:45373ms step_avg:nanms
step:4/5100 lr:5e-05 train_loss:14.1152 train_time:45546ms step_avg:nanms
step:5/5100 lr:6e-05 train_loss:12.6282 train_time:45719ms step_avg:nanms
step:6/5100 lr:7.000000000000001e-05 train_loss:10.9397 train_time:45891ms step_avg:nanms
step:7/5100 lr:8e-05 train_loss:10.1410 train_time:46063ms step_avg:nanms
step:8/5100 lr:8.999999999999999e-05 train_loss:10.0451 train_time:46235ms step_avg:nanms
step:9/5100 lr:0.0001 train_loss:9.9547 train_time:46408ms step_avg:nanms
step:10/5100 lr:0.00011 train_loss:9.9148 train_time:46581ms step_avg:nanms
step:11/5100 lr:0.00012 train_loss:9.8205 train_time:159ms step_avg:nanms
step:12/5100 lr:0.00013000000000000002 train_loss:9.8513 train_time:331ms step_avg:nanms
step:13/5100 lr:0.00014000000000000001 train_loss:9.7467 train_time:503ms step_avg:167.74ms
step:14/5100 lr:0.00015 train_loss:9.7093 train_time:675ms step_avg:168.86ms
step:15/5100 lr:0.00016 train_loss:9.6534 train_time:848ms step_avg:169.57ms
step:16/5100 lr:0.00017 train_loss:9.6591 train_time:1020ms step_avg:169.99ms
step:17/5100 lr:0.00017999999999999998 train_loss:9.5732 train_time:1192ms step_avg:170.32ms
step:18/5100 lr:0.00019 train_loss:9.4120 train_time:1364ms step_avg:170.56ms
step:19/5100 lr:0.0002 train_loss:9.5562 train_time:1537ms step_avg:170.75ms
step:20/5100 lr:0.00021 train_loss:9.3639 train_time:1709ms step_avg:170.88ms
step:21/5100 lr:0.00022 train_loss:9.3727 train_time:1881ms step_avg:171.00ms
step:22/5100 lr:0.00023 train_loss:9.5467 train_time:2054ms step_avg:171.13ms
step:23/5100 lr:0.00024 train_loss:9.2703 train_time:2226ms step_avg:171.22ms
step:24/5100 lr:0.00025 train_loss:9.3891 train_time:2398ms step_avg:171.29ms
step:25/5100 lr:0.00026000000000000003 train_loss:9.2685 train_time:2572ms step_avg:171.44ms
step:26/5100 lr:0.00027 train_loss:9.0986 train_time:2744ms step_avg:171.49ms
step:27/5100 lr:0.00028000000000000003 train_loss:9.0293 train_time:2916ms step_avg:171.55ms
step:28/5100 lr:0.00029 train_loss:8.9326 train_time:3089ms step_avg:171.59ms
step:29/5100 lr:0.0003 train_loss:9.0731 train_time:3261ms step_avg:171.62ms
step:30/5100 lr:0.00031 train_loss:9.1068 train_time:3433ms step_avg:171.65ms
step:31/5100 lr:0.00032 train_loss:8.8228 train_time:3606ms step_avg:171.69ms
step:32/5100 lr:0.00033 train_loss:8.8760 train_time:3778ms step_avg:171.73ms
step:33/5100 lr:0.00034 train_loss:8.9989 train_time:3950ms step_avg:171.75ms
step:34/5100 lr:0.00035 train_loss:8.9180 train_time:4131ms step_avg:172.13ms
step:35/5100 lr:0.00035999999999999997 train_loss:8.9650 train_time:4299ms step_avg:171.97ms
step:36/5100 lr:0.00037 train_loss:8.7535 train_time:4471ms step_avg:171.98ms
step:37/5100 lr:0.00038 train_loss:8.8388 train_time:4644ms step_avg:171.99ms
step:38/5100 lr:0.00039000000000000005 train_loss:8.5776 train_time:4816ms step_avg:172.00ms
step:39/5100 lr:0.0004 train_loss:8.6563 train_time:4988ms step_avg:172.00ms
step:40/5100 lr:0.00041 train_loss:8.6171 train_time:5160ms step_avg:172.01ms
step:41/5100 lr:0.00042 train_loss:8.6026 train_time:5333ms step_avg:172.02ms
step:42/5100 lr:0.00043 train_loss:8.2069 train_time:5505ms step_avg:172.03ms
step:43/5100 lr:0.00044 train_loss:8.5652 train_time:5677ms step_avg:172.04ms
step:44/5100 lr:0.00045000000000000004 train_loss:8.4207 train_time:5849ms step_avg:172.04ms
step:45/5100 lr:0.00046 train_loss:8.5324 train_time:6031ms step_avg:172.31ms
step:46/5100 lr:0.00047 train_loss:8.3462 train_time:6199ms step_avg:172.19ms
step:47/5100 lr:0.00048 train_loss:8.1994 train_time:6371ms step_avg:172.19ms
step:48/5100 lr:0.00049 train_loss:8.3758 train_time:6543ms step_avg:172.20ms
step:49/5100 lr:0.0005 train_loss:8.2470 train_time:6716ms step_avg:172.20ms
step:50/5100 lr:0.00051 train_loss:8.3347 train_time:6888ms step_avg:172.20ms
step:51/5100 lr:0.0005200000000000001 train_loss:8.3315 train_time:7060ms step_avg:172.20ms
step:52/5100 lr:0.0005300000000000001 train_loss:8.2787 train_time:7233ms step_avg:172.21ms
step:53/5100 lr:0.00054 train_loss:8.0382 train_time:7405ms step_avg:172.21ms
step:54/5100 lr:0.00055 train_loss:8.0916 train_time:7577ms step_avg:172.21ms
step:55/5100 lr:0.0005600000000000001 train_loss:8.2858 train_time:7750ms step_avg:172.21ms
step:56/5100 lr:0.00057 train_loss:8.1451 train_time:7922ms step_avg:172.21ms
step:57/5100 lr:0.00058 train_loss:7.9135 train_time:8094ms step_avg:172.21ms
step:58/5100 lr:0.00059 train_loss:8.1571 train_time:8267ms step_avg:172.22ms
step:59/5100 lr:0.0006 train_loss:7.9346 train_time:8439ms step_avg:172.23ms
step:60/5100 lr:0.00061 train_loss:8.2348 train_time:8611ms step_avg:172.23ms
step:61/5100 lr:0.00062 train_loss:7.9358 train_time:8784ms step_avg:172.23ms
step:62/5100 lr:0.00063 train_loss:8.0666 train_time:8956ms step_avg:172.23ms
step:63/5100 lr:0.00064 train_loss:7.9117 train_time:9128ms step_avg:172.23ms
step:64/5100 lr:0.0006500000000000001 train_loss:9.0877 train_time:9301ms step_avg:172.24ms
step:65/5100 lr:0.00066 train_loss:7.7375 train_time:9473ms step_avg:172.24ms
step:66/5100 lr:0.00067 train_loss:7.9152 train_time:9645ms step_avg:172.23ms
step:67/5100 lr:0.00068 train_loss:7.6933 train_time:9818ms step_avg:172.24ms
step:68/5100 lr:0.00069 train_loss:8.0780 train_time:9990ms step_avg:172.24ms
step:69/5100 lr:0.0007 train_loss:7.5459 train_time:10162ms step_avg:172.24ms
step:70/5100 lr:0.00071 train_loss:7.6063 train_time:10335ms step_avg:172.24ms
step:71/5100 lr:0.0007199999999999999 train_loss:7.6392 train_time:10507ms step_avg:172.24ms
step:72/5100 lr:0.00073 train_loss:7.8464 train_time:10679ms step_avg:172.24ms
step:73/5100 lr:0.00074 train_loss:7.4873 train_time:10851ms step_avg:172.24ms
step:74/5100 lr:0.00075 train_loss:8.0490 train_time:11024ms step_avg:172.25ms
step:75/5100 lr:0.00076 train_loss:7.6915 train_time:11196ms step_avg:172.25ms
step:76/5100 lr:0.0007700000000000001 train_loss:7.6613 train_time:11369ms step_avg:172.25ms
step:77/5100 lr:0.0007800000000000001 train_loss:7.5989 train_time:11541ms step_avg:172.25ms
step:78/5100 lr:0.00079 train_loss:7.2180 train_time:11717ms step_avg:172.32ms
step:79/5100 lr:0.0008 train_loss:7.4425 train_time:11886ms step_avg:172.26ms
step:80/5100 lr:0.0008100000000000001 train_loss:7.5014 train_time:12058ms step_avg:172.26ms
step:81/5100 lr:0.00082 train_loss:7.2884 train_time:12230ms step_avg:172.25ms
step:82/5100 lr:0.00083 train_loss:7.4721 train_time:12402ms step_avg:172.25ms
step:83/5100 lr:0.00084 train_loss:7.4074 train_time:12574ms step_avg:172.25ms
step:84/5100 lr:0.00085 train_loss:7.1663 train_time:12747ms step_avg:172.25ms
step:85/5100 lr:0.00086 train_loss:7.2077 train_time:12919ms step_avg:172.25ms
step:86/5100 lr:0.00087 train_loss:7.3891 train_time:13091ms step_avg:172.25ms
step:87/5100 lr:0.00088 train_loss:7.2456 train_time:13263ms step_avg:172.25ms
step:88/5100 lr:0.0008900000000000001 train_loss:7.6111 train_time:13436ms step_avg:172.25ms
step:89/5100 lr:0.0009000000000000001 train_loss:7.3526 train_time:13608ms step_avg:172.25ms
step:90/5100 lr:0.00091 train_loss:7.2959 train_time:13780ms step_avg:172.25ms
step:91/5100 lr:0.00092 train_loss:7.3588 train_time:13952ms step_avg:172.25ms
step:92/5100 lr:0.00093 train_loss:7.6032 train_time:14125ms step_avg:172.25ms
step:93/5100 lr:0.00094 train_loss:7.2932 train_time:14297ms step_avg:172.25ms
step:94/5100 lr:0.00095 train_loss:7.2079 train_time:14471ms step_avg:172.27ms
step:95/5100 lr:0.00096 train_loss:7.1710 train_time:14643ms step_avg:172.27ms
step:96/5100 lr:0.0009699999999999999 train_loss:7.0855 train_time:14815ms step_avg:172.27ms
step:97/5100 lr:0.00098 train_loss:7.1039 train_time:14988ms step_avg:172.27ms
step:98/5100 lr:0.00099 train_loss:6.9953 train_time:15160ms step_avg:172.27ms
step:99/5100 lr:0.001 train_loss:7.1026 train_time:15332ms step_avg:172.27ms
step:100/5100 lr:0.001 train_loss:6.9342 train_time:15505ms step_avg:172.27ms
step:101/5100 lr:0.001 train_loss:7.1554 train_time:15677ms step_avg:172.27ms
step:102/5100 lr:0.001 train_loss:7.0312 train_time:15849ms step_avg:172.27ms
step:103/5100 lr:0.001 train_loss:6.8300 train_time:16029ms step_avg:172.35ms
step:104/5100 lr:0.001 train_loss:6.7068 train_time:16194ms step_avg:172.27ms
step:105/5100 lr:0.001 train_loss:7.0429 train_time:16366ms step_avg:172.27ms
step:106/5100 lr:0.001 train_loss:6.7914 train_time:16543ms step_avg:172.32ms
step:107/5100 lr:0.001 train_loss:6.8711 train_time:16711ms step_avg:172.28ms
step:108/5100 lr:0.001 train_loss:6.7215 train_time:16883ms step_avg:172.28ms
step:109/5100 lr:0.001 train_loss:6.9700 train_time:17056ms step_avg:172.28ms
step:110/5100 lr:0.001 train_loss:6.7942 train_time:17228ms step_avg:172.28ms
step:111/5100 lr:0.001 train_loss:6.8190 train_time:17400ms step_avg:172.28ms
step:112/5100 lr:0.001 train_loss:6.8854 train_time:17573ms step_avg:172.28ms
step:113/5100 lr:0.001 train_loss:6.7669 train_time:17745ms step_avg:172.28ms
step:114/5100 lr:0.001 train_loss:6.7512 train_time:17917ms step_avg:172.28ms
step:115/5100 lr:0.001 train_loss:6.8778 train_time:18090ms step_avg:172.28ms
step:116/5100 lr:0.001 train_loss:6.6892 train_time:18262ms step_avg:172.28ms
step:117/5100 lr:0.001 train_loss:6.6190 train_time:18443ms step_avg:172.37ms
step:118/5100 lr:0.001 train_loss:6.5463 train_time:18612ms step_avg:172.33ms
step:119/5100 lr:0.001 train_loss:6.5462 train_time:18784ms step_avg:172.33ms
step:120/5100 lr:0.001 train_loss:6.7176 train_time:18956ms step_avg:172.33ms
step:121/5100 lr:0.001 train_loss:6.5375 train_time:19129ms step_avg:172.33ms
step:122/5100 lr:0.001 train_loss:6.6755 train_time:19303ms step_avg:172.34ms
step:123/5100 lr:0.001 train_loss:6.4619 train_time:19473ms step_avg:172.33ms
step:124/5100 lr:0.001 train_loss:7.0089 train_time:19646ms step_avg:172.33ms
step:125/5100 lr:0.001 train_loss:6.5542 train_time:19818ms step_avg:172.33ms
step:125/5100 val_loss:6.6008 train_time:19832ms step_avg:172.45ms
step:126/5100 lr:0.001 train_loss:6.7316 train_time:23877ms step_avg:205.84ms
step:127/5100 lr:0.001 train_loss:6.7016 train_time:24049ms step_avg:205.55ms
step:128/5100 lr:0.001 train_loss:6.4875 train_time:24222ms step_avg:205.27ms
step:129/5100 lr:0.001 train_loss:7.0223 train_time:24394ms step_avg:204.99ms
step:130/5100 lr:0.001 train_loss:6.5559 train_time:24567ms step_avg:204.73ms
step:131/5100 lr:0.001 train_loss:6.4921 train_time:24739ms step_avg:204.46ms
step:132/5100 lr:0.001 train_loss:6.3618 train_time:24912ms step_avg:204.19ms
step:133/5100 lr:0.001 train_loss:6.4882 train_time:25084ms step_avg:203.93ms
step:134/5100 lr:0.001 train_loss:6.3624 train_time:25256ms step_avg:203.68ms
step:135/5100 lr:0.001 train_loss:6.3934 train_time:25428ms step_avg:203.42ms
step:136/5100 lr:0.001 train_loss:6.2917 train_time:25601ms step_avg:203.18ms
step:137/5100 lr:0.001 train_loss:6.2859 train_time:25773ms step_avg:202.94ms
step:138/5100 lr:0.001 train_loss:6.4030 train_time:25946ms step_avg:202.70ms
step:139/5100 lr:0.001 train_loss:6.3510 train_time:26118ms step_avg:202.46ms
step:140/5100 lr:0.001 train_loss:6.4856 train_time:26290ms step_avg:202.23ms
step:141/5100 lr:0.001 train_loss:6.3466 train_time:26462ms step_avg:202.00ms
step:142/5100 lr:0.001 train_loss:6.4470 train_time:26634ms step_avg:201.77ms
step:143/5100 lr:0.001 train_loss:6.3676 train_time:26806ms step_avg:201.55ms
step:144/5100 lr:0.001 train_loss:6.1740 train_time:26978ms step_avg:201.33ms
step:145/5100 lr:0.001 train_loss:6.0362 train_time:27151ms step_avg:201.12ms
step:146/5100 lr:0.001 train_loss:6.1752 train_time:27323ms step_avg:200.90ms
step:147/5100 lr:0.001 train_loss:6.1966 train_time:27495ms step_avg:200.70ms
step:148/5100 lr:0.001 train_loss:6.1460 train_time:27668ms step_avg:200.49ms
step:149/5100 lr:0.001 train_loss:6.6878 train_time:27840ms step_avg:200.29ms
step:150/5100 lr:0.001 train_loss:6.2987 train_time:28013ms step_avg:200.09ms
step:151/5100 lr:0.001 train_loss:6.2288 train_time:28187ms step_avg:199.91ms
step:152/5100 lr:0.001 train_loss:6.3377 train_time:28358ms step_avg:199.70ms
step:153/5100 lr:0.001 train_loss:6.1878 train_time:28530ms step_avg:199.51ms
step:154/5100 lr:0.001 train_loss:6.3890 train_time:28702ms step_avg:199.32ms
step:155/5100 lr:0.001 train_loss:6.0202 train_time:28874ms step_avg:199.13ms
step:156/5100 lr:0.001 train_loss:6.1293 train_time:29047ms step_avg:198.95ms
step:157/5100 lr:0.001 train_loss:6.2305 train_time:29219ms step_avg:198.77ms
step:158/5100 lr:0.001 train_loss:6.0584 train_time:29391ms step_avg:198.59ms
step:159/5100 lr:0.001 train_loss:6.0928 train_time:29563ms step_avg:198.41ms
step:160/5100 lr:0.001 train_loss:6.0746 train_time:29736ms step_avg:198.24ms
step:161/5100 lr:0.001 train_loss:6.1460 train_time:29908ms step_avg:198.06ms
step:162/5100 lr:0.001 train_loss:6.1118 train_time:30080ms step_avg:197.90ms
step:163/5100 lr:0.001 train_loss:6.0748 train_time:30252ms step_avg:197.73ms
step:164/5100 lr:0.001 train_loss:5.9375 train_time:30424ms step_avg:197.56ms
step:165/5100 lr:0.001 train_loss:5.9010 train_time:30597ms step_avg:197.40ms
step:166/5100 lr:0.001 train_loss:5.9908 train_time:30769ms step_avg:197.24ms
step:167/5100 lr:0.001 train_loss:5.8326 train_time:30941ms step_avg:197.08ms
step:168/5100 lr:0.001 train_loss:6.2629 train_time:31113ms step_avg:196.92ms
step:169/5100 lr:0.001 train_loss:5.8272 train_time:31285ms step_avg:196.76ms
step:170/5100 lr:0.001 train_loss:5.7542 train_time:31458ms step_avg:196.61ms
step:171/5100 lr:0.001 train_loss:5.9315 train_time:31630ms step_avg:196.46ms
step:172/5100 lr:0.001 train_loss:5.9158 train_time:31802ms step_avg:196.31ms
step:173/5100 lr:0.001 train_loss:6.0709 train_time:31974ms step_avg:196.16ms
step:174/5100 lr:0.001 train_loss:6.0092 train_time:32148ms step_avg:196.02ms
step:175/5100 lr:0.001 train_loss:6.0679 train_time:32348ms step_avg:196.05ms
step:176/5100 lr:0.001 train_loss:5.7637 train_time:32520ms step_avg:195.90ms
step:177/5100 lr:0.001 train_loss:5.6963 train_time:32692ms step_avg:195.76ms
step:178/5100 lr:0.001 train_loss:5.8878 train_time:32864ms step_avg:195.62ms
step:179/5100 lr:0.001 train_loss:5.7711 train_time:33037ms step_avg:195.48ms
step:180/5100 lr:0.001 train_loss:6.0030 train_time:33209ms step_avg:195.35ms
step:181/5100 lr:0.001 train_loss:5.8036 train_time:33381ms step_avg:195.21ms
step:182/5100 lr:0.001 train_loss:5.8106 train_time:33553ms step_avg:195.08ms
step:183/5100 lr:0.001 train_loss:5.7821 train_time:33725ms step_avg:194.94ms
step:184/5100 lr:0.001 train_loss:5.7086 train_time:33897ms step_avg:194.81ms
step:185/5100 lr:0.001 train_loss:6.0289 train_time:34070ms step_avg:194.68ms
step:186/5100 lr:0.001 train_loss:5.7152 train_time:34242ms step_avg:194.56ms
step:187/5100 lr:0.001 train_loss:6.4007 train_time:34414ms step_avg:194.43ms
step:188/5100 lr:0.001 train_loss:5.6054 train_time:34586ms step_avg:194.31ms
step:189/5100 lr:0.001 train_loss:5.6399 train_time:34759ms step_avg:194.18ms
step:190/5100 lr:0.001 train_loss:5.9809 train_time:35142ms step_avg:195.23ms
step:191/5100 lr:0.001 train_loss:5.9520 train_time:35521ms step_avg:196.25ms
step:192/5100 lr:0.001 train_loss:5.8657 train_time:35693ms step_avg:196.12ms
step:193/5100 lr:0.001 train_loss:5.7322 train_time:35865ms step_avg:195.99ms
step:194/5100 lr:0.001 train_loss:5.8506 train_time:36038ms step_avg:195.86ms
step:195/5100 lr:0.001 train_loss:5.5804 train_time:36210ms step_avg:195.73ms
step:196/5100 lr:0.001 train_loss:5.7464 train_time:36382ms step_avg:195.60ms
step:197/5100 lr:0.001 train_loss:5.7977 train_time:36556ms step_avg:195.49ms
step:198/5100 lr:0.001 train_loss:5.5412 train_time:36728ms step_avg:195.36ms
step:199/5100 lr:0.001 train_loss:5.5297 train_time:36902ms step_avg:195.25ms
step:200/5100 lr:0.001 train_loss:5.6348 train_time:37074ms step_avg:195.13ms
step:201/5100 lr:0.001 train_loss:6.9367 train_time:37247ms step_avg:195.01ms
step:202/5100 lr:0.001 train_loss:6.1952 train_time:37419ms step_avg:194.89ms
step:203/5100 lr:0.001 train_loss:5.5260 train_time:37592ms step_avg:194.78ms
step:204/5100 lr:0.001 train_loss:5.5572 train_time:37764ms step_avg:194.66ms
step:205/5100 lr:0.001 train_loss:5.3991 train_time:37937ms step_avg:194.55ms
step:206/5100 lr:0.001 train_loss:5.6057 train_time:38109ms step_avg:194.43ms
step:207/5100 lr:0.001 train_loss:5.5601 train_time:38281ms step_avg:194.32ms
step:208/5100 lr:0.001 train_loss:5.5320 train_time:38453ms step_avg:194.21ms
step:209/5100 lr:0.001 train_loss:5.8087 train_time:38625ms step_avg:194.10ms
step:210/5100 lr:0.001 train_loss:5.4978 train_time:38797ms step_avg:193.99ms
step:211/5100 lr:0.001 train_loss:5.5511 train_time:38970ms step_avg:193.88ms
step:212/5100 lr:0.001 train_loss:5.4935 train_time:39142ms step_avg:193.77ms
step:213/5100 lr:0.001 train_loss:5.5076 train_time:39314ms step_avg:193.67ms
step:214/5100 lr:0.001 train_loss:5.4690 train_time:39487ms step_avg:193.56ms
step:215/5100 lr:0.001 train_loss:5.5353 train_time:39667ms step_avg:193.50ms
step:216/5100 lr:0.001 train_loss:5.3385 train_time:39834ms step_avg:193.37ms
step:217/5100 lr:0.001 train_loss:5.5729 train_time:40007ms step_avg:193.27ms
step:218/5100 lr:0.001 train_loss:5.5735 train_time:40179ms step_avg:193.17ms
step:219/5100 lr:0.001 train_loss:5.1536 train_time:40351ms step_avg:193.07ms
step:220/5100 lr:0.001 train_loss:5.3660 train_time:40523ms step_avg:192.97ms
step:221/5100 lr:0.001 train_loss:5.6808 train_time:40695ms step_avg:192.87ms
step:222/5100 lr:0.001 train_loss:5.4459 train_time:40868ms step_avg:192.77ms
step:223/5100 lr:0.001 train_loss:5.5995 train_time:41040ms step_avg:192.67ms
step:224/5100 lr:0.001 train_loss:5.5372 train_time:41212ms step_avg:192.58ms
step:225/5100 lr:0.001 train_loss:5.4738 train_time:41384ms step_avg:192.48ms
step:226/5100 lr:0.001 train_loss:5.2373 train_time:41556ms step_avg:192.39ms
step:227/5100 lr:0.001 train_loss:5.3449 train_time:41728ms step_avg:192.30ms
step:228/5100 lr:0.001 train_loss:5.2575 train_time:41901ms step_avg:192.20ms
step:229/5100 lr:0.001 train_loss:5.2963 train_time:42073ms step_avg:192.11ms
step:230/5100 lr:0.001 train_loss:5.4799 train_time:42245ms step_avg:192.02ms
step:231/5100 lr:0.001 train_loss:5.3596 train_time:42417ms step_avg:191.93ms
step:232/5100 lr:0.001 train_loss:5.4884 train_time:42589ms step_avg:191.84ms
step:233/5100 lr:0.001 train_loss:5.3561 train_time:42761ms step_avg:191.76ms
step:234/5100 lr:0.001 train_loss:5.4720 train_time:42934ms step_avg:191.67ms
step:235/5100 lr:0.001 train_loss:5.6692 train_time:43106ms step_avg:191.58ms
step:236/5100 lr:0.001 train_loss:5.3274 train_time:43278ms step_avg:191.50ms
step:237/5100 lr:0.001 train_loss:5.6125 train_time:43450ms step_avg:191.41ms
step:238/5100 lr:0.001 train_loss:5.2744 train_time:43623ms step_avg:191.33ms
step:239/5100 lr:0.001 train_loss:5.2550 train_time:43795ms step_avg:191.24ms
step:240/5100 lr:0.001 train_loss:5.4668 train_time:43967ms step_avg:191.16ms
step:241/5100 lr:0.001 train_loss:5.6720 train_time:44139ms step_avg:191.08ms
step:242/5100 lr:0.001 train_loss:5.1682 train_time:44311ms step_avg:191.00ms
step:243/5100 lr:0.001 train_loss:5.8019 train_time:44484ms step_avg:190.92ms
step:244/5100 lr:0.001 train_loss:5.3005 train_time:44656ms step_avg:190.84ms
step:245/5100 lr:0.001 train_loss:5.2804 train_time:44828ms step_avg:190.76ms
step:246/5100 lr:0.001 train_loss:5.3716 train_time:45000ms step_avg:190.68ms
step:247/5100 lr:0.001 train_loss:5.2176 train_time:45172ms step_avg:190.60ms
step:248/5100 lr:0.001 train_loss:5.3283 train_time:45344ms step_avg:190.52ms
step:249/5100 lr:0.001 train_loss:5.1800 train_time:45517ms step_avg:190.45ms
step:250/5100 lr:0.001 train_loss:5.4891 train_time:45689ms step_avg:190.37ms
step:250/5100 val_loss:5.3557 train_time:45703ms step_avg:190.43ms
step:251/5100 lr:0.001 train_loss:5.2182 train_time:49541ms step_avg:205.56ms
step:252/5100 lr:0.001 train_loss:5.1365 train_time:49713ms step_avg:205.43ms
step:253/5100 lr:0.001 train_loss:5.1122 train_time:49885ms step_avg:205.29ms
step:254/5100 lr:0.001 train_loss:5.1475 train_time:50057ms step_avg:205.15ms
step:255/5100 lr:0.001 train_loss:5.2896 train_time:50230ms step_avg:205.02ms
step:256/5100 lr:0.001 train_loss:5.1170 train_time:50402ms step_avg:204.89ms
step:257/5100 lr:0.001 train_loss:5.2856 train_time:50574ms step_avg:204.75ms
step:258/5100 lr:0.001 train_loss:5.5678 train_time:50747ms step_avg:204.62ms
step:259/5100 lr:0.001 train_loss:4.9937 train_time:50919ms step_avg:204.49ms
step:260/5100 lr:0.001 train_loss:5.1548 train_time:51091ms step_avg:204.37ms
step:261/5100 lr:0.001 train_loss:5.1173 train_time:51263ms step_avg:204.24ms
step:262/5100 lr:0.001 train_loss:5.1526 train_time:51435ms step_avg:204.11ms
step:263/5100 lr:0.001 train_loss:5.3560 train_time:51608ms step_avg:203.98ms
step:264/5100 lr:0.001 train_loss:5.2483 train_time:51780ms step_avg:203.86ms
step:265/5100 lr:0.001 train_loss:5.9308 train_time:51952ms step_avg:203.73ms
step:266/5100 lr:0.001 train_loss:5.1567 train_time:52124ms step_avg:203.61ms
step:267/5100 lr:0.001 train_loss:5.5560 train_time:52296ms step_avg:203.49ms
step:268/5100 lr:0.001 train_loss:4.9744 train_time:52469ms step_avg:203.37ms
step:269/5100 lr:0.001 train_loss:4.9131 train_time:52641ms step_avg:203.25ms
step:270/5100 lr:0.001 train_loss:5.3395 train_time:52813ms step_avg:203.13ms
step:271/5100 lr:0.001 train_loss:5.2108 train_time:52985ms step_avg:203.01ms
step:272/5100 lr:0.001 train_loss:5.1106 train_time:53158ms step_avg:202.89ms
step:273/5100 lr:0.001 train_loss:5.0200 train_time:53330ms step_avg:202.77ms
step:274/5100 lr:0.001 train_loss:5.6143 train_time:53503ms step_avg:202.66ms
step:275/5100 lr:0.001 train_loss:4.9160 train_time:53675ms step_avg:202.55ms
step:276/5100 lr:0.001 train_loss:5.2537 train_time:53847ms step_avg:202.43ms
step:277/5100 lr:0.001 train_loss:5.3613 train_time:54019ms step_avg:202.32ms
step:278/5100 lr:0.001 train_loss:4.9324 train_time:54191ms step_avg:202.21ms
step:279/5100 lr:0.001 train_loss:5.3559 train_time:54364ms step_avg:202.10ms
step:280/5100 lr:0.001 train_loss:5.2315 train_time:54536ms step_avg:201.98ms
step:281/5100 lr:0.001 train_loss:4.9884 train_time:54708ms step_avg:201.87ms
step:282/5100 lr:0.001 train_loss:5.2858 train_time:54880ms step_avg:201.77ms
step:283/5100 lr:0.001 train_loss:5.3806 train_time:55052ms step_avg:201.66ms
step:284/5100 lr:0.001 train_loss:5.1496 train_time:55225ms step_avg:201.55ms
step:285/5100 lr:0.001 train_loss:4.9811 train_time:55397ms step_avg:201.44ms
step:286/5100 lr:0.001 train_loss:5.1509 train_time:55569ms step_avg:201.34ms
step:287/5100 lr:0.001 train_loss:5.0192 train_time:55742ms step_avg:201.23ms
step:288/5100 lr:0.001 train_loss:5.0457 train_time:55914ms step_avg:201.13ms
step:289/5100 lr:0.001 train_loss:5.1336 train_time:56086ms step_avg:201.03ms
step:290/5100 lr:0.001 train_loss:5.2405 train_time:56258ms step_avg:200.92ms
step:291/5100 lr:0.001 train_loss:5.0655 train_time:56431ms step_avg:200.82ms
step:292/5100 lr:0.001 train_loss:4.9533 train_time:56603ms step_avg:200.72ms
step:293/5100 lr:0.001 train_loss:5.1307 train_time:56775ms step_avg:200.62ms
step:294/5100 lr:0.001 train_loss:4.9591 train_time:56947ms step_avg:200.52ms
step:295/5100 lr:0.001 train_loss:4.8963 train_time:57120ms step_avg:200.42ms
step:296/5100 lr:0.001 train_loss:5.0501 train_time:57292ms step_avg:200.32ms
step:297/5100 lr:0.001 train_loss:4.9501 train_time:57464ms step_avg:200.22ms
step:298/5100 lr:0.001 train_loss:5.0669 train_time:57636ms step_avg:200.13ms
step:299/5100 lr:0.001 train_loss:4.8275 train_time:57808ms step_avg:200.03ms
step:300/5100 lr:0.001 train_loss:5.2075 train_time:57980ms step_avg:199.93ms
step:301/5100 lr:0.001 train_loss:5.0015 train_time:58153ms step_avg:199.84ms
step:302/5100 lr:0.001 train_loss:5.0910 train_time:58325ms step_avg:199.74ms
step:303/5100 lr:0.001 train_loss:4.9056 train_time:58499ms step_avg:199.65ms
step:304/5100 lr:0.001 train_loss:5.0453 train_time:58669ms step_avg:199.56ms
step:305/5100 lr:0.001 train_loss:5.0361 train_time:58841ms step_avg:199.46ms
step:306/5100 lr:0.001 train_loss:5.0301 train_time:59014ms step_avg:199.37ms
step:307/5100 lr:0.001 train_loss:5.0771 train_time:59186ms step_avg:199.28ms
step:308/5100 lr:0.001 train_loss:4.9197 train_time:59358ms step_avg:199.19ms
step:309/5100 lr:0.001 train_loss:5.2960 train_time:59530ms step_avg:199.10ms
step:310/5100 lr:0.001 train_loss:4.9041 train_time:59702ms step_avg:199.01ms
step:311/5100 lr:0.001 train_loss:5.0787 train_time:59874ms step_avg:198.92ms
step:312/5100 lr:0.001 train_loss:5.0467 train_time:60047ms step_avg:198.83ms
step:313/5100 lr:0.001 train_loss:4.8919 train_time:60220ms step_avg:198.75ms
step:314/5100 lr:0.001 train_loss:4.7573 train_time:60397ms step_avg:198.67ms
step:315/5100 lr:0.001 train_loss:4.9480 train_time:60565ms step_avg:198.57ms
step:316/5100 lr:0.001 train_loss:4.6745 train_time:60737ms step_avg:198.49ms
step:317/5100 lr:0.001 train_loss:4.9956 train_time:60910ms step_avg:198.40ms
step:318/5100 lr:0.001 train_loss:5.0220 train_time:61082ms step_avg:198.32ms
step:319/5100 lr:0.001 train_loss:4.8452 train_time:61254ms step_avg:198.23ms
step:320/5100 lr:0.001 train_loss:4.9230 train_time:61426ms step_avg:198.15ms
step:321/5100 lr:0.001 train_loss:4.8063 train_time:61598ms step_avg:198.06ms
step:322/5100 lr:0.001 train_loss:5.0821 train_time:61770ms step_avg:197.98ms
step:323/5100 lr:0.001 train_loss:4.9883 train_time:61942ms step_avg:197.90ms
step:324/5100 lr:0.001 train_loss:4.8513 train_time:62115ms step_avg:197.82ms
step:325/5100 lr:0.001 train_loss:4.8815 train_time:62292ms step_avg:197.75ms
step:326/5100 lr:0.001 train_loss:4.8176 train_time:62460ms step_avg:197.66ms
step:327/5100 lr:0.001 train_loss:4.8641 train_time:62633ms step_avg:197.58ms
step:328/5100 lr:0.001 train_loss:4.9531 train_time:62805ms step_avg:197.50ms
step:329/5100 lr:0.001 train_loss:4.9225 train_time:62977ms step_avg:197.42ms
step:330/5100 lr:0.001 train_loss:4.9072 train_time:63149ms step_avg:197.34ms
step:331/5100 lr:0.001 train_loss:4.8280 train_time:63321ms step_avg:197.26ms
step:332/5100 lr:0.001 train_loss:5.3608 train_time:63494ms step_avg:197.18ms
step:333/5100 lr:0.001 train_loss:4.7700 train_time:63666ms step_avg:197.11ms
step:334/5100 lr:0.001 train_loss:4.8270 train_time:63838ms step_avg:197.03ms
step:335/5100 lr:0.001 train_loss:4.7850 train_time:64010ms step_avg:196.95ms
step:336/5100 lr:0.001 train_loss:5.0830 train_time:64182ms step_avg:196.88ms
step:337/5100 lr:0.001 train_loss:4.8007 train_time:64355ms step_avg:196.80ms
step:338/5100 lr:0.001 train_loss:4.9502 train_time:64527ms step_avg:196.73ms
step:339/5100 lr:0.001 train_loss:4.8142 train_time:64699ms step_avg:196.65ms
step:340/5100 lr:0.001 train_loss:4.6410 train_time:64871ms step_avg:196.58ms
step:341/5100 lr:0.001 train_loss:4.4573 train_time:65043ms step_avg:196.50ms
step:342/5100 lr:0.001 train_loss:4.8042 train_time:65215ms step_avg:196.43ms
step:343/5100 lr:0.001 train_loss:4.9329 train_time:65387ms step_avg:196.36ms
step:344/5100 lr:0.001 train_loss:4.8727 train_time:65560ms step_avg:196.29ms
step:345/5100 lr:0.001 train_loss:4.8405 train_time:65733ms step_avg:196.22ms
step:346/5100 lr:0.001 train_loss:4.8566 train_time:65905ms step_avg:196.15ms
step:347/5100 lr:0.001 train_loss:4.8596 train_time:66077ms step_avg:196.07ms
step:348/5100 lr:0.001 train_loss:4.6616 train_time:66249ms step_avg:196.00ms
step:349/5100 lr:0.001 train_loss:4.8114 train_time:66421ms step_avg:195.93ms
step:350/5100 lr:0.001 train_loss:4.8336 train_time:66593ms step_avg:195.86ms
step:351/5100 lr:0.001 train_loss:4.7793 train_time:66765ms step_avg:195.79ms
step:352/5100 lr:0.001 train_loss:4.6820 train_time:66938ms step_avg:195.72ms
step:353/5100 lr:0.001 train_loss:4.8433 train_time:67110ms step_avg:195.65ms
step:354/5100 lr:0.001 train_loss:4.7249 train_time:67282ms step_avg:195.59ms
step:355/5100 lr:0.001 train_loss:4.6228 train_time:67454ms step_avg:195.52ms
step:356/5100 lr:0.001 train_loss:4.8874 train_time:67626ms step_avg:195.45ms
step:357/5100 lr:0.001 train_loss:4.6740 train_time:67798ms step_avg:195.38ms
step:358/5100 lr:0.001 train_loss:4.6909 train_time:67970ms step_avg:195.32ms
step:359/5100 lr:0.001 train_loss:4.6059 train_time:68143ms step_avg:195.25ms
step:360/5100 lr:0.001 train_loss:4.4779 train_time:68315ms step_avg:195.19ms
step:361/5100 lr:0.001 train_loss:5.2573 train_time:68487ms step_avg:195.12ms
step:362/5100 lr:0.001 train_loss:5.1212 train_time:68659ms step_avg:195.06ms
step:363/5100 lr:0.001 train_loss:4.7722 train_time:68832ms step_avg:194.99ms
step:364/5100 lr:0.001 train_loss:4.5631 train_time:69004ms step_avg:194.93ms
step:365/5100 lr:0.001 train_loss:4.6629 train_time:69176ms step_avg:194.86ms
step:366/5100 lr:0.001 train_loss:4.5772 train_time:69348ms step_avg:194.80ms
step:367/5100 lr:0.001 train_loss:4.8376 train_time:69520ms step_avg:194.73ms
step:368/5100 lr:0.001 train_loss:4.7799 train_time:69692ms step_avg:194.67ms
step:369/5100 lr:0.001 train_loss:4.8190 train_time:69865ms step_avg:194.61ms
step:370/5100 lr:0.001 train_loss:4.7385 train_time:70037ms step_avg:194.55ms
step:371/5100 lr:0.001 train_loss:4.3600 train_time:70209ms step_avg:194.49ms
step:372/5100 lr:0.001 train_loss:4.7058 train_time:70381ms step_avg:194.42ms
step:373/5100 lr:0.001 train_loss:4.7654 train_time:70553ms step_avg:194.36ms
step:374/5100 lr:0.001 train_loss:4.6329 train_time:70726ms step_avg:194.30ms
step:375/5100 lr:0.001 train_loss:4.6656 train_time:70898ms step_avg:194.24ms
step:375/5100 val_loss:4.7625 train_time:70911ms step_avg:194.28ms
step:376/5100 lr:0.001 train_loss:4.5973 train_time:74770ms step_avg:204.29ms
step:377/5100 lr:0.001 train_loss:4.6026 train_time:74943ms step_avg:204.20ms
step:378/5100 lr:0.001 train_loss:4.0548 train_time:75115ms step_avg:204.12ms
step:379/5100 lr:0.001 train_loss:4.3923 train_time:75287ms step_avg:204.03ms
step:380/5100 lr:0.001 train_loss:4.6295 train_time:75673ms step_avg:204.52ms
step:381/5100 lr:0.001 train_loss:4.7339 train_time:76050ms step_avg:204.99ms
step:382/5100 lr:0.001 train_loss:4.7762 train_time:76222ms step_avg:204.90ms
step:383/5100 lr:0.001 train_loss:4.6047 train_time:76394ms step_avg:204.81ms
step:384/5100 lr:0.001 train_loss:4.5736 train_time:76567ms step_avg:204.72ms
step:385/5100 lr:0.001 train_loss:4.5842 train_time:76739ms step_avg:204.64ms
step:386/5100 lr:0.001 train_loss:4.5439 train_time:76911ms step_avg:204.55ms
step:387/5100 lr:0.001 train_loss:4.7669 train_time:77083ms step_avg:204.46ms
step:388/5100 lr:0.001 train_loss:5.1105 train_time:77255ms step_avg:204.38ms
step:389/5100 lr:0.001 train_loss:4.6971 train_time:77427ms step_avg:204.29ms
step:390/5100 lr:0.001 train_loss:4.5956 train_time:77599ms step_avg:204.21ms
step:391/5100 lr:0.001 train_loss:4.6044 train_time:77771ms step_avg:204.12ms
step:392/5100 lr:0.001 train_loss:4.6549 train_time:77943ms step_avg:204.04ms
step:393/5100 lr:0.001 train_loss:4.7989 train_time:78115ms step_avg:203.96ms
step:394/5100 lr:0.001 train_loss:4.4891 train_time:78287ms step_avg:203.87ms
step:395/5100 lr:0.001 train_loss:4.5273 train_time:78459ms step_avg:203.79ms
step:396/5100 lr:0.001 train_loss:4.3790 train_time:78631ms step_avg:203.71ms
step:397/5100 lr:0.001 train_loss:4.6862 train_time:78803ms step_avg:203.63ms
step:398/5100 lr:0.001 train_loss:4.7463 train_time:78975ms step_avg:203.54ms
step:399/5100 lr:0.001 train_loss:4.7506 train_time:79147ms step_avg:203.46ms
step:400/5100 lr:0.001 train_loss:4.5687 train_time:79319ms step_avg:203.38ms
step:401/5100 lr:0.001 train_loss:4.9012 train_time:79491ms step_avg:203.30ms
step:402/5100 lr:0.001 train_loss:4.6526 train_time:79664ms step_avg:203.23ms
step:403/5100 lr:0.001 train_loss:4.8420 train_time:79837ms step_avg:203.15ms
step:404/5100 lr:0.001 train_loss:4.9486 train_time:80009ms step_avg:203.07ms
step:405/5100 lr:0.001 train_loss:4.5875 train_time:80181ms step_avg:202.99ms
step:406/5100 lr:0.001 train_loss:4.6165 train_time:80353ms step_avg:202.91ms
step:407/5100 lr:0.001 train_loss:4.7405 train_time:80525ms step_avg:202.83ms
step:408/5100 lr:0.001 train_loss:4.6445 train_time:80697ms step_avg:202.76ms
step:409/5100 lr:0.001 train_loss:4.4938 train_time:80869ms step_avg:202.68ms
step:410/5100 lr:0.001 train_loss:4.7317 train_time:81041ms step_avg:202.60ms
step:411/5100 lr:0.001 train_loss:4.4825 train_time:81214ms step_avg:202.53ms
step:412/5100 lr:0.001 train_loss:4.5551 train_time:81386ms step_avg:202.45ms
step:413/5100 lr:0.001 train_loss:5.0601 train_time:81558ms step_avg:202.38ms
step:414/5100 lr:0.001 train_loss:4.5312 train_time:81731ms step_avg:202.30ms
step:415/5100 lr:0.001 train_loss:4.6330 train_time:81912ms step_avg:202.25ms
step:416/5100 lr:0.001 train_loss:4.4384 train_time:82078ms step_avg:202.16ms
step:417/5100 lr:0.001 train_loss:4.5847 train_time:82250ms step_avg:202.09ms
step:418/5100 lr:0.001 train_loss:4.7411 train_time:82422ms step_avg:202.02ms
step:419/5100 lr:0.001 train_loss:4.4564 train_time:82594ms step_avg:201.94ms
step:420/5100 lr:0.001 train_loss:4.5532 train_time:82767ms step_avg:201.87ms
step:421/5100 lr:0.001 train_loss:4.4224 train_time:82939ms step_avg:201.80ms
step:422/5100 lr:0.001 train_loss:4.2998 train_time:83111ms step_avg:201.72ms
step:423/5100 lr:0.001 train_loss:4.5368 train_time:83283ms step_avg:201.65ms
step:424/5100 lr:0.001 train_loss:4.4486 train_time:83455ms step_avg:201.58ms
step:425/5100 lr:0.001 train_loss:4.5015 train_time:83627ms step_avg:201.51ms
step:426/5100 lr:0.001 train_loss:4.4697 train_time:83799ms step_avg:201.44ms
step:427/5100 lr:0.001 train_loss:4.4779 train_time:83971ms step_avg:201.37ms
step:428/5100 lr:0.001 train_loss:4.5409 train_time:84143ms step_avg:201.30ms
step:429/5100 lr:0.001 train_loss:4.5370 train_time:84316ms step_avg:201.23ms
step:430/5100 lr:0.001 train_loss:4.5420 train_time:84488ms step_avg:201.16ms
step:431/5100 lr:0.001 train_loss:4.5491 train_time:84660ms step_avg:201.09ms
step:432/5100 lr:0.001 train_loss:4.5671 train_time:84832ms step_avg:201.02ms
step:433/5100 lr:0.001 train_loss:4.4497 train_time:85004ms step_avg:200.96ms
step:434/5100 lr:0.001 train_loss:4.6104 train_time:85176ms step_avg:200.89ms
step:435/5100 lr:0.001 train_loss:4.5323 train_time:85348ms step_avg:200.82ms
step:436/5100 lr:0.001 train_loss:4.6432 train_time:85520ms step_avg:200.75ms
step:437/5100 lr:0.001 train_loss:4.3811 train_time:85692ms step_avg:200.68ms
step:438/5100 lr:0.001 train_loss:4.3766 train_time:85864ms step_avg:200.62ms
step:439/5100 lr:0.001 train_loss:4.5015 train_time:86037ms step_avg:200.55ms
step:440/5100 lr:0.001 train_loss:4.3766 train_time:86209ms step_avg:200.49ms
step:441/5100 lr:0.001 train_loss:4.7728 train_time:86381ms step_avg:200.42ms
step:442/5100 lr:0.001 train_loss:4.4523 train_time:86553ms step_avg:200.35ms
step:443/5100 lr:0.001 train_loss:4.5123 train_time:86725ms step_avg:200.29ms
step:444/5100 lr:0.001 train_loss:4.3453 train_time:86897ms step_avg:200.22ms
step:445/5100 lr:0.001 train_loss:4.4385 train_time:87069ms step_avg:200.16ms
step:446/5100 lr:0.001 train_loss:4.4475 train_time:87241ms step_avg:200.09ms
step:447/5100 lr:0.001 train_loss:4.4469 train_time:87413ms step_avg:200.03ms
step:448/5100 lr:0.001 train_loss:4.5836 train_time:87586ms step_avg:199.97ms
step:449/5100 lr:0.001 train_loss:4.5448 train_time:87758ms step_avg:199.90ms
step:450/5100 lr:0.001 train_loss:4.5202 train_time:87930ms step_avg:199.84ms
step:451/5100 lr:0.001 train_loss:4.5681 train_time:88102ms step_avg:199.78ms
step:452/5100 lr:0.001 train_loss:4.4253 train_time:88274ms step_avg:199.72ms
step:453/5100 lr:0.001 train_loss:4.3091 train_time:88446ms step_avg:199.65ms
step:454/5100 lr:0.001 train_loss:4.2418 train_time:88618ms step_avg:199.59ms
step:455/5100 lr:0.001 train_loss:4.3107 train_time:88790ms step_avg:199.53ms
step:456/5100 lr:0.001 train_loss:4.5915 train_time:88963ms step_avg:199.47ms
step:457/5100 lr:0.001 train_loss:4.5327 train_time:89135ms step_avg:199.41ms
step:458/5100 lr:0.001 train_loss:4.4642 train_time:89307ms step_avg:199.35ms
step:459/5100 lr:0.001 train_loss:4.6109 train_time:89479ms step_avg:199.28ms
step:460/5100 lr:0.001 train_loss:4.3384 train_time:89651ms step_avg:199.22ms
step:461/5100 lr:0.001 train_loss:4.5171 train_time:89823ms step_avg:199.16ms
step:462/5100 lr:0.001 train_loss:4.4975 train_time:89995ms step_avg:199.10ms
step:463/5100 lr:0.001 train_loss:4.4672 train_time:90167ms step_avg:199.04ms
step:464/5100 lr:0.001 train_loss:4.5198 train_time:90339ms step_avg:198.99ms
step:465/5100 lr:0.001 train_loss:4.4268 train_time:90512ms step_avg:198.93ms
step:466/5100 lr:0.001 train_loss:4.4154 train_time:90684ms step_avg:198.87ms
step:467/5100 lr:0.001 train_loss:4.6161 train_time:90856ms step_avg:198.81ms
step:468/5100 lr:0.001 train_loss:4.9102 train_time:91028ms step_avg:198.75ms
step:469/5100 lr:0.001 train_loss:4.3833 train_time:91200ms step_avg:198.69ms
step:470/5100 lr:0.001 train_loss:4.4119 train_time:91372ms step_avg:198.64ms
step:471/5100 lr:0.001 train_loss:4.5465 train_time:91544ms step_avg:198.58ms
step:472/5100 lr:0.001 train_loss:4.4035 train_time:91717ms step_avg:198.52ms
step:473/5100 lr:0.001 train_loss:4.4896 train_time:91889ms step_avg:198.46ms
step:474/5100 lr:0.001 train_loss:4.3944 train_time:92061ms step_avg:198.41ms
step:475/5100 lr:0.001 train_loss:4.2503 train_time:92233ms step_avg:198.35ms
step:476/5100 lr:0.001 train_loss:4.6812 train_time:92405ms step_avg:198.29ms
step:477/5100 lr:0.001 train_loss:4.4191 train_time:92577ms step_avg:198.24ms
step:478/5100 lr:0.001 train_loss:4.4725 train_time:92750ms step_avg:198.18ms
step:479/5100 lr:0.001 train_loss:4.5402 train_time:92922ms step_avg:198.13ms
step:480/5100 lr:0.001 train_loss:4.4305 train_time:93094ms step_avg:198.07ms
step:481/5100 lr:0.001 train_loss:4.4552 train_time:93266ms step_avg:198.02ms
step:482/5100 lr:0.001 train_loss:4.4428 train_time:93439ms step_avg:197.96ms
step:483/5100 lr:0.001 train_loss:4.1692 train_time:93622ms step_avg:197.93ms
step:484/5100 lr:0.001 train_loss:4.3858 train_time:93789ms step_avg:197.87ms
step:485/5100 lr:0.001 train_loss:4.4411 train_time:93961ms step_avg:197.81ms
step:486/5100 lr:0.001 train_loss:4.4883 train_time:94134ms step_avg:197.76ms
step:487/5100 lr:0.001 train_loss:4.2384 train_time:94306ms step_avg:197.71ms
step:488/5100 lr:0.001 train_loss:4.3421 train_time:94478ms step_avg:197.65ms
step:489/5100 lr:0.001 train_loss:4.4399 train_time:94650ms step_avg:197.60ms
step:490/5100 lr:0.001 train_loss:4.5111 train_time:94822ms step_avg:197.55ms
step:491/5100 lr:0.001 train_loss:4.4725 train_time:94994ms step_avg:197.49ms
step:492/5100 lr:0.001 train_loss:4.2655 train_time:95166ms step_avg:197.44ms
step:493/5100 lr:0.001 train_loss:4.7532 train_time:95339ms step_avg:197.39ms
step:494/5100 lr:0.001 train_loss:4.2221 train_time:95511ms step_avg:197.34ms
step:495/5100 lr:0.001 train_loss:4.4492 train_time:95683ms step_avg:197.28ms
step:496/5100 lr:0.001 train_loss:4.5030 train_time:95855ms step_avg:197.23ms
step:497/5100 lr:0.001 train_loss:4.3184 train_time:96027ms step_avg:197.18ms
step:498/5100 lr:0.001 train_loss:4.3490 train_time:96200ms step_avg:197.13ms
step:499/5100 lr:0.001 train_loss:4.4318 train_time:96372ms step_avg:197.08ms
step:500/5100 lr:0.001 train_loss:4.5707 train_time:96544ms step_avg:197.03ms
step:500/5100 val_loss:4.4624 train_time:96558ms step_avg:197.06ms
step:501/5100 lr:0.001 train_loss:4.5002 train_time:100668ms step_avg:205.03ms
step:502/5100 lr:0.001 train_loss:4.3065 train_time:100840ms step_avg:204.96ms
step:503/5100 lr:0.001 train_loss:4.4546 train_time:101012ms step_avg:204.89ms
step:504/5100 lr:0.001 train_loss:4.3707 train_time:101184ms step_avg:204.83ms
step:505/5100 lr:0.001 train_loss:4.4587 train_time:101356ms step_avg:204.76ms
step:506/5100 lr:0.001 train_loss:4.4467 train_time:101528ms step_avg:204.69ms
step:507/5100 lr:0.001 train_loss:4.2985 train_time:101700ms step_avg:204.63ms
step:508/5100 lr:0.001 train_loss:4.5036 train_time:101873ms step_avg:204.56ms
step:509/5100 lr:0.001 train_loss:4.7466 train_time:102055ms step_avg:204.52ms
step:510/5100 lr:0.001 train_loss:4.3681 train_time:102222ms step_avg:204.44ms
step:511/5100 lr:0.001 train_loss:4.3900 train_time:102394ms step_avg:204.38ms
step:512/5100 lr:0.001 train_loss:4.3448 train_time:102567ms step_avg:204.32ms
step:513/5100 lr:0.001 train_loss:4.4300 train_time:102739ms step_avg:204.25ms
step:514/5100 lr:0.001 train_loss:4.5191 train_time:102911ms step_avg:204.19ms
step:515/5100 lr:0.001 train_loss:4.3937 train_time:103083ms step_avg:204.12ms
step:516/5100 lr:0.001 train_loss:4.4602 train_time:103255ms step_avg:204.06ms
step:517/5100 lr:0.001 train_loss:4.5659 train_time:103427ms step_avg:204.00ms
step:518/5100 lr:0.001 train_loss:4.2535 train_time:103600ms step_avg:203.94ms
step:519/5100 lr:0.001 train_loss:4.5472 train_time:103772ms step_avg:203.87ms
step:520/5100 lr:0.001 train_loss:4.5518 train_time:103944ms step_avg:203.81ms
step:521/5100 lr:0.001 train_loss:4.4573 train_time:104116ms step_avg:203.75ms
step:522/5100 lr:0.001 train_loss:4.2153 train_time:104288ms step_avg:203.69ms
step:523/5100 lr:0.001 train_loss:4.3538 train_time:104460ms step_avg:203.63ms
step:524/5100 lr:0.001 train_loss:5.7124 train_time:104632ms step_avg:203.56ms
step:525/5100 lr:0.001 train_loss:4.2575 train_time:104805ms step_avg:203.50ms
step:526/5100 lr:0.001 train_loss:4.5642 train_time:104977ms step_avg:203.44ms
step:527/5100 lr:0.001 train_loss:4.2750 train_time:105149ms step_avg:203.38ms
step:528/5100 lr:0.001 train_loss:4.1491 train_time:105321ms step_avg:203.32ms
step:529/5100 lr:0.001 train_loss:4.3820 train_time:105493ms step_avg:203.26ms
step:530/5100 lr:0.001 train_loss:4.5532 train_time:105665ms step_avg:203.20ms
step:531/5100 lr:0.001 train_loss:4.3151 train_time:105837ms step_avg:203.14ms
step:532/5100 lr:0.001 train_loss:4.4801 train_time:106009ms step_avg:203.08ms
step:533/5100 lr:0.001 train_loss:4.4976 train_time:106182ms step_avg:203.02ms
step:534/5100 lr:0.001 train_loss:4.3008 train_time:106354ms step_avg:202.97ms
step:535/5100 lr:0.001 train_loss:4.2944 train_time:106526ms step_avg:202.91ms
step:536/5100 lr:0.001 train_loss:4.2102 train_time:106698ms step_avg:202.85ms
step:537/5100 lr:0.001 train_loss:4.2751 train_time:106870ms step_avg:202.79ms
step:538/5100 lr:0.001 train_loss:4.3411 train_time:107042ms step_avg:202.73ms
step:539/5100 lr:0.001 train_loss:4.2733 train_time:107214ms step_avg:202.67ms
step:540/5100 lr:0.001 train_loss:5.0206 train_time:107386ms step_avg:202.62ms
step:541/5100 lr:0.001 train_loss:4.3225 train_time:107559ms step_avg:202.56ms
step:542/5100 lr:0.001 train_loss:4.5592 train_time:107731ms step_avg:202.50ms
step:543/5100 lr:0.001 train_loss:4.2057 train_time:107904ms step_avg:202.45ms
step:544/5100 lr:0.001 train_loss:4.4165 train_time:108076ms step_avg:202.39ms
step:545/5100 lr:0.001 train_loss:4.4747 train_time:108248ms step_avg:202.33ms
step:546/5100 lr:0.001 train_loss:4.2153 train_time:108420ms step_avg:202.28ms
step:547/5100 lr:0.001 train_loss:4.4527 train_time:108593ms step_avg:202.22ms
step:548/5100 lr:0.001 train_loss:4.3564 train_time:108765ms step_avg:202.17ms
step:549/5100 lr:0.001 train_loss:4.3978 train_time:108937ms step_avg:202.11ms
step:550/5100 lr:0.001 train_loss:4.3203 train_time:109109ms step_avg:202.05ms
step:551/5100 lr:0.001 train_loss:4.2700 train_time:109281ms step_avg:202.00ms
step:552/5100 lr:0.001 train_loss:4.2905 train_time:109454ms step_avg:201.94ms
step:553/5100 lr:0.001 train_loss:4.2722 train_time:109626ms step_avg:201.89ms
step:554/5100 lr:0.001 train_loss:4.5410 train_time:109798ms step_avg:201.83ms
step:555/5100 lr:0.001 train_loss:4.3164 train_time:109970ms step_avg:201.78ms
step:556/5100 lr:0.001 train_loss:4.3953 train_time:110142ms step_avg:201.73ms
step:557/5100 lr:0.001 train_loss:4.3170 train_time:110314ms step_avg:201.67ms
step:558/5100 lr:0.001 train_loss:3.9275 train_time:110486ms step_avg:201.62ms
step:559/5100 lr:0.001 train_loss:4.2932 train_time:110658ms step_avg:201.56ms
step:560/5100 lr:0.001 train_loss:4.3640 train_time:110830ms step_avg:201.51ms
step:561/5100 lr:0.001 train_loss:4.4206 train_time:111002ms step_avg:201.46ms
step:562/5100 lr:0.001 train_loss:4.2313 train_time:111175ms step_avg:201.40ms
step:563/5100 lr:0.001 train_loss:4.1923 train_time:111347ms step_avg:201.35ms
step:564/5100 lr:0.001 train_loss:4.4559 train_time:111519ms step_avg:201.30ms
step:565/5100 lr:0.001 train_loss:4.1331 train_time:111691ms step_avg:201.24ms
step:566/5100 lr:0.001 train_loss:4.3396 train_time:111863ms step_avg:201.19ms
step:567/5100 lr:0.001 train_loss:4.2433 train_time:112035ms step_avg:201.14ms
step:568/5100 lr:0.001 train_loss:4.2425 train_time:112207ms step_avg:201.09ms
step:569/5100 lr:0.001 train_loss:4.1582 train_time:112379ms step_avg:201.04ms
step:570/5100 lr:0.001 train_loss:4.2241 train_time:112759ms step_avg:201.36ms
step:571/5100 lr:0.001 train_loss:4.2806 train_time:112931ms step_avg:201.30ms
step:572/5100 lr:0.001 train_loss:4.1237 train_time:113310ms step_avg:201.62ms
step:573/5100 lr:0.001 train_loss:4.1389 train_time:113482ms step_avg:201.57ms
step:574/5100 lr:0.001 train_loss:4.2105 train_time:113654ms step_avg:201.51ms
step:575/5100 lr:0.001 train_loss:4.6996 train_time:113826ms step_avg:201.46ms
step:576/5100 lr:0.001 train_loss:4.1665 train_time:113998ms step_avg:201.41ms
step:577/5100 lr:0.001 train_loss:4.2110 train_time:114171ms step_avg:201.36ms
step:578/5100 lr:0.001 train_loss:4.5589 train_time:114343ms step_avg:201.31ms
step:579/5100 lr:0.001 train_loss:4.2048 train_time:114515ms step_avg:201.26ms
step:580/5100 lr:0.001 train_loss:4.2062 train_time:114687ms step_avg:201.21ms
step:581/5100 lr:0.001 train_loss:4.5238 train_time:114860ms step_avg:201.16ms
step:582/5100 lr:0.001 train_loss:4.5150 train_time:115032ms step_avg:201.10ms
step:583/5100 lr:0.001 train_loss:4.5329 train_time:115204ms step_avg:201.05ms
step:584/5100 lr:0.001 train_loss:4.4447 train_time:115376ms step_avg:201.00ms
step:585/5100 lr:0.001 train_loss:4.3089 train_time:115548ms step_avg:200.95ms
step:586/5100 lr:0.001 train_loss:4.2701 train_time:115720ms step_avg:200.90ms
step:587/5100 lr:0.001 train_loss:4.3080 train_time:115892ms step_avg:200.85ms
step:588/5100 lr:0.001 train_loss:4.9244 train_time:116065ms step_avg:200.80ms
step:589/5100 lr:0.001 train_loss:4.0836 train_time:116245ms step_avg:200.77ms
step:590/5100 lr:0.001 train_loss:4.4750 train_time:116410ms step_avg:200.71ms
step:591/5100 lr:0.001 train_loss:4.4600 train_time:116582ms step_avg:200.66ms
step:592/5100 lr:0.001 train_loss:4.0792 train_time:116754ms step_avg:200.61ms
step:593/5100 lr:0.001 train_loss:4.1931 train_time:116926ms step_avg:200.56ms
step:594/5100 lr:0.001 train_loss:4.4636 train_time:117099ms step_avg:200.51ms
step:595/5100 lr:0.001 train_loss:4.1796 train_time:117271ms step_avg:200.46ms
step:596/5100 lr:0.001 train_loss:4.3381 train_time:117443ms step_avg:200.41ms
step:597/5100 lr:0.001 train_loss:4.3130 train_time:117615ms step_avg:200.37ms
step:598/5100 lr:0.001 train_loss:4.2829 train_time:117787ms step_avg:200.32ms
step:599/5100 lr:0.001 train_loss:4.2545 train_time:117960ms step_avg:200.27ms
step:600/5100 lr:0.001 train_loss:4.3605 train_time:118135ms step_avg:200.23ms
step:601/5100 lr:0.001 train_loss:4.2192 train_time:118304ms step_avg:200.18ms
step:602/5100 lr:0.001 train_loss:4.1086 train_time:118477ms step_avg:200.13ms
step:603/5100 lr:0.001 train_loss:4.2733 train_time:118649ms step_avg:200.08ms
step:604/5100 lr:0.001 train_loss:4.2703 train_time:118821ms step_avg:200.03ms
step:605/5100 lr:0.001 train_loss:4.3376 train_time:118993ms step_avg:199.99ms
step:606/5100 lr:0.001 train_loss:4.7905 train_time:119165ms step_avg:199.94ms
step:607/5100 lr:0.001 train_loss:4.5931 train_time:119337ms step_avg:199.89ms
step:608/5100 lr:0.001 train_loss:4.4031 train_time:119509ms step_avg:199.85ms
step:609/5100 lr:0.001 train_loss:4.3184 train_time:119682ms step_avg:199.80ms
step:610/5100 lr:0.001 train_loss:4.2692 train_time:119854ms step_avg:199.76ms
step:611/5100 lr:0.001 train_loss:4.2094 train_time:120026ms step_avg:199.71ms
step:612/5100 lr:0.001 train_loss:4.1348 train_time:120199ms step_avg:199.67ms
step:613/5100 lr:0.001 train_loss:4.3658 train_time:120371ms step_avg:199.62ms
step:614/5100 lr:0.001 train_loss:4.1008 train_time:120543ms step_avg:199.57ms
step:615/5100 lr:0.001 train_loss:4.1982 train_time:120715ms step_avg:199.53ms
step:616/5100 lr:0.001 train_loss:4.1914 train_time:120887ms step_avg:199.48ms
step:617/5100 lr:0.001 train_loss:4.4328 train_time:121059ms step_avg:199.44ms
step:618/5100 lr:0.001 train_loss:4.1489 train_time:121231ms step_avg:199.39ms
step:619/5100 lr:0.001 train_loss:4.2060 train_time:121403ms step_avg:199.35ms
step:620/5100 lr:0.001 train_loss:4.4604 train_time:121576ms step_avg:199.30ms
step:621/5100 lr:0.001 train_loss:4.2807 train_time:121748ms step_avg:199.26ms
step:622/5100 lr:0.001 train_loss:4.1956 train_time:121920ms step_avg:199.22ms
step:623/5100 lr:0.001 train_loss:4.2155 train_time:122092ms step_avg:199.17ms
step:624/5100 lr:0.001 train_loss:4.3679 train_time:122264ms step_avg:199.13ms
step:625/5100 lr:0.001 train_loss:4.3512 train_time:122436ms step_avg:199.08ms
step:625/5100 val_loss:4.2981 train_time:122450ms step_avg:199.11ms
step:626/5100 lr:0.001 train_loss:4.3087 train_time:126276ms step_avg:204.99ms
step:627/5100 lr:0.001 train_loss:4.2699 train_time:126448ms step_avg:204.94ms
step:628/5100 lr:0.001 train_loss:4.1308 train_time:126620ms step_avg:204.89ms
step:629/5100 lr:0.001 train_loss:4.2873 train_time:126792ms step_avg:204.83ms
step:630/5100 lr:0.001 train_loss:4.1108 train_time:126964ms step_avg:204.78ms
step:631/5100 lr:0.001 train_loss:4.2148 train_time:127136ms step_avg:204.73ms
step:632/5100 lr:0.001 train_loss:4.0652 train_time:127308ms step_avg:204.68ms
step:633/5100 lr:0.001 train_loss:4.2505 train_time:127481ms step_avg:204.63ms
step:634/5100 lr:0.001 train_loss:4.2853 train_time:127657ms step_avg:204.58ms
step:635/5100 lr:0.001 train_loss:4.1855 train_time:127825ms step_avg:204.52ms
step:636/5100 lr:0.001 train_loss:4.0367 train_time:127997ms step_avg:204.47ms
step:637/5100 lr:0.001 train_loss:4.2658 train_time:128169ms step_avg:204.42ms
step:638/5100 lr:0.001 train_loss:4.0169 train_time:128342ms step_avg:204.37ms
step:639/5100 lr:0.001 train_loss:4.0880 train_time:128514ms step_avg:204.32ms
step:640/5100 lr:0.001 train_loss:4.1810 train_time:128686ms step_avg:204.26ms
step:641/5100 lr:0.001 train_loss:4.1863 train_time:128859ms step_avg:204.21ms
step:642/5100 lr:0.001 train_loss:4.0621 train_time:129031ms step_avg:204.16ms
step:643/5100 lr:0.001 train_loss:4.6212 train_time:129203ms step_avg:204.11ms
step:644/5100 lr:0.001 train_loss:4.1572 train_time:129375ms step_avg:204.06ms
step:645/5100 lr:0.001 train_loss:4.1686 train_time:129547ms step_avg:204.01ms
step:646/5100 lr:0.001 train_loss:4.1264 train_time:129719ms step_avg:203.96ms
step:647/5100 lr:0.001 train_loss:4.0883 train_time:129891ms step_avg:203.91ms
step:648/5100 lr:0.001 train_loss:4.2232 train_time:130063ms step_avg:203.86ms
step:649/5100 lr:0.001 train_loss:4.5865 train_time:130235ms step_avg:203.81ms
step:650/5100 lr:0.001 train_loss:4.3379 train_time:130408ms step_avg:203.76ms
step:651/5100 lr:0.001 train_loss:4.0515 train_time:130580ms step_avg:203.71ms
step:652/5100 lr:0.001 train_loss:3.8925 train_time:130752ms step_avg:203.66ms
step:653/5100 lr:0.001 train_loss:4.2783 train_time:130924ms step_avg:203.62ms
step:654/5100 lr:0.001 train_loss:4.1547 train_time:131096ms step_avg:203.57ms
step:655/5100 lr:0.001 train_loss:4.3186 train_time:131269ms step_avg:203.52ms
step:656/5100 lr:0.001 train_loss:4.4002 train_time:131441ms step_avg:203.47ms
step:657/5100 lr:0.001 train_loss:4.4975 train_time:131613ms step_avg:203.42ms
step:658/5100 lr:0.001 train_loss:4.2127 train_time:131785ms step_avg:203.37ms
step:659/5100 lr:0.001 train_loss:4.1303 train_time:131957ms step_avg:203.32ms
step:660/5100 lr:0.001 train_loss:4.2437 train_time:132129ms step_avg:203.28ms
step:661/5100 lr:0.001 train_loss:4.2994 train_time:132302ms step_avg:203.23ms
step:662/5100 lr:0.001 train_loss:4.3698 train_time:132474ms step_avg:203.18ms
step:663/5100 lr:0.001 train_loss:4.1061 train_time:132646ms step_avg:203.13ms
step:664/5100 lr:0.001 train_loss:4.2593 train_time:132818ms step_avg:203.09ms
step:665/5100 lr:0.001 train_loss:4.2217 train_time:132990ms step_avg:203.04ms
step:666/5100 lr:0.001 train_loss:4.1415 train_time:133162ms step_avg:202.99ms
step:667/5100 lr:0.001 train_loss:4.2461 train_time:133334ms step_avg:202.94ms
step:668/5100 lr:0.001 train_loss:4.3251 train_time:133506ms step_avg:202.90ms
step:669/5100 lr:0.001 train_loss:4.2052 train_time:133678ms step_avg:202.85ms
step:670/5100 lr:0.001 train_loss:4.1849 train_time:133850ms step_avg:202.80ms
step:671/5100 lr:0.001 train_loss:4.3566 train_time:134023ms step_avg:202.76ms
step:672/5100 lr:0.001 train_loss:4.1312 train_time:134195ms step_avg:202.71ms
step:673/5100 lr:0.001 train_loss:4.0816 train_time:134367ms step_avg:202.66ms
step:674/5100 lr:0.001 train_loss:4.3609 train_time:134539ms step_avg:202.62ms
step:675/5100 lr:0.001 train_loss:4.3300 train_time:134711ms step_avg:202.57ms
step:676/5100 lr:0.001 train_loss:4.3990 train_time:134883ms step_avg:202.53ms
step:677/5100 lr:0.001 train_loss:4.1312 train_time:135055ms step_avg:202.48ms
step:678/5100 lr:0.001 train_loss:4.1580 train_time:135227ms step_avg:202.44ms
step:679/5100 lr:0.001 train_loss:4.0931 train_time:135399ms step_avg:202.39ms
step:680/5100 lr:0.001 train_loss:4.2521 train_time:135572ms step_avg:202.35ms
step:681/5100 lr:0.001 train_loss:4.1903 train_time:135743ms step_avg:202.30ms
step:682/5100 lr:0.001 train_loss:4.3749 train_time:135916ms step_avg:202.26ms
step:683/5100 lr:0.001 train_loss:4.1401 train_time:136089ms step_avg:202.21ms
step:684/5100 lr:0.001 train_loss:4.0726 train_time:136262ms step_avg:202.17ms
step:685/5100 lr:0.001 train_loss:4.4253 train_time:136434ms step_avg:202.12ms
step:686/5100 lr:0.001 train_loss:4.0753 train_time:136606ms step_avg:202.08ms
step:687/5100 lr:0.001 train_loss:4.3019 train_time:136778ms step_avg:202.04ms
step:688/5100 lr:0.001 train_loss:4.2398 train_time:136950ms step_avg:201.99ms
step:689/5100 lr:0.001 train_loss:4.1239 train_time:137122ms step_avg:201.95ms
step:690/5100 lr:0.001 train_loss:4.2045 train_time:137294ms step_avg:201.90ms
step:691/5100 lr:0.001 train_loss:4.2406 train_time:137466ms step_avg:201.86ms
step:692/5100 lr:0.001 train_loss:4.2461 train_time:137639ms step_avg:201.82ms
step:693/5100 lr:0.001 train_loss:4.3507 train_time:137811ms step_avg:201.77ms
step:694/5100 lr:0.001 train_loss:3.8601 train_time:137983ms step_avg:201.73ms
step:695/5100 lr:0.001 train_loss:4.1087 train_time:138155ms step_avg:201.69ms
step:696/5100 lr:0.001 train_loss:4.1575 train_time:138327ms step_avg:201.64ms
step:697/5100 lr:0.001 train_loss:3.9287 train_time:138499ms step_avg:201.60ms
step:698/5100 lr:0.001 train_loss:4.3419 train_time:139397ms step_avg:202.61ms
step:699/5100 lr:0.001 train_loss:4.1930 train_time:139569ms step_avg:202.57ms
step:700/5100 lr:0.001 train_loss:4.2590 train_time:139741ms step_avg:202.52ms
step:701/5100 lr:0.001 train_loss:4.1153 train_time:139913ms step_avg:202.48ms
step:702/5100 lr:0.001 train_loss:4.1232 train_time:140086ms step_avg:202.44ms
step:703/5100 lr:0.001 train_loss:3.4181 train_time:140258ms step_avg:202.39ms
step:704/5100 lr:0.001 train_loss:4.1650 train_time:140430ms step_avg:202.35ms
step:705/5100 lr:0.001 train_loss:4.0796 train_time:140602ms step_avg:202.30ms
step:706/5100 lr:0.001 train_loss:4.3045 train_time:140774ms step_avg:202.26ms
step:707/5100 lr:0.001 train_loss:4.0934 train_time:140946ms step_avg:202.22ms
step:708/5100 lr:0.001 train_loss:4.1237 train_time:141118ms step_avg:202.17ms
step:709/5100 lr:0.001 train_loss:4.0761 train_time:141290ms step_avg:202.13ms
step:710/5100 lr:0.001 train_loss:4.1112 train_time:142173ms step_avg:203.10ms
step:711/5100 lr:0.001 train_loss:4.3265 train_time:142345ms step_avg:203.06ms
step:712/5100 lr:0.001 train_loss:4.2483 train_time:142516ms step_avg:203.01ms
step:713/5100 lr:0.001 train_loss:4.1409 train_time:142689ms step_avg:202.97ms
step:714/5100 lr:0.001 train_loss:4.1963 train_time:142861ms step_avg:202.93ms
step:715/5100 lr:0.001 train_loss:4.2432 train_time:143033ms step_avg:202.88ms
step:716/5100 lr:0.001 train_loss:3.9275 train_time:143205ms step_avg:202.84ms
step:717/5100 lr:0.001 train_loss:4.4017 train_time:143377ms step_avg:202.80ms
step:718/5100 lr:0.001 train_loss:4.3305 train_time:143549ms step_avg:202.75ms
step:719/5100 lr:0.001 train_loss:4.1243 train_time:143721ms step_avg:202.71ms
step:720/5100 lr:0.001 train_loss:4.3076 train_time:143893ms step_avg:202.67ms
step:721/5100 lr:0.001 train_loss:4.2754 train_time:144065ms step_avg:202.62ms
step:722/5100 lr:0.001 train_loss:3.9523 train_time:144238ms step_avg:202.58ms
step:723/5100 lr:0.001 train_loss:4.3933 train_time:144410ms step_avg:202.54ms
step:724/5100 lr:0.001 train_loss:4.1264 train_time:144582ms step_avg:202.50ms
step:725/5100 lr:0.001 train_loss:4.0941 train_time:144754ms step_avg:202.45ms
step:726/5100 lr:0.001 train_loss:4.2583 train_time:144926ms step_avg:202.41ms
step:727/5100 lr:0.001 train_loss:4.1472 train_time:145098ms step_avg:202.37ms
step:728/5100 lr:0.001 train_loss:4.0956 train_time:145271ms step_avg:202.33ms
step:729/5100 lr:0.001 train_loss:4.0245 train_time:145443ms step_avg:202.28ms
step:730/5100 lr:0.001 train_loss:3.9112 train_time:145615ms step_avg:202.24ms
step:731/5100 lr:0.001 train_loss:4.1693 train_time:145788ms step_avg:202.20ms
step:732/5100 lr:0.001 train_loss:4.0474 train_time:145960ms step_avg:202.16ms
step:733/5100 lr:0.001 train_loss:4.1474 train_time:146132ms step_avg:202.12ms
step:734/5100 lr:0.001 train_loss:4.2627 train_time:146304ms step_avg:202.08ms
step:735/5100 lr:0.001 train_loss:3.9808 train_time:146476ms step_avg:202.04ms
step:736/5100 lr:0.001 train_loss:4.2654 train_time:146648ms step_avg:201.99ms
step:737/5100 lr:0.001 train_loss:4.0634 train_time:146820ms step_avg:201.95ms
step:738/5100 lr:0.001 train_loss:4.3068 train_time:146993ms step_avg:201.91ms
step:739/5100 lr:0.001 train_loss:4.2001 train_time:147165ms step_avg:201.87ms
step:740/5100 lr:0.001 train_loss:4.2365 train_time:147337ms step_avg:201.83ms
step:741/5100 lr:0.001 train_loss:4.2341 train_time:147509ms step_avg:201.79ms
step:742/5100 lr:0.001 train_loss:4.2002 train_time:147681ms step_avg:201.75ms
step:743/5100 lr:0.001 train_loss:4.2382 train_time:147853ms step_avg:201.71ms
step:744/5100 lr:0.001 train_loss:3.9870 train_time:148026ms step_avg:201.67ms
step:745/5100 lr:0.001 train_loss:4.3005 train_time:148198ms step_avg:201.63ms
step:746/5100 lr:0.001 train_loss:4.0958 train_time:148370ms step_avg:201.59ms
step:747/5100 lr:0.001 train_loss:4.0876 train_time:148542ms step_avg:201.55ms
step:748/5100 lr:0.001 train_loss:4.2376 train_time:148714ms step_avg:201.51ms
step:749/5100 lr:0.001 train_loss:4.1570 train_time:148887ms step_avg:201.47ms
step:750/5100 lr:0.001 train_loss:4.1180 train_time:149059ms step_avg:201.43ms
step:750/5100 val_loss:4.1942 train_time:149073ms step_avg:201.45ms
step:751/5100 lr:0.001 train_loss:4.0991 train_time:152923ms step_avg:206.37ms
step:752/5100 lr:0.001 train_loss:4.3135 train_time:153094ms step_avg:206.33ms
step:753/5100 lr:0.001 train_loss:4.0835 train_time:153266ms step_avg:206.28ms
step:754/5100 lr:0.001 train_loss:4.1961 train_time:153438ms step_avg:206.23ms
step:755/5100 lr:0.001 train_loss:4.1941 train_time:153611ms step_avg:206.19ms
step:756/5100 lr:0.001 train_loss:4.1455 train_time:153783ms step_avg:206.14ms
step:757/5100 lr:0.001 train_loss:4.2006 train_time:153954ms step_avg:206.10ms
step:758/5100 lr:0.001 train_loss:4.1007 train_time:154127ms step_avg:206.05ms
step:759/5100 lr:0.001 train_loss:4.1974 train_time:154299ms step_avg:206.01ms
step:760/5100 lr:0.001 train_loss:4.1661 train_time:154680ms step_avg:206.24ms
step:761/5100 lr:0.001 train_loss:4.1277 train_time:154852ms step_avg:206.19ms
step:762/5100 lr:0.001 train_loss:4.4409 train_time:155230ms step_avg:206.42ms
step:763/5100 lr:0.001 train_loss:3.9858 train_time:155402ms step_avg:206.38ms
step:764/5100 lr:0.001 train_loss:4.2465 train_time:155574ms step_avg:206.33ms
step:765/5100 lr:0.001 train_loss:4.0092 train_time:155746ms step_avg:206.29ms
step:766/5100 lr:0.001 train_loss:3.8771 train_time:155919ms step_avg:206.24ms
step:767/5100 lr:0.001 train_loss:4.3998 train_time:156091ms step_avg:206.20ms
step:768/5100 lr:0.001 train_loss:4.2913 train_time:156263ms step_avg:206.15ms
step:769/5100 lr:0.001 train_loss:4.1361 train_time:156435ms step_avg:206.11ms
step:770/5100 lr:0.001 train_loss:4.0894 train_time:156607ms step_avg:206.06ms
step:771/5100 lr:0.001 train_loss:4.2654 train_time:156780ms step_avg:206.02ms
step:772/5100 lr:0.001 train_loss:4.2526 train_time:156952ms step_avg:205.97ms
step:773/5100 lr:0.001 train_loss:4.5184 train_time:157125ms step_avg:205.93ms
step:774/5100 lr:0.001 train_loss:4.0047 train_time:157297ms step_avg:205.89ms
step:775/5100 lr:0.001 train_loss:4.1389 train_time:157469ms step_avg:205.84ms
step:776/5100 lr:0.001 train_loss:4.2305 train_time:157641ms step_avg:205.80ms
step:777/5100 lr:0.001 train_loss:4.1890 train_time:157813ms step_avg:205.75ms
step:778/5100 lr:0.001 train_loss:4.1901 train_time:157985ms step_avg:205.71ms
step:779/5100 lr:0.001 train_loss:3.9755 train_time:158157ms step_avg:205.67ms
step:780/5100 lr:0.001 train_loss:4.1354 train_time:158330ms step_avg:205.62ms
step:781/5100 lr:0.001 train_loss:4.0682 train_time:158502ms step_avg:205.58ms
step:782/5100 lr:0.001 train_loss:4.2342 train_time:158674ms step_avg:205.54ms
step:783/5100 lr:0.001 train_loss:4.2102 train_time:158846ms step_avg:205.49ms
step:784/5100 lr:0.001 train_loss:4.0707 train_time:159018ms step_avg:205.45ms
step:785/5100 lr:0.001 train_loss:4.1701 train_time:159190ms step_avg:205.41ms
step:786/5100 lr:0.001 train_loss:4.1243 train_time:159362ms step_avg:205.36ms
step:787/5100 lr:0.001 train_loss:3.9828 train_time:159534ms step_avg:205.32ms
step:788/5100 lr:0.001 train_loss:3.9862 train_time:160441ms step_avg:206.22ms
step:789/5100 lr:0.001 train_loss:4.4194 train_time:160613ms step_avg:206.18ms
step:790/5100 lr:0.001 train_loss:3.9691 train_time:160785ms step_avg:206.13ms
step:791/5100 lr:0.001 train_loss:4.1342 train_time:160957ms step_avg:206.09ms
step:792/5100 lr:0.001 train_loss:4.1835 train_time:161129ms step_avg:206.05ms
step:793/5100 lr:0.001 train_loss:4.0930 train_time:161301ms step_avg:206.00ms
step:794/5100 lr:0.001 train_loss:4.0596 train_time:161473ms step_avg:205.96ms
step:795/5100 lr:0.001 train_loss:3.9473 train_time:161646ms step_avg:205.92ms
step:796/5100 lr:0.001 train_loss:4.0975 train_time:161817ms step_avg:205.87ms
step:797/5100 lr:0.001 train_loss:4.0952 train_time:161990ms step_avg:205.83ms
step:798/5100 lr:0.001 train_loss:4.1046 train_time:162162ms step_avg:205.79ms
step:799/5100 lr:0.001 train_loss:4.0687 train_time:162334ms step_avg:205.75ms
step:800/5100 lr:0.001 train_loss:4.2473 train_time:162506ms step_avg:205.70ms
step:801/5100 lr:0.001 train_loss:4.1078 train_time:162679ms step_avg:205.66ms
step:802/5100 lr:0.001 train_loss:4.1465 train_time:162851ms step_avg:205.62ms
step:803/5100 lr:0.001 train_loss:4.1758 train_time:163023ms step_avg:205.58ms
step:804/5100 lr:0.001 train_loss:4.2289 train_time:163195ms step_avg:205.54ms
step:805/5100 lr:0.001 train_loss:4.2316 train_time:163367ms step_avg:205.49ms
step:806/5100 lr:0.001 train_loss:4.1548 train_time:163540ms step_avg:205.45ms
step:807/5100 lr:0.001 train_loss:4.0151 train_time:163712ms step_avg:205.41ms
step:808/5100 lr:0.001 train_loss:3.8907 train_time:163892ms step_avg:205.38ms
step:809/5100 lr:0.001 train_loss:4.1615 train_time:164058ms step_avg:205.33ms
step:810/5100 lr:0.001 train_loss:4.1310 train_time:164230ms step_avg:205.29ms
step:811/5100 lr:0.001 train_loss:4.0072 train_time:164402ms step_avg:205.25ms
step:812/5100 lr:0.001 train_loss:4.0826 train_time:164574ms step_avg:205.20ms
step:813/5100 lr:0.001 train_loss:4.2001 train_time:164746ms step_avg:205.16ms
step:814/5100 lr:0.001 train_loss:4.1556 train_time:164918ms step_avg:205.12ms
step:815/5100 lr:0.001 train_loss:4.1569 train_time:165091ms step_avg:205.08ms
step:816/5100 lr:0.001 train_loss:4.0884 train_time:165263ms step_avg:205.04ms
step:817/5100 lr:0.001 train_loss:4.0595 train_time:165435ms step_avg:205.00ms
step:818/5100 lr:0.001 train_loss:4.1331 train_time:165607ms step_avg:204.96ms
step:819/5100 lr:0.001 train_loss:4.5536 train_time:165779ms step_avg:204.92ms
step:820/5100 lr:0.001 train_loss:4.0933 train_time:165951ms step_avg:204.88ms
step:821/5100 lr:0.001 train_loss:4.3512 train_time:166123ms step_avg:204.84ms
step:822/5100 lr:0.001 train_loss:3.9497 train_time:166295ms step_avg:204.80ms
step:823/5100 lr:0.001 train_loss:4.0733 train_time:166467ms step_avg:204.76ms
step:824/5100 lr:0.001 train_loss:4.3282 train_time:166639ms step_avg:204.72ms
step:825/5100 lr:0.001 train_loss:4.0732 train_time:166812ms step_avg:204.68ms
step:826/5100 lr:0.001 train_loss:3.9868 train_time:166984ms step_avg:204.64ms
step:827/5100 lr:0.001 train_loss:4.2202 train_time:167156ms step_avg:204.60ms
step:828/5100 lr:0.001 train_loss:4.0335 train_time:167328ms step_avg:204.56ms
step:829/5100 lr:0.001 train_loss:4.4954 train_time:167500ms step_avg:204.52ms
step:830/5100 lr:0.001 train_loss:4.0516 train_time:167672ms step_avg:204.48ms
step:831/5100 lr:0.001 train_loss:4.2223 train_time:167844ms step_avg:204.44ms
step:832/5100 lr:0.001 train_loss:4.0525 train_time:168016ms step_avg:204.40ms
step:833/5100 lr:0.001 train_loss:4.0359 train_time:168188ms step_avg:204.36ms
step:834/5100 lr:0.001 train_loss:3.9973 train_time:168361ms step_avg:204.32ms
step:835/5100 lr:0.001 train_loss:4.1059 train_time:168533ms step_avg:204.28ms
step:836/5100 lr:0.001 train_loss:3.9781 train_time:168705ms step_avg:204.24ms
step:837/5100 lr:0.001 train_loss:3.9254 train_time:168877ms step_avg:204.20ms
step:838/5100 lr:0.001 train_loss:4.2923 train_time:169049ms step_avg:204.17ms
step:839/5100 lr:0.001 train_loss:4.0181 train_time:169221ms step_avg:204.13ms
step:840/5100 lr:0.001 train_loss:4.1235 train_time:169393ms step_avg:204.09ms
step:841/5100 lr:0.001 train_loss:4.0117 train_time:169565ms step_avg:204.05ms
step:842/5100 lr:0.001 train_loss:4.0701 train_time:169737ms step_avg:204.01ms
step:843/5100 lr:0.001 train_loss:4.2373 train_time:169909ms step_avg:203.97ms
step:844/5100 lr:0.001 train_loss:4.1369 train_time:170081ms step_avg:203.93ms
step:845/5100 lr:0.001 train_loss:3.9992 train_time:170253ms step_avg:203.90ms
step:846/5100 lr:0.001 train_loss:4.0596 train_time:170425ms step_avg:203.86ms
step:847/5100 lr:0.001 train_loss:4.1911 train_time:170597ms step_avg:203.82ms
step:848/5100 lr:0.001 train_loss:3.9928 train_time:170769ms step_avg:203.78ms
step:849/5100 lr:0.001 train_loss:3.9514 train_time:170942ms step_avg:203.74ms
step:850/5100 lr:0.001 train_loss:4.1459 train_time:171114ms step_avg:203.71ms
step:851/5100 lr:0.001 train_loss:4.0222 train_time:171286ms step_avg:203.67ms
step:852/5100 lr:0.001 train_loss:4.0762 train_time:171458ms step_avg:203.63ms
step:853/5100 lr:0.001 train_loss:4.1527 train_time:171630ms step_avg:203.59ms
step:854/5100 lr:0.001 train_loss:3.9430 train_time:171802ms step_avg:203.56ms
step:855/5100 lr:0.001 train_loss:4.0495 train_time:171975ms step_avg:203.52ms
step:856/5100 lr:0.001 train_loss:4.2977 train_time:172147ms step_avg:203.48ms
step:857/5100 lr:0.001 train_loss:4.0500 train_time:172319ms step_avg:203.45ms
step:858/5100 lr:0.001 train_loss:4.0257 train_time:172491ms step_avg:203.41ms
step:859/5100 lr:0.001 train_loss:4.1729 train_time:172663ms step_avg:203.37ms
step:860/5100 lr:0.001 train_loss:3.9339 train_time:172835ms step_avg:203.34ms
step:861/5100 lr:0.001 train_loss:4.1172 train_time:173008ms step_avg:203.30ms
step:862/5100 lr:0.001 train_loss:3.9851 train_time:173184ms step_avg:203.27ms
step:863/5100 lr:0.001 train_loss:4.1466 train_time:173356ms step_avg:203.23ms
step:864/5100 lr:0.001 train_loss:4.0526 train_time:173524ms step_avg:203.19ms
step:865/5100 lr:0.001 train_loss:4.0347 train_time:173697ms step_avg:203.15ms
step:866/5100 lr:0.001 train_loss:4.0335 train_time:173869ms step_avg:203.12ms
step:867/5100 lr:0.001 train_loss:4.1294 train_time:174045ms step_avg:203.09ms
step:868/5100 lr:0.001 train_loss:4.5261 train_time:174213ms step_avg:203.05ms
step:869/5100 lr:0.001 train_loss:3.8881 train_time:174385ms step_avg:203.01ms
step:870/5100 lr:0.001 train_loss:4.2046 train_time:174557ms step_avg:202.97ms
step:871/5100 lr:0.001 train_loss:4.0494 train_time:174729ms step_avg:202.94ms
step:872/5100 lr:0.001 train_loss:4.0043 train_time:174901ms step_avg:202.90ms
step:873/5100 lr:0.001 train_loss:3.8718 train_time:175074ms step_avg:202.87ms
step:874/5100 lr:0.001 train_loss:4.1796 train_time:175246ms step_avg:202.83ms
step:875/5100 lr:0.001 train_loss:3.9343 train_time:175419ms step_avg:202.80ms
step:875/5100 val_loss:4.1200 train_time:175432ms step_avg:202.81ms
step:876/5100 lr:0.001 train_loss:3.4665 train_time:179302ms step_avg:207.05ms
step:877/5100 lr:0.001 train_loss:4.1125 train_time:179474ms step_avg:207.01ms
step:878/5100 lr:0.001 train_loss:4.0936 train_time:180371ms step_avg:207.80ms
step:879/5100 lr:0.001 train_loss:4.0908 train_time:180543ms step_avg:207.76ms
step:880/5100 lr:0.001 train_loss:4.0700 train_time:180715ms step_avg:207.72ms
step:881/5100 lr:0.001 train_loss:4.0607 train_time:180890ms step_avg:207.68ms
step:882/5100 lr:0.001 train_loss:3.6151 train_time:181059ms step_avg:207.64ms
step:883/5100 lr:0.001 train_loss:4.1109 train_time:181235ms step_avg:207.60ms
step:884/5100 lr:0.001 train_loss:4.6741 train_time:181408ms step_avg:207.56ms
step:885/5100 lr:0.001 train_loss:4.4126 train_time:182278ms step_avg:208.32ms
step:886/5100 lr:0.001 train_loss:4.2077 train_time:182449ms step_avg:208.28ms
step:887/5100 lr:0.001 train_loss:4.1369 train_time:182621ms step_avg:208.23ms
step:888/5100 lr:0.001 train_loss:4.1572 train_time:182795ms step_avg:208.19ms
step:889/5100 lr:0.001 train_loss:4.9789 train_time:182966ms step_avg:208.15ms
step:890/5100 lr:0.001 train_loss:4.3587 train_time:183138ms step_avg:208.11ms
step:891/5100 lr:0.001 train_loss:3.9053 train_time:183310ms step_avg:208.07ms
step:892/5100 lr:0.001 train_loss:3.9579 train_time:183482ms step_avg:208.03ms
step:893/5100 lr:0.001 train_loss:3.9081 train_time:183654ms step_avg:207.99ms
step:894/5100 lr:0.001 train_loss:4.1772 train_time:183826ms step_avg:207.95ms
step:895/5100 lr:0.001 train_loss:3.8926 train_time:183998ms step_avg:207.91ms
step:896/5100 lr:0.001 train_loss:3.9198 train_time:184170ms step_avg:207.87ms
step:897/5100 lr:0.001 train_loss:4.0327 train_time:184343ms step_avg:207.83ms
step:898/5100 lr:0.001 train_loss:4.0562 train_time:184515ms step_avg:207.79ms
step:899/5100 lr:0.001 train_loss:4.0760 train_time:184686ms step_avg:207.75ms
step:900/5100 lr:0.001 train_loss:4.2009 train_time:184859ms step_avg:207.71ms
step:901/5100 lr:0.001 train_loss:3.9735 train_time:185031ms step_avg:207.67ms
step:902/5100 lr:0.001 train_loss:3.9340 train_time:185929ms step_avg:208.44ms
step:903/5100 lr:0.001 train_loss:4.0871 train_time:186101ms step_avg:208.40ms
step:904/5100 lr:0.001 train_loss:3.9939 train_time:186273ms step_avg:208.36ms
step:905/5100 lr:0.001 train_loss:4.0193 train_time:186445ms step_avg:208.32ms
step:906/5100 lr:0.001 train_loss:4.0910 train_time:186617ms step_avg:208.28ms
step:907/5100 lr:0.001 train_loss:4.0699 train_time:186789ms step_avg:208.24ms
step:908/5100 lr:0.001 train_loss:4.1128 train_time:186962ms step_avg:208.20ms
step:909/5100 lr:0.001 train_loss:3.9924 train_time:187134ms step_avg:208.16ms
step:910/5100 lr:0.001 train_loss:3.9794 train_time:187306ms step_avg:208.12ms
step:911/5100 lr:0.001 train_loss:4.0262 train_time:187478ms step_avg:208.08ms
step:912/5100 lr:0.001 train_loss:4.0548 train_time:187650ms step_avg:208.04ms
step:913/5100 lr:0.001 train_loss:4.1229 train_time:187823ms step_avg:208.00ms
step:914/5100 lr:0.001 train_loss:4.3241 train_time:187994ms step_avg:207.96ms
step:915/5100 lr:0.001 train_loss:3.8295 train_time:188166ms step_avg:207.92ms
step:916/5100 lr:0.001 train_loss:4.1788 train_time:188339ms step_avg:207.88ms
step:917/5100 lr:0.001 train_loss:4.2727 train_time:188511ms step_avg:207.84ms
step:918/5100 lr:0.001 train_loss:4.0615 train_time:188683ms step_avg:207.80ms
step:919/5100 lr:0.001 train_loss:4.1598 train_time:188855ms step_avg:207.76ms
step:920/5100 lr:0.001 train_loss:4.3863 train_time:189027ms step_avg:207.72ms
step:921/5100 lr:0.001 train_loss:4.0246 train_time:189199ms step_avg:207.68ms
step:922/5100 lr:0.001 train_loss:3.9921 train_time:189371ms step_avg:207.64ms
step:923/5100 lr:0.001 train_loss:4.0172 train_time:189543ms step_avg:207.61ms
step:924/5100 lr:0.001 train_loss:4.0887 train_time:189716ms step_avg:207.57ms
step:925/5100 lr:0.001 train_loss:4.1572 train_time:189888ms step_avg:207.53ms
step:926/5100 lr:0.001 train_loss:4.1912 train_time:190060ms step_avg:207.49ms
step:927/5100 lr:0.001 train_loss:4.1720 train_time:190232ms step_avg:207.45ms
step:928/5100 lr:0.001 train_loss:4.1217 train_time:190406ms step_avg:207.41ms
step:929/5100 lr:0.001 train_loss:4.1395 train_time:190579ms step_avg:207.38ms
step:930/5100 lr:0.001 train_loss:4.2994 train_time:190751ms step_avg:207.34ms
step:931/5100 lr:0.001 train_loss:3.9343 train_time:190924ms step_avg:207.30ms
step:932/5100 lr:0.001 train_loss:3.7979 train_time:191096ms step_avg:207.26ms
step:933/5100 lr:0.001 train_loss:4.0508 train_time:191268ms step_avg:207.22ms
step:934/5100 lr:0.001 train_loss:4.2065 train_time:191440ms step_avg:207.19ms
step:935/5100 lr:0.001 train_loss:3.9703 train_time:191612ms step_avg:207.15ms
step:936/5100 lr:0.001 train_loss:4.1417 train_time:191784ms step_avg:207.11ms
step:937/5100 lr:0.001 train_loss:3.8412 train_time:191958ms step_avg:207.07ms
step:938/5100 lr:0.001 train_loss:4.0310 train_time:192129ms step_avg:207.04ms
step:939/5100 lr:0.001 train_loss:4.0964 train_time:192301ms step_avg:207.00ms
step:940/5100 lr:0.001 train_loss:3.9284 train_time:192473ms step_avg:206.96ms
step:941/5100 lr:0.001 train_loss:4.3149 train_time:192646ms step_avg:206.92ms
step:942/5100 lr:0.001 train_loss:4.0105 train_time:192818ms step_avg:206.89ms
step:943/5100 lr:0.001 train_loss:4.0963 train_time:192990ms step_avg:206.85ms
step:944/5100 lr:0.001 train_loss:3.9027 train_time:193162ms step_avg:206.81ms
step:945/5100 lr:0.001 train_loss:4.1676 train_time:193334ms step_avg:206.77ms
step:946/5100 lr:0.001 train_loss:3.7923 train_time:193506ms step_avg:206.74ms
step:947/5100 lr:0.001 train_loss:3.9386 train_time:193678ms step_avg:206.70ms
step:948/5100 lr:0.001 train_loss:4.3811 train_time:193850ms step_avg:206.66ms
step:949/5100 lr:0.001 train_loss:4.3248 train_time:194023ms step_avg:206.63ms
step:950/5100 lr:0.001 train_loss:4.0230 train_time:194432ms step_avg:206.84ms
step:951/5100 lr:0.001 train_loss:4.0578 train_time:194605ms step_avg:206.81ms
step:952/5100 lr:0.001 train_loss:4.0114 train_time:194777ms step_avg:206.77ms
step:953/5100 lr:0.001 train_loss:4.2313 train_time:195155ms step_avg:206.95ms
step:954/5100 lr:0.001 train_loss:4.0948 train_time:195327ms step_avg:206.91ms
step:955/5100 lr:0.001 train_loss:3.7340 train_time:195499ms step_avg:206.88ms
step:956/5100 lr:0.001 train_loss:3.8576 train_time:195671ms step_avg:206.84ms
step:957/5100 lr:0.001 train_loss:3.9672 train_time:195844ms step_avg:206.80ms
step:958/5100 lr:0.001 train_loss:3.9878 train_time:196016ms step_avg:206.77ms
step:959/5100 lr:0.001 train_loss:3.8502 train_time:196188ms step_avg:206.73ms
step:960/5100 lr:0.001 train_loss:4.0781 train_time:196360ms step_avg:206.69ms
step:961/5100 lr:0.001 train_loss:4.2011 train_time:196532ms step_avg:206.66ms
step:962/5100 lr:0.001 train_loss:3.9580 train_time:197411ms step_avg:207.36ms
step:963/5100 lr:0.001 train_loss:3.9645 train_time:197583ms step_avg:207.33ms
step:964/5100 lr:0.001 train_loss:3.9053 train_time:197755ms step_avg:207.29ms
step:965/5100 lr:0.001 train_loss:4.0207 train_time:197927ms step_avg:207.25ms
step:966/5100 lr:0.001 train_loss:4.2058 train_time:198099ms step_avg:207.22ms
step:967/5100 lr:0.001 train_loss:4.1158 train_time:198271ms step_avg:207.18ms
step:968/5100 lr:0.001 train_loss:4.1682 train_time:198444ms step_avg:207.14ms
step:969/5100 lr:0.001 train_loss:4.0066 train_time:198616ms step_avg:207.11ms
step:970/5100 lr:0.001 train_loss:3.9566 train_time:198788ms step_avg:207.07ms
step:971/5100 lr:0.001 train_loss:3.9417 train_time:198960ms step_avg:207.03ms
step:972/5100 lr:0.001 train_loss:3.9305 train_time:199132ms step_avg:207.00ms
step:973/5100 lr:0.001 train_loss:3.8150 train_time:199304ms step_avg:206.96ms
step:974/5100 lr:0.001 train_loss:3.9605 train_time:199476ms step_avg:206.93ms
step:975/5100 lr:0.001 train_loss:3.8373 train_time:199648ms step_avg:206.89ms
step:976/5100 lr:0.001 train_loss:4.1066 train_time:199834ms step_avg:206.87ms
step:977/5100 lr:0.001 train_loss:4.3124 train_time:200001ms step_avg:206.83ms
step:978/5100 lr:0.001 train_loss:4.1333 train_time:200173ms step_avg:206.79ms
step:979/5100 lr:0.001 train_loss:3.9967 train_time:200345ms step_avg:206.75ms
step:980/5100 lr:0.001 train_loss:4.0103 train_time:200517ms step_avg:206.72ms
step:981/5100 lr:0.001 train_loss:3.9255 train_time:200689ms step_avg:206.68ms
step:982/5100 lr:0.001 train_loss:3.8773 train_time:200862ms step_avg:206.65ms
step:983/5100 lr:0.001 train_loss:3.9696 train_time:201034ms step_avg:206.61ms
step:984/5100 lr:0.001 train_loss:4.0839 train_time:201206ms step_avg:206.58ms
step:985/5100 lr:0.001 train_loss:4.1015 train_time:201379ms step_avg:206.54ms
step:986/5100 lr:0.001 train_loss:3.9754 train_time:201551ms step_avg:206.51ms
step:987/5100 lr:0.001 train_loss:3.9747 train_time:201726ms step_avg:206.48ms
step:988/5100 lr:0.001 train_loss:4.0521 train_time:201906ms step_avg:206.45ms
step:989/5100 lr:0.001 train_loss:4.0759 train_time:202072ms step_avg:206.41ms
step:990/5100 lr:0.001 train_loss:4.0107 train_time:202246ms step_avg:206.37ms
step:991/5100 lr:0.001 train_loss:3.9929 train_time:202418ms step_avg:206.34ms
step:992/5100 lr:0.001 train_loss:3.9313 train_time:203314ms step_avg:207.04ms
step:993/5100 lr:0.001 train_loss:3.8583 train_time:203486ms step_avg:207.01ms
step:994/5100 lr:0.001 train_loss:4.0324 train_time:203658ms step_avg:206.97ms
step:995/5100 lr:0.001 train_loss:3.9137 train_time:203830ms step_avg:206.93ms
step:996/5100 lr:0.001 train_loss:3.9421 train_time:204002ms step_avg:206.90ms
step:997/5100 lr:0.001 train_loss:4.0360 train_time:204174ms step_avg:206.86ms
step:998/5100 lr:0.001 train_loss:4.0179 train_time:204346ms step_avg:206.83ms
step:999/5100 lr:0.001 train_loss:4.2238 train_time:204518ms step_avg:206.79ms
step:1000/5100 lr:0.001 train_loss:3.9656 train_time:204690ms step_avg:206.76ms
step:1000/5100 val_loss:4.0563 train_time:204729ms step_avg:206.80ms
step:1001/5100 lr:0.001 train_loss:4.1674 train_time:208727ms step_avg:210.62ms
step:1002/5100 lr:0.001 train_loss:4.0609 train_time:208899ms step_avg:210.58ms
step:1003/5100 lr:0.001 train_loss:4.0473 train_time:209071ms step_avg:210.54ms
step:1004/5100 lr:0.001 train_loss:4.0600 train_time:209243ms step_avg:210.51ms
step:1005/5100 lr:0.001 train_loss:4.1186 train_time:209415ms step_avg:210.47ms
step:1006/5100 lr:0.001 train_loss:4.0384 train_time:209587ms step_avg:210.43ms
step:1007/5100 lr:0.001 train_loss:4.0376 train_time:209759ms step_avg:210.39ms
step:1008/5100 lr:0.001 train_loss:3.9826 train_time:209931ms step_avg:210.35ms
step:1009/5100 lr:0.001 train_loss:3.9624 train_time:210103ms step_avg:210.31ms
step:1010/5100 lr:0.001 train_loss:4.0015 train_time:210275ms step_avg:210.28ms
step:1011/5100 lr:0.001 train_loss:4.4322 train_time:210447ms step_avg:210.24ms
step:1012/5100 lr:0.001 train_loss:4.2821 train_time:210620ms step_avg:210.20ms
step:1013/5100 lr:0.001 train_loss:3.8710 train_time:210791ms step_avg:210.16ms
step:1014/5100 lr:0.001 train_loss:3.8576 train_time:210963ms step_avg:210.12ms
step:1015/5100 lr:0.001 train_loss:3.8859 train_time:211136ms step_avg:210.09ms
step:1016/5100 lr:0.001 train_loss:3.8303 train_time:211308ms step_avg:210.05ms
step:1017/5100 lr:0.001 train_loss:4.2230 train_time:211480ms step_avg:210.01ms
step:1018/5100 lr:0.001 train_loss:3.9862 train_time:211652ms step_avg:209.97ms
step:1019/5100 lr:0.001 train_loss:4.0549 train_time:211824ms step_avg:209.93ms
step:1020/5100 lr:0.001 train_loss:3.9553 train_time:211996ms step_avg:209.90ms
step:1021/5100 lr:0.001 train_loss:4.0104 train_time:212168ms step_avg:209.86ms
step:1022/5100 lr:0.001 train_loss:3.9720 train_time:212340ms step_avg:209.82ms
step:1023/5100 lr:0.001 train_loss:4.3635 train_time:212513ms step_avg:209.79ms
step:1024/5100 lr:0.001 train_loss:4.2072 train_time:212685ms step_avg:209.75ms
step:1025/5100 lr:0.001 train_loss:3.8807 train_time:212857ms step_avg:209.71ms
step:1026/5100 lr:0.001 train_loss:4.1814 train_time:213029ms step_avg:209.67ms
step:1027/5100 lr:0.001 train_loss:3.9795 train_time:213201ms step_avg:209.64ms
step:1028/5100 lr:0.001 train_loss:3.9233 train_time:213373ms step_avg:209.60ms
step:1029/5100 lr:0.001 train_loss:3.8818 train_time:213545ms step_avg:209.56ms
step:1030/5100 lr:0.001 train_loss:3.8375 train_time:213717ms step_avg:209.53ms
step:1031/5100 lr:0.001 train_loss:4.1963 train_time:213889ms step_avg:209.49ms
step:1032/5100 lr:0.001 train_loss:4.4226 train_time:214061ms step_avg:209.45ms
step:1033/5100 lr:0.001 train_loss:3.9344 train_time:214233ms step_avg:209.42ms
step:1034/5100 lr:0.001 train_loss:3.8626 train_time:214405ms step_avg:209.38ms
step:1035/5100 lr:0.001 train_loss:3.9846 train_time:214577ms step_avg:209.34ms
step:1036/5100 lr:0.001 train_loss:4.1745 train_time:214749ms step_avg:209.31ms
step:1037/5100 lr:0.001 train_loss:3.8009 train_time:214922ms step_avg:209.27ms
step:1038/5100 lr:0.001 train_loss:3.8230 train_time:215094ms step_avg:209.23ms
step:1039/5100 lr:0.001 train_loss:4.0998 train_time:215266ms step_avg:209.20ms
step:1040/5100 lr:0.001 train_loss:3.7608 train_time:215438ms step_avg:209.16ms
step:1041/5100 lr:0.001 train_loss:3.9065 train_time:215610ms step_avg:209.13ms
step:1042/5100 lr:0.001 train_loss:4.0151 train_time:215782ms step_avg:209.09ms
step:1043/5100 lr:0.001 train_loss:3.7776 train_time:215954ms step_avg:209.05ms
step:1044/5100 lr:0.001 train_loss:3.8771 train_time:216126ms step_avg:209.02ms
step:1045/5100 lr:0.001 train_loss:4.0364 train_time:216298ms step_avg:208.98ms
step:1046/5100 lr:0.001 train_loss:4.1928 train_time:216470ms step_avg:208.95ms
step:1047/5100 lr:0.001 train_loss:3.7581 train_time:216642ms step_avg:208.91ms
step:1048/5100 lr:0.001 train_loss:4.3467 train_time:216814ms step_avg:208.88ms
step:1049/5100 lr:0.001 train_loss:3.8665 train_time:216986ms step_avg:208.84ms
step:1050/5100 lr:0.001 train_loss:3.9236 train_time:217159ms step_avg:208.81ms
step:1051/5100 lr:0.001 train_loss:3.9113 train_time:217333ms step_avg:208.77ms
step:1052/5100 lr:0.001 train_loss:3.9086 train_time:217503ms step_avg:208.74ms
step:1053/5100 lr:0.001 train_loss:3.8817 train_time:217675ms step_avg:208.70ms
step:1054/5100 lr:0.001 train_loss:4.0332 train_time:217848ms step_avg:208.67ms
step:1055/5100 lr:0.001 train_loss:4.0285 train_time:218020ms step_avg:208.63ms
step:1056/5100 lr:0.001 train_loss:3.9899 train_time:218192ms step_avg:208.60ms
step:1057/5100 lr:0.001 train_loss:4.0106 train_time:218364ms step_avg:208.56ms
step:1058/5100 lr:0.001 train_loss:3.8647 train_time:218536ms step_avg:208.53ms
step:1059/5100 lr:0.001 train_loss:4.0450 train_time:218708ms step_avg:208.49ms
step:1060/5100 lr:0.001 train_loss:3.9969 train_time:218887ms step_avg:208.46ms
step:1061/5100 lr:0.001 train_loss:4.0607 train_time:219055ms step_avg:208.43ms
step:1062/5100 lr:0.001 train_loss:4.2797 train_time:219227ms step_avg:208.39ms
step:1063/5100 lr:0.001 train_loss:3.9428 train_time:219399ms step_avg:208.36ms
step:1064/5100 lr:0.001 train_loss:3.8015 train_time:219571ms step_avg:208.32ms
step:1065/5100 lr:0.001 train_loss:3.8821 train_time:219744ms step_avg:208.29ms
step:1066/5100 lr:0.001 train_loss:4.1398 train_time:219917ms step_avg:208.25ms
step:1067/5100 lr:0.001 train_loss:3.8860 train_time:220089ms step_avg:208.22ms
step:1068/5100 lr:0.001 train_loss:4.0423 train_time:220261ms step_avg:208.19ms
step:1069/5100 lr:0.001 train_loss:3.9285 train_time:220433ms step_avg:208.15ms
step:1070/5100 lr:0.001 train_loss:3.9262 train_time:220605ms step_avg:208.12ms
step:1071/5100 lr:0.001 train_loss:4.2114 train_time:220777ms step_avg:208.08ms
step:1072/5100 lr:0.001 train_loss:3.9908 train_time:220949ms step_avg:208.05ms
step:1073/5100 lr:0.001 train_loss:3.7822 train_time:221121ms step_avg:208.02ms
step:1074/5100 lr:0.001 train_loss:3.9909 train_time:221295ms step_avg:207.98ms
step:1075/5100 lr:0.001 train_loss:4.0010 train_time:221465ms step_avg:207.95ms
step:1076/5100 lr:0.001 train_loss:4.0275 train_time:221637ms step_avg:207.91ms
step:1077/5100 lr:0.001 train_loss:4.0250 train_time:221809ms step_avg:207.88ms
step:1078/5100 lr:0.001 train_loss:4.1006 train_time:221981ms step_avg:207.85ms
step:1079/5100 lr:0.001 train_loss:3.8980 train_time:222153ms step_avg:207.81ms
step:1080/5100 lr:0.001 train_loss:4.0170 train_time:222326ms step_avg:207.78ms
step:1081/5100 lr:0.001 train_loss:4.0548 train_time:222498ms step_avg:207.75ms
step:1082/5100 lr:0.001 train_loss:4.1008 train_time:222670ms step_avg:207.71ms
step:1083/5100 lr:0.001 train_loss:3.8956 train_time:222842ms step_avg:207.68ms
step:1084/5100 lr:0.001 train_loss:3.9172 train_time:223014ms step_avg:207.65ms
step:1085/5100 lr:0.001 train_loss:3.6770 train_time:223191ms step_avg:207.62ms
step:1086/5100 lr:0.001 train_loss:3.9857 train_time:223360ms step_avg:207.58ms
step:1087/5100 lr:0.001 train_loss:4.1178 train_time:223532ms step_avg:207.55ms
step:1088/5100 lr:0.001 train_loss:3.9146 train_time:223704ms step_avg:207.52ms
step:1089/5100 lr:0.001 train_loss:3.8817 train_time:223876ms step_avg:207.48ms
step:1090/5100 lr:0.001 train_loss:3.9666 train_time:224048ms step_avg:207.45ms
step:1091/5100 lr:0.001 train_loss:4.0586 train_time:224220ms step_avg:207.42ms
step:1092/5100 lr:0.001 train_loss:3.8557 train_time:224392ms step_avg:207.39ms
step:1093/5100 lr:0.001 train_loss:4.0150 train_time:224564ms step_avg:207.35ms
step:1094/5100 lr:0.001 train_loss:3.7971 train_time:224736ms step_avg:207.32ms
step:1095/5100 lr:0.001 train_loss:3.8577 train_time:224908ms step_avg:207.29ms
step:1096/5100 lr:0.001 train_loss:4.0590 train_time:225080ms step_avg:207.26ms
step:1097/5100 lr:0.001 train_loss:3.9744 train_time:225252ms step_avg:207.22ms
step:1098/5100 lr:0.001 train_loss:4.1666 train_time:225424ms step_avg:207.19ms
step:1099/5100 lr:0.001 train_loss:4.0064 train_time:225596ms step_avg:207.16ms
step:1100/5100 lr:0.001 train_loss:4.0719 train_time:225769ms step_avg:207.13ms
step:1101/5100 lr:0.001 train_loss:4.0712 train_time:225941ms step_avg:207.10ms
step:1102/5100 lr:0.001 train_loss:3.9486 train_time:226113ms step_avg:207.06ms
step:1103/5100 lr:0.001 train_loss:4.0925 train_time:226286ms step_avg:207.03ms
step:1104/5100 lr:0.001 train_loss:3.9981 train_time:226458ms step_avg:207.00ms
step:1105/5100 lr:0.001 train_loss:3.8808 train_time:226630ms step_avg:206.97ms
step:1106/5100 lr:0.001 train_loss:4.0473 train_time:226802ms step_avg:206.94ms
step:1107/5100 lr:0.001 train_loss:4.0554 train_time:226974ms step_avg:206.90ms
step:1108/5100 lr:0.001 train_loss:3.8763 train_time:227146ms step_avg:206.87ms
step:1109/5100 lr:0.001 train_loss:4.2002 train_time:227318ms step_avg:206.84ms
step:1110/5100 lr:0.001 train_loss:3.7788 train_time:227491ms step_avg:206.81ms
step:1111/5100 lr:0.001 train_loss:3.9904 train_time:227663ms step_avg:206.78ms
step:1112/5100 lr:0.001 train_loss:4.1585 train_time:227835ms step_avg:206.75ms
step:1113/5100 lr:0.001 train_loss:3.9153 train_time:228008ms step_avg:206.72ms
step:1114/5100 lr:0.001 train_loss:4.2399 train_time:228180ms step_avg:206.68ms
step:1115/5100 lr:0.001 train_loss:3.8215 train_time:228352ms step_avg:206.65ms
step:1116/5100 lr:0.001 train_loss:4.0091 train_time:228524ms step_avg:206.62ms
step:1117/5100 lr:0.001 train_loss:4.1401 train_time:228696ms step_avg:206.59ms
step:1118/5100 lr:0.001 train_loss:3.7018 train_time:228868ms step_avg:206.56ms
step:1119/5100 lr:0.001 train_loss:4.3113 train_time:229040ms step_avg:206.53ms
step:1120/5100 lr:0.001 train_loss:3.8398 train_time:229212ms step_avg:206.50ms
step:1121/5100 lr:0.001 train_loss:3.7901 train_time:229384ms step_avg:206.47ms
step:1122/5100 lr:0.001 train_loss:3.9157 train_time:229556ms step_avg:206.44ms
step:1123/5100 lr:0.001 train_loss:3.9589 train_time:229728ms step_avg:206.40ms
step:1124/5100 lr:0.001 train_loss:3.9811 train_time:229900ms step_avg:206.37ms
step:1125/5100 lr:0.001 train_loss:3.9933 train_time:230072ms step_avg:206.34ms
step:1125/5100 val_loss:4.0117 train_time:230086ms step_avg:206.36ms
step:1126/5100 lr:0.001 train_loss:4.1142 train_time:234113ms step_avg:209.78ms
step:1127/5100 lr:0.001 train_loss:3.8209 train_time:234285ms step_avg:209.74ms
step:1128/5100 lr:0.001 train_loss:4.1691 train_time:234457ms step_avg:209.71ms
step:1129/5100 lr:0.001 train_loss:3.6972 train_time:234629ms step_avg:209.68ms
step:1130/5100 lr:0.001 train_loss:3.8394 train_time:234801ms step_avg:209.64ms
step:1131/5100 lr:0.001 train_loss:3.9418 train_time:234973ms step_avg:209.61ms
step:1132/5100 lr:0.001 train_loss:3.9845 train_time:235145ms step_avg:209.58ms
step:1133/5100 lr:0.001 train_loss:4.1895 train_time:235318ms step_avg:209.54ms
step:1134/5100 lr:0.001 train_loss:4.1404 train_time:235490ms step_avg:209.51ms
step:1135/5100 lr:0.001 train_loss:3.8934 train_time:235662ms step_avg:209.48ms
step:1136/5100 lr:0.001 train_loss:3.7907 train_time:235834ms step_avg:209.44ms
step:1137/5100 lr:0.001 train_loss:4.1541 train_time:236006ms step_avg:209.41ms
step:1138/5100 lr:0.001 train_loss:4.0669 train_time:236179ms step_avg:209.38ms
step:1139/5100 lr:0.001 train_loss:3.9346 train_time:236351ms step_avg:209.35ms
step:1140/5100 lr:0.001 train_loss:4.0635 train_time:236728ms step_avg:209.49ms
step:1141/5100 lr:0.001 train_loss:4.0949 train_time:236900ms step_avg:209.46ms
step:1142/5100 lr:0.001 train_loss:3.9544 train_time:237072ms step_avg:209.43ms
step:1143/5100 lr:0.001 train_loss:3.9114 train_time:237450ms step_avg:209.58ms
step:1144/5100 lr:0.001 train_loss:4.1441 train_time:237623ms step_avg:209.54ms
step:1145/5100 lr:0.001 train_loss:3.9952 train_time:237795ms step_avg:209.51ms
step:1146/5100 lr:0.001 train_loss:4.0146 train_time:237967ms step_avg:209.48ms
step:1147/5100 lr:0.001 train_loss:3.9153 train_time:238141ms step_avg:209.45ms
step:1148/5100 lr:0.001 train_loss:3.9933 train_time:238319ms step_avg:209.42ms
step:1149/5100 lr:0.001 train_loss:4.2087 train_time:238487ms step_avg:209.38ms
step:1150/5100 lr:0.001 train_loss:3.9982 train_time:238662ms step_avg:209.35ms
step:1151/5100 lr:0.001 train_loss:4.0278 train_time:238834ms step_avg:209.32ms
step:1152/5100 lr:0.001 train_loss:3.8590 train_time:239006ms step_avg:209.29ms
step:1153/5100 lr:0.001 train_loss:3.7714 train_time:239178ms step_avg:209.25ms
step:1154/5100 lr:0.001 train_loss:3.9099 train_time:239350ms step_avg:209.22ms
step:1155/5100 lr:0.001 train_loss:4.3534 train_time:239522ms step_avg:209.19ms
step:1156/5100 lr:0.001 train_loss:4.1200 train_time:239694ms step_avg:209.16ms
step:1157/5100 lr:0.001 train_loss:4.0478 train_time:239866ms step_avg:209.12ms
step:1158/5100 lr:0.001 train_loss:3.9713 train_time:240038ms step_avg:209.09ms
step:1159/5100 lr:0.001 train_loss:4.1666 train_time:240210ms step_avg:209.06ms
step:1160/5100 lr:0.001 train_loss:4.0927 train_time:240382ms step_avg:209.03ms
step:1161/5100 lr:0.001 train_loss:3.8165 train_time:240556ms step_avg:209.00ms
step:1162/5100 lr:0.001 train_loss:3.8626 train_time:240728ms step_avg:208.97ms
step:1163/5100 lr:0.001 train_loss:3.8193 train_time:240900ms step_avg:208.93ms
step:1164/5100 lr:0.001 train_loss:3.7412 train_time:241072ms step_avg:208.90ms
step:1165/5100 lr:0.001 train_loss:3.9099 train_time:241244ms step_avg:208.87ms
step:1166/5100 lr:0.001 train_loss:3.9616 train_time:241417ms step_avg:208.84ms
step:1167/5100 lr:0.001 train_loss:3.9202 train_time:241589ms step_avg:208.81ms
step:1168/5100 lr:0.001 train_loss:3.8403 train_time:241761ms step_avg:208.77ms
step:1169/5100 lr:0.001 train_loss:3.9280 train_time:241933ms step_avg:208.74ms
step:1170/5100 lr:0.001 train_loss:3.8557 train_time:242105ms step_avg:208.71ms
step:1171/5100 lr:0.001 train_loss:4.0513 train_time:242277ms step_avg:208.68ms
step:1172/5100 lr:0.001 train_loss:3.8294 train_time:242449ms step_avg:208.65ms
step:1173/5100 lr:0.001 train_loss:3.9190 train_time:242621ms step_avg:208.62ms
step:1174/5100 lr:0.001 train_loss:3.8818 train_time:242793ms step_avg:208.59ms
step:1175/5100 lr:0.001 train_loss:3.9140 train_time:242966ms step_avg:208.55ms
step:1176/5100 lr:0.001 train_loss:4.1476 train_time:243138ms step_avg:208.52ms
step:1177/5100 lr:0.001 train_loss:3.6902 train_time:243310ms step_avg:208.49ms
step:1178/5100 lr:0.001 train_loss:3.9687 train_time:243482ms step_avg:208.46ms
step:1179/5100 lr:0.001 train_loss:4.0176 train_time:243654ms step_avg:208.43ms
step:1180/5100 lr:0.001 train_loss:3.8063 train_time:243826ms step_avg:208.40ms
step:1181/5100 lr:0.001 train_loss:4.0128 train_time:243998ms step_avg:208.37ms
step:1182/5100 lr:0.001 train_loss:3.9598 train_time:244170ms step_avg:208.34ms
step:1183/5100 lr:0.001 train_loss:4.0129 train_time:244343ms step_avg:208.31ms
step:1184/5100 lr:0.001 train_loss:3.6125 train_time:244515ms step_avg:208.27ms
step:1185/5100 lr:0.001 train_loss:3.9886 train_time:244687ms step_avg:208.24ms
step:1186/5100 lr:0.001 train_loss:3.8407 train_time:244859ms step_avg:208.21ms
step:1187/5100 lr:0.001 train_loss:4.2706 train_time:245032ms step_avg:208.18ms
step:1188/5100 lr:0.001 train_loss:4.1715 train_time:245210ms step_avg:208.16ms
step:1189/5100 lr:0.001 train_loss:3.8679 train_time:245375ms step_avg:208.12ms
step:1190/5100 lr:0.001 train_loss:3.8429 train_time:245548ms step_avg:208.09ms
step:1191/5100 lr:0.001 train_loss:4.0062 train_time:245721ms step_avg:208.06ms
step:1192/5100 lr:0.001 train_loss:3.7777 train_time:245893ms step_avg:208.03ms
step:1193/5100 lr:0.001 train_loss:4.0595 train_time:246065ms step_avg:208.00ms
step:1194/5100 lr:0.001 train_loss:4.2792 train_time:246237ms step_avg:207.97ms
step:1195/5100 lr:0.001 train_loss:3.9164 train_time:246409ms step_avg:207.94ms
step:1196/5100 lr:0.001 train_loss:3.8717 train_time:246581ms step_avg:207.91ms
step:1197/5100 lr:0.001 train_loss:4.1467 train_time:246753ms step_avg:207.88ms
step:1198/5100 lr:0.001 train_loss:3.8960 train_time:246925ms step_avg:207.85ms
step:1199/5100 lr:0.001 train_loss:3.7897 train_time:247097ms step_avg:207.82ms
step:1200/5100 lr:0.001 train_loss:3.7877 train_time:247270ms step_avg:207.79ms
step:1201/5100 lr:0.001 train_loss:3.8064 train_time:247679ms step_avg:207.96ms
step:1202/5100 lr:0.001 train_loss:3.9247 train_time:248076ms step_avg:208.12ms
step:1203/5100 lr:0.001 train_loss:3.9640 train_time:248472ms step_avg:208.27ms
step:1204/5100 lr:0.001 train_loss:4.1182 train_time:248868ms step_avg:208.43ms
step:1205/5100 lr:0.001 train_loss:3.9642 train_time:249265ms step_avg:208.59ms
step:1206/5100 lr:0.001 train_loss:3.9534 train_time:249662ms step_avg:208.75ms
step:1207/5100 lr:0.001 train_loss:3.8377 train_time:250058ms step_avg:208.90ms
step:1208/5100 lr:0.001 train_loss:3.8633 train_time:250455ms step_avg:209.06ms
step:1209/5100 lr:0.001 train_loss:3.9771 train_time:250851ms step_avg:209.22ms
step:1210/5100 lr:0.001 train_loss:4.0343 train_time:251247ms step_avg:209.37ms
step:1211/5100 lr:0.001 train_loss:3.8015 train_time:251644ms step_avg:209.53ms
step:1212/5100 lr:0.001 train_loss:3.6674 train_time:252040ms step_avg:209.68ms
step:1213/5100 lr:0.001 train_loss:3.6233 train_time:252436ms step_avg:209.84ms
step:1214/5100 lr:0.001 train_loss:3.9324 train_time:252832ms step_avg:209.99ms
step:1215/5100 lr:0.001 train_loss:3.9800 train_time:253228ms step_avg:210.15ms
step:1216/5100 lr:0.001 train_loss:3.8391 train_time:253624ms step_avg:210.30ms
step:1217/5100 lr:0.001 train_loss:3.7359 train_time:254019ms step_avg:210.46ms
step:1218/5100 lr:0.001 train_loss:4.0506 train_time:254415ms step_avg:210.61ms
step:1219/5100 lr:0.001 train_loss:3.7635 train_time:254811ms step_avg:210.76ms
step:1220/5100 lr:0.001 train_loss:3.8523 train_time:255207ms step_avg:210.91ms
step:1221/5100 lr:0.001 train_loss:3.8871 train_time:255603ms step_avg:211.07ms
step:1222/5100 lr:0.001 train_loss:3.8993 train_time:255999ms step_avg:211.22ms
step:1223/5100 lr:0.001 train_loss:3.8307 train_time:256395ms step_avg:211.37ms
step:1224/5100 lr:0.001 train_loss:4.0625 train_time:256791ms step_avg:211.52ms
step:1225/5100 lr:0.001 train_loss:3.8518 train_time:257187ms step_avg:211.68ms
step:1226/5100 lr:0.001 train_loss:3.7005 train_time:257584ms step_avg:211.83ms
step:1227/5100 lr:0.001 train_loss:3.6284 train_time:257979ms step_avg:211.98ms
step:1228/5100 lr:0.001 train_loss:3.7590 train_time:258375ms step_avg:212.13ms
step:1229/5100 lr:0.001 train_loss:3.7309 train_time:258771ms step_avg:212.28ms
step:1230/5100 lr:0.001 train_loss:3.7710 train_time:259167ms step_avg:212.43ms
step:1231/5100 lr:0.001 train_loss:3.8546 train_time:259564ms step_avg:212.58ms
step:1232/5100 lr:0.001 train_loss:3.7844 train_time:259959ms step_avg:212.73ms
step:1233/5100 lr:0.001 train_loss:4.0340 train_time:260355ms step_avg:212.88ms
step:1234/5100 lr:0.001 train_loss:4.1000 train_time:260751ms step_avg:213.03ms
step:1235/5100 lr:0.001 train_loss:4.0193 train_time:261147ms step_avg:213.18ms
step:1236/5100 lr:0.001 train_loss:3.9014 train_time:261543ms step_avg:213.33ms
step:1237/5100 lr:0.001 train_loss:4.0780 train_time:261939ms step_avg:213.48ms
step:1238/5100 lr:0.001 train_loss:3.8018 train_time:262335ms step_avg:213.63ms
step:1239/5100 lr:0.001 train_loss:3.7351 train_time:262731ms step_avg:213.78ms
step:1240/5100 lr:0.001 train_loss:3.6544 train_time:263127ms step_avg:213.92ms
step:1241/5100 lr:0.001 train_loss:3.6945 train_time:263523ms step_avg:214.07ms
step:1242/5100 lr:0.001 train_loss:3.7370 train_time:263919ms step_avg:214.22ms
step:1243/5100 lr:0.001 train_loss:3.6693 train_time:264314ms step_avg:214.37ms
step:1244/5100 lr:0.001 train_loss:3.8819 train_time:264710ms step_avg:214.51ms
step:1245/5100 lr:0.001 train_loss:3.7565 train_time:265106ms step_avg:214.66ms
step:1246/5100 lr:0.001 train_loss:3.8293 train_time:265502ms step_avg:214.81ms
step:1247/5100 lr:0.001 train_loss:3.9103 train_time:265898ms step_avg:214.95ms
step:1248/5100 lr:0.001 train_loss:3.6480 train_time:266294ms step_avg:215.10ms
step:1249/5100 lr:0.001 train_loss:3.7340 train_time:266690ms step_avg:215.25ms
step:1250/5100 lr:0.001 train_loss:3.8746 train_time:267086ms step_avg:215.39ms
step:1250/5100 val_loss:3.7942 train_time:267100ms step_avg:215.40ms
step:1251/5100 lr:0.001 train_loss:4.0168 train_time:271329ms step_avg:218.64ms
step:1252/5100 lr:0.001 train_loss:3.8470 train_time:271725ms step_avg:218.78ms
step:1253/5100 lr:0.001 train_loss:3.7509 train_time:272122ms step_avg:218.92ms
step:1254/5100 lr:0.001 train_loss:3.8117 train_time:272519ms step_avg:219.07ms
step:1255/5100 lr:0.001 train_loss:3.8198 train_time:272919ms step_avg:219.21ms
step:1256/5100 lr:0.001 train_loss:3.7881 train_time:273312ms step_avg:219.35ms
step:1257/5100 lr:0.001 train_loss:3.9738 train_time:273708ms step_avg:219.49ms
step:1258/5100 lr:0.001 train_loss:3.8722 train_time:274105ms step_avg:219.64ms
step:1259/5100 lr:0.001 train_loss:3.8973 train_time:274501ms step_avg:219.78ms
step:1260/5100 lr:0.001 train_loss:3.8624 train_time:274898ms step_avg:219.92ms
step:1261/5100 lr:0.001 train_loss:3.7857 train_time:275295ms step_avg:220.06ms
step:1262/5100 lr:0.001 train_loss:3.7736 train_time:275691ms step_avg:220.20ms
step:1263/5100 lr:0.001 train_loss:3.6363 train_time:276087ms step_avg:220.34ms
step:1264/5100 lr:0.001 train_loss:3.5364 train_time:276484ms step_avg:220.48ms
step:1265/5100 lr:0.001 train_loss:3.9074 train_time:276880ms step_avg:220.62ms
step:1266/5100 lr:0.001 train_loss:3.5828 train_time:277277ms step_avg:220.76ms
step:1267/5100 lr:0.001 train_loss:3.9558 train_time:277673ms step_avg:220.90ms
step:1268/5100 lr:0.001 train_loss:3.8313 train_time:278070ms step_avg:221.04ms
step:1269/5100 lr:0.001 train_loss:3.8341 train_time:278467ms step_avg:221.18ms
step:1270/5100 lr:0.001 train_loss:3.9182 train_time:278863ms step_avg:221.32ms
step:1271/5100 lr:0.001 train_loss:3.7196 train_time:279260ms step_avg:221.46ms
step:1272/5100 lr:0.001 train_loss:3.7571 train_time:279656ms step_avg:221.60ms
step:1273/5100 lr:0.001 train_loss:3.6693 train_time:280053ms step_avg:221.74ms
step:1274/5100 lr:0.001 train_loss:3.6776 train_time:280449ms step_avg:221.87ms
step:1275/5100 lr:0.001 train_loss:3.7080 train_time:280845ms step_avg:222.01ms
step:1276/5100 lr:0.001 train_loss:3.7657 train_time:281243ms step_avg:222.15ms
step:1277/5100 lr:0.001 train_loss:3.7264 train_time:281639ms step_avg:222.29ms
step:1278/5100 lr:0.001 train_loss:3.9033 train_time:282035ms step_avg:222.43ms
step:1279/5100 lr:0.001 train_loss:3.8815 train_time:282431ms step_avg:222.56ms
step:1280/5100 lr:0.001 train_loss:3.8644 train_time:282828ms step_avg:222.70ms
step:1281/5100 lr:0.001 train_loss:3.7477 train_time:283225ms step_avg:222.84ms
step:1282/5100 lr:0.001 train_loss:3.5712 train_time:283621ms step_avg:222.97ms
step:1283/5100 lr:0.001 train_loss:3.6596 train_time:284018ms step_avg:223.11ms
step:1284/5100 lr:0.001 train_loss:3.8738 train_time:284415ms step_avg:223.25ms
step:1285/5100 lr:0.001 train_loss:3.7952 train_time:284812ms step_avg:223.38ms
step:1286/5100 lr:0.001 train_loss:3.8703 train_time:285208ms step_avg:223.52ms
step:1287/5100 lr:0.001 train_loss:3.8287 train_time:285605ms step_avg:223.65ms
step:1288/5100 lr:0.001 train_loss:3.7794 train_time:286001ms step_avg:223.79ms
step:1289/5100 lr:0.001 train_loss:3.6398 train_time:286398ms step_avg:223.92ms
step:1290/5100 lr:0.001 train_loss:3.7054 train_time:286795ms step_avg:224.06ms
step:1291/5100 lr:0.001 train_loss:3.6924 train_time:287191ms step_avg:224.19ms
step:1292/5100 lr:0.001 train_loss:3.6441 train_time:287587ms step_avg:224.33ms
step:1293/5100 lr:0.001 train_loss:3.7950 train_time:287984ms step_avg:224.46ms
step:1294/5100 lr:0.001 train_loss:3.8273 train_time:288380ms step_avg:224.60ms
step:1295/5100 lr:0.001 train_loss:3.8384 train_time:288777ms step_avg:224.73ms
step:1296/5100 lr:0.001 train_loss:3.8656 train_time:289174ms step_avg:224.86ms
step:1297/5100 lr:0.001 train_loss:3.5162 train_time:289570ms step_avg:225.00ms
step:1298/5100 lr:0.001 train_loss:3.6559 train_time:289967ms step_avg:225.13ms
step:1299/5100 lr:0.001 train_loss:3.8564 train_time:290363ms step_avg:225.26ms
step:1300/5100 lr:0.001 train_loss:3.5954 train_time:290760ms step_avg:225.40ms
step:1301/5100 lr:0.001 train_loss:3.8667 train_time:291157ms step_avg:225.53ms
step:1302/5100 lr:0.001 train_loss:3.7723 train_time:291560ms step_avg:225.67ms
step:1303/5100 lr:0.001 train_loss:3.9141 train_time:291951ms step_avg:225.79ms
step:1304/5100 lr:0.001 train_loss:3.8651 train_time:292347ms step_avg:225.93ms
step:1305/5100 lr:0.001 train_loss:4.0024 train_time:292744ms step_avg:226.06ms
step:1306/5100 lr:0.001 train_loss:3.6525 train_time:293140ms step_avg:226.19ms
step:1307/5100 lr:0.001 train_loss:4.1482 train_time:293537ms step_avg:226.32ms
step:1308/5100 lr:0.001 train_loss:3.7342 train_time:293934ms step_avg:226.45ms
step:1309/5100 lr:0.001 train_loss:3.8846 train_time:294331ms step_avg:226.58ms
step:1310/5100 lr:0.001 train_loss:4.0826 train_time:294727ms step_avg:226.71ms
step:1311/5100 lr:0.001 train_loss:3.6857 train_time:295124ms step_avg:226.84ms
step:1312/5100 lr:0.001 train_loss:3.6183 train_time:295520ms step_avg:226.97ms
step:1313/5100 lr:0.001 train_loss:3.7995 train_time:295917ms step_avg:227.10ms
step:1314/5100 lr:0.001 train_loss:3.7459 train_time:296313ms step_avg:227.23ms
step:1315/5100 lr:0.001 train_loss:3.7431 train_time:296710ms step_avg:227.36ms
step:1316/5100 lr:0.001 train_loss:3.8309 train_time:297105ms step_avg:227.49ms
step:1317/5100 lr:0.001 train_loss:3.4584 train_time:297502ms step_avg:227.62ms
step:1318/5100 lr:0.001 train_loss:3.6674 train_time:297898ms step_avg:227.75ms
step:1319/5100 lr:0.001 train_loss:3.7559 train_time:298295ms step_avg:227.88ms
step:1320/5100 lr:0.001 train_loss:3.8639 train_time:298691ms step_avg:228.01ms
step:1321/5100 lr:0.001 train_loss:3.5172 train_time:299087ms step_avg:228.14ms
step:1322/5100 lr:0.001 train_loss:3.7324 train_time:299484ms step_avg:228.27ms
step:1323/5100 lr:0.001 train_loss:3.8854 train_time:299880ms step_avg:228.39ms
step:1324/5100 lr:0.001 train_loss:3.8403 train_time:300277ms step_avg:228.52ms
step:1325/5100 lr:0.001 train_loss:3.7229 train_time:300674ms step_avg:228.65ms
step:1326/5100 lr:0.001 train_loss:3.7630 train_time:301070ms step_avg:228.78ms
step:1327/5100 lr:0.001 train_loss:3.9970 train_time:301466ms step_avg:228.90ms
step:1328/5100 lr:0.001 train_loss:4.0597 train_time:301863ms step_avg:229.03ms
step:1329/5100 lr:0.001 train_loss:3.7953 train_time:302259ms step_avg:229.16ms
step:1330/5100 lr:0.001 train_loss:3.6079 train_time:302865ms step_avg:229.44ms
step:1331/5100 lr:0.001 train_loss:4.0093 train_time:303261ms step_avg:229.57ms
step:1332/5100 lr:0.001 train_loss:3.7856 train_time:303658ms step_avg:229.70ms
step:1333/5100 lr:0.001 train_loss:3.9927 train_time:304056ms step_avg:229.82ms
step:1334/5100 lr:0.001 train_loss:3.6577 train_time:304659ms step_avg:230.10ms
step:1335/5100 lr:0.001 train_loss:3.6931 train_time:305056ms step_avg:230.23ms
step:1336/5100 lr:0.001 train_loss:3.7196 train_time:305453ms step_avg:230.36ms
step:1337/5100 lr:0.001 train_loss:3.7900 train_time:305849ms step_avg:230.48ms
step:1338/5100 lr:0.001 train_loss:3.6649 train_time:306245ms step_avg:230.61ms
step:1339/5100 lr:0.001 train_loss:3.6267 train_time:306642ms step_avg:230.73ms
step:1340/5100 lr:0.001 train_loss:3.6589 train_time:307039ms step_avg:230.86ms
step:1341/5100 lr:0.001 train_loss:3.7183 train_time:307436ms step_avg:230.98ms
step:1342/5100 lr:0.001 train_loss:3.6084 train_time:307833ms step_avg:231.11ms
step:1343/5100 lr:0.001 train_loss:3.7529 train_time:308228ms step_avg:231.23ms
step:1344/5100 lr:0.001 train_loss:3.6910 train_time:308624ms step_avg:231.35ms
step:1345/5100 lr:0.001 train_loss:3.6883 train_time:309021ms step_avg:231.48ms
step:1346/5100 lr:0.001 train_loss:3.8354 train_time:309418ms step_avg:231.60ms
step:1347/5100 lr:0.001 train_loss:3.7544 train_time:309815ms step_avg:231.72ms
step:1348/5100 lr:0.001 train_loss:3.6697 train_time:310211ms step_avg:231.85ms
step:1349/5100 lr:0.001 train_loss:3.6308 train_time:310607ms step_avg:231.97ms
step:1350/5100 lr:0.001 train_loss:3.6742 train_time:311004ms step_avg:232.09ms
step:1351/5100 lr:0.001 train_loss:4.1757 train_time:311400ms step_avg:232.21ms
step:1352/5100 lr:0.001 train_loss:3.6852 train_time:311796ms step_avg:232.34ms
step:1353/5100 lr:0.001 train_loss:3.7942 train_time:312192ms step_avg:232.46ms
step:1354/5100 lr:0.001 train_loss:3.9901 train_time:312589ms step_avg:232.58ms
step:1355/5100 lr:0.001 train_loss:3.6581 train_time:312985ms step_avg:232.70ms
step:1356/5100 lr:0.001 train_loss:3.6882 train_time:313382ms step_avg:232.82ms
step:1357/5100 lr:0.001 train_loss:3.6206 train_time:313779ms step_avg:232.95ms
step:1358/5100 lr:0.001 train_loss:3.8214 train_time:314176ms step_avg:233.07ms
step:1359/5100 lr:0.001 train_loss:3.6976 train_time:314572ms step_avg:233.19ms
step:1360/5100 lr:0.001 train_loss:3.9806 train_time:314968ms step_avg:233.31ms
step:1361/5100 lr:0.001 train_loss:4.0892 train_time:315365ms step_avg:233.43ms
step:1362/5100 lr:0.001 train_loss:4.0483 train_time:315762ms step_avg:233.55ms
step:1363/5100 lr:0.001 train_loss:3.5750 train_time:316158ms step_avg:233.67ms
step:1364/5100 lr:0.001 train_loss:3.7896 train_time:316555ms step_avg:233.79ms
step:1365/5100 lr:0.001 train_loss:3.7126 train_time:316952ms step_avg:233.91ms
step:1366/5100 lr:0.001 train_loss:3.5249 train_time:317348ms step_avg:234.03ms
step:1367/5100 lr:0.001 train_loss:3.5585 train_time:317745ms step_avg:234.15ms
step:1368/5100 lr:0.001 train_loss:3.5406 train_time:318142ms step_avg:234.27ms
step:1369/5100 lr:0.001 train_loss:3.7388 train_time:318538ms step_avg:234.39ms
step:1370/5100 lr:0.001 train_loss:3.7372 train_time:318935ms step_avg:234.51ms
step:1371/5100 lr:0.001 train_loss:3.7709 train_time:319331ms step_avg:234.63ms
step:1372/5100 lr:0.001 train_loss:3.9471 train_time:319728ms step_avg:234.75ms
step:1373/5100 lr:0.001 train_loss:3.7803 train_time:320125ms step_avg:234.87ms
step:1374/5100 lr:0.001 train_loss:3.5782 train_time:320521ms step_avg:234.99ms
step:1375/5100 lr:0.001 train_loss:3.7548 train_time:320918ms step_avg:235.10ms
step:1375/5100 val_loss:3.7165 train_time:320932ms step_avg:235.12ms
step:1376/5100 lr:0.001 train_loss:3.6739 train_time:325132ms step_avg:238.02ms
step:1377/5100 lr:0.001 train_loss:3.7637 train_time:325529ms step_avg:238.13ms
step:1378/5100 lr:0.001 train_loss:3.9306 train_time:325926ms step_avg:238.25ms
step:1379/5100 lr:0.001 train_loss:3.6543 train_time:326323ms step_avg:238.37ms
step:1380/5100 lr:0.001 train_loss:3.6882 train_time:326718ms step_avg:238.48ms
step:1381/5100 lr:0.001 train_loss:3.6349 train_time:327115ms step_avg:238.60ms
step:1382/5100 lr:0.001 train_loss:3.7215 train_time:327511ms step_avg:238.71ms
step:1383/5100 lr:0.001 train_loss:3.8291 train_time:327909ms step_avg:238.83ms
step:1384/5100 lr:0.001 train_loss:3.6794 train_time:328305ms step_avg:238.94ms
step:1385/5100 lr:0.001 train_loss:3.5873 train_time:328702ms step_avg:239.06ms
step:1386/5100 lr:0.001 train_loss:3.6951 train_time:329098ms step_avg:239.17ms
step:1387/5100 lr:0.001 train_loss:3.6087 train_time:329495ms step_avg:239.28ms
step:1388/5100 lr:0.001 train_loss:3.7320 train_time:329891ms step_avg:239.40ms
step:1389/5100 lr:0.001 train_loss:3.4455 train_time:330288ms step_avg:239.51ms
step:1390/5100 lr:0.001 train_loss:3.6325 train_time:330685ms step_avg:239.63ms
step:1391/5100 lr:0.001 train_loss:3.8004 train_time:331082ms step_avg:239.74ms
step:1392/5100 lr:0.001 train_loss:3.8244 train_time:331479ms step_avg:239.85ms
step:1393/5100 lr:0.001 train_loss:4.0268 train_time:331875ms step_avg:239.97ms
step:1394/5100 lr:0.001 train_loss:3.7598 train_time:332272ms step_avg:240.08ms
step:1395/5100 lr:0.001 train_loss:3.8558 train_time:332669ms step_avg:240.19ms
step:1396/5100 lr:0.001 train_loss:3.7407 train_time:333066ms step_avg:240.31ms
step:1397/5100 lr:0.001 train_loss:3.5773 train_time:333462ms step_avg:240.42ms
step:1398/5100 lr:0.001 train_loss:3.8757 train_time:333858ms step_avg:240.53ms
step:1399/5100 lr:0.001 train_loss:3.6067 train_time:334255ms step_avg:240.64ms
step:1400/5100 lr:0.001 train_loss:3.6364 train_time:334652ms step_avg:240.76ms
step:1401/5100 lr:0.001 train_loss:3.6135 train_time:335049ms step_avg:240.87ms
step:1402/5100 lr:0.001 train_loss:3.6356 train_time:335445ms step_avg:240.98ms
step:1403/5100 lr:0.001 train_loss:3.9180 train_time:335841ms step_avg:241.09ms
step:1404/5100 lr:0.001 train_loss:4.3016 train_time:336237ms step_avg:241.20ms
step:1405/5100 lr:0.001 train_loss:3.7308 train_time:336633ms step_avg:241.31ms
step:1406/5100 lr:0.001 train_loss:3.6979 train_time:337030ms step_avg:241.43ms
step:1407/5100 lr:0.001 train_loss:3.7369 train_time:337427ms step_avg:241.54ms
step:1408/5100 lr:0.001 train_loss:3.5551 train_time:337823ms step_avg:241.65ms
step:1409/5100 lr:0.001 train_loss:3.5580 train_time:338219ms step_avg:241.76ms
step:1410/5100 lr:0.001 train_loss:3.7458 train_time:338616ms step_avg:241.87ms
step:1411/5100 lr:0.001 train_loss:3.8663 train_time:339012ms step_avg:241.98ms
step:1412/5100 lr:0.001 train_loss:4.2260 train_time:339409ms step_avg:242.09ms
step:1413/5100 lr:0.001 train_loss:3.9178 train_time:339805ms step_avg:242.20ms
step:1414/5100 lr:0.001 train_loss:3.8848 train_time:340201ms step_avg:242.31ms
step:1415/5100 lr:0.001 train_loss:3.7551 train_time:340597ms step_avg:242.42ms
step:1416/5100 lr:0.001 train_loss:3.7057 train_time:340994ms step_avg:242.53ms
step:1417/5100 lr:0.001 train_loss:3.6965 train_time:341391ms step_avg:242.64ms
step:1418/5100 lr:0.001 train_loss:3.3332 train_time:341849ms step_avg:242.79ms
step:1419/5100 lr:0.001 train_loss:3.1554 train_time:342246ms step_avg:242.90ms
step:1420/5100 lr:0.001 train_loss:3.8440 train_time:342642ms step_avg:243.01ms
step:1421/5100 lr:0.001 train_loss:3.8797 train_time:343038ms step_avg:243.12ms
step:1422/5100 lr:0.001 train_loss:3.6691 train_time:343435ms step_avg:243.23ms
step:1423/5100 lr:0.001 train_loss:3.5318 train_time:343831ms step_avg:243.33ms
step:1424/5100 lr:0.001 train_loss:3.8126 train_time:344228ms step_avg:243.44ms
step:1425/5100 lr:0.001 train_loss:3.4988 train_time:344625ms step_avg:243.55ms
step:1426/5100 lr:0.001 train_loss:3.6027 train_time:345021ms step_avg:243.66ms
step:1427/5100 lr:0.001 train_loss:4.0025 train_time:345418ms step_avg:243.77ms
step:1428/5100 lr:0.001 train_loss:3.5944 train_time:345814ms step_avg:243.87ms
step:1429/5100 lr:0.001 train_loss:3.7285 train_time:346210ms step_avg:243.98ms
step:1430/5100 lr:0.001 train_loss:3.6720 train_time:346608ms step_avg:244.09ms
step:1431/5100 lr:0.001 train_loss:3.7094 train_time:347004ms step_avg:244.20ms
step:1432/5100 lr:0.001 train_loss:3.6169 train_time:347400ms step_avg:244.30ms
step:1433/5100 lr:0.001 train_loss:3.6300 train_time:347796ms step_avg:244.41ms
step:1434/5100 lr:0.001 train_loss:3.7135 train_time:348193ms step_avg:244.52ms
step:1435/5100 lr:0.001 train_loss:3.5737 train_time:348589ms step_avg:244.62ms
step:1436/5100 lr:0.001 train_loss:4.1287 train_time:348986ms step_avg:244.73ms
step:1437/5100 lr:0.001 train_loss:3.6397 train_time:349383ms step_avg:244.84ms
step:1438/5100 lr:0.001 train_loss:3.6605 train_time:349778ms step_avg:244.94ms
step:1439/5100 lr:0.001 train_loss:3.6001 train_time:350175ms step_avg:245.05ms
step:1440/5100 lr:0.001 train_loss:3.6139 train_time:350571ms step_avg:245.15ms
step:1441/5100 lr:0.001 train_loss:3.3920 train_time:350969ms step_avg:245.26ms
step:1442/5100 lr:0.001 train_loss:3.8133 train_time:351365ms step_avg:245.37ms
step:1443/5100 lr:0.001 train_loss:3.5999 train_time:351762ms step_avg:245.47ms
step:1444/5100 lr:0.001 train_loss:3.8234 train_time:352158ms step_avg:245.58ms
step:1445/5100 lr:0.001 train_loss:3.7857 train_time:352554ms step_avg:245.68ms
step:1446/5100 lr:0.001 train_loss:3.6667 train_time:352951ms step_avg:245.79ms
step:1447/5100 lr:0.001 train_loss:4.1443 train_time:353348ms step_avg:245.89ms
step:1448/5100 lr:0.001 train_loss:3.6907 train_time:353745ms step_avg:246.00ms
step:1449/5100 lr:0.001 train_loss:3.3643 train_time:354141ms step_avg:246.10ms
step:1450/5100 lr:0.001 train_loss:3.6445 train_time:354536ms step_avg:246.21ms
step:1451/5100 lr:0.001 train_loss:3.6389 train_time:354933ms step_avg:246.31ms
step:1452/5100 lr:0.001 train_loss:3.7654 train_time:355330ms step_avg:246.41ms
step:1453/5100 lr:0.001 train_loss:3.6150 train_time:355727ms step_avg:246.52ms
step:1454/5100 lr:0.001 train_loss:3.4657 train_time:356123ms step_avg:246.62ms
step:1455/5100 lr:0.001 train_loss:3.6434 train_time:356519ms step_avg:246.73ms
step:1456/5100 lr:0.001 train_loss:3.6339 train_time:356916ms step_avg:246.83ms
step:1457/5100 lr:0.001 train_loss:3.5491 train_time:357312ms step_avg:246.93ms
step:1458/5100 lr:0.001 train_loss:3.7502 train_time:357709ms step_avg:247.04ms
step:1459/5100 lr:0.001 train_loss:3.7758 train_time:358106ms step_avg:247.14ms
step:1460/5100 lr:0.001 train_loss:3.6831 train_time:358502ms step_avg:247.24ms
step:1461/5100 lr:0.001 train_loss:3.6562 train_time:358898ms step_avg:247.35ms
step:1462/5100 lr:0.001 train_loss:3.7848 train_time:359295ms step_avg:247.45ms
step:1463/5100 lr:0.001 train_loss:3.7026 train_time:359692ms step_avg:247.55ms
step:1464/5100 lr:0.001 train_loss:3.6110 train_time:360089ms step_avg:247.65ms
step:1465/5100 lr:0.001 train_loss:3.5988 train_time:360486ms step_avg:247.76ms
step:1466/5100 lr:0.001 train_loss:3.6258 train_time:360883ms step_avg:247.86ms
step:1467/5100 lr:0.001 train_loss:3.8203 train_time:361279ms step_avg:247.96ms
step:1468/5100 lr:0.001 train_loss:3.7621 train_time:361676ms step_avg:248.06ms
step:1469/5100 lr:0.001 train_loss:3.6684 train_time:362072ms step_avg:248.16ms
step:1470/5100 lr:0.001 train_loss:3.7172 train_time:362470ms step_avg:248.27ms
step:1471/5100 lr:0.001 train_loss:3.7308 train_time:362866ms step_avg:248.37ms
step:1472/5100 lr:0.001 train_loss:3.5966 train_time:363262ms step_avg:248.47ms
step:1473/5100 lr:0.001 train_loss:3.5033 train_time:363658ms step_avg:248.57ms
step:1474/5100 lr:0.001 train_loss:3.7379 train_time:364055ms step_avg:248.67ms
step:1475/5100 lr:0.001 train_loss:3.7090 train_time:364452ms step_avg:248.77ms
step:1476/5100 lr:0.001 train_loss:3.8289 train_time:364849ms step_avg:248.87ms
step:1477/5100 lr:0.001 train_loss:3.6233 train_time:365245ms step_avg:248.97ms
step:1478/5100 lr:0.001 train_loss:3.6966 train_time:365642ms step_avg:249.07ms
step:1479/5100 lr:0.001 train_loss:3.7956 train_time:366037ms step_avg:249.17ms
step:1480/5100 lr:0.001 train_loss:3.6884 train_time:366434ms step_avg:249.28ms
step:1481/5100 lr:0.001 train_loss:3.6208 train_time:366831ms step_avg:249.38ms
step:1482/5100 lr:0.001 train_loss:3.5534 train_time:367227ms step_avg:249.48ms
step:1483/5100 lr:0.001 train_loss:3.6404 train_time:367624ms step_avg:249.57ms
step:1484/5100 lr:0.001 train_loss:3.7275 train_time:368021ms step_avg:249.67ms
step:1485/5100 lr:0.001 train_loss:3.6460 train_time:368417ms step_avg:249.77ms
step:1486/5100 lr:0.001 train_loss:3.6056 train_time:368814ms step_avg:249.87ms
step:1487/5100 lr:0.001 train_loss:3.8323 train_time:369210ms step_avg:249.97ms
step:1488/5100 lr:0.001 train_loss:3.6264 train_time:369607ms step_avg:250.07ms
step:1489/5100 lr:0.001 train_loss:3.5836 train_time:370003ms step_avg:250.17ms
step:1490/5100 lr:0.001 train_loss:3.5232 train_time:370399ms step_avg:250.27ms
step:1491/5100 lr:0.001 train_loss:3.3909 train_time:370796ms step_avg:250.37ms
step:1492/5100 lr:0.001 train_loss:3.5657 train_time:371192ms step_avg:250.47ms
step:1493/5100 lr:0.001 train_loss:3.4052 train_time:371590ms step_avg:250.57ms
step:1494/5100 lr:0.001 train_loss:3.7437 train_time:371987ms step_avg:250.66ms
step:1495/5100 lr:0.001 train_loss:3.7949 train_time:372383ms step_avg:250.76ms
step:1496/5100 lr:0.001 train_loss:3.5720 train_time:372779ms step_avg:250.86ms
step:1497/5100 lr:0.001 train_loss:3.8775 train_time:373176ms step_avg:250.96ms
step:1498/5100 lr:0.001 train_loss:3.5812 train_time:373573ms step_avg:251.06ms
step:1499/5100 lr:0.001 train_loss:3.6802 train_time:373969ms step_avg:251.15ms
step:1500/5100 lr:0.001 train_loss:3.5536 train_time:374366ms step_avg:251.25ms
step:1500/5100 val_loss:3.6630 train_time:374380ms step_avg:251.26ms
step:1501/5100 lr:0.001 train_loss:3.7470 train_time:378580ms step_avg:253.91ms
step:1502/5100 lr:0.001 train_loss:3.6136 train_time:378976ms step_avg:254.01ms
step:1503/5100 lr:0.001 train_loss:3.7117 train_time:379373ms step_avg:254.10ms
step:1504/5100 lr:0.001 train_loss:3.5834 train_time:379769ms step_avg:254.20ms
step:1505/5100 lr:0.001 train_loss:3.4950 train_time:380166ms step_avg:254.29ms
step:1506/5100 lr:0.001 train_loss:3.6839 train_time:380562ms step_avg:254.39ms
step:1507/5100 lr:0.001 train_loss:3.7336 train_time:380957ms step_avg:254.48ms
step:1508/5100 lr:0.001 train_loss:3.7458 train_time:381354ms step_avg:254.58ms
step:1509/5100 lr:0.001 train_loss:3.5513 train_time:381750ms step_avg:254.67ms
step:1510/5100 lr:0.001 train_loss:3.5021 train_time:382147ms step_avg:254.76ms
step:1511/5100 lr:0.001 train_loss:3.6691 train_time:382543ms step_avg:254.86ms
step:1512/5100 lr:0.001 train_loss:3.5984 train_time:382940ms step_avg:254.95ms
step:1513/5100 lr:0.001 train_loss:3.6797 train_time:383336ms step_avg:255.05ms
step:1514/5100 lr:0.001 train_loss:3.5353 train_time:383732ms step_avg:255.14ms
step:1515/5100 lr:0.001 train_loss:3.6222 train_time:384129ms step_avg:255.24ms
step:1516/5100 lr:0.001 train_loss:3.7080 train_time:384526ms step_avg:255.33ms
step:1517/5100 lr:0.001 train_loss:3.6688 train_time:384922ms step_avg:255.42ms
step:1518/5100 lr:0.001 train_loss:3.6627 train_time:385317ms step_avg:255.52ms
step:1519/5100 lr:0.001 train_loss:3.6515 train_time:385714ms step_avg:255.61ms
step:1520/5100 lr:0.001 train_loss:3.6659 train_time:386313ms step_avg:255.84ms
step:1521/5100 lr:0.001 train_loss:3.5953 train_time:386711ms step_avg:255.93ms
step:1522/5100 lr:0.001 train_loss:3.8534 train_time:387108ms step_avg:256.02ms
step:1523/5100 lr:0.001 train_loss:3.7433 train_time:387505ms step_avg:256.12ms
step:1524/5100 lr:0.001 train_loss:3.5313 train_time:388106ms step_avg:256.34ms
step:1525/5100 lr:0.001 train_loss:3.6354 train_time:388502ms step_avg:256.44ms
step:1526/5100 lr:0.001 train_loss:3.7285 train_time:388898ms step_avg:256.53ms
step:1527/5100 lr:0.001 train_loss:3.6686 train_time:389295ms step_avg:256.62ms
step:1528/5100 lr:0.001 train_loss:3.8140 train_time:389692ms step_avg:256.71ms
step:1529/5100 lr:0.001 train_loss:3.6379 train_time:390090ms step_avg:256.81ms
step:1530/5100 lr:0.001 train_loss:3.6757 train_time:390488ms step_avg:256.90ms
step:1531/5100 lr:0.001 train_loss:3.6666 train_time:390883ms step_avg:256.99ms
step:1532/5100 lr:0.001 train_loss:4.0533 train_time:391279ms step_avg:257.08ms
step:1533/5100 lr:0.001 train_loss:3.8606 train_time:391676ms step_avg:257.17ms
step:1534/5100 lr:0.001 train_loss:3.4745 train_time:392073ms step_avg:257.27ms
step:1535/5100 lr:0.001 train_loss:3.5886 train_time:392469ms step_avg:257.36ms
step:1536/5100 lr:0.001 train_loss:3.6703 train_time:392866ms step_avg:257.45ms
step:1537/5100 lr:0.001 train_loss:3.6093 train_time:393262ms step_avg:257.54ms
step:1538/5100 lr:0.001 train_loss:3.7225 train_time:393657ms step_avg:257.63ms
step:1539/5100 lr:0.001 train_loss:3.6515 train_time:394054ms step_avg:257.72ms
step:1540/5100 lr:0.001 train_loss:3.5550 train_time:394450ms step_avg:257.81ms
step:1541/5100 lr:0.001 train_loss:3.6125 train_time:394847ms step_avg:257.90ms
step:1542/5100 lr:0.001 train_loss:3.9972 train_time:395243ms step_avg:257.99ms
step:1543/5100 lr:0.001 train_loss:3.6063 train_time:395639ms step_avg:258.08ms
step:1544/5100 lr:0.001 train_loss:3.7012 train_time:396036ms step_avg:258.17ms
step:1545/5100 lr:0.001 train_loss:3.6185 train_time:396432ms step_avg:258.26ms
step:1546/5100 lr:0.001 train_loss:3.5679 train_time:396829ms step_avg:258.35ms
step:1547/5100 lr:0.001 train_loss:3.5154 train_time:397226ms step_avg:258.44ms
step:1548/5100 lr:0.001 train_loss:3.6684 train_time:397622ms step_avg:258.53ms
step:1549/5100 lr:0.001 train_loss:3.7515 train_time:398018ms step_avg:258.62ms
step:1550/5100 lr:0.001 train_loss:3.5339 train_time:398415ms step_avg:258.71ms
step:1551/5100 lr:0.001 train_loss:3.6219 train_time:398811ms step_avg:258.80ms
step:1552/5100 lr:0.001 train_loss:3.5752 train_time:399208ms step_avg:258.89ms
step:1553/5100 lr:0.001 train_loss:3.7144 train_time:399605ms step_avg:258.98ms
step:1554/5100 lr:0.001 train_loss:3.5724 train_time:400001ms step_avg:259.07ms
step:1555/5100 lr:0.001 train_loss:3.5948 train_time:400397ms step_avg:259.16ms
step:1556/5100 lr:0.001 train_loss:3.6719 train_time:400794ms step_avg:259.25ms
step:1557/5100 lr:0.001 train_loss:3.5526 train_time:401190ms step_avg:259.33ms
step:1558/5100 lr:0.001 train_loss:3.6234 train_time:401587ms step_avg:259.42ms
step:1559/5100 lr:0.001 train_loss:3.5981 train_time:401983ms step_avg:259.51ms
step:1560/5100 lr:0.001 train_loss:3.5799 train_time:402380ms step_avg:259.60ms
step:1561/5100 lr:0.001 train_loss:3.6686 train_time:402776ms step_avg:259.69ms
step:1562/5100 lr:0.001 train_loss:3.4926 train_time:403173ms step_avg:259.78ms
step:1563/5100 lr:0.001 train_loss:3.6049 train_time:403570ms step_avg:259.86ms
step:1564/5100 lr:0.001 train_loss:3.8097 train_time:403966ms step_avg:259.95ms
step:1565/5100 lr:0.001 train_loss:3.5265 train_time:404362ms step_avg:260.04ms
step:1566/5100 lr:0.001 train_loss:3.6256 train_time:404759ms step_avg:260.13ms
step:1567/5100 lr:0.001 train_loss:3.8601 train_time:405155ms step_avg:260.22ms
step:1568/5100 lr:0.001 train_loss:3.4830 train_time:405551ms step_avg:260.30ms
step:1569/5100 lr:0.001 train_loss:3.5097 train_time:405949ms step_avg:260.39ms
step:1570/5100 lr:0.001 train_loss:3.6013 train_time:406346ms step_avg:260.48ms
step:1571/5100 lr:0.001 train_loss:3.6231 train_time:406743ms step_avg:260.57ms
step:1572/5100 lr:0.001 train_loss:3.5133 train_time:407139ms step_avg:260.65ms
step:1573/5100 lr:0.001 train_loss:3.7944 train_time:407535ms step_avg:260.74ms
step:1574/5100 lr:0.001 train_loss:3.7254 train_time:407932ms step_avg:260.83ms
step:1575/5100 lr:0.001 train_loss:3.4512 train_time:408329ms step_avg:260.91ms
step:1576/5100 lr:0.001 train_loss:3.6507 train_time:408725ms step_avg:261.00ms
step:1577/5100 lr:0.001 train_loss:3.5917 train_time:409122ms step_avg:261.09ms
step:1578/5100 lr:0.001 train_loss:3.6043 train_time:409518ms step_avg:261.17ms
step:1579/5100 lr:0.001 train_loss:3.7250 train_time:409915ms step_avg:261.26ms
step:1580/5100 lr:0.001 train_loss:3.6037 train_time:410312ms step_avg:261.34ms
step:1581/5100 lr:0.001 train_loss:3.6419 train_time:410708ms step_avg:261.43ms
step:1582/5100 lr:0.001 train_loss:3.5718 train_time:411105ms step_avg:261.52ms
step:1583/5100 lr:0.001 train_loss:3.4811 train_time:411501ms step_avg:261.60ms
step:1584/5100 lr:0.001 train_loss:3.5691 train_time:411898ms step_avg:261.69ms
step:1585/5100 lr:0.001 train_loss:3.6367 train_time:412293ms step_avg:261.77ms
step:1586/5100 lr:0.001 train_loss:3.6081 train_time:412691ms step_avg:261.86ms
step:1587/5100 lr:0.001 train_loss:4.0759 train_time:413086ms step_avg:261.94ms
step:1588/5100 lr:0.001 train_loss:3.5857 train_time:413489ms step_avg:262.03ms
step:1589/5100 lr:0.001 train_loss:3.6908 train_time:413881ms step_avg:262.12ms
step:1590/5100 lr:0.001 train_loss:3.4043 train_time:414276ms step_avg:262.20ms
step:1591/5100 lr:0.001 train_loss:3.7711 train_time:414672ms step_avg:262.28ms
step:1592/5100 lr:0.001 train_loss:3.6087 train_time:415068ms step_avg:262.37ms
step:1593/5100 lr:0.001 train_loss:3.7448 train_time:415465ms step_avg:262.45ms
step:1594/5100 lr:0.001 train_loss:3.6086 train_time:415860ms step_avg:262.54ms
step:1595/5100 lr:0.001 train_loss:3.6307 train_time:416256ms step_avg:262.62ms
step:1596/5100 lr:0.001 train_loss:3.6594 train_time:416652ms step_avg:262.71ms
step:1597/5100 lr:0.001 train_loss:3.6312 train_time:417048ms step_avg:262.79ms
step:1598/5100 lr:0.001 train_loss:3.7048 train_time:417444ms step_avg:262.87ms
step:1599/5100 lr:0.001 train_loss:4.0016 train_time:417840ms step_avg:262.96ms
step:1600/5100 lr:0.001 train_loss:3.5744 train_time:418236ms step_avg:263.04ms
step:1601/5100 lr:0.001 train_loss:3.6124 train_time:418631ms step_avg:263.12ms
step:1602/5100 lr:0.001 train_loss:3.7201 train_time:419027ms step_avg:263.21ms
step:1603/5100 lr:0.001 train_loss:3.7541 train_time:419423ms step_avg:263.29ms
step:1604/5100 lr:0.001 train_loss:3.5976 train_time:419820ms step_avg:263.37ms
step:1605/5100 lr:0.001 train_loss:4.0276 train_time:420215ms step_avg:263.46ms
step:1606/5100 lr:0.001 train_loss:3.7587 train_time:420611ms step_avg:263.54ms
step:1607/5100 lr:0.001 train_loss:3.4731 train_time:421008ms step_avg:263.62ms
step:1608/5100 lr:0.001 train_loss:3.6414 train_time:421404ms step_avg:263.71ms
step:1609/5100 lr:0.001 train_loss:3.4696 train_time:421801ms step_avg:263.79ms
step:1610/5100 lr:0.001 train_loss:3.8410 train_time:422195ms step_avg:263.87ms
step:1611/5100 lr:0.001 train_loss:3.5765 train_time:422592ms step_avg:263.96ms
step:1612/5100 lr:0.001 train_loss:3.6567 train_time:422988ms step_avg:264.04ms
step:1613/5100 lr:0.001 train_loss:3.6528 train_time:423384ms step_avg:264.12ms
step:1614/5100 lr:0.001 train_loss:4.0312 train_time:423781ms step_avg:264.20ms
step:1615/5100 lr:0.001 train_loss:3.8377 train_time:424176ms step_avg:264.28ms
step:1616/5100 lr:0.001 train_loss:3.7568 train_time:424572ms step_avg:264.37ms
step:1617/5100 lr:0.001 train_loss:3.5893 train_time:424968ms step_avg:264.45ms
step:1618/5100 lr:0.001 train_loss:3.6775 train_time:425364ms step_avg:264.53ms
step:1619/5100 lr:0.001 train_loss:3.5424 train_time:425760ms step_avg:264.61ms
step:1620/5100 lr:0.001 train_loss:3.6294 train_time:426156ms step_avg:264.69ms
step:1621/5100 lr:0.001 train_loss:3.7953 train_time:426551ms step_avg:264.77ms
step:1622/5100 lr:0.001 train_loss:3.8318 train_time:426948ms step_avg:264.86ms
step:1623/5100 lr:0.001 train_loss:3.5333 train_time:427344ms step_avg:264.94ms
step:1624/5100 lr:0.001 train_loss:3.7415 train_time:427740ms step_avg:265.02ms
step:1625/5100 lr:0.001 train_loss:3.6673 train_time:428136ms step_avg:265.10ms
step:1625/5100 val_loss:3.6307 train_time:428150ms step_avg:265.11ms
step:1626/5100 lr:0.001 train_loss:3.5007 train_time:432209ms step_avg:267.46ms
step:1627/5100 lr:0.001 train_loss:3.6669 train_time:432605ms step_avg:267.54ms
step:1628/5100 lr:0.001 train_loss:3.5471 train_time:433002ms step_avg:267.62ms
step:1629/5100 lr:0.001 train_loss:3.6508 train_time:433398ms step_avg:267.69ms
step:1630/5100 lr:0.001 train_loss:3.6189 train_time:433795ms step_avg:267.77ms
step:1631/5100 lr:0.001 train_loss:3.5645 train_time:434191ms step_avg:267.85ms
step:1632/5100 lr:0.001 train_loss:3.6464 train_time:434588ms step_avg:267.93ms
step:1633/5100 lr:0.001 train_loss:3.6628 train_time:434993ms step_avg:268.02ms
step:1634/5100 lr:0.001 train_loss:3.6398 train_time:435383ms step_avg:268.09ms
step:1635/5100 lr:0.001 train_loss:3.5034 train_time:435779ms step_avg:268.17ms
step:1636/5100 lr:0.001 train_loss:3.4173 train_time:436176ms step_avg:268.25ms
step:1637/5100 lr:0.001 train_loss:3.5971 train_time:436572ms step_avg:268.33ms
step:1638/5100 lr:0.001 train_loss:3.6367 train_time:436968ms step_avg:268.41ms
step:1639/5100 lr:0.001 train_loss:3.4700 train_time:437362ms step_avg:268.49ms
step:1640/5100 lr:0.001 train_loss:3.6832 train_time:437758ms step_avg:268.56ms
step:1641/5100 lr:0.001 train_loss:3.7984 train_time:438155ms step_avg:268.64ms
step:1642/5100 lr:0.001 train_loss:3.8370 train_time:438552ms step_avg:268.72ms
step:1643/5100 lr:0.001 train_loss:4.2004 train_time:438948ms step_avg:268.80ms
step:1644/5100 lr:0.001 train_loss:3.6894 train_time:439344ms step_avg:268.88ms
step:1645/5100 lr:0.001 train_loss:3.6600 train_time:439740ms step_avg:268.95ms
step:1646/5100 lr:0.001 train_loss:3.7936 train_time:440136ms step_avg:269.03ms
step:1647/5100 lr:0.001 train_loss:3.7648 train_time:440532ms step_avg:269.11ms
step:1648/5100 lr:0.001 train_loss:3.5032 train_time:440928ms step_avg:269.19ms
step:1649/5100 lr:0.001 train_loss:3.6465 train_time:441323ms step_avg:269.26ms
step:1650/5100 lr:0.001 train_loss:3.2846 train_time:441719ms step_avg:269.34ms
step:1651/5100 lr:0.001 train_loss:3.6575 train_time:442117ms step_avg:269.42ms
step:1652/5100 lr:0.001 train_loss:3.6182 train_time:442511ms step_avg:269.50ms
step:1653/5100 lr:0.001 train_loss:3.5653 train_time:442907ms step_avg:269.57ms
step:1654/5100 lr:0.001 train_loss:3.5399 train_time:443302ms step_avg:269.65ms
step:1655/5100 lr:0.001 train_loss:3.6083 train_time:443707ms step_avg:269.73ms
step:1656/5100 lr:0.001 train_loss:3.6249 train_time:444098ms step_avg:269.80ms
step:1657/5100 lr:0.001 train_loss:3.8395 train_time:444494ms step_avg:269.88ms
step:1658/5100 lr:0.001 train_loss:3.5157 train_time:444890ms step_avg:269.96ms
step:1659/5100 lr:0.001 train_loss:3.5494 train_time:445287ms step_avg:270.03ms
step:1660/5100 lr:0.001 train_loss:3.6120 train_time:445682ms step_avg:270.11ms
step:1661/5100 lr:0.001 train_loss:3.5896 train_time:446078ms step_avg:270.19ms
step:1662/5100 lr:0.001 train_loss:3.5417 train_time:446474ms step_avg:270.26ms
step:1663/5100 lr:0.001 train_loss:3.5571 train_time:446871ms step_avg:270.34ms
step:1664/5100 lr:0.001 train_loss:3.5704 train_time:447270ms step_avg:270.42ms
step:1665/5100 lr:0.001 train_loss:3.6641 train_time:447665ms step_avg:270.49ms
step:1666/5100 lr:0.001 train_loss:3.5822 train_time:448061ms step_avg:270.57ms
step:1667/5100 lr:0.001 train_loss:3.6031 train_time:448457ms step_avg:270.64ms
step:1668/5100 lr:0.001 train_loss:3.6672 train_time:448854ms step_avg:270.72ms
step:1669/5100 lr:0.001 train_loss:3.6465 train_time:449250ms step_avg:270.80ms
step:1670/5100 lr:0.001 train_loss:3.9863 train_time:449646ms step_avg:270.87ms
step:1671/5100 lr:0.001 train_loss:3.4218 train_time:450042ms step_avg:270.95ms
step:1672/5100 lr:0.001 train_loss:3.6166 train_time:450437ms step_avg:271.02ms
step:1673/5100 lr:0.001 train_loss:3.4862 train_time:450834ms step_avg:271.10ms
step:1674/5100 lr:0.001 train_loss:3.4031 train_time:451230ms step_avg:271.17ms
step:1675/5100 lr:0.001 train_loss:3.7602 train_time:451626ms step_avg:271.25ms
step:1676/5100 lr:0.001 train_loss:3.9037 train_time:452022ms step_avg:271.32ms
step:1677/5100 lr:0.001 train_loss:3.5633 train_time:452417ms step_avg:271.40ms
step:1678/5100 lr:0.001 train_loss:3.4981 train_time:452814ms step_avg:271.47ms
step:1679/5100 lr:0.001 train_loss:3.5220 train_time:453210ms step_avg:271.55ms
step:1680/5100 lr:0.001 train_loss:3.7122 train_time:453615ms step_avg:271.63ms
step:1681/5100 lr:0.001 train_loss:3.5431 train_time:454006ms step_avg:271.70ms
step:1682/5100 lr:0.001 train_loss:3.5923 train_time:454402ms step_avg:271.77ms
step:1683/5100 lr:0.001 train_loss:3.6070 train_time:454798ms step_avg:271.85ms
step:1684/5100 lr:0.001 train_loss:3.1478 train_time:455194ms step_avg:271.92ms
step:1685/5100 lr:0.001 train_loss:3.5985 train_time:455591ms step_avg:271.99ms
step:1686/5100 lr:0.001 train_loss:3.7038 train_time:455987ms step_avg:272.07ms
step:1687/5100 lr:0.001 train_loss:3.7571 train_time:456383ms step_avg:272.14ms
step:1688/5100 lr:0.001 train_loss:3.6845 train_time:456780ms step_avg:272.22ms
step:1689/5100 lr:0.001 train_loss:3.5188 train_time:457177ms step_avg:272.29ms
step:1690/5100 lr:0.001 train_loss:3.6599 train_time:457573ms step_avg:272.37ms
step:1691/5100 lr:0.001 train_loss:3.5269 train_time:457969ms step_avg:272.44ms
step:1692/5100 lr:0.001 train_loss:3.5215 train_time:458365ms step_avg:272.51ms
step:1693/5100 lr:0.001 train_loss:3.5820 train_time:458761ms step_avg:272.59ms
step:1694/5100 lr:0.001 train_loss:3.4709 train_time:459157ms step_avg:272.66ms
step:1695/5100 lr:0.001 train_loss:3.6293 train_time:459553ms step_avg:272.73ms
step:1696/5100 lr:0.001 train_loss:3.5693 train_time:459949ms step_avg:272.80ms
step:1697/5100 lr:0.001 train_loss:3.5302 train_time:460345ms step_avg:272.88ms
step:1698/5100 lr:0.001 train_loss:4.1101 train_time:460741ms step_avg:272.95ms
step:1699/5100 lr:0.001 train_loss:3.7797 train_time:461137ms step_avg:273.02ms
step:1700/5100 lr:0.001 train_loss:3.6300 train_time:461534ms step_avg:273.10ms
step:1701/5100 lr:0.001 train_loss:3.5676 train_time:461930ms step_avg:273.17ms
step:1702/5100 lr:0.001 train_loss:3.3583 train_time:462326ms step_avg:273.24ms
step:1703/5100 lr:0.001 train_loss:3.6192 train_time:462721ms step_avg:273.31ms
step:1704/5100 lr:0.001 train_loss:3.6282 train_time:463118ms step_avg:273.39ms
step:1705/5100 lr:0.001 train_loss:3.6210 train_time:463514ms step_avg:273.46ms
step:1706/5100 lr:0.001 train_loss:3.4177 train_time:463910ms step_avg:273.53ms
step:1707/5100 lr:0.001 train_loss:3.8718 train_time:464306ms step_avg:273.60ms
step:1708/5100 lr:0.001 train_loss:3.5351 train_time:464702ms step_avg:273.68ms
step:1709/5100 lr:0.001 train_loss:4.0776 train_time:465098ms step_avg:273.75ms
step:1710/5100 lr:0.001 train_loss:3.5070 train_time:465701ms step_avg:273.94ms
step:1711/5100 lr:0.001 train_loss:3.3612 train_time:466097ms step_avg:274.01ms
step:1712/5100 lr:0.001 train_loss:3.7109 train_time:466493ms step_avg:274.09ms
step:1713/5100 lr:0.001 train_loss:3.4950 train_time:466889ms step_avg:274.16ms
step:1714/5100 lr:0.001 train_loss:3.5142 train_time:467285ms step_avg:274.23ms
step:1715/5100 lr:0.001 train_loss:3.5478 train_time:467888ms step_avg:274.42ms
step:1716/5100 lr:0.001 train_loss:3.8311 train_time:468283ms step_avg:274.49ms
step:1717/5100 lr:0.001 train_loss:3.5865 train_time:468680ms step_avg:274.56ms
step:1718/5100 lr:0.001 train_loss:3.5892 train_time:469076ms step_avg:274.63ms
step:1719/5100 lr:0.001 train_loss:3.6984 train_time:469472ms step_avg:274.71ms
step:1720/5100 lr:0.001 train_loss:3.5764 train_time:469868ms step_avg:274.78ms
step:1721/5100 lr:0.001 train_loss:3.7406 train_time:470265ms step_avg:274.85ms
step:1722/5100 lr:0.001 train_loss:3.5418 train_time:470661ms step_avg:274.92ms
step:1723/5100 lr:0.001 train_loss:3.5211 train_time:471057ms step_avg:274.99ms
step:1724/5100 lr:0.001 train_loss:3.6306 train_time:471453ms step_avg:275.06ms
step:1725/5100 lr:0.001 train_loss:3.2635 train_time:471850ms step_avg:275.13ms
step:1726/5100 lr:0.001 train_loss:3.4729 train_time:472245ms step_avg:275.20ms
step:1727/5100 lr:0.001 train_loss:3.5544 train_time:472641ms step_avg:275.27ms
step:1728/5100 lr:0.001 train_loss:3.5964 train_time:473037ms step_avg:275.34ms
step:1729/5100 lr:0.001 train_loss:3.6988 train_time:473434ms step_avg:275.41ms
step:1730/5100 lr:0.001 train_loss:3.6955 train_time:473830ms step_avg:275.48ms
step:1731/5100 lr:0.001 train_loss:3.6778 train_time:474226ms step_avg:275.55ms
step:1732/5100 lr:0.001 train_loss:3.5096 train_time:474621ms step_avg:275.62ms
step:1733/5100 lr:0.001 train_loss:3.5367 train_time:475018ms step_avg:275.69ms
step:1734/5100 lr:0.001 train_loss:3.4620 train_time:475414ms step_avg:275.76ms
step:1735/5100 lr:0.001 train_loss:3.4979 train_time:475820ms step_avg:275.84ms
step:1736/5100 lr:0.001 train_loss:3.5263 train_time:476212ms step_avg:275.91ms
step:1737/5100 lr:0.001 train_loss:3.5513 train_time:476608ms step_avg:275.97ms
step:1738/5100 lr:0.001 train_loss:3.4926 train_time:477004ms step_avg:276.04ms
step:1739/5100 lr:0.001 train_loss:3.8486 train_time:477400ms step_avg:276.11ms
step:1740/5100 lr:0.001 train_loss:3.7317 train_time:477796ms step_avg:276.18ms
step:1741/5100 lr:0.001 train_loss:3.6939 train_time:478193ms step_avg:276.25ms
step:1742/5100 lr:0.001 train_loss:3.5490 train_time:478588ms step_avg:276.32ms
step:1743/5100 lr:0.001 train_loss:3.8358 train_time:478984ms step_avg:276.39ms
step:1744/5100 lr:0.001 train_loss:3.5963 train_time:479380ms step_avg:276.46ms
step:1745/5100 lr:0.001 train_loss:3.6600 train_time:479776ms step_avg:276.53ms
step:1746/5100 lr:0.001 train_loss:3.6977 train_time:480173ms step_avg:276.60ms
step:1747/5100 lr:0.001 train_loss:3.5344 train_time:480569ms step_avg:276.67ms
step:1748/5100 lr:0.001 train_loss:3.4762 train_time:480964ms step_avg:276.73ms
step:1749/5100 lr:0.001 train_loss:3.5800 train_time:481360ms step_avg:276.80ms
step:1750/5100 lr:0.001 train_loss:3.6304 train_time:481757ms step_avg:276.87ms
step:1750/5100 val_loss:3.5922 train_time:481771ms step_avg:276.88ms
step:1751/5100 lr:0.001 train_loss:3.7331 train_time:485937ms step_avg:279.11ms
step:1752/5100 lr:0.001 train_loss:3.5802 train_time:486333ms step_avg:279.18ms
step:1753/5100 lr:0.001 train_loss:3.6139 train_time:486729ms step_avg:279.25ms
step:1754/5100 lr:0.001 train_loss:3.6122 train_time:487125ms step_avg:279.31ms
step:1755/5100 lr:0.001 train_loss:3.6372 train_time:487521ms step_avg:279.38ms
step:1756/5100 lr:0.001 train_loss:3.6834 train_time:487918ms step_avg:279.45ms
step:1757/5100 lr:0.001 train_loss:3.8115 train_time:488314ms step_avg:279.52ms
step:1758/5100 lr:0.001 train_loss:3.6149 train_time:488710ms step_avg:279.58ms
step:1759/5100 lr:0.001 train_loss:3.6651 train_time:489105ms step_avg:279.65ms
step:1760/5100 lr:0.001 train_loss:3.5804 train_time:489501ms step_avg:279.71ms
step:1761/5100 lr:0.001 train_loss:3.4582 train_time:489897ms step_avg:279.78ms
step:1762/5100 lr:0.001 train_loss:3.7060 train_time:490293ms step_avg:279.85ms
step:1763/5100 lr:0.001 train_loss:3.5137 train_time:490688ms step_avg:279.91ms
step:1764/5100 lr:0.001 train_loss:3.6910 train_time:491084ms step_avg:279.98ms
step:1765/5100 lr:0.001 train_loss:3.5239 train_time:491480ms step_avg:280.05ms
step:1766/5100 lr:0.001 train_loss:3.7472 train_time:491876ms step_avg:280.11ms
step:1767/5100 lr:0.001 train_loss:3.6047 train_time:492272ms step_avg:280.18ms
step:1768/5100 lr:0.001 train_loss:3.5777 train_time:492668ms step_avg:280.24ms
step:1769/5100 lr:0.001 train_loss:3.5625 train_time:493064ms step_avg:280.31ms
step:1770/5100 lr:0.001 train_loss:3.5307 train_time:493460ms step_avg:280.37ms
step:1771/5100 lr:0.001 train_loss:3.5860 train_time:493856ms step_avg:280.44ms
step:1772/5100 lr:0.001 train_loss:3.6237 train_time:494252ms step_avg:280.51ms
step:1773/5100 lr:0.001 train_loss:3.5732 train_time:494648ms step_avg:280.57ms
step:1774/5100 lr:0.001 train_loss:3.5619 train_time:495044ms step_avg:280.64ms
step:1775/5100 lr:0.001 train_loss:3.5412 train_time:495439ms step_avg:280.70ms
step:1776/5100 lr:0.001 train_loss:3.6874 train_time:495836ms step_avg:280.77ms
step:1777/5100 lr:0.001 train_loss:3.7873 train_time:496232ms step_avg:280.83ms
step:1778/5100 lr:0.001 train_loss:3.5376 train_time:496627ms step_avg:280.90ms
step:1779/5100 lr:0.001 train_loss:3.6333 train_time:497023ms step_avg:280.96ms
step:1780/5100 lr:0.001 train_loss:3.6832 train_time:497419ms step_avg:281.03ms
step:1781/5100 lr:0.001 train_loss:3.5465 train_time:497815ms step_avg:281.09ms
step:1782/5100 lr:0.001 train_loss:3.5216 train_time:498211ms step_avg:281.16ms
step:1783/5100 lr:0.001 train_loss:3.5868 train_time:498607ms step_avg:281.22ms
step:1784/5100 lr:0.001 train_loss:3.6818 train_time:499003ms step_avg:281.29ms
step:1785/5100 lr:0.001 train_loss:3.6667 train_time:499399ms step_avg:281.35ms
step:1786/5100 lr:0.001 train_loss:3.4696 train_time:499795ms step_avg:281.42ms
step:1787/5100 lr:0.001 train_loss:3.7360 train_time:500191ms step_avg:281.48ms
step:1788/5100 lr:0.001 train_loss:3.7878 train_time:500587ms step_avg:281.54ms
step:1789/5100 lr:0.001 train_loss:3.5486 train_time:500983ms step_avg:281.61ms
step:1790/5100 lr:0.001 train_loss:3.6888 train_time:501379ms step_avg:281.67ms
step:1791/5100 lr:0.001 train_loss:3.6372 train_time:501774ms step_avg:281.74ms
step:1792/5100 lr:0.001 train_loss:3.4650 train_time:502171ms step_avg:281.80ms
step:1793/5100 lr:0.001 train_loss:3.5788 train_time:502566ms step_avg:281.87ms
step:1794/5100 lr:0.001 train_loss:3.6615 train_time:502962ms step_avg:281.93ms
step:1795/5100 lr:0.001 train_loss:3.6790 train_time:503358ms step_avg:281.99ms
step:1796/5100 lr:0.001 train_loss:3.5766 train_time:503755ms step_avg:282.06ms
step:1797/5100 lr:0.001 train_loss:3.4617 train_time:504151ms step_avg:282.12ms
step:1798/5100 lr:0.001 train_loss:3.7267 train_time:504547ms step_avg:282.18ms
step:1799/5100 lr:0.001 train_loss:3.6407 train_time:504943ms step_avg:282.25ms
step:1800/5100 lr:0.001 train_loss:3.8005 train_time:505339ms step_avg:282.31ms
step:1801/5100 lr:0.001 train_loss:3.6193 train_time:505735ms step_avg:282.38ms
step:1802/5100 lr:0.001 train_loss:3.7480 train_time:506131ms step_avg:282.44ms
step:1803/5100 lr:0.001 train_loss:3.6733 train_time:506526ms step_avg:282.50ms
step:1804/5100 lr:0.001 train_loss:3.4172 train_time:506923ms step_avg:282.57ms
step:1805/5100 lr:0.001 train_loss:3.4699 train_time:507319ms step_avg:282.63ms
step:1806/5100 lr:0.001 train_loss:3.5955 train_time:507715ms step_avg:282.69ms
step:1807/5100 lr:0.001 train_loss:3.4167 train_time:508112ms step_avg:282.76ms
step:1808/5100 lr:0.001 train_loss:3.6587 train_time:508508ms step_avg:282.82ms
step:1809/5100 lr:0.001 train_loss:3.5270 train_time:508904ms step_avg:282.88ms
step:1810/5100 lr:0.001 train_loss:3.6412 train_time:509300ms step_avg:282.94ms
step:1811/5100 lr:0.001 train_loss:3.6013 train_time:509696ms step_avg:283.01ms
step:1812/5100 lr:0.001 train_loss:3.5184 train_time:510092ms step_avg:283.07ms
step:1813/5100 lr:0.001 train_loss:3.6284 train_time:510487ms step_avg:283.13ms
step:1814/5100 lr:0.001 train_loss:3.4252 train_time:510883ms step_avg:283.19ms
step:1815/5100 lr:0.001 train_loss:3.5618 train_time:511279ms step_avg:283.26ms
step:1816/5100 lr:0.001 train_loss:3.7600 train_time:511676ms step_avg:283.32ms
step:1817/5100 lr:0.001 train_loss:3.4909 train_time:512072ms step_avg:283.38ms
step:1818/5100 lr:0.001 train_loss:3.6900 train_time:512468ms step_avg:283.44ms
step:1819/5100 lr:0.001 train_loss:3.4995 train_time:512864ms step_avg:283.51ms
step:1820/5100 lr:0.001 train_loss:3.6378 train_time:513260ms step_avg:283.57ms
step:1821/5100 lr:0.001 train_loss:3.6223 train_time:513657ms step_avg:283.63ms
step:1822/5100 lr:0.001 train_loss:3.8274 train_time:514053ms step_avg:283.69ms
step:1823/5100 lr:0.001 train_loss:3.6344 train_time:514449ms step_avg:283.76ms
step:1824/5100 lr:0.001 train_loss:3.5112 train_time:514845ms step_avg:283.82ms
step:1825/5100 lr:0.001 train_loss:3.5445 train_time:515241ms step_avg:283.88ms
step:1826/5100 lr:0.001 train_loss:3.4338 train_time:515637ms step_avg:283.94ms
step:1827/5100 lr:0.001 train_loss:3.5414 train_time:516033ms step_avg:284.00ms
step:1828/5100 lr:0.001 train_loss:3.6682 train_time:516437ms step_avg:284.07ms
step:1829/5100 lr:0.001 train_loss:3.4575 train_time:516828ms step_avg:284.13ms
step:1830/5100 lr:0.001 train_loss:4.3925 train_time:517223ms step_avg:284.19ms
step:1831/5100 lr:0.001 train_loss:3.5313 train_time:517619ms step_avg:284.25ms
step:1832/5100 lr:0.001 train_loss:3.3958 train_time:518016ms step_avg:284.31ms
step:1833/5100 lr:0.001 train_loss:3.5930 train_time:518412ms step_avg:284.37ms
step:1834/5100 lr:0.001 train_loss:3.5208 train_time:518808ms step_avg:284.43ms
step:1835/5100 lr:0.001 train_loss:3.6444 train_time:519203ms step_avg:284.49ms
step:1836/5100 lr:0.001 train_loss:3.6617 train_time:519599ms step_avg:284.56ms
step:1837/5100 lr:0.001 train_loss:3.5998 train_time:519995ms step_avg:284.62ms
step:1838/5100 lr:0.001 train_loss:3.4691 train_time:520391ms step_avg:284.68ms
step:1839/5100 lr:0.001 train_loss:3.6573 train_time:520787ms step_avg:284.74ms
step:1840/5100 lr:0.001 train_loss:3.5168 train_time:521183ms step_avg:284.80ms
step:1841/5100 lr:0.001 train_loss:3.6664 train_time:521580ms step_avg:284.86ms
step:1842/5100 lr:0.001 train_loss:3.5812 train_time:521976ms step_avg:284.92ms
step:1843/5100 lr:0.001 train_loss:3.4162 train_time:522372ms step_avg:284.98ms
step:1844/5100 lr:0.001 train_loss:3.7363 train_time:522769ms step_avg:285.04ms
step:1845/5100 lr:0.001 train_loss:3.6067 train_time:523164ms step_avg:285.10ms
step:1846/5100 lr:0.001 train_loss:3.5768 train_time:523561ms step_avg:285.16ms
step:1847/5100 lr:0.001 train_loss:3.6446 train_time:523957ms step_avg:285.22ms
step:1848/5100 lr:0.001 train_loss:3.4001 train_time:524353ms step_avg:285.28ms
step:1849/5100 lr:0.001 train_loss:3.3752 train_time:524749ms step_avg:285.34ms
step:1850/5100 lr:0.001 train_loss:3.5309 train_time:525144ms step_avg:285.40ms
step:1851/5100 lr:0.001 train_loss:3.5966 train_time:525540ms step_avg:285.46ms
step:1852/5100 lr:0.001 train_loss:3.6918 train_time:525937ms step_avg:285.53ms
step:1853/5100 lr:0.001 train_loss:3.5594 train_time:526334ms step_avg:285.59ms
step:1854/5100 lr:0.001 train_loss:3.6475 train_time:526729ms step_avg:285.64ms
step:1855/5100 lr:0.001 train_loss:3.6649 train_time:527125ms step_avg:285.70ms
step:1856/5100 lr:0.001 train_loss:3.5990 train_time:527521ms step_avg:285.76ms
step:1857/5100 lr:0.001 train_loss:3.6140 train_time:527917ms step_avg:285.82ms
step:1858/5100 lr:0.001 train_loss:3.7405 train_time:528313ms step_avg:285.88ms
step:1859/5100 lr:0.001 train_loss:3.4229 train_time:528710ms step_avg:285.94ms
step:1860/5100 lr:0.001 train_loss:3.4651 train_time:529105ms step_avg:286.00ms
step:1861/5100 lr:0.001 train_loss:3.5064 train_time:529501ms step_avg:286.06ms
step:1862/5100 lr:0.001 train_loss:3.5207 train_time:529897ms step_avg:286.12ms
step:1863/5100 lr:0.001 train_loss:3.5420 train_time:530293ms step_avg:286.18ms
step:1864/5100 lr:0.001 train_loss:3.4927 train_time:530689ms step_avg:286.24ms
step:1865/5100 lr:0.001 train_loss:3.6190 train_time:531085ms step_avg:286.30ms
step:1866/5100 lr:0.001 train_loss:3.5553 train_time:531481ms step_avg:286.36ms
step:1867/5100 lr:0.001 train_loss:3.5944 train_time:531878ms step_avg:286.42ms
step:1868/5100 lr:0.001 train_loss:3.7360 train_time:532274ms step_avg:286.48ms
step:1869/5100 lr:0.001 train_loss:3.3970 train_time:532670ms step_avg:286.54ms
step:1870/5100 lr:0.001 train_loss:3.6161 train_time:533066ms step_avg:286.59ms
step:1871/5100 lr:0.001 train_loss:3.5642 train_time:533462ms step_avg:286.65ms
step:1872/5100 lr:0.001 train_loss:3.5012 train_time:533859ms step_avg:286.71ms
step:1873/5100 lr:0.001 train_loss:3.5167 train_time:534255ms step_avg:286.77ms
step:1874/5100 lr:0.001 train_loss:3.4663 train_time:534650ms step_avg:286.83ms
step:1875/5100 lr:0.001 train_loss:3.4782 train_time:535046ms step_avg:286.89ms
step:1875/5100 val_loss:3.5707 train_time:535060ms step_avg:286.90ms
step:1876/5100 lr:0.001 train_loss:3.5895 train_time:539269ms step_avg:289.00ms
step:1877/5100 lr:0.001 train_loss:3.3664 train_time:539666ms step_avg:289.06ms
step:1878/5100 lr:0.001 train_loss:3.5079 train_time:540062ms step_avg:289.11ms
step:1879/5100 lr:0.001 train_loss:3.5766 train_time:540458ms step_avg:289.17ms
step:1880/5100 lr:0.001 train_loss:4.0134 train_time:540854ms step_avg:289.23ms
step:1881/5100 lr:0.001 train_loss:3.5779 train_time:541250ms step_avg:289.28ms
step:1882/5100 lr:0.001 train_loss:3.5013 train_time:541646ms step_avg:289.34ms
step:1883/5100 lr:0.001 train_loss:3.6678 train_time:542043ms step_avg:289.40ms
step:1884/5100 lr:0.001 train_loss:3.5574 train_time:542438ms step_avg:289.45ms
step:1885/5100 lr:0.001 train_loss:3.5253 train_time:542834ms step_avg:289.51ms
step:1886/5100 lr:0.001 train_loss:3.5926 train_time:543231ms step_avg:289.57ms
step:1887/5100 lr:0.001 train_loss:3.4128 train_time:543627ms step_avg:289.63ms
step:1888/5100 lr:0.001 train_loss:3.5838 train_time:544024ms step_avg:289.68ms
step:1889/5100 lr:0.001 train_loss:3.9122 train_time:544420ms step_avg:289.74ms
step:1890/5100 lr:0.001 train_loss:3.6251 train_time:544816ms step_avg:289.80ms
step:1891/5100 lr:0.001 train_loss:3.5536 train_time:545212ms step_avg:289.85ms
step:1892/5100 lr:0.001 train_loss:3.5005 train_time:545608ms step_avg:289.91ms
step:1893/5100 lr:0.001 train_loss:3.3736 train_time:546004ms step_avg:289.97ms
step:1894/5100 lr:0.001 train_loss:3.4472 train_time:546401ms step_avg:290.02ms
step:1895/5100 lr:0.001 train_loss:3.5159 train_time:546797ms step_avg:290.08ms
step:1896/5100 lr:0.001 train_loss:3.6576 train_time:547193ms step_avg:290.13ms
step:1897/5100 lr:0.001 train_loss:3.5716 train_time:547590ms step_avg:290.19ms
step:1898/5100 lr:0.001 train_loss:3.7858 train_time:547986ms step_avg:290.25ms
step:1899/5100 lr:0.001 train_loss:3.6669 train_time:548382ms step_avg:290.30ms
step:1900/5100 lr:0.001 train_loss:3.6656 train_time:548984ms step_avg:290.47ms
step:1901/5100 lr:0.001 train_loss:3.8682 train_time:549380ms step_avg:290.52ms
step:1902/5100 lr:0.001 train_loss:3.6041 train_time:549775ms step_avg:290.58ms
step:1903/5100 lr:0.001 train_loss:3.4938 train_time:550171ms step_avg:290.63ms
step:1904/5100 lr:0.001 train_loss:3.5396 train_time:550568ms step_avg:290.69ms
step:1905/5100 lr:0.001 train_loss:3.5319 train_time:551168ms step_avg:290.85ms
step:1906/5100 lr:0.001 train_loss:3.4869 train_time:551565ms step_avg:290.91ms
step:1907/5100 lr:0.001 train_loss:3.6010 train_time:551961ms step_avg:290.97ms
step:1908/5100 lr:0.001 train_loss:3.4919 train_time:552358ms step_avg:291.02ms
step:1909/5100 lr:0.001 train_loss:3.7126 train_time:552754ms step_avg:291.08ms
step:1910/5100 lr:0.001 train_loss:3.5644 train_time:553160ms step_avg:291.14ms
step:1911/5100 lr:0.001 train_loss:3.5774 train_time:553556ms step_avg:291.19ms
step:1912/5100 lr:0.001 train_loss:3.6030 train_time:553946ms step_avg:291.24ms
step:1913/5100 lr:0.001 train_loss:3.3825 train_time:554342ms step_avg:291.30ms
step:1914/5100 lr:0.001 train_loss:3.5566 train_time:554738ms step_avg:291.35ms
step:1915/5100 lr:0.001 train_loss:3.6242 train_time:555134ms step_avg:291.41ms
step:1916/5100 lr:0.001 train_loss:3.5328 train_time:555531ms step_avg:291.46ms
step:1917/5100 lr:0.001 train_loss:3.4892 train_time:555927ms step_avg:291.52ms
step:1918/5100 lr:0.001 train_loss:3.0441 train_time:556323ms step_avg:291.57ms
step:1919/5100 lr:0.001 train_loss:3.4473 train_time:556719ms step_avg:291.63ms
step:1920/5100 lr:0.001 train_loss:3.6928 train_time:557115ms step_avg:291.68ms
step:1921/5100 lr:0.001 train_loss:3.7231 train_time:557511ms step_avg:291.74ms
step:1922/5100 lr:0.001 train_loss:3.5563 train_time:557908ms step_avg:291.79ms
step:1923/5100 lr:0.001 train_loss:3.5535 train_time:558304ms step_avg:291.85ms
step:1924/5100 lr:0.001 train_loss:3.7899 train_time:558699ms step_avg:291.90ms
step:1925/5100 lr:0.001 train_loss:3.4982 train_time:559096ms step_avg:291.96ms
step:1926/5100 lr:0.001 train_loss:3.5502 train_time:559492ms step_avg:292.01ms
step:1927/5100 lr:0.001 train_loss:3.5704 train_time:559889ms step_avg:292.07ms
step:1928/5100 lr:0.001 train_loss:3.6389 train_time:560285ms step_avg:292.12ms
step:1929/5100 lr:0.001 train_loss:3.2597 train_time:560681ms step_avg:292.17ms
step:1930/5100 lr:0.001 train_loss:3.4593 train_time:561077ms step_avg:292.23ms
step:1931/5100 lr:0.001 train_loss:3.4051 train_time:561474ms step_avg:292.28ms
step:1932/5100 lr:0.001 train_loss:3.4723 train_time:561870ms step_avg:292.34ms
step:1933/5100 lr:0.001 train_loss:3.2729 train_time:562266ms step_avg:292.39ms
step:1934/5100 lr:0.001 train_loss:3.4793 train_time:562663ms step_avg:292.44ms
step:1935/5100 lr:0.001 train_loss:3.7267 train_time:563058ms step_avg:292.50ms
step:1936/5100 lr:0.001 train_loss:3.5865 train_time:563464ms step_avg:292.56ms
step:1937/5100 lr:0.001 train_loss:3.6770 train_time:563854ms step_avg:292.61ms
step:1938/5100 lr:0.001 train_loss:3.5166 train_time:564251ms step_avg:292.66ms
step:1939/5100 lr:0.001 train_loss:3.5020 train_time:564647ms step_avg:292.71ms
step:1940/5100 lr:0.001 train_loss:3.6043 train_time:565043ms step_avg:292.77ms
step:1941/5100 lr:0.001 train_loss:3.5241 train_time:565440ms step_avg:292.82ms
step:1942/5100 lr:0.001 train_loss:3.6327 train_time:565836ms step_avg:292.88ms
step:1943/5100 lr:0.001 train_loss:3.4830 train_time:566232ms step_avg:292.93ms
step:1944/5100 lr:0.001 train_loss:3.6653 train_time:566629ms step_avg:292.98ms
step:1945/5100 lr:0.001 train_loss:3.8006 train_time:567026ms step_avg:293.04ms
step:1946/5100 lr:0.001 train_loss:3.5640 train_time:567423ms step_avg:293.09ms
step:1947/5100 lr:0.001 train_loss:3.5172 train_time:567819ms step_avg:293.14ms
step:1948/5100 lr:0.001 train_loss:3.7372 train_time:568215ms step_avg:293.20ms
step:1949/5100 lr:0.001 train_loss:3.4016 train_time:568611ms step_avg:293.25ms
step:1950/5100 lr:0.001 train_loss:3.5926 train_time:569008ms step_avg:293.30ms
step:1951/5100 lr:0.001 train_loss:3.5530 train_time:569405ms step_avg:293.36ms
step:1952/5100 lr:0.001 train_loss:3.4676 train_time:569801ms step_avg:293.41ms
step:1953/5100 lr:0.001 train_loss:3.4954 train_time:570197ms step_avg:293.46ms
step:1954/5100 lr:0.001 train_loss:3.4431 train_time:570594ms step_avg:293.52ms
step:1955/5100 lr:0.001 train_loss:3.4859 train_time:570991ms step_avg:293.57ms
step:1956/5100 lr:0.001 train_loss:3.4559 train_time:571388ms step_avg:293.62ms
step:1957/5100 lr:0.001 train_loss:3.6918 train_time:571784ms step_avg:293.67ms
step:1958/5100 lr:0.001 train_loss:3.6764 train_time:572180ms step_avg:293.73ms
step:1959/5100 lr:0.001 train_loss:3.5342 train_time:572577ms step_avg:293.78ms
step:1960/5100 lr:0.001 train_loss:3.4102 train_time:572973ms step_avg:293.83ms
step:1961/5100 lr:0.001 train_loss:3.3551 train_time:573370ms step_avg:293.89ms
step:1962/5100 lr:0.001 train_loss:3.7852 train_time:573766ms step_avg:293.94ms
step:1963/5100 lr:0.001 train_loss:3.5667 train_time:574162ms step_avg:293.99ms
step:1964/5100 lr:0.001 train_loss:3.6759 train_time:574559ms step_avg:294.04ms
step:1965/5100 lr:0.001 train_loss:3.4525 train_time:574955ms step_avg:294.09ms
step:1966/5100 lr:0.001 train_loss:3.6282 train_time:575352ms step_avg:294.15ms
step:1967/5100 lr:0.001 train_loss:3.6187 train_time:575749ms step_avg:294.20ms
step:1968/5100 lr:0.001 train_loss:3.5612 train_time:576145ms step_avg:294.25ms
step:1969/5100 lr:0.001 train_loss:3.4835 train_time:576541ms step_avg:294.30ms
step:1970/5100 lr:0.001 train_loss:3.7452 train_time:576936ms step_avg:294.36ms
step:1971/5100 lr:0.001 train_loss:3.4741 train_time:577333ms step_avg:294.41ms
step:1972/5100 lr:0.001 train_loss:3.5058 train_time:577730ms step_avg:294.46ms
step:1973/5100 lr:0.001 train_loss:3.5858 train_time:578126ms step_avg:294.51ms
step:1974/5100 lr:0.001 train_loss:3.3720 train_time:578522ms step_avg:294.56ms
step:1975/5100 lr:0.001 train_loss:3.1768 train_time:578917ms step_avg:294.61ms
step:1976/5100 lr:0.001 train_loss:3.2333 train_time:579313ms step_avg:294.67ms
step:1977/5100 lr:0.001 train_loss:3.5396 train_time:579710ms step_avg:294.72ms
step:1978/5100 lr:0.001 train_loss:3.4696 train_time:580106ms step_avg:294.77ms
step:1979/5100 lr:0.001 train_loss:3.3564 train_time:580502ms step_avg:294.82ms
step:1980/5100 lr:0.001 train_loss:3.6168 train_time:580897ms step_avg:294.87ms
step:1981/5100 lr:0.001 train_loss:3.4737 train_time:581293ms step_avg:294.92ms
step:1982/5100 lr:0.001 train_loss:4.0785 train_time:581689ms step_avg:294.97ms
step:1983/5100 lr:0.001 train_loss:3.5170 train_time:582085ms step_avg:295.03ms
step:1984/5100 lr:0.001 train_loss:3.5372 train_time:582480ms step_avg:295.08ms
step:1985/5100 lr:0.001 train_loss:3.5411 train_time:582876ms step_avg:295.13ms
step:1986/5100 lr:0.001 train_loss:3.5905 train_time:583272ms step_avg:295.18ms
step:1987/5100 lr:0.001 train_loss:3.5475 train_time:583668ms step_avg:295.23ms
step:1988/5100 lr:0.001 train_loss:3.4360 train_time:584064ms step_avg:295.28ms
step:1989/5100 lr:0.001 train_loss:3.6223 train_time:584460ms step_avg:295.33ms
step:1990/5100 lr:0.001 train_loss:3.6883 train_time:584856ms step_avg:295.38ms
step:1991/5100 lr:0.001 train_loss:3.4451 train_time:585252ms step_avg:295.43ms
step:1992/5100 lr:0.001 train_loss:3.5029 train_time:585649ms step_avg:295.48ms
step:1993/5100 lr:0.001 train_loss:3.5833 train_time:586044ms step_avg:295.53ms
step:1994/5100 lr:0.001 train_loss:3.6636 train_time:586440ms step_avg:295.58ms
step:1995/5100 lr:0.001 train_loss:3.4240 train_time:586836ms step_avg:295.64ms
step:1996/5100 lr:0.001 train_loss:3.4283 train_time:587232ms step_avg:295.69ms
step:1997/5100 lr:0.001 train_loss:3.7779 train_time:587627ms step_avg:295.74ms
step:1998/5100 lr:0.001 train_loss:3.4423 train_time:588024ms step_avg:295.79ms
step:1999/5100 lr:0.001 train_loss:3.4903 train_time:588419ms step_avg:295.84ms
step:2000/5100 lr:0.001 train_loss:3.5646 train_time:588815ms step_avg:295.89ms
step:2000/5100 val_loss:3.5425 train_time:588829ms step_avg:295.89ms
step:2001/5100 lr:0.001 train_loss:3.4872 train_time:592861ms step_avg:297.77ms
step:2002/5100 lr:0.001 train_loss:3.4603 train_time:593264ms step_avg:297.82ms
step:2003/5100 lr:0.001 train_loss:3.4595 train_time:593654ms step_avg:297.87ms
step:2004/5100 lr:0.001 train_loss:3.5258 train_time:594050ms step_avg:297.92ms
step:2005/5100 lr:0.001 train_loss:3.6447 train_time:594447ms step_avg:297.97ms
step:2006/5100 lr:0.001 train_loss:3.5625 train_time:594843ms step_avg:298.02ms
step:2007/5100 lr:0.001 train_loss:3.9274 train_time:595239ms step_avg:298.07ms
step:2008/5100 lr:0.001 train_loss:3.6168 train_time:595635ms step_avg:298.12ms
step:2009/5100 lr:0.001 train_loss:3.4660 train_time:596032ms step_avg:298.16ms
step:2010/5100 lr:0.001 train_loss:3.5150 train_time:596427ms step_avg:298.21ms
step:2011/5100 lr:0.001 train_loss:3.3585 train_time:596823ms step_avg:298.26ms
step:2012/5100 lr:0.001 train_loss:3.6340 train_time:597219ms step_avg:298.31ms
step:2013/5100 lr:0.001 train_loss:3.5567 train_time:597614ms step_avg:298.36ms
step:2014/5100 lr:0.001 train_loss:3.5223 train_time:598011ms step_avg:298.41ms
step:2015/5100 lr:0.001 train_loss:3.5879 train_time:598407ms step_avg:298.46ms
step:2016/5100 lr:0.001 train_loss:3.6145 train_time:598803ms step_avg:298.51ms
step:2017/5100 lr:0.001 train_loss:3.4592 train_time:599199ms step_avg:298.55ms
step:2018/5100 lr:0.001 train_loss:3.5519 train_time:599595ms step_avg:298.60ms
step:2019/5100 lr:0.001 train_loss:3.4873 train_time:599992ms step_avg:298.65ms
step:2020/5100 lr:0.001 train_loss:3.4741 train_time:600388ms step_avg:298.70ms
step:2021/5100 lr:0.001 train_loss:3.7814 train_time:600784ms step_avg:298.75ms
step:2022/5100 lr:0.001 train_loss:3.4586 train_time:601179ms step_avg:298.80ms
step:2023/5100 lr:0.001 train_loss:3.7557 train_time:601575ms step_avg:298.85ms
step:2024/5100 lr:0.001 train_loss:3.5133 train_time:601972ms step_avg:298.89ms
step:2025/5100 lr:0.001 train_loss:3.2376 train_time:602368ms step_avg:298.94ms
step:2026/5100 lr:0.001 train_loss:3.4968 train_time:602764ms step_avg:298.99ms
step:2027/5100 lr:0.001 train_loss:3.4825 train_time:603159ms step_avg:299.04ms
step:2028/5100 lr:0.001 train_loss:3.5633 train_time:603555ms step_avg:299.09ms
step:2029/5100 lr:0.001 train_loss:3.6783 train_time:603952ms step_avg:299.13ms
step:2030/5100 lr:0.001 train_loss:3.4913 train_time:604347ms step_avg:299.18ms
step:2031/5100 lr:0.001 train_loss:2.9914 train_time:604743ms step_avg:299.23ms
step:2032/5100 lr:0.001 train_loss:3.4437 train_time:605139ms step_avg:299.28ms
step:2033/5100 lr:0.001 train_loss:3.6209 train_time:605535ms step_avg:299.33ms
step:2034/5100 lr:0.001 train_loss:3.4881 train_time:605931ms step_avg:299.37ms
step:2035/5100 lr:0.001 train_loss:3.5883 train_time:606327ms step_avg:299.42ms
step:2036/5100 lr:0.001 train_loss:3.3641 train_time:606723ms step_avg:299.47ms
step:2037/5100 lr:0.001 train_loss:3.5932 train_time:607119ms step_avg:299.52ms
step:2038/5100 lr:0.001 train_loss:3.4188 train_time:607515ms step_avg:299.56ms
step:2039/5100 lr:0.001 train_loss:3.5942 train_time:607911ms step_avg:299.61ms
step:2040/5100 lr:0.001 train_loss:3.6083 train_time:608307ms step_avg:299.66ms
step:2041/5100 lr:0.001 train_loss:3.6302 train_time:608702ms step_avg:299.71ms
step:2042/5100 lr:0.001 train_loss:3.4167 train_time:609099ms step_avg:299.75ms
step:2043/5100 lr:0.001 train_loss:3.7609 train_time:609495ms step_avg:299.80ms
step:2044/5100 lr:0.001 train_loss:3.5781 train_time:609891ms step_avg:299.85ms
step:2045/5100 lr:0.001 train_loss:3.6408 train_time:610287ms step_avg:299.90ms
step:2046/5100 lr:0.001 train_loss:3.4497 train_time:610683ms step_avg:299.94ms
step:2047/5100 lr:0.001 train_loss:3.5129 train_time:611079ms step_avg:299.99ms
step:2048/5100 lr:0.001 train_loss:3.5952 train_time:611475ms step_avg:300.04ms
step:2049/5100 lr:0.001 train_loss:3.5753 train_time:611871ms step_avg:300.08ms
step:2050/5100 lr:0.001 train_loss:3.3235 train_time:612267ms step_avg:300.13ms
step:2051/5100 lr:0.001 train_loss:3.4013 train_time:612663ms step_avg:300.18ms
step:2052/5100 lr:0.001 train_loss:3.5451 train_time:613059ms step_avg:300.22ms
step:2053/5100 lr:0.001 train_loss:3.4644 train_time:613455ms step_avg:300.27ms
step:2054/5100 lr:0.001 train_loss:3.3562 train_time:613851ms step_avg:300.32ms
step:2055/5100 lr:0.001 train_loss:3.6502 train_time:614247ms step_avg:300.37ms
step:2056/5100 lr:0.001 train_loss:3.5709 train_time:614643ms step_avg:300.41ms
step:2057/5100 lr:0.001 train_loss:3.5013 train_time:615039ms step_avg:300.46ms
step:2058/5100 lr:0.001 train_loss:3.5217 train_time:615435ms step_avg:300.51ms
step:2059/5100 lr:0.001 train_loss:3.5620 train_time:615831ms step_avg:300.55ms
step:2060/5100 lr:0.001 train_loss:3.4778 train_time:616227ms step_avg:300.60ms
step:2061/5100 lr:0.001 train_loss:3.8283 train_time:616623ms step_avg:300.64ms
step:2062/5100 lr:0.001 train_loss:3.7281 train_time:617019ms step_avg:300.69ms
step:2063/5100 lr:0.001 train_loss:3.5015 train_time:617415ms step_avg:300.74ms
step:2064/5100 lr:0.001 train_loss:3.6577 train_time:617811ms step_avg:300.78ms
step:2065/5100 lr:0.001 train_loss:3.6046 train_time:618207ms step_avg:300.83ms
step:2066/5100 lr:0.001 train_loss:3.6117 train_time:618604ms step_avg:300.88ms
step:2067/5100 lr:0.001 train_loss:3.5520 train_time:618999ms step_avg:300.92ms
step:2068/5100 lr:0.001 train_loss:3.8378 train_time:619395ms step_avg:300.97ms
step:2069/5100 lr:0.001 train_loss:3.6105 train_time:619792ms step_avg:301.02ms
step:2070/5100 lr:0.001 train_loss:3.6507 train_time:620188ms step_avg:301.06ms
step:2071/5100 lr:0.001 train_loss:3.4844 train_time:620584ms step_avg:301.11ms
step:2072/5100 lr:0.001 train_loss:3.4324 train_time:620979ms step_avg:301.15ms
step:2073/5100 lr:0.001 train_loss:3.4809 train_time:621375ms step_avg:301.20ms
step:2074/5100 lr:0.001 train_loss:3.7300 train_time:621772ms step_avg:301.25ms
step:2075/5100 lr:0.001 train_loss:3.6768 train_time:622169ms step_avg:301.29ms
step:2076/5100 lr:0.001 train_loss:3.5768 train_time:622566ms step_avg:301.34ms
step:2077/5100 lr:0.001 train_loss:3.5476 train_time:622961ms step_avg:301.38ms
step:2078/5100 lr:0.001 train_loss:3.5704 train_time:623357ms step_avg:301.43ms
step:2079/5100 lr:0.001 train_loss:3.5524 train_time:623754ms step_avg:301.48ms
step:2080/5100 lr:0.001 train_loss:3.2697 train_time:624150ms step_avg:301.52ms
step:2081/5100 lr:0.001 train_loss:3.6825 train_time:624546ms step_avg:301.57ms
step:2082/5100 lr:0.001 train_loss:3.3724 train_time:624941ms step_avg:301.61ms
step:2083/5100 lr:0.001 train_loss:3.3629 train_time:625337ms step_avg:301.66ms
step:2084/5100 lr:0.001 train_loss:3.4528 train_time:625733ms step_avg:301.70ms
step:2085/5100 lr:0.001 train_loss:3.5165 train_time:626130ms step_avg:301.75ms
step:2086/5100 lr:0.001 train_loss:3.3898 train_time:626526ms step_avg:301.79ms
step:2087/5100 lr:0.001 train_loss:3.6331 train_time:626922ms step_avg:301.84ms
step:2088/5100 lr:0.001 train_loss:3.4352 train_time:627318ms step_avg:301.89ms
step:2089/5100 lr:0.001 train_loss:3.3792 train_time:627714ms step_avg:301.93ms
step:2090/5100 lr:0.001 train_loss:3.5499 train_time:628317ms step_avg:302.08ms
step:2091/5100 lr:0.001 train_loss:3.6290 train_time:628714ms step_avg:302.12ms
step:2092/5100 lr:0.001 train_loss:3.5463 train_time:629111ms step_avg:302.17ms
step:2093/5100 lr:0.001 train_loss:3.7995 train_time:629507ms step_avg:302.21ms
step:2094/5100 lr:0.001 train_loss:3.6276 train_time:629903ms step_avg:302.26ms
step:2095/5100 lr:0.001 train_loss:3.6412 train_time:630299ms step_avg:302.30ms
step:2096/5100 lr:0.001 train_loss:3.5647 train_time:630896ms step_avg:302.44ms
step:2097/5100 lr:0.001 train_loss:3.4762 train_time:631293ms step_avg:302.49ms
step:2098/5100 lr:0.001 train_loss:3.6377 train_time:631689ms step_avg:302.53ms
step:2099/5100 lr:0.001 train_loss:3.4852 train_time:632085ms step_avg:302.58ms
step:2100/5100 lr:0.001 train_loss:3.4535 train_time:632481ms step_avg:302.62ms
step:2101/5100 lr:0.001 train_loss:3.0773 train_time:632876ms step_avg:302.67ms
step:2102/5100 lr:0.001 train_loss:3.5986 train_time:633273ms step_avg:302.71ms
step:2103/5100 lr:0.001 train_loss:3.5380 train_time:633669ms step_avg:302.76ms
step:2104/5100 lr:0.001 train_loss:3.6228 train_time:634065ms step_avg:302.80ms
step:2105/5100 lr:0.001 train_loss:3.5322 train_time:634460ms step_avg:302.84ms
step:2106/5100 lr:0.001 train_loss:3.3063 train_time:634856ms step_avg:302.89ms
step:2107/5100 lr:0.001 train_loss:3.5073 train_time:635253ms step_avg:302.93ms
step:2108/5100 lr:0.001 train_loss:3.7838 train_time:635649ms step_avg:302.98ms
step:2109/5100 lr:0.001 train_loss:3.3308 train_time:636045ms step_avg:303.02ms
step:2110/5100 lr:0.001 train_loss:3.4577 train_time:636441ms step_avg:303.07ms
step:2111/5100 lr:0.001 train_loss:3.4653 train_time:636837ms step_avg:303.11ms
step:2112/5100 lr:0.001 train_loss:3.4544 train_time:637233ms step_avg:303.16ms
step:2113/5100 lr:0.001 train_loss:3.5736 train_time:637630ms step_avg:303.20ms
step:2114/5100 lr:0.001 train_loss:3.7601 train_time:638026ms step_avg:303.24ms
step:2115/5100 lr:0.001 train_loss:3.4532 train_time:638421ms step_avg:303.29ms
step:2116/5100 lr:0.001 train_loss:3.4703 train_time:638818ms step_avg:303.33ms
step:2117/5100 lr:0.001 train_loss:3.3760 train_time:639214ms step_avg:303.38ms
step:2118/5100 lr:0.001 train_loss:3.4618 train_time:639611ms step_avg:303.42ms
step:2119/5100 lr:0.001 train_loss:3.5992 train_time:640007ms step_avg:303.46ms
step:2120/5100 lr:0.001 train_loss:3.5688 train_time:640403ms step_avg:303.51ms
step:2121/5100 lr:0.001 train_loss:3.6245 train_time:640798ms step_avg:303.55ms
step:2122/5100 lr:0.001 train_loss:3.6266 train_time:641194ms step_avg:303.60ms
step:2123/5100 lr:0.001 train_loss:3.5804 train_time:641591ms step_avg:303.64ms
step:2124/5100 lr:0.001 train_loss:3.5932 train_time:641987ms step_avg:303.68ms
step:2125/5100 lr:0.001 train_loss:3.4942 train_time:642382ms step_avg:303.73ms
step:2125/5100 val_loss:3.5229 train_time:642396ms step_avg:303.73ms
step:2126/5100 lr:0.001 train_loss:3.3822 train_time:646621ms step_avg:305.59ms
step:2127/5100 lr:0.001 train_loss:3.6511 train_time:647017ms step_avg:305.63ms
step:2128/5100 lr:0.001 train_loss:3.5392 train_time:647413ms step_avg:305.67ms
step:2129/5100 lr:0.001 train_loss:3.5421 train_time:647809ms step_avg:305.71ms
step:2130/5100 lr:0.001 train_loss:3.5124 train_time:648205ms step_avg:305.76ms
step:2131/5100 lr:0.001 train_loss:3.6079 train_time:648602ms step_avg:305.80ms
step:2132/5100 lr:0.001 train_loss:3.5074 train_time:648999ms step_avg:305.84ms
step:2133/5100 lr:0.001 train_loss:3.3577 train_time:649394ms step_avg:305.89ms
step:2134/5100 lr:0.001 train_loss:3.4394 train_time:649790ms step_avg:305.93ms
step:2135/5100 lr:0.001 train_loss:3.5350 train_time:650196ms step_avg:305.97ms
step:2136/5100 lr:0.001 train_loss:3.3580 train_time:650586ms step_avg:306.01ms
step:2137/5100 lr:0.001 train_loss:3.4258 train_time:650983ms step_avg:306.06ms
step:2138/5100 lr:0.001 train_loss:3.4976 train_time:651379ms step_avg:306.10ms
step:2139/5100 lr:0.001 train_loss:3.5558 train_time:651775ms step_avg:306.14ms
step:2140/5100 lr:0.001 train_loss:3.5947 train_time:652171ms step_avg:306.18ms
step:2141/5100 lr:0.001 train_loss:3.6488 train_time:652568ms step_avg:306.23ms
step:2142/5100 lr:0.001 train_loss:3.5535 train_time:652965ms step_avg:306.27ms
step:2143/5100 lr:0.001 train_loss:3.6993 train_time:653362ms step_avg:306.31ms
step:2144/5100 lr:0.001 train_loss:3.7056 train_time:653759ms step_avg:306.35ms
step:2145/5100 lr:0.001 train_loss:3.4178 train_time:654155ms step_avg:306.40ms
step:2146/5100 lr:0.001 train_loss:4.0249 train_time:654552ms step_avg:306.44ms
step:2147/5100 lr:0.001 train_loss:3.4811 train_time:654948ms step_avg:306.48ms
step:2148/5100 lr:0.001 train_loss:3.5703 train_time:655345ms step_avg:306.52ms
step:2149/5100 lr:0.001 train_loss:3.4712 train_time:655742ms step_avg:306.56ms
step:2150/5100 lr:0.001 train_loss:3.6644 train_time:656376ms step_avg:306.72ms
step:2151/5100 lr:0.001 train_loss:3.2496 train_time:656772ms step_avg:306.76ms
step:2152/5100 lr:0.001 train_loss:3.4214 train_time:657168ms step_avg:306.80ms
step:2153/5100 lr:0.001 train_loss:3.9108 train_time:657565ms step_avg:306.84ms
step:2154/5100 lr:0.001 train_loss:3.6197 train_time:657961ms step_avg:306.89ms
step:2155/5100 lr:0.001 train_loss:3.5086 train_time:658357ms step_avg:306.93ms
step:2156/5100 lr:0.001 train_loss:3.4161 train_time:658753ms step_avg:306.97ms
step:2157/5100 lr:0.001 train_loss:3.7025 train_time:659149ms step_avg:307.01ms
step:2158/5100 lr:0.001 train_loss:3.7011 train_time:659546ms step_avg:307.05ms
step:2159/5100 lr:0.001 train_loss:3.7115 train_time:659943ms step_avg:307.09ms
step:2160/5100 lr:0.001 train_loss:3.4319 train_time:660339ms step_avg:307.13ms
step:2161/5100 lr:0.001 train_loss:3.6072 train_time:660734ms step_avg:307.18ms
step:2162/5100 lr:0.001 train_loss:3.4929 train_time:661131ms step_avg:307.22ms
step:2163/5100 lr:0.001 train_loss:3.4371 train_time:661527ms step_avg:307.26ms
step:2164/5100 lr:0.001 train_loss:3.2637 train_time:661924ms step_avg:307.30ms
step:2165/5100 lr:0.001 train_loss:3.5460 train_time:662320ms step_avg:307.34ms
step:2166/5100 lr:0.001 train_loss:3.5620 train_time:662716ms step_avg:307.38ms
step:2167/5100 lr:0.001 train_loss:3.5680 train_time:663112ms step_avg:307.42ms
step:2168/5100 lr:0.001 train_loss:3.6178 train_time:663749ms step_avg:307.58ms
step:2169/5100 lr:0.001 train_loss:3.5404 train_time:664145ms step_avg:307.62ms
step:2170/5100 lr:0.001 train_loss:3.4318 train_time:664543ms step_avg:307.66ms
step:2171/5100 lr:0.001 train_loss:3.3746 train_time:664939ms step_avg:307.70ms
step:2172/5100 lr:0.001 train_loss:3.6033 train_time:665335ms step_avg:307.74ms
step:2173/5100 lr:0.001 train_loss:3.5140 train_time:665731ms step_avg:307.78ms
step:2174/5100 lr:0.001 train_loss:3.2173 train_time:666127ms step_avg:307.82ms
step:2175/5100 lr:0.001 train_loss:3.7946 train_time:666524ms step_avg:307.86ms
step:2176/5100 lr:0.001 train_loss:3.4715 train_time:666920ms step_avg:307.90ms
step:2177/5100 lr:0.001 train_loss:3.4947 train_time:667315ms step_avg:307.94ms
step:2178/5100 lr:0.001 train_loss:3.5526 train_time:667711ms step_avg:307.98ms
step:2179/5100 lr:0.001 train_loss:3.5270 train_time:668107ms step_avg:308.03ms
step:2180/5100 lr:0.001 train_loss:3.6086 train_time:668503ms step_avg:308.07ms
step:2181/5100 lr:0.001 train_loss:3.5585 train_time:668900ms step_avg:308.11ms
step:2182/5100 lr:0.001 train_loss:3.4614 train_time:669296ms step_avg:308.15ms
step:2183/5100 lr:0.001 train_loss:3.7429 train_time:669699ms step_avg:308.19ms
step:2184/5100 lr:0.001 train_loss:3.4723 train_time:670094ms step_avg:308.23ms
step:2185/5100 lr:0.001 train_loss:3.4253 train_time:670484ms step_avg:308.27ms
step:2186/5100 lr:0.001 train_loss:4.3037 train_time:670880ms step_avg:308.31ms
step:2187/5100 lr:0.001 train_loss:3.7543 train_time:671276ms step_avg:308.35ms
step:2188/5100 lr:0.001 train_loss:3.5332 train_time:671672ms step_avg:308.39ms
step:2189/5100 lr:0.001 train_loss:3.3982 train_time:672068ms step_avg:308.43ms
step:2190/5100 lr:0.001 train_loss:3.5000 train_time:672464ms step_avg:308.47ms
step:2191/5100 lr:0.001 train_loss:3.5631 train_time:672861ms step_avg:308.51ms
step:2192/5100 lr:0.001 train_loss:3.4414 train_time:673256ms step_avg:308.55ms
step:2193/5100 lr:0.001 train_loss:3.4320 train_time:673652ms step_avg:308.59ms
step:2194/5100 lr:0.001 train_loss:3.5546 train_time:674048ms step_avg:308.63ms
step:2195/5100 lr:0.001 train_loss:3.3257 train_time:674445ms step_avg:308.67ms
step:2196/5100 lr:0.001 train_loss:3.7348 train_time:674841ms step_avg:308.71ms
step:2197/5100 lr:0.001 train_loss:3.5769 train_time:675237ms step_avg:308.75ms
step:2198/5100 lr:0.001 train_loss:3.6798 train_time:675633ms step_avg:308.79ms
step:2199/5100 lr:0.001 train_loss:3.6662 train_time:676029ms step_avg:308.83ms
step:2200/5100 lr:0.001 train_loss:3.7263 train_time:676426ms step_avg:308.87ms
step:2201/5100 lr:0.001 train_loss:3.6204 train_time:676823ms step_avg:308.91ms
step:2202/5100 lr:0.001 train_loss:3.4993 train_time:677218ms step_avg:308.95ms
step:2203/5100 lr:0.001 train_loss:3.6235 train_time:677613ms step_avg:308.99ms
step:2204/5100 lr:0.001 train_loss:3.5919 train_time:678009ms step_avg:309.03ms
step:2205/5100 lr:0.001 train_loss:3.6000 train_time:678405ms step_avg:309.07ms
step:2206/5100 lr:0.001 train_loss:3.6003 train_time:678803ms step_avg:309.11ms
step:2207/5100 lr:0.001 train_loss:3.3538 train_time:679198ms step_avg:309.15ms
step:2208/5100 lr:0.001 train_loss:3.8624 train_time:679594ms step_avg:309.19ms
step:2209/5100 lr:0.001 train_loss:3.4393 train_time:679990ms step_avg:309.23ms
step:2210/5100 lr:0.001 train_loss:3.4579 train_time:680387ms step_avg:309.27ms
step:2211/5100 lr:0.001 train_loss:3.7385 train_time:680783ms step_avg:309.31ms
step:2212/5100 lr:0.001 train_loss:3.3976 train_time:681179ms step_avg:309.35ms
step:2213/5100 lr:0.001 train_loss:3.5909 train_time:681575ms step_avg:309.38ms
step:2214/5100 lr:0.001 train_loss:3.5130 train_time:681971ms step_avg:309.42ms
step:2215/5100 lr:0.001 train_loss:3.5686 train_time:682367ms step_avg:309.46ms
step:2216/5100 lr:0.001 train_loss:3.4395 train_time:682763ms step_avg:309.50ms
step:2217/5100 lr:0.001 train_loss:3.4320 train_time:683159ms step_avg:309.54ms
step:2218/5100 lr:0.001 train_loss:3.8270 train_time:683555ms step_avg:309.58ms
step:2219/5100 lr:0.001 train_loss:3.6483 train_time:683950ms step_avg:309.62ms
step:2220/5100 lr:0.001 train_loss:3.5210 train_time:684347ms step_avg:309.66ms
step:2221/5100 lr:0.001 train_loss:3.7766 train_time:684744ms step_avg:309.70ms
step:2222/5100 lr:0.001 train_loss:3.8085 train_time:685140ms step_avg:309.74ms
step:2223/5100 lr:0.001 train_loss:3.5772 train_time:685536ms step_avg:309.78ms
step:2224/5100 lr:0.001 train_loss:3.5359 train_time:685932ms step_avg:309.82ms
step:2225/5100 lr:0.001 train_loss:3.5199 train_time:686328ms step_avg:309.85ms
step:2226/5100 lr:0.001 train_loss:3.5479 train_time:686725ms step_avg:309.89ms
step:2227/5100 lr:0.001 train_loss:3.6122 train_time:687121ms step_avg:309.93ms
step:2228/5100 lr:0.001 train_loss:3.5362 train_time:687517ms step_avg:309.97ms
step:2229/5100 lr:0.001 train_loss:3.6655 train_time:687912ms step_avg:310.01ms
step:2230/5100 lr:0.001 train_loss:3.4940 train_time:688308ms step_avg:310.05ms
step:2231/5100 lr:0.001 train_loss:3.4971 train_time:688705ms step_avg:310.09ms
step:2232/5100 lr:0.001 train_loss:3.4835 train_time:689100ms step_avg:310.13ms
step:2233/5100 lr:0.001 train_loss:3.8224 train_time:689497ms step_avg:310.17ms
step:2234/5100 lr:0.001 train_loss:3.3622 train_time:689893ms step_avg:310.20ms
step:2235/5100 lr:0.001 train_loss:3.6154 train_time:690288ms step_avg:310.24ms
step:2236/5100 lr:0.001 train_loss:3.3386 train_time:690685ms step_avg:310.28ms
step:2237/5100 lr:0.001 train_loss:3.3262 train_time:691080ms step_avg:310.32ms
step:2238/5100 lr:0.001 train_loss:3.4403 train_time:691476ms step_avg:310.36ms
step:2239/5100 lr:0.001 train_loss:3.6204 train_time:691871ms step_avg:310.40ms
step:2240/5100 lr:0.001 train_loss:3.4579 train_time:692502ms step_avg:310.54ms
step:2241/5100 lr:0.001 train_loss:3.5950 train_time:692897ms step_avg:310.58ms
step:2242/5100 lr:0.001 train_loss:3.5706 train_time:693293ms step_avg:310.62ms
step:2243/5100 lr:0.001 train_loss:3.5561 train_time:693689ms step_avg:310.65ms
step:2244/5100 lr:0.001 train_loss:3.6838 train_time:694086ms step_avg:310.69ms
step:2245/5100 lr:0.001 train_loss:3.5169 train_time:694483ms step_avg:310.73ms
step:2246/5100 lr:0.001 train_loss:3.3770 train_time:694879ms step_avg:310.77ms
step:2247/5100 lr:0.001 train_loss:3.4413 train_time:695275ms step_avg:310.81ms
step:2248/5100 lr:0.001 train_loss:3.5329 train_time:695671ms step_avg:310.84ms
step:2249/5100 lr:0.001 train_loss:3.5109 train_time:696067ms step_avg:310.88ms
step:2250/5100 lr:0.001 train_loss:3.4035 train_time:696464ms step_avg:310.92ms
step:2250/5100 val_loss:3.5043 train_time:696478ms step_avg:310.93ms
step:2251/5100 lr:0.001 train_loss:3.3321 train_time:700629ms step_avg:312.64ms
step:2252/5100 lr:0.001 train_loss:3.4037 train_time:701025ms step_avg:312.68ms
step:2253/5100 lr:0.001 train_loss:3.5917 train_time:701421ms step_avg:312.72ms
step:2254/5100 lr:0.001 train_loss:3.4603 train_time:701818ms step_avg:312.75ms
step:2255/5100 lr:0.001 train_loss:3.4692 train_time:702215ms step_avg:312.79ms
step:2256/5100 lr:0.001 train_loss:3.4736 train_time:702610ms step_avg:312.83ms
step:2257/5100 lr:0.001 train_loss:3.4892 train_time:703006ms step_avg:312.86ms
step:2258/5100 lr:0.001 train_loss:3.7103 train_time:703402ms step_avg:312.90ms
step:2259/5100 lr:0.001 train_loss:3.3015 train_time:703798ms step_avg:312.94ms
step:2260/5100 lr:0.001 train_loss:3.2566 train_time:704194ms step_avg:312.98ms
step:2261/5100 lr:0.001 train_loss:3.9286 train_time:704591ms step_avg:313.01ms
step:2262/5100 lr:0.001 train_loss:3.3765 train_time:704986ms step_avg:313.05ms
step:2263/5100 lr:0.001 train_loss:5.2770 train_time:705382ms step_avg:313.09ms
step:2264/5100 lr:0.001 train_loss:3.4830 train_time:705779ms step_avg:313.12ms
step:2265/5100 lr:0.001 train_loss:3.7574 train_time:706175ms step_avg:313.16ms
step:2266/5100 lr:0.001 train_loss:3.4697 train_time:706571ms step_avg:313.20ms
step:2267/5100 lr:0.001 train_loss:3.5272 train_time:706967ms step_avg:313.23ms
step:2268/5100 lr:0.001 train_loss:3.4596 train_time:707363ms step_avg:313.27ms
step:2269/5100 lr:0.001 train_loss:3.5076 train_time:707759ms step_avg:313.31ms
step:2270/5100 lr:0.001 train_loss:3.6299 train_time:708156ms step_avg:313.34ms
step:2271/5100 lr:0.001 train_loss:3.3581 train_time:708552ms step_avg:313.38ms
step:2272/5100 lr:0.001 train_loss:3.4165 train_time:708948ms step_avg:313.42ms
step:2273/5100 lr:0.001 train_loss:3.6308 train_time:709343ms step_avg:313.45ms
step:2274/5100 lr:0.001 train_loss:3.4288 train_time:709739ms step_avg:313.49ms
step:2275/5100 lr:0.001 train_loss:3.6345 train_time:710144ms step_avg:313.53ms
step:2276/5100 lr:0.001 train_loss:3.3778 train_time:710533ms step_avg:313.56ms
step:2277/5100 lr:0.001 train_loss:3.6846 train_time:710928ms step_avg:313.60ms
step:2278/5100 lr:0.001 train_loss:3.6117 train_time:711324ms step_avg:313.63ms
step:2279/5100 lr:0.001 train_loss:3.3957 train_time:711720ms step_avg:313.67ms
step:2280/5100 lr:0.001 train_loss:3.5086 train_time:712324ms step_avg:313.80ms
step:2281/5100 lr:0.001 train_loss:3.8563 train_time:712720ms step_avg:313.84ms
step:2282/5100 lr:0.001 train_loss:3.4481 train_time:713117ms step_avg:313.87ms
step:2283/5100 lr:0.001 train_loss:3.3309 train_time:713515ms step_avg:313.91ms
step:2284/5100 lr:0.001 train_loss:3.5323 train_time:713911ms step_avg:313.94ms
step:2285/5100 lr:0.001 train_loss:3.4304 train_time:714307ms step_avg:313.98ms
step:2286/5100 lr:0.001 train_loss:3.2905 train_time:714909ms step_avg:314.11ms
step:2287/5100 lr:0.001 train_loss:3.3532 train_time:715305ms step_avg:314.14ms
step:2288/5100 lr:0.001 train_loss:3.4830 train_time:715702ms step_avg:314.18ms
step:2289/5100 lr:0.001 train_loss:3.4009 train_time:716098ms step_avg:314.22ms
step:2290/5100 lr:0.001 train_loss:3.5316 train_time:716495ms step_avg:314.25ms
step:2291/5100 lr:0.001 train_loss:3.5158 train_time:716891ms step_avg:314.29ms
step:2292/5100 lr:0.001 train_loss:3.3341 train_time:717287ms step_avg:314.32ms
step:2293/5100 lr:0.001 train_loss:3.5240 train_time:717683ms step_avg:314.36ms
step:2294/5100 lr:0.001 train_loss:3.5332 train_time:718079ms step_avg:314.40ms
step:2295/5100 lr:0.001 train_loss:3.7314 train_time:718476ms step_avg:314.43ms
step:2296/5100 lr:0.001 train_loss:3.3307 train_time:718874ms step_avg:314.47ms
step:2297/5100 lr:0.001 train_loss:4.1482 train_time:719270ms step_avg:314.50ms
step:2298/5100 lr:0.001 train_loss:3.4417 train_time:719666ms step_avg:314.54ms
step:2299/5100 lr:0.001 train_loss:3.3731 train_time:720064ms step_avg:314.58ms
step:2300/5100 lr:0.001 train_loss:3.5468 train_time:720460ms step_avg:314.61ms
step:2301/5100 lr:0.001 train_loss:3.4659 train_time:720856ms step_avg:314.65ms
step:2302/5100 lr:0.001 train_loss:3.5047 train_time:721253ms step_avg:314.68ms
step:2303/5100 lr:0.001 train_loss:3.9351 train_time:721649ms step_avg:314.72ms
step:2304/5100 lr:0.001 train_loss:3.5349 train_time:722045ms step_avg:314.75ms
step:2305/5100 lr:0.001 train_loss:3.3040 train_time:722442ms step_avg:314.79ms
step:2306/5100 lr:0.001 train_loss:3.7182 train_time:722838ms step_avg:314.82ms
step:2307/5100 lr:0.001 train_loss:3.3478 train_time:723235ms step_avg:314.86ms
step:2308/5100 lr:0.001 train_loss:3.5127 train_time:723631ms step_avg:314.90ms
step:2309/5100 lr:0.001 train_loss:3.4614 train_time:724027ms step_avg:314.93ms
step:2310/5100 lr:0.001 train_loss:3.4107 train_time:724423ms step_avg:314.97ms
step:2311/5100 lr:0.001 train_loss:3.7204 train_time:724820ms step_avg:315.00ms
step:2312/5100 lr:0.001 train_loss:3.3410 train_time:725216ms step_avg:315.04ms
step:2313/5100 lr:0.001 train_loss:3.5480 train_time:725613ms step_avg:315.07ms
step:2314/5100 lr:0.001 train_loss:3.5148 train_time:726009ms step_avg:315.11ms
step:2315/5100 lr:0.001 train_loss:3.6310 train_time:726405ms step_avg:315.14ms
step:2316/5100 lr:0.001 train_loss:3.3337 train_time:726802ms step_avg:315.18ms
step:2317/5100 lr:0.001 train_loss:3.5262 train_time:727199ms step_avg:315.21ms
step:2318/5100 lr:0.001 train_loss:3.5774 train_time:727595ms step_avg:315.25ms
step:2319/5100 lr:0.001 train_loss:3.5378 train_time:728239ms step_avg:315.39ms
step:2320/5100 lr:0.001 train_loss:3.4190 train_time:728629ms step_avg:315.42ms
step:2321/5100 lr:0.001 train_loss:3.4903 train_time:729025ms step_avg:315.46ms
step:2322/5100 lr:0.001 train_loss:3.3363 train_time:729421ms step_avg:315.49ms
step:2323/5100 lr:0.001 train_loss:3.5212 train_time:729818ms step_avg:315.53ms
step:2324/5100 lr:0.001 train_loss:3.4678 train_time:730214ms step_avg:315.56ms
step:2325/5100 lr:0.001 train_loss:3.1446 train_time:730610ms step_avg:315.60ms
step:2326/5100 lr:0.001 train_loss:3.4417 train_time:731006ms step_avg:315.63ms
step:2327/5100 lr:0.001 train_loss:3.5893 train_time:731403ms step_avg:315.67ms
step:2328/5100 lr:0.001 train_loss:3.4816 train_time:731799ms step_avg:315.70ms
step:2329/5100 lr:0.001 train_loss:3.5130 train_time:732196ms step_avg:315.74ms
step:2330/5100 lr:0.001 train_loss:3.5310 train_time:732593ms step_avg:315.77ms
step:2331/5100 lr:0.001 train_loss:3.6096 train_time:732989ms step_avg:315.81ms
step:2332/5100 lr:0.001 train_loss:3.6144 train_time:733385ms step_avg:315.84ms
step:2333/5100 lr:0.001 train_loss:3.3369 train_time:733782ms step_avg:315.88ms
step:2334/5100 lr:0.001 train_loss:3.4408 train_time:734178ms step_avg:315.91ms
step:2335/5100 lr:0.001 train_loss:3.4245 train_time:734575ms step_avg:315.95ms
step:2336/5100 lr:0.001 train_loss:3.3775 train_time:735124ms step_avg:316.05ms
step:2337/5100 lr:0.001 train_loss:3.1606 train_time:735520ms step_avg:316.08ms
step:2338/5100 lr:0.001 train_loss:3.4779 train_time:735916ms step_avg:316.12ms
step:2339/5100 lr:0.001 train_loss:3.4736 train_time:736312ms step_avg:316.15ms
step:2340/5100 lr:0.001 train_loss:3.5626 train_time:736708ms step_avg:316.18ms
step:2341/5100 lr:0.001 train_loss:3.3505 train_time:737104ms step_avg:316.22ms
step:2342/5100 lr:0.001 train_loss:3.5119 train_time:737500ms step_avg:316.25ms
step:2343/5100 lr:0.001 train_loss:3.4643 train_time:737896ms step_avg:316.29ms
step:2344/5100 lr:0.001 train_loss:3.3905 train_time:738292ms step_avg:316.32ms
step:2345/5100 lr:0.001 train_loss:3.6142 train_time:738687ms step_avg:316.35ms
step:2346/5100 lr:0.001 train_loss:3.5008 train_time:739083ms step_avg:316.39ms
step:2347/5100 lr:0.001 train_loss:3.4575 train_time:739479ms step_avg:316.42ms
step:2348/5100 lr:0.001 train_loss:3.4630 train_time:739876ms step_avg:316.46ms
step:2349/5100 lr:0.001 train_loss:3.5496 train_time:740272ms step_avg:316.49ms
step:2350/5100 lr:0.001 train_loss:3.4629 train_time:740668ms step_avg:316.52ms
step:2351/5100 lr:0.001 train_loss:3.5292 train_time:741066ms step_avg:316.56ms
step:2352/5100 lr:0.001 train_loss:3.5489 train_time:741460ms step_avg:316.59ms
step:2353/5100 lr:0.001 train_loss:3.4819 train_time:741857ms step_avg:316.63ms
step:2354/5100 lr:0.001 train_loss:3.5282 train_time:742499ms step_avg:316.77ms
step:2355/5100 lr:0.001 train_loss:3.3383 train_time:742895ms step_avg:316.80ms
step:2356/5100 lr:0.001 train_loss:3.3107 train_time:743292ms step_avg:316.83ms
step:2357/5100 lr:0.001 train_loss:3.4389 train_time:743688ms step_avg:316.87ms
step:2358/5100 lr:0.001 train_loss:3.4702 train_time:744083ms step_avg:316.90ms
step:2359/5100 lr:0.001 train_loss:3.5577 train_time:744479ms step_avg:316.93ms
step:2360/5100 lr:0.001 train_loss:3.4440 train_time:744875ms step_avg:316.97ms
step:2361/5100 lr:0.001 train_loss:3.3039 train_time:745271ms step_avg:317.00ms
step:2362/5100 lr:0.001 train_loss:3.6198 train_time:745667ms step_avg:317.04ms
step:2363/5100 lr:0.001 train_loss:3.3135 train_time:746063ms step_avg:317.07ms
step:2364/5100 lr:0.001 train_loss:3.3925 train_time:746459ms step_avg:317.10ms
step:2365/5100 lr:0.001 train_loss:3.3314 train_time:746855ms step_avg:317.14ms
step:2366/5100 lr:0.001 train_loss:3.3265 train_time:747251ms step_avg:317.17ms
step:2367/5100 lr:0.001 train_loss:3.4519 train_time:747647ms step_avg:317.20ms
step:2368/5100 lr:0.001 train_loss:3.3373 train_time:748045ms step_avg:317.24ms
step:2369/5100 lr:0.001 train_loss:3.4749 train_time:748440ms step_avg:317.27ms
step:2370/5100 lr:0.001 train_loss:3.4265 train_time:748835ms step_avg:317.30ms
step:2371/5100 lr:0.001 train_loss:3.4899 train_time:749232ms step_avg:317.34ms
step:2372/5100 lr:0.001 train_loss:3.5685 train_time:749627ms step_avg:317.37ms
step:2373/5100 lr:0.001 train_loss:3.4766 train_time:750023ms step_avg:317.40ms
step:2374/5100 lr:0.001 train_loss:3.4921 train_time:750420ms step_avg:317.44ms
step:2375/5100 lr:0.001 train_loss:3.5838 train_time:750817ms step_avg:317.47ms
step:2375/5100 val_loss:3.4902 train_time:750831ms step_avg:317.48ms
step:2376/5100 lr:0.001 train_loss:3.3985 train_time:755049ms step_avg:319.12ms
step:2377/5100 lr:0.001 train_loss:3.6298 train_time:755445ms step_avg:319.16ms
step:2378/5100 lr:0.001 train_loss:3.4563 train_time:755841ms step_avg:319.19ms
step:2379/5100 lr:0.001 train_loss:4.1612 train_time:756237ms step_avg:319.22ms
step:2380/5100 lr:0.001 train_loss:3.4250 train_time:756633ms step_avg:319.25ms
step:2381/5100 lr:0.001 train_loss:3.3703 train_time:757028ms step_avg:319.29ms
step:2382/5100 lr:0.001 train_loss:3.6937 train_time:757424ms step_avg:319.32ms
step:2383/5100 lr:0.001 train_loss:3.5759 train_time:757820ms step_avg:319.35ms
step:2384/5100 lr:0.001 train_loss:3.6130 train_time:758217ms step_avg:319.38ms
step:2385/5100 lr:0.001 train_loss:3.5332 train_time:758612ms step_avg:319.42ms
step:2386/5100 lr:0.001 train_loss:3.3936 train_time:759007ms step_avg:319.45ms
step:2387/5100 lr:0.001 train_loss:3.5498 train_time:759404ms step_avg:319.48ms
step:2388/5100 lr:0.001 train_loss:3.5805 train_time:759800ms step_avg:319.51ms
step:2389/5100 lr:0.001 train_loss:3.4215 train_time:760196ms step_avg:319.54ms
step:2390/5100 lr:0.001 train_loss:3.3686 train_time:760592ms step_avg:319.58ms
step:2391/5100 lr:0.001 train_loss:3.5504 train_time:760988ms step_avg:319.61ms
step:2392/5100 lr:0.001 train_loss:3.5436 train_time:761384ms step_avg:319.64ms
step:2393/5100 lr:0.001 train_loss:3.5939 train_time:761780ms step_avg:319.67ms
step:2394/5100 lr:0.001 train_loss:3.5163 train_time:762176ms step_avg:319.70ms
step:2395/5100 lr:0.001 train_loss:3.5947 train_time:762571ms step_avg:319.74ms
step:2396/5100 lr:0.001 train_loss:3.4081 train_time:762967ms step_avg:319.77ms
step:2397/5100 lr:0.001 train_loss:3.3792 train_time:763363ms step_avg:319.80ms
step:2398/5100 lr:0.001 train_loss:3.6285 train_time:763759ms step_avg:319.83ms
step:2399/5100 lr:0.001 train_loss:3.3966 train_time:764155ms step_avg:319.86ms
step:2400/5100 lr:0.001 train_loss:3.6039 train_time:764551ms step_avg:319.90ms
step:2401/5100 lr:0.001 train_loss:3.6507 train_time:764947ms step_avg:319.93ms
step:2402/5100 lr:0.001 train_loss:3.8297 train_time:765342ms step_avg:319.96ms
step:2403/5100 lr:0.001 train_loss:3.7566 train_time:765738ms step_avg:319.99ms
step:2404/5100 lr:0.001 train_loss:3.5346 train_time:766134ms step_avg:320.02ms
step:2405/5100 lr:0.001 train_loss:3.3796 train_time:766529ms step_avg:320.05ms
step:2406/5100 lr:0.001 train_loss:3.4114 train_time:766925ms step_avg:320.09ms
step:2407/5100 lr:0.001 train_loss:3.5817 train_time:767322ms step_avg:320.12ms
step:2408/5100 lr:0.001 train_loss:3.3880 train_time:767718ms step_avg:320.15ms
step:2409/5100 lr:0.001 train_loss:3.4626 train_time:768113ms step_avg:320.18ms
step:2410/5100 lr:0.001 train_loss:3.7801 train_time:768509ms step_avg:320.21ms
step:2411/5100 lr:0.001 train_loss:3.4286 train_time:768905ms step_avg:320.24ms
step:2412/5100 lr:0.001 train_loss:3.5677 train_time:769302ms step_avg:320.28ms
step:2413/5100 lr:0.001 train_loss:3.4700 train_time:769697ms step_avg:320.31ms
step:2414/5100 lr:0.001 train_loss:3.5066 train_time:770330ms step_avg:320.44ms
step:2415/5100 lr:0.001 train_loss:3.5853 train_time:770727ms step_avg:320.47ms
step:2416/5100 lr:0.001 train_loss:3.4262 train_time:771123ms step_avg:320.50ms
step:2417/5100 lr:0.001 train_loss:3.5964 train_time:771518ms step_avg:320.53ms
step:2418/5100 lr:0.001 train_loss:3.5776 train_time:771914ms step_avg:320.56ms
step:2419/5100 lr:0.001 train_loss:3.4460 train_time:772310ms step_avg:320.59ms
step:2420/5100 lr:0.001 train_loss:3.4270 train_time:772706ms step_avg:320.62ms
step:2421/5100 lr:0.001 train_loss:3.5655 train_time:773102ms step_avg:320.66ms
step:2422/5100 lr:0.001 train_loss:3.3845 train_time:773498ms step_avg:320.69ms
step:2423/5100 lr:0.001 train_loss:3.3147 train_time:773893ms step_avg:320.72ms
step:2424/5100 lr:0.001 train_loss:3.6436 train_time:774289ms step_avg:320.75ms
step:2425/5100 lr:0.001 train_loss:3.4781 train_time:774685ms step_avg:320.78ms
step:2426/5100 lr:0.001 train_loss:3.4763 train_time:775082ms step_avg:320.81ms
step:2427/5100 lr:0.001 train_loss:3.4890 train_time:775478ms step_avg:320.84ms
step:2428/5100 lr:0.001 train_loss:3.6909 train_time:775873ms step_avg:320.87ms
step:2429/5100 lr:0.001 train_loss:3.4904 train_time:776269ms step_avg:320.91ms
step:2430/5100 lr:0.001 train_loss:3.7393 train_time:776665ms step_avg:320.94ms
step:2431/5100 lr:0.001 train_loss:3.6044 train_time:777061ms step_avg:320.97ms
step:2432/5100 lr:0.001 train_loss:3.4896 train_time:777457ms step_avg:321.00ms
step:2433/5100 lr:0.001 train_loss:3.5074 train_time:777852ms step_avg:321.03ms
step:2434/5100 lr:0.001 train_loss:3.4913 train_time:778248ms step_avg:321.06ms
step:2435/5100 lr:0.001 train_loss:3.5079 train_time:778644ms step_avg:321.09ms
step:2436/5100 lr:0.001 train_loss:3.4766 train_time:779040ms step_avg:321.12ms
step:2437/5100 lr:0.001 train_loss:3.4802 train_time:779437ms step_avg:321.15ms
step:2438/5100 lr:0.001 train_loss:3.5185 train_time:779833ms step_avg:321.18ms
step:2439/5100 lr:0.001 train_loss:3.3486 train_time:780229ms step_avg:321.21ms
step:2440/5100 lr:0.001 train_loss:3.3029 train_time:780625ms step_avg:321.24ms
step:2441/5100 lr:0.001 train_loss:3.5265 train_time:781022ms step_avg:321.28ms
step:2442/5100 lr:0.001 train_loss:3.2878 train_time:781419ms step_avg:321.31ms
step:2443/5100 lr:0.001 train_loss:3.4575 train_time:781815ms step_avg:321.34ms
step:2444/5100 lr:0.001 train_loss:3.5624 train_time:782457ms step_avg:321.47ms
step:2445/5100 lr:0.001 train_loss:3.5775 train_time:782853ms step_avg:321.50ms
step:2446/5100 lr:0.001 train_loss:3.4707 train_time:783249ms step_avg:321.53ms
step:2447/5100 lr:0.001 train_loss:3.4291 train_time:783645ms step_avg:321.56ms
step:2448/5100 lr:0.001 train_loss:3.5752 train_time:784041ms step_avg:321.59ms
step:2449/5100 lr:0.001 train_loss:3.3526 train_time:784441ms step_avg:321.62ms
step:2450/5100 lr:0.001 train_loss:3.4595 train_time:784833ms step_avg:321.65ms
step:2451/5100 lr:0.001 train_loss:3.4588 train_time:785228ms step_avg:321.68ms
step:2452/5100 lr:0.001 train_loss:3.4540 train_time:785624ms step_avg:321.71ms
step:2453/5100 lr:0.001 train_loss:3.4560 train_time:786021ms step_avg:321.74ms
step:2454/5100 lr:0.001 train_loss:3.8245 train_time:786417ms step_avg:321.77ms
step:2455/5100 lr:0.001 train_loss:3.5109 train_time:786812ms step_avg:321.80ms
step:2456/5100 lr:0.001 train_loss:3.4372 train_time:787208ms step_avg:321.83ms
step:2457/5100 lr:0.001 train_loss:3.3778 train_time:787605ms step_avg:321.87ms
step:2458/5100 lr:0.001 train_loss:3.7560 train_time:788001ms step_avg:321.90ms
step:2459/5100 lr:0.001 train_loss:3.4238 train_time:788397ms step_avg:321.93ms
step:2460/5100 lr:0.001 train_loss:3.5974 train_time:788793ms step_avg:321.96ms
step:2461/5100 lr:0.001 train_loss:3.5432 train_time:789189ms step_avg:321.99ms
step:2462/5100 lr:0.001 train_loss:3.4737 train_time:789585ms step_avg:322.02ms
step:2463/5100 lr:0.001 train_loss:3.2750 train_time:789981ms step_avg:322.05ms
step:2464/5100 lr:0.001 train_loss:3.4682 train_time:790378ms step_avg:322.08ms
step:2465/5100 lr:0.001 train_loss:3.4504 train_time:790774ms step_avg:322.11ms
step:2466/5100 lr:0.001 train_loss:3.5529 train_time:791169ms step_avg:322.14ms
step:2467/5100 lr:0.001 train_loss:3.3529 train_time:791565ms step_avg:322.17ms
step:2468/5100 lr:0.001 train_loss:3.7047 train_time:791962ms step_avg:322.20ms
step:2469/5100 lr:0.001 train_loss:3.4852 train_time:792358ms step_avg:322.23ms
step:2470/5100 lr:0.001 train_loss:3.5959 train_time:792965ms step_avg:322.34ms
step:2471/5100 lr:0.001 train_loss:3.6908 train_time:793361ms step_avg:322.37ms
step:2472/5100 lr:0.001 train_loss:3.4697 train_time:793757ms step_avg:322.40ms
step:2473/5100 lr:0.001 train_loss:3.4090 train_time:794153ms step_avg:322.43ms
step:2474/5100 lr:0.001 train_loss:3.4868 train_time:794549ms step_avg:322.46ms
step:2475/5100 lr:0.001 train_loss:3.5068 train_time:794945ms step_avg:322.49ms
step:2476/5100 lr:0.001 train_loss:3.4713 train_time:795341ms step_avg:322.52ms
step:2477/5100 lr:0.001 train_loss:3.5910 train_time:795946ms step_avg:322.64ms
step:2478/5100 lr:0.001 train_loss:3.4619 train_time:796342ms step_avg:322.67ms
step:2479/5100 lr:0.001 train_loss:3.3407 train_time:796741ms step_avg:322.70ms
step:2480/5100 lr:0.001 train_loss:3.4146 train_time:797135ms step_avg:322.73ms
step:2481/5100 lr:0.001 train_loss:3.4462 train_time:797530ms step_avg:322.76ms
step:2482/5100 lr:0.001 train_loss:3.4801 train_time:797925ms step_avg:322.79ms
step:2483/5100 lr:0.001 train_loss:3.5054 train_time:798322ms step_avg:322.82ms
step:2484/5100 lr:0.001 train_loss:3.4889 train_time:798719ms step_avg:322.85ms
step:2485/5100 lr:0.001 train_loss:3.6819 train_time:799114ms step_avg:322.87ms
step:2486/5100 lr:0.001 train_loss:3.4989 train_time:799510ms step_avg:322.90ms
step:2487/5100 lr:0.001 train_loss:3.5819 train_time:799906ms step_avg:322.93ms
step:2488/5100 lr:0.001 train_loss:3.7111 train_time:800302ms step_avg:322.96ms
step:2489/5100 lr:0.001 train_loss:3.1496 train_time:800698ms step_avg:322.99ms
step:2490/5100 lr:0.001 train_loss:3.4744 train_time:801094ms step_avg:323.02ms
step:2491/5100 lr:0.001 train_loss:3.4595 train_time:801489ms step_avg:323.05ms
step:2492/5100 lr:0.001 train_loss:3.5007 train_time:801885ms step_avg:323.08ms
step:2493/5100 lr:0.001 train_loss:3.4844 train_time:802282ms step_avg:323.11ms
step:2494/5100 lr:0.001 train_loss:3.5266 train_time:802677ms step_avg:323.14ms
step:2495/5100 lr:0.001 train_loss:3.5834 train_time:803073ms step_avg:323.17ms
step:2496/5100 lr:0.001 train_loss:3.6143 train_time:803468ms step_avg:323.20ms
step:2497/5100 lr:0.001 train_loss:3.6363 train_time:803864ms step_avg:323.23ms
step:2498/5100 lr:0.001 train_loss:3.5629 train_time:804261ms step_avg:323.26ms
step:2499/5100 lr:0.001 train_loss:3.3798 train_time:804657ms step_avg:323.29ms
step:2500/5100 lr:0.001 train_loss:3.5407 train_time:805052ms step_avg:323.31ms
step:2500/5100 val_loss:3.4754 train_time:805066ms step_avg:323.32ms
step:2501/5100 lr:0.001 train_loss:3.6057 train_time:809250ms step_avg:324.87ms
step:2502/5100 lr:0.001 train_loss:3.5656 train_time:809647ms step_avg:324.90ms
step:2503/5100 lr:0.001 train_loss:3.2207 train_time:810043ms step_avg:324.93ms
step:2504/5100 lr:0.001 train_loss:3.7069 train_time:810439ms step_avg:324.96ms
step:2505/5100 lr:0.001 train_loss:3.3167 train_time:810835ms step_avg:324.98ms
step:2506/5100 lr:0.001 train_loss:3.6218 train_time:811231ms step_avg:325.01ms
step:2507/5100 lr:0.001 train_loss:3.4161 train_time:811628ms step_avg:325.04ms
step:2508/5100 lr:0.001 train_loss:3.4538 train_time:812024ms step_avg:325.07ms
step:2509/5100 lr:0.001 train_loss:3.6255 train_time:812420ms step_avg:325.10ms
step:2510/5100 lr:0.001 train_loss:3.5319 train_time:812815ms step_avg:325.13ms
step:2511/5100 lr:0.001 train_loss:3.4791 train_time:813212ms step_avg:325.15ms
step:2512/5100 lr:0.001 train_loss:3.4862 train_time:813608ms step_avg:325.18ms
step:2513/5100 lr:0.001 train_loss:3.3717 train_time:814005ms step_avg:325.21ms
step:2514/5100 lr:0.001 train_loss:3.2693 train_time:814401ms step_avg:325.24ms
step:2515/5100 lr:0.001 train_loss:3.4838 train_time:814797ms step_avg:325.27ms
step:2516/5100 lr:0.001 train_loss:3.7552 train_time:815193ms step_avg:325.30ms
step:2517/5100 lr:0.001 train_loss:3.4342 train_time:815589ms step_avg:325.32ms
step:2518/5100 lr:0.001 train_loss:3.5779 train_time:815985ms step_avg:325.35ms
step:2519/5100 lr:0.001 train_loss:3.4647 train_time:816380ms step_avg:325.38ms
step:2520/5100 lr:0.001 train_loss:3.5767 train_time:816776ms step_avg:325.41ms
step:2521/5100 lr:0.001 train_loss:3.5192 train_time:817172ms step_avg:325.44ms
step:2522/5100 lr:0.001 train_loss:3.4430 train_time:817569ms step_avg:325.47ms
step:2523/5100 lr:0.001 train_loss:3.5148 train_time:817965ms step_avg:325.49ms
step:2524/5100 lr:0.001 train_loss:3.6550 train_time:818369ms step_avg:325.52ms
step:2525/5100 lr:0.001 train_loss:3.4675 train_time:818767ms step_avg:325.55ms
step:2526/5100 lr:0.001 train_loss:3.6780 train_time:819157ms step_avg:325.58ms
step:2527/5100 lr:0.001 train_loss:3.4523 train_time:819552ms step_avg:325.61ms
step:2528/5100 lr:0.001 train_loss:3.3809 train_time:819949ms step_avg:325.64ms
step:2529/5100 lr:0.001 train_loss:3.4722 train_time:820345ms step_avg:325.66ms
step:2530/5100 lr:0.001 train_loss:3.4885 train_time:820741ms step_avg:325.69ms
step:2531/5100 lr:0.001 train_loss:3.6027 train_time:821137ms step_avg:325.72ms
step:2532/5100 lr:0.001 train_loss:3.4205 train_time:821533ms step_avg:325.75ms
step:2533/5100 lr:0.001 train_loss:3.8002 train_time:821929ms step_avg:325.77ms
step:2534/5100 lr:0.001 train_loss:3.4985 train_time:822325ms step_avg:325.80ms
step:2535/5100 lr:0.001 train_loss:3.3300 train_time:822720ms step_avg:325.83ms
step:2536/5100 lr:0.001 train_loss:3.5546 train_time:823115ms step_avg:325.86ms
step:2537/5100 lr:0.001 train_loss:3.6064 train_time:823511ms step_avg:325.88ms
step:2538/5100 lr:0.001 train_loss:3.4183 train_time:823907ms step_avg:325.91ms
step:2539/5100 lr:0.001 train_loss:3.4617 train_time:824303ms step_avg:325.94ms
step:2540/5100 lr:0.001 train_loss:3.5361 train_time:824699ms step_avg:325.97ms
step:2541/5100 lr:0.001 train_loss:3.4341 train_time:825094ms step_avg:326.00ms
step:2542/5100 lr:0.001 train_loss:3.3425 train_time:825490ms step_avg:326.02ms
step:2543/5100 lr:0.001 train_loss:3.4814 train_time:825886ms step_avg:326.05ms
step:2544/5100 lr:0.001 train_loss:3.3200 train_time:826282ms step_avg:326.08ms
step:2545/5100 lr:0.001 train_loss:3.3236 train_time:826677ms step_avg:326.11ms
step:2546/5100 lr:0.001 train_loss:3.5351 train_time:827073ms step_avg:326.13ms
step:2547/5100 lr:0.001 train_loss:3.6630 train_time:827469ms step_avg:326.16ms
step:2548/5100 lr:0.001 train_loss:3.3648 train_time:827865ms step_avg:326.19ms
step:2549/5100 lr:0.001 train_loss:3.5192 train_time:828261ms step_avg:326.22ms
step:2550/5100 lr:0.001 train_loss:3.5054 train_time:828657ms step_avg:326.24ms
step:2551/5100 lr:0.001 train_loss:3.5562 train_time:829053ms step_avg:326.27ms
step:2552/5100 lr:0.001 train_loss:3.4790 train_time:829449ms step_avg:326.30ms
step:2553/5100 lr:0.001 train_loss:3.4401 train_time:829845ms step_avg:326.33ms
step:2554/5100 lr:0.001 train_loss:3.2881 train_time:830240ms step_avg:326.35ms
step:2555/5100 lr:0.001 train_loss:3.2207 train_time:830636ms step_avg:326.38ms
step:2556/5100 lr:0.001 train_loss:3.4565 train_time:831032ms step_avg:326.41ms
step:2557/5100 lr:0.001 train_loss:3.4454 train_time:831428ms step_avg:326.43ms
step:2558/5100 lr:0.001 train_loss:3.3254 train_time:831824ms step_avg:326.46ms
step:2559/5100 lr:0.001 train_loss:3.4694 train_time:832219ms step_avg:326.49ms
step:2560/5100 lr:0.001 train_loss:3.5337 train_time:832615ms step_avg:326.52ms
step:2561/5100 lr:0.001 train_loss:3.4863 train_time:833011ms step_avg:326.54ms
step:2562/5100 lr:0.001 train_loss:3.2848 train_time:833407ms step_avg:326.57ms
step:2563/5100 lr:0.001 train_loss:3.1249 train_time:833803ms step_avg:326.60ms
step:2564/5100 lr:0.001 train_loss:3.4597 train_time:834199ms step_avg:326.62ms
step:2565/5100 lr:0.001 train_loss:3.4914 train_time:834595ms step_avg:326.65ms
step:2566/5100 lr:0.001 train_loss:3.4712 train_time:834992ms step_avg:326.68ms
step:2567/5100 lr:0.001 train_loss:3.2472 train_time:835388ms step_avg:326.71ms
step:2568/5100 lr:0.001 train_loss:3.2373 train_time:835784ms step_avg:326.73ms
step:2569/5100 lr:0.001 train_loss:3.4045 train_time:836180ms step_avg:326.76ms
step:2570/5100 lr:0.001 train_loss:3.6041 train_time:836576ms step_avg:326.79ms
step:2571/5100 lr:0.001 train_loss:3.4770 train_time:836972ms step_avg:326.81ms
step:2572/5100 lr:0.001 train_loss:3.6141 train_time:837369ms step_avg:326.84ms
step:2573/5100 lr:0.001 train_loss:3.3578 train_time:837765ms step_avg:326.87ms
step:2574/5100 lr:0.001 train_loss:3.5585 train_time:838160ms step_avg:326.90ms
step:2575/5100 lr:0.001 train_loss:3.4249 train_time:838556ms step_avg:326.92ms
step:2576/5100 lr:0.001 train_loss:3.4622 train_time:838952ms step_avg:326.95ms
step:2577/5100 lr:0.001 train_loss:3.6903 train_time:839348ms step_avg:326.98ms
step:2578/5100 lr:0.001 train_loss:3.2509 train_time:839744ms step_avg:327.00ms
step:2579/5100 lr:0.001 train_loss:3.3279 train_time:840140ms step_avg:327.03ms
step:2580/5100 lr:0.001 train_loss:3.4958 train_time:840536ms step_avg:327.06ms
step:2581/5100 lr:0.001 train_loss:3.5059 train_time:840932ms step_avg:327.08ms
step:2582/5100 lr:0.001 train_loss:3.3261 train_time:841328ms step_avg:327.11ms
step:2583/5100 lr:0.001 train_loss:3.6345 train_time:841724ms step_avg:327.14ms
step:2584/5100 lr:0.001 train_loss:3.4683 train_time:842120ms step_avg:327.16ms
step:2585/5100 lr:0.001 train_loss:3.4911 train_time:842516ms step_avg:327.19ms
step:2586/5100 lr:0.001 train_loss:3.4242 train_time:842912ms step_avg:327.22ms
step:2587/5100 lr:0.001 train_loss:3.5692 train_time:843308ms step_avg:327.24ms
step:2588/5100 lr:0.001 train_loss:3.5038 train_time:843704ms step_avg:327.27ms
step:2589/5100 lr:0.001 train_loss:3.4349 train_time:844099ms step_avg:327.30ms
step:2590/5100 lr:0.001 train_loss:3.5536 train_time:844495ms step_avg:327.32ms
step:2591/5100 lr:0.001 train_loss:3.4356 train_time:844891ms step_avg:327.35ms
step:2592/5100 lr:0.001 train_loss:3.3347 train_time:845287ms step_avg:327.38ms
step:2593/5100 lr:0.001 train_loss:3.4670 train_time:845683ms step_avg:327.40ms
step:2594/5100 lr:0.001 train_loss:3.4442 train_time:846078ms step_avg:327.43ms
step:2595/5100 lr:0.001 train_loss:3.3981 train_time:846474ms step_avg:327.46ms
step:2596/5100 lr:0.001 train_loss:3.3092 train_time:846871ms step_avg:327.48ms
step:2597/5100 lr:0.001 train_loss:3.5041 train_time:847267ms step_avg:327.51ms
step:2598/5100 lr:0.001 train_loss:3.4201 train_time:847663ms step_avg:327.54ms
step:2599/5100 lr:0.001 train_loss:3.3033 train_time:848058ms step_avg:327.56ms
step:2600/5100 lr:0.001 train_loss:3.6569 train_time:848454ms step_avg:327.59ms
step:2601/5100 lr:0.001 train_loss:3.4732 train_time:848850ms step_avg:327.61ms
step:2602/5100 lr:0.001 train_loss:3.3389 train_time:849246ms step_avg:327.64ms
step:2603/5100 lr:0.001 train_loss:3.4666 train_time:849642ms step_avg:327.67ms
step:2604/5100 lr:0.001 train_loss:3.6350 train_time:850037ms step_avg:327.69ms
step:2605/5100 lr:0.001 train_loss:3.4611 train_time:850433ms step_avg:327.72ms
step:2606/5100 lr:0.001 train_loss:3.1755 train_time:850829ms step_avg:327.75ms
step:2607/5100 lr:0.001 train_loss:3.4988 train_time:851226ms step_avg:327.77ms
step:2608/5100 lr:0.001 train_loss:3.4391 train_time:851621ms step_avg:327.80ms
step:2609/5100 lr:0.001 train_loss:3.5060 train_time:852017ms step_avg:327.82ms
step:2610/5100 lr:0.001 train_loss:3.4148 train_time:852413ms step_avg:327.85ms
step:2611/5100 lr:0.001 train_loss:3.6273 train_time:852809ms step_avg:327.88ms
step:2612/5100 lr:0.001 train_loss:3.3569 train_time:853205ms step_avg:327.90ms
step:2613/5100 lr:0.001 train_loss:3.6226 train_time:853601ms step_avg:327.93ms
step:2614/5100 lr:0.001 train_loss:3.2846 train_time:853996ms step_avg:327.96ms
step:2615/5100 lr:0.001 train_loss:3.3847 train_time:854393ms step_avg:327.98ms
step:2616/5100 lr:0.001 train_loss:3.3916 train_time:854789ms step_avg:328.01ms
step:2617/5100 lr:0.001 train_loss:3.4967 train_time:855185ms step_avg:328.03ms
step:2618/5100 lr:0.001 train_loss:3.5391 train_time:855581ms step_avg:328.06ms
step:2619/5100 lr:0.001 train_loss:3.4396 train_time:855976ms step_avg:328.09ms
step:2620/5100 lr:0.001 train_loss:3.2988 train_time:856373ms step_avg:328.11ms
step:2621/5100 lr:0.001 train_loss:3.6045 train_time:856769ms step_avg:328.14ms
step:2622/5100 lr:0.001 train_loss:3.4159 train_time:857165ms step_avg:328.16ms
step:2623/5100 lr:0.001 train_loss:3.4423 train_time:857561ms step_avg:328.19ms
step:2624/5100 lr:0.001 train_loss:3.6798 train_time:857957ms step_avg:328.22ms
step:2625/5100 lr:0.001 train_loss:3.4666 train_time:858353ms step_avg:328.24ms
step:2625/5100 val_loss:3.4610 train_time:858367ms step_avg:328.25ms
step:2626/5100 lr:0.001 train_loss:3.5303 train_time:862423ms step_avg:329.67ms
step:2627/5100 lr:0.001 train_loss:3.6035 train_time:862822ms step_avg:329.70ms
step:2628/5100 lr:0.001 train_loss:3.2969 train_time:863215ms step_avg:329.72ms
step:2629/5100 lr:0.001 train_loss:3.3095 train_time:863614ms step_avg:329.75ms
step:2630/5100 lr:0.001 train_loss:3.3907 train_time:864008ms step_avg:329.77ms
step:2631/5100 lr:0.001 train_loss:3.4260 train_time:864405ms step_avg:329.80ms
step:2632/5100 lr:0.001 train_loss:3.6360 train_time:864802ms step_avg:329.83ms
step:2633/5100 lr:0.001 train_loss:3.6649 train_time:865198ms step_avg:329.85ms
step:2634/5100 lr:0.001 train_loss:3.6182 train_time:865593ms step_avg:329.88ms
step:2635/5100 lr:0.001 train_loss:3.5218 train_time:865990ms step_avg:329.90ms
step:2636/5100 lr:0.001 train_loss:3.4475 train_time:866386ms step_avg:329.93ms
step:2637/5100 lr:0.001 train_loss:3.4517 train_time:866783ms step_avg:329.95ms
step:2638/5100 lr:0.001 train_loss:3.6730 train_time:867180ms step_avg:329.98ms
step:2639/5100 lr:0.001 train_loss:3.4292 train_time:867581ms step_avg:330.00ms
step:2640/5100 lr:0.001 train_loss:3.4061 train_time:867973ms step_avg:330.03ms
step:2641/5100 lr:0.001 train_loss:3.4575 train_time:868377ms step_avg:330.06ms
step:2642/5100 lr:0.001 train_loss:3.6369 train_time:868770ms step_avg:330.08ms
step:2643/5100 lr:0.001 train_loss:3.6311 train_time:869166ms step_avg:330.10ms
step:2644/5100 lr:0.001 train_loss:3.3492 train_time:869562ms step_avg:330.13ms
step:2645/5100 lr:0.001 train_loss:3.6440 train_time:869958ms step_avg:330.15ms
step:2646/5100 lr:0.001 train_loss:3.4395 train_time:870354ms step_avg:330.18ms
step:2647/5100 lr:0.001 train_loss:3.5632 train_time:870750ms step_avg:330.20ms
step:2648/5100 lr:0.001 train_loss:3.3896 train_time:871145ms step_avg:330.23ms
step:2649/5100 lr:0.001 train_loss:3.3222 train_time:871541ms step_avg:330.25ms
step:2650/5100 lr:0.001 train_loss:3.4531 train_time:871937ms step_avg:330.28ms
step:2651/5100 lr:0.001 train_loss:3.3724 train_time:872332ms step_avg:330.30ms
step:2652/5100 lr:0.001 train_loss:3.4393 train_time:872728ms step_avg:330.33ms
step:2653/5100 lr:0.001 train_loss:3.7472 train_time:873125ms step_avg:330.35ms
step:2654/5100 lr:0.001 train_loss:3.5153 train_time:873521ms step_avg:330.38ms
step:2655/5100 lr:0.001 train_loss:3.4042 train_time:873917ms step_avg:330.40ms
step:2656/5100 lr:0.001 train_loss:3.4345 train_time:874314ms step_avg:330.43ms
step:2657/5100 lr:0.001 train_loss:3.5640 train_time:874708ms step_avg:330.45ms
step:2658/5100 lr:0.001 train_loss:3.3907 train_time:875106ms step_avg:330.48ms
step:2659/5100 lr:0.001 train_loss:3.4706 train_time:875501ms step_avg:330.50ms
step:2660/5100 lr:0.001 train_loss:3.4701 train_time:876100ms step_avg:330.60ms
step:2661/5100 lr:0.001 train_loss:3.5640 train_time:876495ms step_avg:330.63ms
step:2662/5100 lr:0.001 train_loss:3.5020 train_time:876891ms step_avg:330.65ms
step:2663/5100 lr:0.001 train_loss:3.4072 train_time:877287ms step_avg:330.68ms
step:2664/5100 lr:0.001 train_loss:3.5674 train_time:877683ms step_avg:330.70ms
step:2665/5100 lr:0.001 train_loss:3.4748 train_time:878080ms step_avg:330.73ms
step:2666/5100 lr:0.001 train_loss:3.4803 train_time:878475ms step_avg:330.75ms
step:2667/5100 lr:0.001 train_loss:3.6048 train_time:879075ms step_avg:330.85ms
step:2668/5100 lr:0.001 train_loss:3.4281 train_time:879471ms step_avg:330.88ms
step:2669/5100 lr:0.001 train_loss:3.5708 train_time:879868ms step_avg:330.90ms
step:2670/5100 lr:0.001 train_loss:3.4750 train_time:880265ms step_avg:330.93ms
step:2671/5100 lr:0.001 train_loss:3.3785 train_time:880661ms step_avg:330.95ms
step:2672/5100 lr:0.001 train_loss:3.4479 train_time:881057ms step_avg:330.98ms
step:2673/5100 lr:0.001 train_loss:3.3890 train_time:881453ms step_avg:331.00ms
step:2674/5100 lr:0.001 train_loss:3.5535 train_time:881849ms step_avg:331.02ms
step:2675/5100 lr:0.001 train_loss:3.3732 train_time:882246ms step_avg:331.05ms
step:2676/5100 lr:0.001 train_loss:3.5520 train_time:882643ms step_avg:331.07ms
step:2677/5100 lr:0.001 train_loss:3.3025 train_time:883040ms step_avg:331.10ms
step:2678/5100 lr:0.001 train_loss:3.3608 train_time:883436ms step_avg:331.12ms
step:2679/5100 lr:0.001 train_loss:3.4095 train_time:883833ms step_avg:331.15ms
step:2680/5100 lr:0.001 train_loss:3.5068 train_time:884229ms step_avg:331.17ms
step:2681/5100 lr:0.001 train_loss:3.4298 train_time:884627ms step_avg:331.20ms
step:2682/5100 lr:0.001 train_loss:3.4561 train_time:885023ms step_avg:331.22ms
step:2683/5100 lr:0.001 train_loss:3.3897 train_time:885420ms step_avg:331.25ms
step:2684/5100 lr:0.001 train_loss:3.5107 train_time:885815ms step_avg:331.27ms
step:2685/5100 lr:0.001 train_loss:3.5506 train_time:886212ms step_avg:331.29ms
step:2686/5100 lr:0.001 train_loss:3.3541 train_time:886608ms step_avg:331.32ms
step:2687/5100 lr:0.001 train_loss:3.2833 train_time:887005ms step_avg:331.34ms
step:2688/5100 lr:0.001 train_loss:3.3153 train_time:887401ms step_avg:331.37ms
step:2689/5100 lr:0.001 train_loss:3.4283 train_time:887797ms step_avg:331.39ms
step:2690/5100 lr:0.001 train_loss:3.5452 train_time:888193ms step_avg:331.42ms
step:2691/5100 lr:0.001 train_loss:3.6019 train_time:888590ms step_avg:331.44ms
step:2692/5100 lr:0.001 train_loss:3.4683 train_time:888986ms step_avg:331.46ms
step:2693/5100 lr:0.001 train_loss:3.4285 train_time:889382ms step_avg:331.49ms
step:2694/5100 lr:0.001 train_loss:3.7628 train_time:889779ms step_avg:331.51ms
step:2695/5100 lr:0.001 train_loss:3.4754 train_time:890174ms step_avg:331.54ms
step:2696/5100 lr:0.001 train_loss:3.4322 train_time:890570ms step_avg:331.56ms
step:2697/5100 lr:0.001 train_loss:3.3745 train_time:890967ms step_avg:331.58ms
step:2698/5100 lr:0.001 train_loss:3.4613 train_time:891364ms step_avg:331.61ms
step:2699/5100 lr:0.001 train_loss:3.3103 train_time:891760ms step_avg:331.63ms
step:2700/5100 lr:0.001 train_loss:3.9257 train_time:892156ms step_avg:331.66ms
step:2701/5100 lr:0.001 train_loss:3.5167 train_time:892553ms step_avg:331.68ms
step:2702/5100 lr:0.001 train_loss:3.3599 train_time:892950ms step_avg:331.71ms
step:2703/5100 lr:0.001 train_loss:3.5064 train_time:893346ms step_avg:331.73ms
step:2704/5100 lr:0.001 train_loss:3.4038 train_time:893743ms step_avg:331.75ms
step:2705/5100 lr:0.001 train_loss:3.5472 train_time:894139ms step_avg:331.78ms
step:2706/5100 lr:0.001 train_loss:3.6506 train_time:894535ms step_avg:331.80ms
step:2707/5100 lr:0.001 train_loss:3.4302 train_time:894932ms step_avg:331.82ms
step:2708/5100 lr:0.001 train_loss:3.3633 train_time:895328ms step_avg:331.85ms
step:2709/5100 lr:0.001 train_loss:3.3443 train_time:895725ms step_avg:331.87ms
step:2710/5100 lr:0.001 train_loss:3.3721 train_time:896122ms step_avg:331.90ms
step:2711/5100 lr:0.001 train_loss:3.3751 train_time:896518ms step_avg:331.92ms
step:2712/5100 lr:0.001 train_loss:3.6611 train_time:896914ms step_avg:331.94ms
step:2713/5100 lr:0.001 train_loss:3.4971 train_time:897311ms step_avg:331.97ms
step:2714/5100 lr:0.001 train_loss:3.4914 train_time:897707ms step_avg:331.99ms
step:2715/5100 lr:0.001 train_loss:3.5285 train_time:898104ms step_avg:332.02ms
step:2716/5100 lr:0.001 train_loss:3.6289 train_time:898500ms step_avg:332.04ms
step:2717/5100 lr:0.001 train_loss:3.4691 train_time:898895ms step_avg:332.06ms
step:2718/5100 lr:0.001 train_loss:3.5016 train_time:899291ms step_avg:332.09ms
step:2719/5100 lr:0.001 train_loss:3.2820 train_time:899688ms step_avg:332.11ms
step:2720/5100 lr:0.001 train_loss:3.5761 train_time:900084ms step_avg:332.13ms
step:2721/5100 lr:0.001 train_loss:3.3026 train_time:900481ms step_avg:332.16ms
step:2722/5100 lr:0.001 train_loss:3.2797 train_time:900877ms step_avg:332.18ms
step:2723/5100 lr:0.001 train_loss:3.6846 train_time:901273ms step_avg:332.21ms
step:2724/5100 lr:0.001 train_loss:3.4125 train_time:901669ms step_avg:332.23ms
step:2725/5100 lr:0.001 train_loss:3.4656 train_time:902065ms step_avg:332.25ms
step:2726/5100 lr:0.001 train_loss:3.3000 train_time:902462ms step_avg:332.28ms
step:2727/5100 lr:0.001 train_loss:3.5307 train_time:902859ms step_avg:332.30ms
step:2728/5100 lr:0.001 train_loss:3.6559 train_time:903255ms step_avg:332.32ms
step:2729/5100 lr:0.001 train_loss:3.3555 train_time:903651ms step_avg:332.35ms
step:2730/5100 lr:0.001 train_loss:3.4394 train_time:904048ms step_avg:332.37ms
step:2731/5100 lr:0.001 train_loss:3.5628 train_time:904445ms step_avg:332.39ms
step:2732/5100 lr:0.001 train_loss:3.4142 train_time:904842ms step_avg:332.42ms
step:2733/5100 lr:0.001 train_loss:3.4503 train_time:905238ms step_avg:332.44ms
step:2734/5100 lr:0.001 train_loss:3.6305 train_time:905633ms step_avg:332.46ms
step:2735/5100 lr:0.001 train_loss:3.5434 train_time:906029ms step_avg:332.49ms
step:2736/5100 lr:0.001 train_loss:3.3583 train_time:906426ms step_avg:332.51ms
step:2737/5100 lr:0.001 train_loss:3.4242 train_time:906821ms step_avg:332.53ms
step:2738/5100 lr:0.001 train_loss:3.3303 train_time:907217ms step_avg:332.56ms
step:2739/5100 lr:0.001 train_loss:3.3596 train_time:907612ms step_avg:332.58ms
step:2740/5100 lr:0.001 train_loss:3.3619 train_time:908008ms step_avg:332.60ms
step:2741/5100 lr:0.001 train_loss:3.3856 train_time:908404ms step_avg:332.63ms
step:2742/5100 lr:0.001 train_loss:3.2436 train_time:908800ms step_avg:332.65ms
step:2743/5100 lr:0.001 train_loss:3.4976 train_time:909196ms step_avg:332.67ms
step:2744/5100 lr:0.001 train_loss:3.4303 train_time:909591ms step_avg:332.70ms
step:2745/5100 lr:0.001 train_loss:3.7720 train_time:909988ms step_avg:332.72ms
step:2746/5100 lr:0.001 train_loss:3.4922 train_time:910383ms step_avg:332.74ms
step:2747/5100 lr:0.001 train_loss:3.4444 train_time:910780ms step_avg:332.77ms
step:2748/5100 lr:0.001 train_loss:3.3907 train_time:911175ms step_avg:332.79ms
step:2749/5100 lr:0.001 train_loss:3.4218 train_time:911571ms step_avg:332.81ms
step:2750/5100 lr:0.001 train_loss:3.3550 train_time:911967ms step_avg:332.83ms
step:2750/5100 val_loss:3.4498 train_time:911981ms step_avg:332.84ms
step:2751/5100 lr:0.001 train_loss:3.4023 train_time:916142ms step_avg:334.24ms
step:2752/5100 lr:0.001 train_loss:3.2610 train_time:916537ms step_avg:334.26ms
step:2753/5100 lr:0.001 train_loss:3.3561 train_time:916933ms step_avg:334.28ms
step:2754/5100 lr:0.001 train_loss:3.5074 train_time:917329ms step_avg:334.30ms
step:2755/5100 lr:0.001 train_loss:3.4658 train_time:917725ms step_avg:334.33ms
step:2756/5100 lr:0.001 train_loss:3.5397 train_time:918121ms step_avg:334.35ms
step:2757/5100 lr:0.001 train_loss:3.5524 train_time:918517ms step_avg:334.37ms
step:2758/5100 lr:0.001 train_loss:3.5341 train_time:918912ms step_avg:334.39ms
step:2759/5100 lr:0.001 train_loss:3.6120 train_time:919308ms step_avg:334.42ms
step:2760/5100 lr:0.001 train_loss:3.3691 train_time:919704ms step_avg:334.44ms
step:2761/5100 lr:0.001 train_loss:3.4307 train_time:920099ms step_avg:334.46ms
step:2762/5100 lr:0.001 train_loss:3.5479 train_time:920495ms step_avg:334.48ms
step:2763/5100 lr:0.001 train_loss:3.4677 train_time:920891ms step_avg:334.50ms
step:2764/5100 lr:0.001 train_loss:3.1182 train_time:921297ms step_avg:334.53ms
step:2765/5100 lr:0.001 train_loss:3.4270 train_time:921689ms step_avg:334.55ms
step:2766/5100 lr:0.001 train_loss:3.4649 train_time:922088ms step_avg:334.57ms
step:2767/5100 lr:0.001 train_loss:3.5338 train_time:922484ms step_avg:334.60ms
step:2768/5100 lr:0.001 train_loss:3.4759 train_time:922879ms step_avg:334.62ms
step:2769/5100 lr:0.001 train_loss:3.3576 train_time:923274ms step_avg:334.64ms
step:2770/5100 lr:0.001 train_loss:3.4381 train_time:923671ms step_avg:334.66ms
step:2771/5100 lr:0.001 train_loss:3.5009 train_time:924066ms step_avg:334.69ms
step:2772/5100 lr:0.001 train_loss:3.2626 train_time:924463ms step_avg:334.71ms
step:2773/5100 lr:0.001 train_loss:3.4503 train_time:924858ms step_avg:334.73ms
step:2774/5100 lr:0.001 train_loss:3.5585 train_time:925254ms step_avg:334.75ms
step:2775/5100 lr:0.001 train_loss:3.3065 train_time:925650ms step_avg:334.77ms
step:2776/5100 lr:0.001 train_loss:3.5382 train_time:926046ms step_avg:334.80ms
step:2777/5100 lr:0.001 train_loss:3.5561 train_time:926442ms step_avg:334.82ms
step:2778/5100 lr:0.001 train_loss:3.4046 train_time:926838ms step_avg:334.84ms
step:2779/5100 lr:0.001 train_loss:3.2487 train_time:927234ms step_avg:334.86ms
step:2780/5100 lr:0.001 train_loss:3.3924 train_time:927629ms step_avg:334.88ms
step:2781/5100 lr:0.001 train_loss:3.6405 train_time:928026ms step_avg:334.91ms
step:2782/5100 lr:0.001 train_loss:3.4466 train_time:928422ms step_avg:334.93ms
step:2783/5100 lr:0.001 train_loss:3.5915 train_time:928817ms step_avg:334.95ms
step:2784/5100 lr:0.001 train_loss:3.4714 train_time:929213ms step_avg:334.97ms
step:2785/5100 lr:0.001 train_loss:3.3633 train_time:929609ms step_avg:334.99ms
step:2786/5100 lr:0.001 train_loss:3.3063 train_time:930008ms step_avg:335.02ms
step:2787/5100 lr:0.001 train_loss:3.3937 train_time:930401ms step_avg:335.04ms
step:2788/5100 lr:0.001 train_loss:3.4449 train_time:930797ms step_avg:335.06ms
step:2789/5100 lr:0.001 train_loss:3.4587 train_time:931193ms step_avg:335.08ms
step:2790/5100 lr:0.001 train_loss:3.4657 train_time:931588ms step_avg:335.10ms
step:2791/5100 lr:0.001 train_loss:3.4481 train_time:931984ms step_avg:335.13ms
step:2792/5100 lr:0.001 train_loss:3.4339 train_time:932380ms step_avg:335.15ms
step:2793/5100 lr:0.001 train_loss:3.3604 train_time:932776ms step_avg:335.17ms
step:2794/5100 lr:0.001 train_loss:3.5580 train_time:933172ms step_avg:335.19ms
step:2795/5100 lr:0.001 train_loss:3.4762 train_time:933568ms step_avg:335.21ms
step:2796/5100 lr:0.001 train_loss:3.4259 train_time:933964ms step_avg:335.23ms
step:2797/5100 lr:0.001 train_loss:3.4290 train_time:934359ms step_avg:335.26ms
step:2798/5100 lr:0.001 train_loss:3.3657 train_time:934754ms step_avg:335.28ms
step:2799/5100 lr:0.001 train_loss:3.3838 train_time:935150ms step_avg:335.30ms
step:2800/5100 lr:0.001 train_loss:3.5182 train_time:935547ms step_avg:335.32ms
step:2801/5100 lr:0.001 train_loss:3.3285 train_time:935943ms step_avg:335.34ms
step:2802/5100 lr:0.001 train_loss:3.5400 train_time:936338ms step_avg:335.36ms
step:2803/5100 lr:0.001 train_loss:3.3929 train_time:936734ms step_avg:335.39ms
step:2804/5100 lr:0.001 train_loss:3.4295 train_time:937131ms step_avg:335.41ms
step:2805/5100 lr:0.001 train_loss:3.2657 train_time:937527ms step_avg:335.43ms
step:2806/5100 lr:0.001 train_loss:3.6848 train_time:937923ms step_avg:335.45ms
step:2807/5100 lr:0.001 train_loss:3.5669 train_time:938318ms step_avg:335.47ms
step:2808/5100 lr:0.001 train_loss:3.6572 train_time:938714ms step_avg:335.49ms
step:2809/5100 lr:0.001 train_loss:3.3638 train_time:939110ms step_avg:335.52ms
step:2810/5100 lr:0.001 train_loss:3.5320 train_time:939506ms step_avg:335.54ms
step:2811/5100 lr:0.001 train_loss:3.5040 train_time:939902ms step_avg:335.56ms
step:2812/5100 lr:0.001 train_loss:3.2505 train_time:940297ms step_avg:335.58ms
step:2813/5100 lr:0.001 train_loss:3.7090 train_time:940703ms step_avg:335.61ms
step:2814/5100 lr:0.001 train_loss:3.4189 train_time:941094ms step_avg:335.63ms
step:2815/5100 lr:0.001 train_loss:3.3934 train_time:941490ms step_avg:335.65ms
step:2816/5100 lr:0.001 train_loss:3.6986 train_time:941887ms step_avg:335.67ms
step:2817/5100 lr:0.001 train_loss:3.4057 train_time:942283ms step_avg:335.69ms
step:2818/5100 lr:0.001 train_loss:3.4844 train_time:942678ms step_avg:335.71ms
step:2819/5100 lr:0.001 train_loss:3.3067 train_time:943074ms step_avg:335.73ms
step:2820/5100 lr:0.001 train_loss:3.5249 train_time:943470ms step_avg:335.75ms
step:2821/5100 lr:0.001 train_loss:3.4574 train_time:943866ms step_avg:335.78ms
step:2822/5100 lr:0.001 train_loss:3.4577 train_time:944262ms step_avg:335.80ms
step:2823/5100 lr:0.001 train_loss:2.7633 train_time:944658ms step_avg:335.82ms
step:2824/5100 lr:0.001 train_loss:3.4308 train_time:945054ms step_avg:335.84ms
step:2825/5100 lr:0.001 train_loss:3.3359 train_time:945450ms step_avg:335.86ms
step:2826/5100 lr:0.001 train_loss:3.6132 train_time:945846ms step_avg:335.88ms
step:2827/5100 lr:0.001 train_loss:3.4490 train_time:946242ms step_avg:335.90ms
step:2828/5100 lr:0.001 train_loss:3.4844 train_time:946637ms step_avg:335.93ms
step:2829/5100 lr:0.001 train_loss:3.5837 train_time:947033ms step_avg:335.95ms
step:2830/5100 lr:0.001 train_loss:3.5203 train_time:947429ms step_avg:335.97ms
step:2831/5100 lr:0.001 train_loss:3.1800 train_time:947826ms step_avg:335.99ms
step:2832/5100 lr:0.001 train_loss:3.5139 train_time:948222ms step_avg:336.01ms
step:2833/5100 lr:0.001 train_loss:3.5880 train_time:948617ms step_avg:336.03ms
step:2834/5100 lr:0.001 train_loss:3.1692 train_time:949013ms step_avg:336.05ms
step:2835/5100 lr:0.001 train_loss:3.4316 train_time:949409ms step_avg:336.07ms
step:2836/5100 lr:0.001 train_loss:3.4814 train_time:949805ms step_avg:336.10ms
step:2837/5100 lr:0.001 train_loss:3.3970 train_time:950201ms step_avg:336.12ms
step:2838/5100 lr:0.001 train_loss:3.5214 train_time:950597ms step_avg:336.14ms
step:2839/5100 lr:0.001 train_loss:3.3974 train_time:950993ms step_avg:336.16ms
step:2840/5100 lr:0.001 train_loss:3.3844 train_time:951389ms step_avg:336.18ms
step:2841/5100 lr:0.001 train_loss:3.1460 train_time:951785ms step_avg:336.20ms
step:2842/5100 lr:0.001 train_loss:3.6202 train_time:952181ms step_avg:336.22ms
step:2843/5100 lr:0.001 train_loss:3.5056 train_time:952577ms step_avg:336.24ms
step:2844/5100 lr:0.001 train_loss:3.4246 train_time:952973ms step_avg:336.26ms
step:2845/5100 lr:0.001 train_loss:3.3622 train_time:953370ms step_avg:336.29ms
step:2846/5100 lr:0.001 train_loss:3.3688 train_time:953765ms step_avg:336.31ms
step:2847/5100 lr:0.001 train_loss:3.5037 train_time:954161ms step_avg:336.33ms
step:2848/5100 lr:0.001 train_loss:3.3704 train_time:954556ms step_avg:336.35ms
step:2849/5100 lr:0.001 train_loss:3.4614 train_time:954953ms step_avg:336.37ms
step:2850/5100 lr:0.001 train_loss:3.5548 train_time:955562ms step_avg:336.47ms
step:2851/5100 lr:0.001 train_loss:3.4240 train_time:955958ms step_avg:336.49ms
step:2852/5100 lr:0.001 train_loss:3.3774 train_time:956354ms step_avg:336.51ms
step:2853/5100 lr:0.001 train_loss:3.3938 train_time:956750ms step_avg:336.53ms
step:2854/5100 lr:0.001 train_loss:3.8807 train_time:957146ms step_avg:336.55ms
step:2855/5100 lr:0.001 train_loss:3.3973 train_time:957542ms step_avg:336.57ms
step:2856/5100 lr:0.001 train_loss:3.3839 train_time:957937ms step_avg:336.59ms
step:2857/5100 lr:0.001 train_loss:3.5201 train_time:958334ms step_avg:336.61ms
step:2858/5100 lr:0.001 train_loss:3.4022 train_time:958934ms step_avg:336.70ms
step:2859/5100 lr:0.001 train_loss:3.4695 train_time:959330ms step_avg:336.73ms
step:2860/5100 lr:0.001 train_loss:3.4851 train_time:959727ms step_avg:336.75ms
step:2861/5100 lr:0.001 train_loss:3.4509 train_time:960124ms step_avg:336.77ms
step:2862/5100 lr:0.001 train_loss:3.5613 train_time:960519ms step_avg:336.79ms
step:2863/5100 lr:0.001 train_loss:3.5127 train_time:960915ms step_avg:336.81ms
step:2864/5100 lr:0.001 train_loss:3.4522 train_time:961314ms step_avg:336.83ms
step:2865/5100 lr:0.001 train_loss:3.5481 train_time:961708ms step_avg:336.85ms
step:2866/5100 lr:0.001 train_loss:3.3540 train_time:962104ms step_avg:336.87ms
step:2867/5100 lr:0.001 train_loss:3.3852 train_time:962500ms step_avg:336.89ms
step:2868/5100 lr:0.001 train_loss:3.3070 train_time:962895ms step_avg:336.91ms
step:2869/5100 lr:0.001 train_loss:3.5105 train_time:963291ms step_avg:336.93ms
step:2870/5100 lr:0.001 train_loss:3.3983 train_time:963687ms step_avg:336.95ms
step:2871/5100 lr:0.001 train_loss:3.4294 train_time:964083ms step_avg:336.97ms
step:2872/5100 lr:0.001 train_loss:3.5187 train_time:964478ms step_avg:336.99ms
step:2873/5100 lr:0.001 train_loss:3.4251 train_time:964874ms step_avg:337.02ms
step:2874/5100 lr:0.001 train_loss:3.3719 train_time:965270ms step_avg:337.04ms
step:2875/5100 lr:0.001 train_loss:3.5149 train_time:965666ms step_avg:337.06ms
step:2875/5100 val_loss:3.4391 train_time:965680ms step_avg:337.06ms
step:2876/5100 lr:0.001 train_loss:3.2270 train_time:969725ms step_avg:338.35ms
step:2877/5100 lr:0.001 train_loss:3.4193 train_time:970121ms step_avg:338.37ms
step:2878/5100 lr:0.001 train_loss:3.3273 train_time:970517ms step_avg:338.40ms
step:2879/5100 lr:0.001 train_loss:3.4571 train_time:970913ms step_avg:338.42ms
step:2880/5100 lr:0.001 train_loss:3.4522 train_time:971309ms step_avg:338.44ms
step:2881/5100 lr:0.001 train_loss:3.6745 train_time:971704ms step_avg:338.45ms
step:2882/5100 lr:0.001 train_loss:3.5073 train_time:972100ms step_avg:338.47ms
step:2883/5100 lr:0.001 train_loss:3.5048 train_time:972496ms step_avg:338.49ms
step:2884/5100 lr:0.001 train_loss:3.4872 train_time:972891ms step_avg:338.51ms
step:2885/5100 lr:0.001 train_loss:3.2928 train_time:973287ms step_avg:338.53ms
step:2886/5100 lr:0.001 train_loss:3.8787 train_time:973682ms step_avg:338.55ms
step:2887/5100 lr:0.001 train_loss:3.5300 train_time:974078ms step_avg:338.57ms
step:2888/5100 lr:0.001 train_loss:3.4536 train_time:974474ms step_avg:338.59ms
step:2889/5100 lr:0.001 train_loss:3.3086 train_time:974870ms step_avg:338.61ms
step:2890/5100 lr:0.001 train_loss:3.4406 train_time:975266ms step_avg:338.63ms
step:2891/5100 lr:0.001 train_loss:3.5130 train_time:975661ms step_avg:338.65ms
step:2892/5100 lr:0.001 train_loss:3.3150 train_time:976057ms step_avg:338.67ms
step:2893/5100 lr:0.001 train_loss:3.5613 train_time:976454ms step_avg:338.69ms
step:2894/5100 lr:0.001 train_loss:3.4626 train_time:976849ms step_avg:338.71ms
step:2895/5100 lr:0.001 train_loss:3.4944 train_time:977245ms step_avg:338.73ms
step:2896/5100 lr:0.001 train_loss:3.4130 train_time:977640ms step_avg:338.75ms
step:2897/5100 lr:0.001 train_loss:3.5373 train_time:978037ms step_avg:338.77ms
step:2898/5100 lr:0.001 train_loss:3.3230 train_time:978433ms step_avg:338.79ms
step:2899/5100 lr:0.001 train_loss:3.5847 train_time:978829ms step_avg:338.81ms
step:2900/5100 lr:0.001 train_loss:3.2651 train_time:979224ms step_avg:338.83ms
step:2901/5100 lr:0.001 train_loss:3.3563 train_time:979621ms step_avg:338.85ms
step:2902/5100 lr:0.001 train_loss:3.2544 train_time:980017ms step_avg:338.87ms
step:2903/5100 lr:0.001 train_loss:3.4750 train_time:980413ms step_avg:338.89ms
step:2904/5100 lr:0.001 train_loss:3.2923 train_time:980809ms step_avg:338.91ms
step:2905/5100 lr:0.001 train_loss:3.2991 train_time:981204ms step_avg:338.93ms
step:2906/5100 lr:0.001 train_loss:4.8582 train_time:981600ms step_avg:338.95ms
step:2907/5100 lr:0.001 train_loss:3.4417 train_time:981996ms step_avg:338.97ms
step:2908/5100 lr:0.001 train_loss:3.2448 train_time:982392ms step_avg:338.99ms
step:2909/5100 lr:0.001 train_loss:3.3322 train_time:982788ms step_avg:339.01ms
step:2910/5100 lr:0.001 train_loss:3.4997 train_time:983183ms step_avg:339.03ms
step:2911/5100 lr:0.001 train_loss:3.3514 train_time:983580ms step_avg:339.05ms
step:2912/5100 lr:0.001 train_loss:3.5209 train_time:983976ms step_avg:339.07ms
step:2913/5100 lr:0.001 train_loss:3.4387 train_time:984372ms step_avg:339.09ms
step:2914/5100 lr:0.001 train_loss:3.3402 train_time:984767ms step_avg:339.11ms
step:2915/5100 lr:0.001 train_loss:3.5509 train_time:985163ms step_avg:339.13ms
step:2916/5100 lr:0.001 train_loss:3.4568 train_time:985559ms step_avg:339.15ms
step:2917/5100 lr:0.001 train_loss:3.4360 train_time:985955ms step_avg:339.17ms
step:2918/5100 lr:0.001 train_loss:3.3775 train_time:986351ms step_avg:339.19ms
step:2919/5100 lr:0.001 train_loss:3.5465 train_time:986746ms step_avg:339.20ms
step:2920/5100 lr:0.001 train_loss:3.5155 train_time:987141ms step_avg:339.22ms
step:2921/5100 lr:0.001 train_loss:3.3933 train_time:987537ms step_avg:339.24ms
step:2922/5100 lr:0.001 train_loss:3.6480 train_time:987934ms step_avg:339.26ms
step:2923/5100 lr:0.001 train_loss:3.5712 train_time:988330ms step_avg:339.28ms
step:2924/5100 lr:0.001 train_loss:3.4356 train_time:988725ms step_avg:339.30ms
step:2925/5100 lr:0.001 train_loss:3.5178 train_time:989121ms step_avg:339.32ms
step:2926/5100 lr:0.001 train_loss:3.3370 train_time:989517ms step_avg:339.34ms
step:2927/5100 lr:0.001 train_loss:3.4009 train_time:989914ms step_avg:339.36ms
step:2928/5100 lr:0.001 train_loss:3.3574 train_time:990317ms step_avg:339.38ms
step:2929/5100 lr:0.001 train_loss:3.4113 train_time:990708ms step_avg:339.40ms
step:2930/5100 lr:0.001 train_loss:3.6259 train_time:991104ms step_avg:339.42ms
step:2931/5100 lr:0.001 train_loss:3.4087 train_time:991499ms step_avg:339.44ms
step:2932/5100 lr:0.001 train_loss:3.4181 train_time:991895ms step_avg:339.46ms
step:2933/5100 lr:0.001 train_loss:4.0121 train_time:992292ms step_avg:339.48ms
step:2934/5100 lr:0.001 train_loss:3.4865 train_time:992687ms step_avg:339.50ms
step:2935/5100 lr:0.001 train_loss:3.4141 train_time:993083ms step_avg:339.52ms
step:2936/5100 lr:0.001 train_loss:3.4569 train_time:993479ms step_avg:339.53ms
step:2937/5100 lr:0.001 train_loss:3.3285 train_time:993875ms step_avg:339.55ms
step:2938/5100 lr:0.001 train_loss:3.4327 train_time:994271ms step_avg:339.57ms
step:2939/5100 lr:0.001 train_loss:3.7122 train_time:994666ms step_avg:339.59ms
step:2940/5100 lr:0.001 train_loss:3.3606 train_time:995062ms step_avg:339.61ms
step:2941/5100 lr:0.001 train_loss:3.4182 train_time:995458ms step_avg:339.63ms
step:2942/5100 lr:0.001 train_loss:3.5555 train_time:995854ms step_avg:339.65ms
step:2943/5100 lr:0.001 train_loss:3.6358 train_time:996250ms step_avg:339.67ms
step:2944/5100 lr:0.001 train_loss:3.4053 train_time:996645ms step_avg:339.69ms
step:2945/5100 lr:0.001 train_loss:3.4533 train_time:997041ms step_avg:339.71ms
step:2946/5100 lr:0.001 train_loss:3.4609 train_time:997437ms step_avg:339.73ms
step:2947/5100 lr:0.001 train_loss:3.4596 train_time:997833ms step_avg:339.75ms
step:2948/5100 lr:0.001 train_loss:3.3142 train_time:998229ms step_avg:339.76ms
step:2949/5100 lr:0.001 train_loss:3.7304 train_time:998625ms step_avg:339.78ms
step:2950/5100 lr:0.001 train_loss:3.3166 train_time:999021ms step_avg:339.80ms
step:2951/5100 lr:0.001 train_loss:3.6303 train_time:999417ms step_avg:339.82ms
step:2952/5100 lr:0.001 train_loss:3.3355 train_time:999814ms step_avg:339.84ms
step:2953/5100 lr:0.001 train_loss:3.3404 train_time:1000210ms step_avg:339.86ms
step:2954/5100 lr:0.001 train_loss:3.1572 train_time:1000606ms step_avg:339.88ms
step:2955/5100 lr:0.001 train_loss:3.4417 train_time:1001001ms step_avg:339.90ms
step:2956/5100 lr:0.001 train_loss:3.3857 train_time:1001397ms step_avg:339.92ms
step:2957/5100 lr:0.001 train_loss:3.5273 train_time:1001793ms step_avg:339.94ms
step:2958/5100 lr:0.001 train_loss:3.2533 train_time:1002189ms step_avg:339.96ms
step:2959/5100 lr:0.001 train_loss:3.3760 train_time:1002585ms step_avg:339.97ms
step:2960/5100 lr:0.001 train_loss:3.3554 train_time:1002980ms step_avg:339.99ms
step:2961/5100 lr:0.001 train_loss:3.4607 train_time:1003376ms step_avg:340.01ms
step:2962/5100 lr:0.001 train_loss:3.4555 train_time:1003773ms step_avg:340.03ms
step:2963/5100 lr:0.001 train_loss:3.3534 train_time:1004169ms step_avg:340.05ms
step:2964/5100 lr:0.001 train_loss:3.4850 train_time:1004564ms step_avg:340.07ms
step:2965/5100 lr:0.001 train_loss:3.4155 train_time:1004960ms step_avg:340.09ms
step:2966/5100 lr:0.001 train_loss:3.6053 train_time:1005356ms step_avg:340.11ms
step:2967/5100 lr:0.001 train_loss:3.3815 train_time:1005752ms step_avg:340.13ms
step:2968/5100 lr:0.001 train_loss:3.3164 train_time:1006148ms step_avg:340.14ms
step:2969/5100 lr:0.001 train_loss:3.1729 train_time:1006544ms step_avg:340.16ms
step:2970/5100 lr:0.001 train_loss:3.4236 train_time:1006940ms step_avg:340.18ms
step:2971/5100 lr:0.001 train_loss:3.6168 train_time:1007336ms step_avg:340.20ms
step:2972/5100 lr:0.001 train_loss:3.3354 train_time:1007733ms step_avg:340.22ms
step:2973/5100 lr:0.001 train_loss:3.5091 train_time:1008128ms step_avg:340.24ms
step:2974/5100 lr:0.001 train_loss:3.3843 train_time:1008524ms step_avg:340.26ms
step:2975/5100 lr:0.001 train_loss:3.3681 train_time:1008920ms step_avg:340.28ms
step:2976/5100 lr:0.001 train_loss:3.3179 train_time:1009316ms step_avg:340.30ms
step:2977/5100 lr:0.001 train_loss:3.3636 train_time:1009712ms step_avg:340.31ms
step:2978/5100 lr:0.001 train_loss:3.2356 train_time:1010108ms step_avg:340.33ms
step:2979/5100 lr:0.001 train_loss:3.3995 train_time:1010503ms step_avg:340.35ms
step:2980/5100 lr:0.001 train_loss:3.3333 train_time:1010899ms step_avg:340.37ms
step:2981/5100 lr:0.001 train_loss:3.5555 train_time:1011295ms step_avg:340.39ms
step:2982/5100 lr:0.001 train_loss:3.3258 train_time:1011691ms step_avg:340.41ms
step:2983/5100 lr:0.001 train_loss:3.3609 train_time:1012087ms step_avg:340.43ms
step:2984/5100 lr:0.001 train_loss:3.4360 train_time:1012482ms step_avg:340.44ms
step:2985/5100 lr:0.001 train_loss:3.4370 train_time:1012878ms step_avg:340.46ms
step:2986/5100 lr:0.001 train_loss:3.4747 train_time:1013274ms step_avg:340.48ms
step:2987/5100 lr:0.001 train_loss:3.5265 train_time:1013671ms step_avg:340.50ms
step:2988/5100 lr:0.001 train_loss:3.3693 train_time:1014066ms step_avg:340.52ms
step:2989/5100 lr:0.001 train_loss:3.3785 train_time:1014461ms step_avg:340.54ms
step:2990/5100 lr:0.001 train_loss:3.5357 train_time:1014858ms step_avg:340.56ms
step:2991/5100 lr:0.001 train_loss:3.6862 train_time:1015254ms step_avg:340.58ms
step:2992/5100 lr:0.001 train_loss:3.5954 train_time:1015651ms step_avg:340.59ms
step:2993/5100 lr:0.001 train_loss:3.5319 train_time:1016046ms step_avg:340.61ms
step:2994/5100 lr:0.001 train_loss:3.4069 train_time:1016442ms step_avg:340.63ms
step:2995/5100 lr:0.001 train_loss:3.3068 train_time:1016838ms step_avg:340.65ms
step:2996/5100 lr:0.001 train_loss:3.3138 train_time:1017234ms step_avg:340.67ms
step:2997/5100 lr:0.001 train_loss:3.4902 train_time:1017630ms step_avg:340.69ms
step:2998/5100 lr:0.001 train_loss:3.3957 train_time:1018025ms step_avg:340.70ms
step:2999/5100 lr:0.001 train_loss:3.5344 train_time:1018421ms step_avg:340.72ms
step:3000/5100 lr:0.001 train_loss:3.3429 train_time:1018818ms step_avg:340.74ms
step:3000/5100 val_loss:3.4309 train_time:1018832ms step_avg:340.75ms
step:3001/5100 lr:0.001 train_loss:3.3149 train_time:1023015ms step_avg:342.03ms
step:3002/5100 lr:0.001 train_loss:3.4161 train_time:1023412ms step_avg:342.05ms
step:3003/5100 lr:0.001 train_loss:3.3798 train_time:1023808ms step_avg:342.07ms
step:3004/5100 lr:0.001 train_loss:3.2207 train_time:1024205ms step_avg:342.09ms
step:3005/5100 lr:0.001 train_loss:3.3087 train_time:1024601ms step_avg:342.10ms
step:3006/5100 lr:0.001 train_loss:3.4900 train_time:1024997ms step_avg:342.12ms
step:3007/5100 lr:0.001 train_loss:3.7756 train_time:1025393ms step_avg:342.14ms
step:3008/5100 lr:0.001 train_loss:3.4446 train_time:1025790ms step_avg:342.16ms
step:3009/5100 lr:0.001 train_loss:3.3842 train_time:1026186ms step_avg:342.18ms
step:3010/5100 lr:0.001 train_loss:3.3731 train_time:1026582ms step_avg:342.19ms
step:3011/5100 lr:0.001 train_loss:3.4941 train_time:1026978ms step_avg:342.21ms
step:3012/5100 lr:0.001 train_loss:3.4042 train_time:1027373ms step_avg:342.23ms
step:3013/5100 lr:0.001 train_loss:3.2862 train_time:1027769ms step_avg:342.25ms
step:3014/5100 lr:0.001 train_loss:3.4236 train_time:1028166ms step_avg:342.27ms
step:3015/5100 lr:0.001 train_loss:3.5639 train_time:1028629ms step_avg:342.31ms
step:3016/5100 lr:0.001 train_loss:3.2658 train_time:1029024ms step_avg:342.32ms
step:3017/5100 lr:0.001 train_loss:3.4190 train_time:1029414ms step_avg:342.34ms
step:3018/5100 lr:0.001 train_loss:3.4037 train_time:1029810ms step_avg:342.36ms
step:3019/5100 lr:0.001 train_loss:3.4292 train_time:1030206ms step_avg:342.37ms
step:3020/5100 lr:0.001 train_loss:3.5575 train_time:1030602ms step_avg:342.39ms
step:3021/5100 lr:0.001 train_loss:3.3199 train_time:1030998ms step_avg:342.41ms
step:3022/5100 lr:0.001 train_loss:3.5175 train_time:1031394ms step_avg:342.43ms
step:3023/5100 lr:0.001 train_loss:3.4166 train_time:1031790ms step_avg:342.45ms
step:3024/5100 lr:0.001 train_loss:3.3826 train_time:1032187ms step_avg:342.46ms
step:3025/5100 lr:0.001 train_loss:3.4322 train_time:1032582ms step_avg:342.48ms
step:3026/5100 lr:0.001 train_loss:2.9920 train_time:1032977ms step_avg:342.50ms
step:3027/5100 lr:0.001 train_loss:4.3170 train_time:1033373ms step_avg:342.52ms
step:3028/5100 lr:0.001 train_loss:3.4639 train_time:1033770ms step_avg:342.53ms
step:3029/5100 lr:0.001 train_loss:3.3904 train_time:1034166ms step_avg:342.55ms
step:3030/5100 lr:0.001 train_loss:3.4211 train_time:1034561ms step_avg:342.57ms
step:3031/5100 lr:0.001 train_loss:3.3708 train_time:1034956ms step_avg:342.59ms
step:3032/5100 lr:0.001 train_loss:3.4235 train_time:1035353ms step_avg:342.61ms
step:3033/5100 lr:0.001 train_loss:3.4368 train_time:1035749ms step_avg:342.62ms
step:3034/5100 lr:0.001 train_loss:3.4832 train_time:1036145ms step_avg:342.64ms
step:3035/5100 lr:0.001 train_loss:3.3062 train_time:1036541ms step_avg:342.66ms
step:3036/5100 lr:0.001 train_loss:3.4022 train_time:1036937ms step_avg:342.68ms
step:3037/5100 lr:0.001 train_loss:3.5308 train_time:1037333ms step_avg:342.69ms
step:3038/5100 lr:0.001 train_loss:3.3680 train_time:1037729ms step_avg:342.71ms
step:3039/5100 lr:0.001 train_loss:3.3227 train_time:1038125ms step_avg:342.73ms
step:3040/5100 lr:0.001 train_loss:3.5177 train_time:1038727ms step_avg:342.81ms
step:3041/5100 lr:0.001 train_loss:3.5657 train_time:1039131ms step_avg:342.83ms
step:3042/5100 lr:0.001 train_loss:3.3451 train_time:1039520ms step_avg:342.85ms
step:3043/5100 lr:0.001 train_loss:3.3057 train_time:1039915ms step_avg:342.87ms
step:3044/5100 lr:0.001 train_loss:3.3387 train_time:1040311ms step_avg:342.88ms
step:3045/5100 lr:0.001 train_loss:3.2528 train_time:1040707ms step_avg:342.90ms
step:3046/5100 lr:0.001 train_loss:3.4276 train_time:1041102ms step_avg:342.92ms
step:3047/5100 lr:0.001 train_loss:3.3274 train_time:1041498ms step_avg:342.94ms
step:3048/5100 lr:0.001 train_loss:3.8549 train_time:1042097ms step_avg:343.02ms
step:3049/5100 lr:0.001 train_loss:3.0657 train_time:1042493ms step_avg:343.04ms
step:3050/5100 lr:0.001 train_loss:3.4283 train_time:1042890ms step_avg:343.06ms
step:3051/5100 lr:0.001 train_loss:3.4048 train_time:1043287ms step_avg:343.07ms
step:3052/5100 lr:0.001 train_loss:3.4572 train_time:1043684ms step_avg:343.09ms
step:3053/5100 lr:0.001 train_loss:3.6030 train_time:1044079ms step_avg:343.11ms
step:3054/5100 lr:0.001 train_loss:3.3672 train_time:1044475ms step_avg:343.13ms
step:3055/5100 lr:0.001 train_loss:3.4425 train_time:1044872ms step_avg:343.14ms
step:3056/5100 lr:0.001 train_loss:3.4789 train_time:1045268ms step_avg:343.16ms
step:3057/5100 lr:0.001 train_loss:3.4170 train_time:1045664ms step_avg:343.18ms
step:3058/5100 lr:0.001 train_loss:3.4625 train_time:1046061ms step_avg:343.20ms
step:3059/5100 lr:0.001 train_loss:3.3268 train_time:1046457ms step_avg:343.21ms
step:3060/5100 lr:0.001 train_loss:3.3620 train_time:1046854ms step_avg:343.23ms
step:3061/5100 lr:0.001 train_loss:3.5985 train_time:1047250ms step_avg:343.25ms
step:3062/5100 lr:0.001 train_loss:3.5331 train_time:1047647ms step_avg:343.27ms
step:3063/5100 lr:0.001 train_loss:3.4995 train_time:1048044ms step_avg:343.28ms
step:3064/5100 lr:0.001 train_loss:3.3600 train_time:1048448ms step_avg:343.30ms
step:3065/5100 lr:0.001 train_loss:3.3596 train_time:1048839ms step_avg:343.32ms
step:3066/5100 lr:0.001 train_loss:3.5672 train_time:1049235ms step_avg:343.34ms
step:3067/5100 lr:0.001 train_loss:3.3456 train_time:1049632ms step_avg:343.35ms
step:3068/5100 lr:0.001 train_loss:3.4828 train_time:1050036ms step_avg:343.37ms
step:3069/5100 lr:0.001 train_loss:3.4945 train_time:1050427ms step_avg:343.39ms
step:3070/5100 lr:0.001 train_loss:3.3933 train_time:1050823ms step_avg:343.41ms
step:3071/5100 lr:0.001 train_loss:3.4293 train_time:1051219ms step_avg:343.42ms
step:3072/5100 lr:0.001 train_loss:3.4664 train_time:1051615ms step_avg:343.44ms
step:3073/5100 lr:0.001 train_loss:3.3820 train_time:1052011ms step_avg:343.46ms
step:3074/5100 lr:0.001 train_loss:3.2686 train_time:1052408ms step_avg:343.48ms
step:3075/5100 lr:0.001 train_loss:3.4035 train_time:1052804ms step_avg:343.49ms
step:3076/5100 lr:0.001 train_loss:3.3416 train_time:1053200ms step_avg:343.51ms
step:3077/5100 lr:0.001 train_loss:3.3154 train_time:1053596ms step_avg:343.53ms
step:3078/5100 lr:0.001 train_loss:3.4495 train_time:1053993ms step_avg:343.54ms
step:3079/5100 lr:0.001 train_loss:3.4563 train_time:1054389ms step_avg:343.56ms
step:3080/5100 lr:0.001 train_loss:3.3519 train_time:1054785ms step_avg:343.58ms
step:3081/5100 lr:0.001 train_loss:3.3814 train_time:1055181ms step_avg:343.60ms
step:3082/5100 lr:0.001 train_loss:3.3619 train_time:1055577ms step_avg:343.61ms
step:3083/5100 lr:0.001 train_loss:3.3657 train_time:1055974ms step_avg:343.63ms
step:3084/5100 lr:0.001 train_loss:3.5743 train_time:1056370ms step_avg:343.65ms
step:3085/5100 lr:0.001 train_loss:3.2582 train_time:1056767ms step_avg:343.66ms
step:3086/5100 lr:0.001 train_loss:4.2569 train_time:1057163ms step_avg:343.68ms
step:3087/5100 lr:0.001 train_loss:3.3460 train_time:1057559ms step_avg:343.70ms
step:3088/5100 lr:0.001 train_loss:3.4693 train_time:1057955ms step_avg:343.72ms
step:3089/5100 lr:0.001 train_loss:3.5739 train_time:1058352ms step_avg:343.73ms
step:3090/5100 lr:0.001 train_loss:3.3059 train_time:1058748ms step_avg:343.75ms
step:3091/5100 lr:0.001 train_loss:3.3850 train_time:1059145ms step_avg:343.77ms
step:3092/5100 lr:0.001 train_loss:3.3742 train_time:1059541ms step_avg:343.78ms
step:3093/5100 lr:0.001 train_loss:3.4205 train_time:1059937ms step_avg:343.80ms
step:3094/5100 lr:0.001 train_loss:3.4165 train_time:1060333ms step_avg:343.82ms
step:3095/5100 lr:0.001 train_loss:3.2444 train_time:1060729ms step_avg:343.83ms
step:3096/5100 lr:0.001 train_loss:3.4743 train_time:1061125ms step_avg:343.85ms
step:3097/5100 lr:0.001 train_loss:3.3621 train_time:1061521ms step_avg:343.87ms
step:3098/5100 lr:0.001 train_loss:3.6462 train_time:1061916ms step_avg:343.88ms
step:3099/5100 lr:0.001 train_loss:3.4176 train_time:1062312ms step_avg:343.90ms
step:3100/5100 lr:0.001 train_loss:3.3653 train_time:1062708ms step_avg:343.92ms
step:3101/5100 lr:0.0009995000000000002 train_loss:3.4144 train_time:1063104ms step_avg:343.94ms
step:3102/5100 lr:0.000999 train_loss:3.3676 train_time:1063499ms step_avg:343.95ms
step:3103/5100 lr:0.0009985 train_loss:3.3680 train_time:1063894ms step_avg:343.97ms
step:3104/5100 lr:0.000998 train_loss:3.8239 train_time:1064290ms step_avg:343.99ms
step:3105/5100 lr:0.0009975000000000001 train_loss:3.3782 train_time:1064687ms step_avg:344.00ms
step:3106/5100 lr:0.000997 train_loss:3.4422 train_time:1065083ms step_avg:344.02ms
step:3107/5100 lr:0.0009965 train_loss:3.5367 train_time:1065478ms step_avg:344.04ms
step:3108/5100 lr:0.000996 train_loss:3.4369 train_time:1065874ms step_avg:344.05ms
step:3109/5100 lr:0.0009955 train_loss:3.5092 train_time:1066270ms step_avg:344.07ms
step:3110/5100 lr:0.000995 train_loss:3.3646 train_time:1066666ms step_avg:344.09ms
step:3111/5100 lr:0.0009945000000000002 train_loss:3.9124 train_time:1067062ms step_avg:344.10ms
step:3112/5100 lr:0.000994 train_loss:3.5616 train_time:1067457ms step_avg:344.12ms
step:3113/5100 lr:0.0009935 train_loss:3.0560 train_time:1067853ms step_avg:344.14ms
step:3114/5100 lr:0.000993 train_loss:3.3221 train_time:1068249ms step_avg:344.15ms
step:3115/5100 lr:0.0009925000000000001 train_loss:3.1712 train_time:1068645ms step_avg:344.17ms
step:3116/5100 lr:0.000992 train_loss:3.6085 train_time:1069040ms step_avg:344.19ms
step:3117/5100 lr:0.0009915 train_loss:3.4257 train_time:1069435ms step_avg:344.20ms
step:3118/5100 lr:0.000991 train_loss:3.5927 train_time:1069831ms step_avg:344.22ms
step:3119/5100 lr:0.0009905 train_loss:3.4267 train_time:1070227ms step_avg:344.24ms
step:3120/5100 lr:0.00099 train_loss:3.5325 train_time:1070623ms step_avg:344.25ms
step:3121/5100 lr:0.0009895000000000001 train_loss:3.5183 train_time:1071018ms step_avg:344.27ms
step:3122/5100 lr:0.000989 train_loss:3.4610 train_time:1071414ms step_avg:344.28ms
step:3123/5100 lr:0.0009885 train_loss:3.3305 train_time:1071809ms step_avg:344.30ms
step:3124/5100 lr:0.000988 train_loss:3.3325 train_time:1072206ms step_avg:344.32ms
step:3125/5100 lr:0.0009875 train_loss:3.4204 train_time:1072602ms step_avg:344.33ms
step:3125/5100 val_loss:3.4195 train_time:1072615ms step_avg:344.34ms
step:3126/5100 lr:0.000987 train_loss:3.8601 train_time:1076666ms step_avg:345.53ms
step:3127/5100 lr:0.0009865 train_loss:3.4314 train_time:1077062ms step_avg:345.54ms
step:3128/5100 lr:0.0009860000000000001 train_loss:3.3501 train_time:1077458ms step_avg:345.56ms
step:3129/5100 lr:0.0009855 train_loss:3.5396 train_time:1077855ms step_avg:345.58ms
step:3130/5100 lr:0.000985 train_loss:3.5613 train_time:1078250ms step_avg:345.59ms
step:3131/5100 lr:0.0009845000000000001 train_loss:3.5376 train_time:1078646ms step_avg:345.61ms
step:3132/5100 lr:0.000984 train_loss:3.2592 train_time:1079042ms step_avg:345.63ms
step:3133/5100 lr:0.0009835 train_loss:3.4182 train_time:1079439ms step_avg:345.64ms
step:3134/5100 lr:0.000983 train_loss:3.4079 train_time:1079835ms step_avg:345.66ms
step:3135/5100 lr:0.0009825 train_loss:3.5056 train_time:1080231ms step_avg:345.67ms
step:3136/5100 lr:0.000982 train_loss:3.4431 train_time:1080626ms step_avg:345.69ms
step:3137/5100 lr:0.0009815000000000002 train_loss:3.2153 train_time:1081023ms step_avg:345.71ms
step:3138/5100 lr:0.000981 train_loss:3.2901 train_time:1081419ms step_avg:345.72ms
step:3139/5100 lr:0.0009805 train_loss:3.4415 train_time:1081815ms step_avg:345.74ms
step:3140/5100 lr:0.00098 train_loss:3.4584 train_time:1082210ms step_avg:345.75ms
step:3141/5100 lr:0.0009795000000000001 train_loss:3.2683 train_time:1082606ms step_avg:345.77ms
step:3142/5100 lr:0.000979 train_loss:3.4577 train_time:1083002ms step_avg:345.79ms
step:3143/5100 lr:0.0009785 train_loss:3.2643 train_time:1083398ms step_avg:345.80ms
step:3144/5100 lr:0.000978 train_loss:3.6300 train_time:1083793ms step_avg:345.82ms
step:3145/5100 lr:0.0009775 train_loss:3.8604 train_time:1084189ms step_avg:345.83ms
step:3146/5100 lr:0.000977 train_loss:3.6921 train_time:1084584ms step_avg:345.85ms
step:3147/5100 lr:0.0009765 train_loss:3.3843 train_time:1084980ms step_avg:345.87ms
step:3148/5100 lr:0.000976 train_loss:3.4246 train_time:1085376ms step_avg:345.88ms
step:3149/5100 lr:0.0009755 train_loss:3.3376 train_time:1085772ms step_avg:345.90ms
step:3150/5100 lr:0.000975 train_loss:3.5300 train_time:1086167ms step_avg:345.91ms
step:3151/5100 lr:0.0009745000000000001 train_loss:3.2431 train_time:1086563ms step_avg:345.93ms
step:3152/5100 lr:0.000974 train_loss:3.4721 train_time:1086959ms step_avg:345.94ms
step:3153/5100 lr:0.0009735000000000001 train_loss:3.5768 train_time:1087355ms step_avg:345.96ms
step:3154/5100 lr:0.000973 train_loss:3.3966 train_time:1087751ms step_avg:345.98ms
step:3155/5100 lr:0.0009725000000000001 train_loss:3.5918 train_time:1088146ms step_avg:345.99ms
step:3156/5100 lr:0.000972 train_loss:4.0213 train_time:1088542ms step_avg:346.01ms
step:3157/5100 lr:0.0009715 train_loss:3.3247 train_time:1088938ms step_avg:346.02ms
step:3158/5100 lr:0.000971 train_loss:3.4135 train_time:1089336ms step_avg:346.04ms
step:3159/5100 lr:0.0009705 train_loss:3.5475 train_time:1089731ms step_avg:346.06ms
step:3160/5100 lr:0.0009699999999999999 train_loss:3.3396 train_time:1090126ms step_avg:346.07ms
step:3161/5100 lr:0.0009695000000000001 train_loss:3.4761 train_time:1090523ms step_avg:346.09ms
step:3162/5100 lr:0.000969 train_loss:3.2443 train_time:1090919ms step_avg:346.10ms
step:3163/5100 lr:0.0009685000000000001 train_loss:3.3489 train_time:1091315ms step_avg:346.12ms
step:3164/5100 lr:0.000968 train_loss:3.4588 train_time:1091712ms step_avg:346.14ms
step:3165/5100 lr:0.0009675 train_loss:3.5015 train_time:1092107ms step_avg:346.15ms
step:3166/5100 lr:0.000967 train_loss:3.4051 train_time:1092503ms step_avg:346.17ms
step:3167/5100 lr:0.0009665 train_loss:3.3599 train_time:1092898ms step_avg:346.18ms
step:3168/5100 lr:0.000966 train_loss:3.4764 train_time:1093294ms step_avg:346.20ms
step:3169/5100 lr:0.0009655 train_loss:3.7000 train_time:1093690ms step_avg:346.21ms
step:3170/5100 lr:0.000965 train_loss:3.6143 train_time:1094085ms step_avg:346.23ms
step:3171/5100 lr:0.0009645000000000001 train_loss:3.4987 train_time:1094481ms step_avg:346.25ms
step:3172/5100 lr:0.000964 train_loss:3.4666 train_time:1094877ms step_avg:346.26ms
step:3173/5100 lr:0.0009635000000000001 train_loss:3.4217 train_time:1095273ms step_avg:346.28ms
step:3174/5100 lr:0.000963 train_loss:3.2828 train_time:1095668ms step_avg:346.29ms
step:3175/5100 lr:0.0009625 train_loss:3.2189 train_time:1096064ms step_avg:346.31ms
step:3176/5100 lr:0.000962 train_loss:3.2300 train_time:1096460ms step_avg:346.32ms
step:3177/5100 lr:0.0009615 train_loss:3.4242 train_time:1096856ms step_avg:346.34ms
step:3178/5100 lr:0.0009609999999999999 train_loss:3.1994 train_time:1097252ms step_avg:346.35ms
step:3179/5100 lr:0.0009605000000000001 train_loss:3.3881 train_time:1097647ms step_avg:346.37ms
step:3180/5100 lr:0.00096 train_loss:3.5409 train_time:1098043ms step_avg:346.39ms
step:3181/5100 lr:0.0009595000000000001 train_loss:3.4305 train_time:1098439ms step_avg:346.40ms
step:3182/5100 lr:0.000959 train_loss:3.4636 train_time:1098835ms step_avg:346.42ms
step:3183/5100 lr:0.0009585 train_loss:3.4807 train_time:1099231ms step_avg:346.43ms
step:3184/5100 lr:0.000958 train_loss:3.2872 train_time:1099627ms step_avg:346.45ms
step:3185/5100 lr:0.0009575 train_loss:3.4095 train_time:1100023ms step_avg:346.46ms
step:3186/5100 lr:0.000957 train_loss:3.6309 train_time:1100419ms step_avg:346.48ms
step:3187/5100 lr:0.0009565 train_loss:3.4072 train_time:1100814ms step_avg:346.49ms
step:3188/5100 lr:0.0009559999999999999 train_loss:3.3818 train_time:1101210ms step_avg:346.51ms
step:3189/5100 lr:0.0009555000000000001 train_loss:3.3531 train_time:1101606ms step_avg:346.53ms
step:3190/5100 lr:0.000955 train_loss:3.5373 train_time:1102002ms step_avg:346.54ms
step:3191/5100 lr:0.0009545 train_loss:3.4844 train_time:1102398ms step_avg:346.56ms
step:3192/5100 lr:0.000954 train_loss:3.3804 train_time:1102794ms step_avg:346.57ms
step:3193/5100 lr:0.0009535 train_loss:3.5911 train_time:1103190ms step_avg:346.59ms
step:3194/5100 lr:0.000953 train_loss:3.5179 train_time:1103585ms step_avg:346.60ms
step:3195/5100 lr:0.0009525 train_loss:3.3195 train_time:1103981ms step_avg:346.62ms
step:3196/5100 lr:0.0009519999999999999 train_loss:3.5761 train_time:1104378ms step_avg:346.63ms
step:3197/5100 lr:0.0009515 train_loss:3.3899 train_time:1104774ms step_avg:346.65ms
step:3198/5100 lr:0.000951 train_loss:3.3262 train_time:1105170ms step_avg:346.67ms
step:3199/5100 lr:0.0009505000000000001 train_loss:3.3527 train_time:1105565ms step_avg:346.68ms
step:3200/5100 lr:0.00095 train_loss:3.3052 train_time:1105961ms step_avg:346.70ms
step:3201/5100 lr:0.0009495 train_loss:4.0654 train_time:1106357ms step_avg:346.71ms
step:3202/5100 lr:0.000949 train_loss:3.4286 train_time:1106753ms step_avg:346.73ms
step:3203/5100 lr:0.0009485 train_loss:3.2126 train_time:1107148ms step_avg:346.74ms
step:3204/5100 lr:0.000948 train_loss:3.3988 train_time:1107543ms step_avg:346.76ms
step:3205/5100 lr:0.0009475 train_loss:3.2143 train_time:1107940ms step_avg:346.77ms
step:3206/5100 lr:0.0009469999999999999 train_loss:3.2449 train_time:1108336ms step_avg:346.79ms
step:3207/5100 lr:0.0009465000000000001 train_loss:3.2011 train_time:1108732ms step_avg:346.80ms
step:3208/5100 lr:0.000946 train_loss:3.3680 train_time:1109127ms step_avg:346.82ms
step:3209/5100 lr:0.0009455 train_loss:3.4192 train_time:1109523ms step_avg:346.83ms
step:3210/5100 lr:0.000945 train_loss:3.3223 train_time:1109919ms step_avg:346.85ms
step:3211/5100 lr:0.0009445 train_loss:3.3436 train_time:1110315ms step_avg:346.86ms
step:3212/5100 lr:0.000944 train_loss:3.4080 train_time:1110710ms step_avg:346.88ms
step:3213/5100 lr:0.0009435 train_loss:3.6631 train_time:1111106ms step_avg:346.90ms
step:3214/5100 lr:0.0009429999999999999 train_loss:3.1523 train_time:1111502ms step_avg:346.91ms
step:3215/5100 lr:0.0009425 train_loss:3.5687 train_time:1111898ms step_avg:346.93ms
step:3216/5100 lr:0.000942 train_loss:3.5160 train_time:1112294ms step_avg:346.94ms
step:3217/5100 lr:0.0009415000000000001 train_loss:3.5659 train_time:1112689ms step_avg:346.96ms
step:3218/5100 lr:0.000941 train_loss:3.2722 train_time:1113085ms step_avg:346.97ms
step:3219/5100 lr:0.0009405 train_loss:3.2407 train_time:1113481ms step_avg:346.99ms
step:3220/5100 lr:0.00094 train_loss:3.2961 train_time:1113877ms step_avg:347.00ms
step:3221/5100 lr:0.0009395 train_loss:3.7119 train_time:1114273ms step_avg:347.02ms
step:3222/5100 lr:0.000939 train_loss:3.1927 train_time:1114668ms step_avg:347.03ms
step:3223/5100 lr:0.0009385 train_loss:3.3855 train_time:1115064ms step_avg:347.05ms
step:3224/5100 lr:0.0009379999999999999 train_loss:3.3044 train_time:1115460ms step_avg:347.06ms
step:3225/5100 lr:0.0009375 train_loss:3.3626 train_time:1115856ms step_avg:347.08ms
step:3226/5100 lr:0.0009370000000000001 train_loss:3.3779 train_time:1116252ms step_avg:347.09ms
step:3227/5100 lr:0.0009365 train_loss:3.5594 train_time:1116647ms step_avg:347.11ms
step:3228/5100 lr:0.0009360000000000001 train_loss:3.4789 train_time:1117043ms step_avg:347.12ms
step:3229/5100 lr:0.0009355 train_loss:3.3741 train_time:1117439ms step_avg:347.14ms
step:3230/5100 lr:0.0009350000000000001 train_loss:3.3152 train_time:1118037ms step_avg:347.22ms
step:3231/5100 lr:0.0009345 train_loss:3.2928 train_time:1118434ms step_avg:347.23ms
step:3232/5100 lr:0.000934 train_loss:3.2535 train_time:1118829ms step_avg:347.25ms
step:3233/5100 lr:0.0009335 train_loss:3.3946 train_time:1119225ms step_avg:347.26ms
step:3234/5100 lr:0.000933 train_loss:3.2328 train_time:1119621ms step_avg:347.28ms
step:3235/5100 lr:0.0009325000000000001 train_loss:3.3093 train_time:1120016ms step_avg:347.29ms
step:3236/5100 lr:0.0009320000000000001 train_loss:3.4268 train_time:1120413ms step_avg:347.31ms
step:3237/5100 lr:0.0009315 train_loss:3.2361 train_time:1120808ms step_avg:347.32ms
step:3238/5100 lr:0.0009310000000000001 train_loss:3.1645 train_time:1121204ms step_avg:347.34ms
step:3239/5100 lr:0.0009305 train_loss:3.4710 train_time:1121803ms step_avg:347.41ms
step:3240/5100 lr:0.00093 train_loss:4.0625 train_time:1122199ms step_avg:347.43ms
step:3241/5100 lr:0.0009295 train_loss:3.4452 train_time:1122595ms step_avg:347.45ms
step:3242/5100 lr:0.000929 train_loss:3.2737 train_time:1122991ms step_avg:347.46ms
step:3243/5100 lr:0.0009285 train_loss:3.3911 train_time:1123386ms step_avg:347.47ms
step:3244/5100 lr:0.0009280000000000001 train_loss:3.4046 train_time:1123782ms step_avg:347.49ms
step:3245/5100 lr:0.0009275 train_loss:3.4531 train_time:1124178ms step_avg:347.50ms
step:3246/5100 lr:0.0009270000000000001 train_loss:3.4763 train_time:1124573ms step_avg:347.52ms
step:3247/5100 lr:0.0009265 train_loss:3.2279 train_time:1124969ms step_avg:347.53ms
step:3248/5100 lr:0.0009260000000000001 train_loss:2.9690 train_time:1125364ms step_avg:347.55ms
step:3249/5100 lr:0.0009255 train_loss:3.4859 train_time:1125760ms step_avg:347.56ms
step:3250/5100 lr:0.000925 train_loss:3.2411 train_time:1126156ms step_avg:347.58ms
step:3250/5100 val_loss:3.3996 train_time:1126170ms step_avg:347.58ms
step:3251/5100 lr:0.0009245 train_loss:3.4318 train_time:1130431ms step_avg:348.79ms
step:3252/5100 lr:0.000924 train_loss:3.4039 train_time:1130827ms step_avg:348.81ms
step:3253/5100 lr:0.0009235000000000001 train_loss:3.4803 train_time:1131223ms step_avg:348.82ms
step:3254/5100 lr:0.0009230000000000001 train_loss:3.3580 train_time:1131619ms step_avg:348.83ms
step:3255/5100 lr:0.0009225 train_loss:3.5367 train_time:1132015ms step_avg:348.85ms
step:3256/5100 lr:0.0009220000000000001 train_loss:3.2697 train_time:1132412ms step_avg:348.86ms
step:3257/5100 lr:0.0009215 train_loss:3.4623 train_time:1132807ms step_avg:348.88ms
step:3258/5100 lr:0.000921 train_loss:3.5425 train_time:1133203ms step_avg:348.89ms
step:3259/5100 lr:0.0009205 train_loss:3.4489 train_time:1133599ms step_avg:348.91ms
step:3260/5100 lr:0.00092 train_loss:3.4095 train_time:1133995ms step_avg:348.92ms
step:3261/5100 lr:0.0009195 train_loss:3.4070 train_time:1134392ms step_avg:348.94ms
step:3262/5100 lr:0.0009190000000000001 train_loss:3.3946 train_time:1134793ms step_avg:348.95ms
step:3263/5100 lr:0.0009185 train_loss:3.5800 train_time:1135184ms step_avg:348.97ms
step:3264/5100 lr:0.0009180000000000001 train_loss:3.3724 train_time:1135580ms step_avg:348.98ms
step:3265/5100 lr:0.0009175 train_loss:3.3958 train_time:1135977ms step_avg:348.99ms
step:3266/5100 lr:0.0009170000000000001 train_loss:3.4026 train_time:1136372ms step_avg:349.01ms
step:3267/5100 lr:0.0009165 train_loss:3.3046 train_time:1136768ms step_avg:349.02ms
step:3268/5100 lr:0.000916 train_loss:3.3125 train_time:1137163ms step_avg:349.04ms
step:3269/5100 lr:0.0009155 train_loss:3.4891 train_time:1137559ms step_avg:349.05ms
step:3270/5100 lr:0.000915 train_loss:3.4750 train_time:1137955ms step_avg:349.07ms
step:3271/5100 lr:0.0009145 train_loss:3.2430 train_time:1138350ms step_avg:349.08ms
step:3272/5100 lr:0.0009140000000000001 train_loss:3.4449 train_time:1138745ms step_avg:349.09ms
step:3273/5100 lr:0.0009135 train_loss:3.4828 train_time:1139141ms step_avg:349.11ms
step:3274/5100 lr:0.0009130000000000001 train_loss:3.5482 train_time:1139538ms step_avg:349.12ms
step:3275/5100 lr:0.0009125 train_loss:3.1613 train_time:1139934ms step_avg:349.14ms
step:3276/5100 lr:0.000912 train_loss:3.3134 train_time:1140331ms step_avg:349.15ms
step:3277/5100 lr:0.0009115 train_loss:3.5146 train_time:1140727ms step_avg:349.17ms
step:3278/5100 lr:0.000911 train_loss:3.3866 train_time:1141122ms step_avg:349.18ms
step:3279/5100 lr:0.0009105 train_loss:3.3293 train_time:1141518ms step_avg:349.19ms
step:3280/5100 lr:0.00091 train_loss:3.6191 train_time:1141914ms step_avg:349.21ms
step:3281/5100 lr:0.0009095 train_loss:3.4072 train_time:1142311ms step_avg:349.22ms
step:3282/5100 lr:0.0009090000000000001 train_loss:3.5635 train_time:1142706ms step_avg:349.24ms
step:3283/5100 lr:0.0009085 train_loss:3.2248 train_time:1143101ms step_avg:349.25ms
step:3284/5100 lr:0.0009080000000000001 train_loss:3.3183 train_time:1143497ms step_avg:349.27ms
step:3285/5100 lr:0.0009075 train_loss:3.2492 train_time:1143893ms step_avg:349.28ms
step:3286/5100 lr:0.000907 train_loss:3.3040 train_time:1144290ms step_avg:349.29ms
step:3287/5100 lr:0.0009065 train_loss:3.3053 train_time:1144685ms step_avg:349.31ms
step:3288/5100 lr:0.000906 train_loss:3.5214 train_time:1145081ms step_avg:349.32ms
step:3289/5100 lr:0.0009055 train_loss:3.1549 train_time:1145477ms step_avg:349.34ms
step:3290/5100 lr:0.0009050000000000001 train_loss:3.3016 train_time:1145874ms step_avg:349.35ms
step:3291/5100 lr:0.0009045 train_loss:3.3622 train_time:1146270ms step_avg:349.37ms
step:3292/5100 lr:0.0009040000000000001 train_loss:3.6909 train_time:1146665ms step_avg:349.38ms
step:3293/5100 lr:0.0009035 train_loss:2.9862 train_time:1147061ms step_avg:349.39ms
step:3294/5100 lr:0.000903 train_loss:3.7011 train_time:1147457ms step_avg:349.41ms
step:3295/5100 lr:0.0009025 train_loss:3.3143 train_time:1147853ms step_avg:349.42ms
step:3296/5100 lr:0.000902 train_loss:3.1745 train_time:1148249ms step_avg:349.44ms
step:3297/5100 lr:0.0009015 train_loss:3.5690 train_time:1148644ms step_avg:349.45ms
step:3298/5100 lr:0.000901 train_loss:3.5595 train_time:1149040ms step_avg:349.46ms
step:3299/5100 lr:0.0009004999999999999 train_loss:3.3402 train_time:1149436ms step_avg:349.48ms
step:3300/5100 lr:0.0009000000000000001 train_loss:3.5134 train_time:1149832ms step_avg:349.49ms
step:3301/5100 lr:0.0008995 train_loss:3.3538 train_time:1150228ms step_avg:349.51ms
step:3302/5100 lr:0.0008990000000000001 train_loss:3.4006 train_time:1150624ms step_avg:349.52ms
step:3303/5100 lr:0.0008985 train_loss:3.3596 train_time:1151020ms step_avg:349.54ms
step:3304/5100 lr:0.000898 train_loss:3.2697 train_time:1151416ms step_avg:349.55ms
step:3305/5100 lr:0.0008975 train_loss:3.3731 train_time:1151812ms step_avg:349.56ms
step:3306/5100 lr:0.000897 train_loss:3.5515 train_time:1152208ms step_avg:349.58ms
step:3307/5100 lr:0.0008964999999999999 train_loss:3.4345 train_time:1152603ms step_avg:349.59ms
step:3308/5100 lr:0.000896 train_loss:3.4050 train_time:1152999ms step_avg:349.61ms
step:3309/5100 lr:0.0008955 train_loss:3.3234 train_time:1153395ms step_avg:349.62ms
step:3310/5100 lr:0.0008950000000000001 train_loss:3.4251 train_time:1153791ms step_avg:349.63ms
step:3311/5100 lr:0.0008945 train_loss:3.3262 train_time:1154187ms step_avg:349.65ms
step:3312/5100 lr:0.000894 train_loss:3.4596 train_time:1154582ms step_avg:349.66ms
step:3313/5100 lr:0.0008935 train_loss:3.5322 train_time:1154978ms step_avg:349.68ms
step:3314/5100 lr:0.000893 train_loss:3.4268 train_time:1155373ms step_avg:349.69ms
step:3315/5100 lr:0.0008925 train_loss:3.3070 train_time:1155769ms step_avg:349.70ms
step:3316/5100 lr:0.000892 train_loss:3.3588 train_time:1156164ms step_avg:349.72ms
step:3317/5100 lr:0.0008914999999999999 train_loss:3.3725 train_time:1156560ms step_avg:349.73ms
step:3318/5100 lr:0.0008910000000000001 train_loss:3.3521 train_time:1156956ms step_avg:349.74ms
step:3319/5100 lr:0.0008905 train_loss:3.2692 train_time:1157352ms step_avg:349.76ms
step:3320/5100 lr:0.0008900000000000001 train_loss:3.9305 train_time:1157748ms step_avg:349.77ms
step:3321/5100 lr:0.0008895 train_loss:3.3527 train_time:1158143ms step_avg:349.79ms
step:3322/5100 lr:0.000889 train_loss:3.4398 train_time:1158540ms step_avg:349.80ms
step:3323/5100 lr:0.0008885 train_loss:3.1428 train_time:1158936ms step_avg:349.81ms
step:3324/5100 lr:0.000888 train_loss:3.3110 train_time:1159333ms step_avg:349.83ms
step:3325/5100 lr:0.0008874999999999999 train_loss:3.6065 train_time:1159728ms step_avg:349.84ms
step:3326/5100 lr:0.000887 train_loss:3.1821 train_time:1160124ms step_avg:349.86ms
step:3327/5100 lr:0.0008865 train_loss:3.6335 train_time:1160520ms step_avg:349.87ms
step:3328/5100 lr:0.0008860000000000001 train_loss:3.3965 train_time:1160916ms step_avg:349.88ms
step:3329/5100 lr:0.0008855 train_loss:3.3439 train_time:1161312ms step_avg:349.90ms
step:3330/5100 lr:0.000885 train_loss:3.4814 train_time:1161708ms step_avg:349.91ms
step:3331/5100 lr:0.0008845 train_loss:3.2798 train_time:1162104ms step_avg:349.93ms
step:3332/5100 lr:0.000884 train_loss:3.2495 train_time:1162500ms step_avg:349.94ms
step:3333/5100 lr:0.0008835 train_loss:3.3675 train_time:1162896ms step_avg:349.95ms
step:3334/5100 lr:0.000883 train_loss:3.3847 train_time:1163292ms step_avg:349.97ms
step:3335/5100 lr:0.0008824999999999999 train_loss:3.4838 train_time:1163688ms step_avg:349.98ms
step:3336/5100 lr:0.000882 train_loss:3.4873 train_time:1164083ms step_avg:349.99ms
step:3337/5100 lr:0.0008815 train_loss:3.8079 train_time:1164479ms step_avg:350.01ms
step:3338/5100 lr:0.0008810000000000001 train_loss:3.3306 train_time:1164875ms step_avg:350.02ms
step:3339/5100 lr:0.0008805 train_loss:3.3177 train_time:1165272ms step_avg:350.04ms
step:3340/5100 lr:0.00088 train_loss:3.4400 train_time:1165668ms step_avg:350.05ms
step:3341/5100 lr:0.0008795 train_loss:3.3930 train_time:1166063ms step_avg:350.06ms
step:3342/5100 lr:0.000879 train_loss:3.2637 train_time:1166459ms step_avg:350.08ms
step:3343/5100 lr:0.0008784999999999999 train_loss:3.2888 train_time:1166855ms step_avg:350.09ms
step:3344/5100 lr:0.000878 train_loss:3.5005 train_time:1167251ms step_avg:350.11ms
step:3345/5100 lr:0.0008774999999999999 train_loss:3.3411 train_time:1167646ms step_avg:350.12ms
step:3346/5100 lr:0.0008770000000000001 train_loss:3.3618 train_time:1168041ms step_avg:350.13ms
step:3347/5100 lr:0.0008765 train_loss:3.4123 train_time:1168438ms step_avg:350.15ms
step:3348/5100 lr:0.000876 train_loss:3.4496 train_time:1168834ms step_avg:350.16ms
step:3349/5100 lr:0.0008755 train_loss:3.4384 train_time:1169230ms step_avg:350.17ms
step:3350/5100 lr:0.000875 train_loss:3.2917 train_time:1169626ms step_avg:350.19ms
step:3351/5100 lr:0.0008745000000000001 train_loss:3.3671 train_time:1170022ms step_avg:350.20ms
step:3352/5100 lr:0.000874 train_loss:3.3760 train_time:1170418ms step_avg:350.21ms
step:3353/5100 lr:0.0008735 train_loss:3.3482 train_time:1170814ms step_avg:350.23ms
step:3354/5100 lr:0.000873 train_loss:3.5393 train_time:1171211ms step_avg:350.24ms
step:3355/5100 lr:0.0008725000000000001 train_loss:3.3773 train_time:1171606ms step_avg:350.26ms
step:3356/5100 lr:0.000872 train_loss:3.4657 train_time:1172002ms step_avg:350.27ms
step:3357/5100 lr:0.0008715000000000001 train_loss:3.4085 train_time:1172398ms step_avg:350.28ms
step:3358/5100 lr:0.000871 train_loss:3.2657 train_time:1172794ms step_avg:350.30ms
step:3359/5100 lr:0.0008705000000000001 train_loss:3.3854 train_time:1173194ms step_avg:350.31ms
step:3360/5100 lr:0.00087 train_loss:3.4134 train_time:1173586ms step_avg:350.32ms
step:3361/5100 lr:0.0008695 train_loss:3.6066 train_time:1173982ms step_avg:350.34ms
step:3362/5100 lr:0.000869 train_loss:3.4053 train_time:1174378ms step_avg:350.35ms
step:3363/5100 lr:0.0008685 train_loss:3.3005 train_time:1174774ms step_avg:350.36ms
step:3364/5100 lr:0.0008680000000000001 train_loss:3.3300 train_time:1175170ms step_avg:350.38ms
step:3365/5100 lr:0.0008675000000000001 train_loss:3.3452 train_time:1175566ms step_avg:350.39ms
step:3366/5100 lr:0.000867 train_loss:3.3991 train_time:1175961ms step_avg:350.41ms
step:3367/5100 lr:0.0008665000000000001 train_loss:3.5521 train_time:1176357ms step_avg:350.42ms
step:3368/5100 lr:0.000866 train_loss:3.1145 train_time:1176753ms step_avg:350.43ms
step:3369/5100 lr:0.0008655000000000001 train_loss:3.4345 train_time:1177150ms step_avg:350.45ms
step:3370/5100 lr:0.000865 train_loss:3.3128 train_time:1177545ms step_avg:350.46ms
step:3371/5100 lr:0.0008645 train_loss:3.3519 train_time:1177941ms step_avg:350.47ms
step:3372/5100 lr:0.000864 train_loss:3.3909 train_time:1178338ms step_avg:350.49ms
step:3373/5100 lr:0.0008635 train_loss:4.0315 train_time:1178735ms step_avg:350.50ms
step:3374/5100 lr:0.000863 train_loss:3.5969 train_time:1179131ms step_avg:350.51ms
step:3375/5100 lr:0.0008625000000000001 train_loss:3.4956 train_time:1179526ms step_avg:350.53ms
step:3375/5100 val_loss:3.3862 train_time:1179540ms step_avg:350.53ms
step:3376/5100 lr:0.000862 train_loss:3.3170 train_time:1183757ms step_avg:351.68ms
step:3377/5100 lr:0.0008615000000000001 train_loss:3.4581 train_time:1184153ms step_avg:351.69ms
step:3378/5100 lr:0.000861 train_loss:3.4745 train_time:1184549ms step_avg:351.71ms
step:3379/5100 lr:0.0008605 train_loss:3.4066 train_time:1184945ms step_avg:351.72ms
step:3380/5100 lr:0.00086 train_loss:3.4326 train_time:1185340ms step_avg:351.73ms
step:3381/5100 lr:0.0008595 train_loss:3.3987 train_time:1185754ms step_avg:351.75ms
step:3382/5100 lr:0.000859 train_loss:3.2810 train_time:1186150ms step_avg:351.76ms
step:3383/5100 lr:0.0008585000000000001 train_loss:3.4132 train_time:1186546ms step_avg:351.78ms
step:3384/5100 lr:0.000858 train_loss:3.3860 train_time:1186942ms step_avg:351.79ms
step:3385/5100 lr:0.0008575000000000001 train_loss:3.4342 train_time:1187337ms step_avg:351.80ms
step:3386/5100 lr:0.000857 train_loss:3.4230 train_time:1187734ms step_avg:351.82ms
step:3387/5100 lr:0.0008565000000000001 train_loss:3.2518 train_time:1188130ms step_avg:351.83ms
step:3388/5100 lr:0.000856 train_loss:3.4027 train_time:1188526ms step_avg:351.84ms
step:3389/5100 lr:0.0008555 train_loss:3.3422 train_time:1188922ms step_avg:351.86ms
step:3390/5100 lr:0.000855 train_loss:3.3729 train_time:1189317ms step_avg:351.87ms
step:3391/5100 lr:0.0008545 train_loss:3.2863 train_time:1189713ms step_avg:351.88ms
step:3392/5100 lr:0.000854 train_loss:3.4586 train_time:1190109ms step_avg:351.90ms
step:3393/5100 lr:0.0008535000000000001 train_loss:3.2978 train_time:1190505ms step_avg:351.91ms
step:3394/5100 lr:0.000853 train_loss:3.2472 train_time:1190901ms step_avg:351.92ms
step:3395/5100 lr:0.0008525000000000001 train_loss:3.3815 train_time:1191296ms step_avg:351.93ms
step:3396/5100 lr:0.000852 train_loss:3.4231 train_time:1191692ms step_avg:351.95ms
step:3397/5100 lr:0.0008515 train_loss:3.4681 train_time:1192088ms step_avg:351.96ms
step:3398/5100 lr:0.000851 train_loss:3.4373 train_time:1192484ms step_avg:351.97ms
step:3399/5100 lr:0.0008505 train_loss:3.3119 train_time:1192879ms step_avg:351.99ms
step:3400/5100 lr:0.00085 train_loss:3.3803 train_time:1193275ms step_avg:352.00ms
step:3401/5100 lr:0.0008495000000000001 train_loss:3.5903 train_time:1193671ms step_avg:352.01ms
step:3402/5100 lr:0.000849 train_loss:4.0166 train_time:1194067ms step_avg:352.02ms
step:3403/5100 lr:0.0008485000000000001 train_loss:3.5351 train_time:1194463ms step_avg:352.04ms
step:3404/5100 lr:0.000848 train_loss:3.1934 train_time:1194858ms step_avg:352.05ms
step:3405/5100 lr:0.0008475000000000001 train_loss:3.6216 train_time:1195254ms step_avg:352.06ms
step:3406/5100 lr:0.000847 train_loss:3.2474 train_time:1195649ms step_avg:352.08ms
step:3407/5100 lr:0.0008465 train_loss:3.4346 train_time:1196045ms step_avg:352.09ms
step:3408/5100 lr:0.000846 train_loss:3.2688 train_time:1196441ms step_avg:352.10ms
step:3409/5100 lr:0.0008455 train_loss:3.3350 train_time:1196836ms step_avg:352.11ms
step:3410/5100 lr:0.0008449999999999999 train_loss:3.2784 train_time:1197232ms step_avg:352.13ms
step:3411/5100 lr:0.0008445000000000001 train_loss:3.4838 train_time:1197628ms step_avg:352.14ms
step:3412/5100 lr:0.000844 train_loss:3.2927 train_time:1198024ms step_avg:352.15ms
step:3413/5100 lr:0.0008435000000000001 train_loss:3.5140 train_time:1198419ms step_avg:352.17ms
step:3414/5100 lr:0.000843 train_loss:3.3064 train_time:1198815ms step_avg:352.18ms
step:3415/5100 lr:0.0008425 train_loss:3.4033 train_time:1199212ms step_avg:352.19ms
step:3416/5100 lr:0.000842 train_loss:3.3206 train_time:1199608ms step_avg:352.20ms
step:3417/5100 lr:0.0008415 train_loss:3.4766 train_time:1200004ms step_avg:352.22ms
step:3418/5100 lr:0.000841 train_loss:3.3321 train_time:1200399ms step_avg:352.23ms
step:3419/5100 lr:0.0008405 train_loss:3.0383 train_time:1200795ms step_avg:352.24ms
step:3420/5100 lr:0.00084 train_loss:3.2876 train_time:1201404ms step_avg:352.32ms
step:3421/5100 lr:0.0008395000000000001 train_loss:3.4230 train_time:1201799ms step_avg:352.33ms
step:3422/5100 lr:0.000839 train_loss:3.3185 train_time:1202195ms step_avg:352.34ms
step:3423/5100 lr:0.0008385 train_loss:3.3795 train_time:1202591ms step_avg:352.36ms
step:3424/5100 lr:0.000838 train_loss:3.3975 train_time:1202987ms step_avg:352.37ms
step:3425/5100 lr:0.0008375 train_loss:3.5705 train_time:1203383ms step_avg:352.38ms
step:3426/5100 lr:0.000837 train_loss:3.3255 train_time:1203778ms step_avg:352.39ms
step:3427/5100 lr:0.0008365 train_loss:3.3752 train_time:1204175ms step_avg:352.41ms
step:3428/5100 lr:0.0008359999999999999 train_loss:3.3092 train_time:1204571ms step_avg:352.42ms
step:3429/5100 lr:0.0008355000000000001 train_loss:3.4128 train_time:1205170ms step_avg:352.49ms
step:3430/5100 lr:0.000835 train_loss:3.3488 train_time:1205567ms step_avg:352.50ms
step:3431/5100 lr:0.0008345000000000001 train_loss:3.2652 train_time:1205962ms step_avg:352.52ms
step:3432/5100 lr:0.000834 train_loss:3.5524 train_time:1206358ms step_avg:352.53ms
step:3433/5100 lr:0.0008335 train_loss:3.6846 train_time:1206754ms step_avg:352.54ms
step:3434/5100 lr:0.000833 train_loss:3.3994 train_time:1207149ms step_avg:352.56ms
step:3435/5100 lr:0.0008325 train_loss:3.3839 train_time:1207545ms step_avg:352.57ms
step:3436/5100 lr:0.000832 train_loss:3.3674 train_time:1207941ms step_avg:352.58ms
step:3437/5100 lr:0.0008315 train_loss:3.2732 train_time:1208337ms step_avg:352.59ms
step:3438/5100 lr:0.0008309999999999999 train_loss:3.3268 train_time:1208733ms step_avg:352.61ms
step:3439/5100 lr:0.0008305000000000001 train_loss:3.4437 train_time:1209129ms step_avg:352.62ms
step:3440/5100 lr:0.00083 train_loss:3.5859 train_time:1209526ms step_avg:352.63ms
step:3441/5100 lr:0.0008295 train_loss:3.2866 train_time:1209922ms step_avg:352.64ms
step:3442/5100 lr:0.000829 train_loss:3.6477 train_time:1210318ms step_avg:352.66ms
step:3443/5100 lr:0.0008285 train_loss:3.4420 train_time:1210714ms step_avg:352.67ms
step:3444/5100 lr:0.000828 train_loss:3.2766 train_time:1211110ms step_avg:352.68ms
step:3445/5100 lr:0.0008275 train_loss:3.3005 train_time:1211506ms step_avg:352.69ms
step:3446/5100 lr:0.0008269999999999999 train_loss:3.3655 train_time:1211902ms step_avg:352.71ms
step:3447/5100 lr:0.0008265 train_loss:3.5120 train_time:1212297ms step_avg:352.72ms
step:3448/5100 lr:0.000826 train_loss:3.2501 train_time:1212693ms step_avg:352.73ms
step:3449/5100 lr:0.0008255000000000001 train_loss:3.4996 train_time:1213089ms step_avg:352.74ms
step:3450/5100 lr:0.000825 train_loss:3.3585 train_time:1213486ms step_avg:352.76ms
step:3451/5100 lr:0.0008245 train_loss:3.5354 train_time:1213882ms step_avg:352.77ms
step:3452/5100 lr:0.000824 train_loss:3.4593 train_time:1214277ms step_avg:352.78ms
step:3453/5100 lr:0.0008235 train_loss:3.3626 train_time:1214673ms step_avg:352.79ms
step:3454/5100 lr:0.000823 train_loss:3.2673 train_time:1215069ms step_avg:352.81ms
step:3455/5100 lr:0.0008225 train_loss:3.6421 train_time:1215465ms step_avg:352.82ms
step:3456/5100 lr:0.0008219999999999999 train_loss:3.4140 train_time:1215861ms step_avg:352.83ms
step:3457/5100 lr:0.0008215000000000001 train_loss:3.2554 train_time:1216256ms step_avg:352.84ms
step:3458/5100 lr:0.000821 train_loss:3.5592 train_time:1216652ms step_avg:352.86ms
step:3459/5100 lr:0.0008205 train_loss:3.5271 train_time:1217048ms step_avg:352.87ms
step:3460/5100 lr:0.00082 train_loss:3.4685 train_time:1217444ms step_avg:352.88ms
step:3461/5100 lr:0.0008195 train_loss:3.2876 train_time:1217839ms step_avg:352.89ms
step:3462/5100 lr:0.000819 train_loss:3.6115 train_time:1218235ms step_avg:352.91ms
step:3463/5100 lr:0.0008185 train_loss:3.1822 train_time:1218631ms step_avg:352.92ms
step:3464/5100 lr:0.0008179999999999999 train_loss:3.5376 train_time:1219027ms step_avg:352.93ms
step:3465/5100 lr:0.0008175 train_loss:3.3303 train_time:1219422ms step_avg:352.94ms
step:3466/5100 lr:0.000817 train_loss:3.4236 train_time:1219818ms step_avg:352.96ms
step:3467/5100 lr:0.0008165000000000001 train_loss:3.4627 train_time:1220215ms step_avg:352.97ms
step:3468/5100 lr:0.000816 train_loss:3.2988 train_time:1220611ms step_avg:352.98ms
step:3469/5100 lr:0.0008155 train_loss:3.3920 train_time:1221007ms step_avg:352.99ms
step:3470/5100 lr:0.000815 train_loss:3.3798 train_time:1221403ms step_avg:353.01ms
step:3471/5100 lr:0.0008145 train_loss:3.3327 train_time:1221798ms step_avg:353.02ms
step:3472/5100 lr:0.0008139999999999999 train_loss:3.3419 train_time:1222194ms step_avg:353.03ms
step:3473/5100 lr:0.0008135 train_loss:3.2645 train_time:1222590ms step_avg:353.04ms
step:3474/5100 lr:0.0008129999999999999 train_loss:3.3491 train_time:1222986ms step_avg:353.06ms
step:3475/5100 lr:0.0008125000000000001 train_loss:3.4386 train_time:1223382ms step_avg:353.07ms
step:3476/5100 lr:0.0008120000000000001 train_loss:3.4218 train_time:1223777ms step_avg:353.08ms
step:3477/5100 lr:0.0008115 train_loss:3.4108 train_time:1224173ms step_avg:353.09ms
step:3478/5100 lr:0.0008110000000000001 train_loss:3.4406 train_time:1224568ms step_avg:353.11ms
step:3479/5100 lr:0.0008105 train_loss:3.3017 train_time:1224964ms step_avg:353.12ms
step:3480/5100 lr:0.0008100000000000001 train_loss:3.5862 train_time:1225360ms step_avg:353.13ms
step:3481/5100 lr:0.0008095 train_loss:4.2252 train_time:1225755ms step_avg:353.14ms
step:3482/5100 lr:0.000809 train_loss:3.4292 train_time:1226152ms step_avg:353.15ms
step:3483/5100 lr:0.0008085 train_loss:3.4264 train_time:1226549ms step_avg:353.17ms
step:3484/5100 lr:0.000808 train_loss:3.3899 train_time:1226944ms step_avg:353.18ms
step:3485/5100 lr:0.0008075000000000001 train_loss:3.3928 train_time:1227340ms step_avg:353.19ms
step:3486/5100 lr:0.0008070000000000001 train_loss:3.2259 train_time:1227736ms step_avg:353.20ms
step:3487/5100 lr:0.0008065 train_loss:3.3675 train_time:1228132ms step_avg:353.22ms
step:3488/5100 lr:0.0008060000000000001 train_loss:3.1260 train_time:1228528ms step_avg:353.23ms
step:3489/5100 lr:0.0008055 train_loss:3.5728 train_time:1228924ms step_avg:353.24ms
step:3490/5100 lr:0.000805 train_loss:3.3562 train_time:1229320ms step_avg:353.25ms
step:3491/5100 lr:0.0008045 train_loss:3.3792 train_time:1229715ms step_avg:353.26ms
step:3492/5100 lr:0.000804 train_loss:3.4051 train_time:1230111ms step_avg:353.28ms
step:3493/5100 lr:0.0008035 train_loss:3.3877 train_time:1230508ms step_avg:353.29ms
step:3494/5100 lr:0.0008030000000000001 train_loss:3.3979 train_time:1230904ms step_avg:353.30ms
step:3495/5100 lr:0.0008025 train_loss:3.6460 train_time:1231300ms step_avg:353.31ms
step:3496/5100 lr:0.0008020000000000001 train_loss:3.3712 train_time:1231696ms step_avg:353.33ms
step:3497/5100 lr:0.0008015 train_loss:3.3080 train_time:1232092ms step_avg:353.34ms
step:3498/5100 lr:0.0008010000000000001 train_loss:3.5679 train_time:1232488ms step_avg:353.35ms
step:3499/5100 lr:0.0008005 train_loss:3.4468 train_time:1232884ms step_avg:353.36ms
step:3500/5100 lr:0.0008 train_loss:3.3402 train_time:1233279ms step_avg:353.38ms
step:3500/5100 val_loss:3.3691 train_time:1233293ms step_avg:353.38ms
step:3501/5100 lr:0.0007995 train_loss:3.1729 train_time:1237355ms step_avg:354.44ms
step:3502/5100 lr:0.000799 train_loss:3.5666 train_time:1237751ms step_avg:354.45ms
step:3503/5100 lr:0.0007985000000000001 train_loss:3.3745 train_time:1238146ms step_avg:354.47ms
step:3504/5100 lr:0.0007980000000000001 train_loss:3.4564 train_time:1238543ms step_avg:354.48ms
step:3505/5100 lr:0.0007975 train_loss:3.4829 train_time:1238939ms step_avg:354.49ms
step:3506/5100 lr:0.0007970000000000001 train_loss:3.2964 train_time:1239335ms step_avg:354.50ms
step:3507/5100 lr:0.0007965 train_loss:3.4902 train_time:1239732ms step_avg:354.51ms
step:3508/5100 lr:0.000796 train_loss:3.3687 train_time:1240127ms step_avg:354.52ms
step:3509/5100 lr:0.0007955 train_loss:3.3468 train_time:1240523ms step_avg:354.54ms
step:3510/5100 lr:0.000795 train_loss:3.5495 train_time:1240928ms step_avg:354.55ms
step:3511/5100 lr:0.0007945 train_loss:3.2844 train_time:1241317ms step_avg:354.56ms
step:3512/5100 lr:0.0007940000000000001 train_loss:3.3461 train_time:1241713ms step_avg:354.57ms
step:3513/5100 lr:0.0007935 train_loss:3.4404 train_time:1242108ms step_avg:354.58ms
step:3514/5100 lr:0.0007930000000000001 train_loss:3.5150 train_time:1242504ms step_avg:354.60ms
step:3515/5100 lr:0.0007925 train_loss:3.2324 train_time:1242900ms step_avg:354.61ms
step:3516/5100 lr:0.0007920000000000001 train_loss:3.3883 train_time:1243296ms step_avg:354.62ms
step:3517/5100 lr:0.0007915 train_loss:3.2419 train_time:1243693ms step_avg:354.63ms
step:3518/5100 lr:0.000791 train_loss:3.6916 train_time:1244087ms step_avg:354.64ms
step:3519/5100 lr:0.0007905 train_loss:3.3189 train_time:1244483ms step_avg:354.65ms
step:3520/5100 lr:0.00079 train_loss:3.2171 train_time:1244880ms step_avg:354.67ms
step:3521/5100 lr:0.0007894999999999999 train_loss:3.3996 train_time:1245276ms step_avg:354.68ms
step:3522/5100 lr:0.0007890000000000001 train_loss:3.2284 train_time:1245672ms step_avg:354.69ms
step:3523/5100 lr:0.0007885 train_loss:3.2688 train_time:1246068ms step_avg:354.70ms
step:3524/5100 lr:0.0007880000000000001 train_loss:3.3696 train_time:1246463ms step_avg:354.71ms
step:3525/5100 lr:0.0007875 train_loss:3.3331 train_time:1246859ms step_avg:354.73ms
step:3526/5100 lr:0.000787 train_loss:3.4483 train_time:1247255ms step_avg:354.74ms
step:3527/5100 lr:0.0007865 train_loss:3.2975 train_time:1247700ms step_avg:354.76ms
step:3528/5100 lr:0.000786 train_loss:3.2317 train_time:1248096ms step_avg:354.77ms
step:3529/5100 lr:0.0007855 train_loss:3.5821 train_time:1248491ms step_avg:354.79ms
step:3530/5100 lr:0.000785 train_loss:3.4955 train_time:1248887ms step_avg:354.80ms
step:3531/5100 lr:0.0007845 train_loss:3.3552 train_time:1249283ms step_avg:354.81ms
step:3532/5100 lr:0.0007840000000000001 train_loss:3.2639 train_time:1249679ms step_avg:354.82ms
step:3533/5100 lr:0.0007835 train_loss:3.4464 train_time:1250075ms step_avg:354.83ms
step:3534/5100 lr:0.0007830000000000001 train_loss:3.2888 train_time:1250471ms step_avg:354.84ms
step:3535/5100 lr:0.0007825 train_loss:3.5107 train_time:1250866ms step_avg:354.86ms
step:3536/5100 lr:0.000782 train_loss:3.3818 train_time:1251262ms step_avg:354.87ms
step:3537/5100 lr:0.0007815 train_loss:3.0894 train_time:1251658ms step_avg:354.88ms
step:3538/5100 lr:0.000781 train_loss:3.5308 train_time:1252054ms step_avg:354.89ms
step:3539/5100 lr:0.0007804999999999999 train_loss:3.3277 train_time:1252450ms step_avg:354.90ms
step:3540/5100 lr:0.0007800000000000001 train_loss:3.1745 train_time:1252845ms step_avg:354.91ms
step:3541/5100 lr:0.0007795 train_loss:3.2236 train_time:1253241ms step_avg:354.93ms
step:3542/5100 lr:0.0007790000000000001 train_loss:3.2797 train_time:1253637ms step_avg:354.94ms
step:3543/5100 lr:0.0007785 train_loss:3.2577 train_time:1254033ms step_avg:354.95ms
step:3544/5100 lr:0.000778 train_loss:3.2078 train_time:1254429ms step_avg:354.96ms
step:3545/5100 lr:0.0007775 train_loss:3.4764 train_time:1254824ms step_avg:354.97ms
step:3546/5100 lr:0.000777 train_loss:3.3990 train_time:1255221ms step_avg:354.98ms
step:3547/5100 lr:0.0007765 train_loss:3.2917 train_time:1255617ms step_avg:354.99ms
step:3548/5100 lr:0.000776 train_loss:3.3024 train_time:1256013ms step_avg:355.01ms
step:3549/5100 lr:0.0007754999999999999 train_loss:3.5625 train_time:1256408ms step_avg:355.02ms
step:3550/5100 lr:0.0007750000000000001 train_loss:3.3015 train_time:1256803ms step_avg:355.03ms
step:3551/5100 lr:0.0007745 train_loss:3.4557 train_time:1257200ms step_avg:355.04ms
step:3552/5100 lr:0.0007740000000000001 train_loss:3.5569 train_time:1257596ms step_avg:355.05ms
step:3553/5100 lr:0.0007735 train_loss:3.5198 train_time:1257992ms step_avg:355.06ms
step:3554/5100 lr:0.000773 train_loss:3.4676 train_time:1258387ms step_avg:355.08ms
step:3555/5100 lr:0.0007725 train_loss:3.2761 train_time:1258783ms step_avg:355.09ms
step:3556/5100 lr:0.000772 train_loss:3.2806 train_time:1259179ms step_avg:355.10ms
step:3557/5100 lr:0.0007714999999999999 train_loss:3.3964 train_time:1259575ms step_avg:355.11ms
step:3558/5100 lr:0.000771 train_loss:3.4995 train_time:1259971ms step_avg:355.12ms
step:3559/5100 lr:0.0007705 train_loss:3.2779 train_time:1260366ms step_avg:355.13ms
step:3560/5100 lr:0.0007700000000000001 train_loss:3.1981 train_time:1261001ms step_avg:355.21ms
step:3561/5100 lr:0.0007695 train_loss:3.3735 train_time:1261397ms step_avg:355.22ms
step:3562/5100 lr:0.000769 train_loss:3.4773 train_time:1261794ms step_avg:355.23ms
step:3563/5100 lr:0.0007685 train_loss:3.3925 train_time:1262189ms step_avg:355.25ms
step:3564/5100 lr:0.000768 train_loss:3.3171 train_time:1262584ms step_avg:355.26ms
step:3565/5100 lr:0.0007675 train_loss:3.1664 train_time:1262981ms step_avg:355.27ms
step:3566/5100 lr:0.000767 train_loss:3.2514 train_time:1263376ms step_avg:355.28ms
step:3567/5100 lr:0.0007664999999999999 train_loss:3.4208 train_time:1263773ms step_avg:355.29ms
step:3568/5100 lr:0.0007660000000000001 train_loss:3.9161 train_time:1264169ms step_avg:355.30ms
step:3569/5100 lr:0.0007655 train_loss:3.4147 train_time:1264564ms step_avg:355.31ms
step:3570/5100 lr:0.0007650000000000001 train_loss:3.4023 train_time:1264961ms step_avg:355.33ms
step:3571/5100 lr:0.0007645 train_loss:3.2184 train_time:1265357ms step_avg:355.34ms
step:3572/5100 lr:0.000764 train_loss:3.6263 train_time:1265756ms step_avg:355.35ms
step:3573/5100 lr:0.0007635 train_loss:3.2748 train_time:1266149ms step_avg:355.36ms
step:3574/5100 lr:0.000763 train_loss:3.1243 train_time:1266545ms step_avg:355.37ms
step:3575/5100 lr:0.0007624999999999999 train_loss:3.3616 train_time:1266941ms step_avg:355.38ms
step:3576/5100 lr:0.000762 train_loss:3.5360 train_time:1267337ms step_avg:355.39ms
step:3577/5100 lr:0.0007615 train_loss:3.3701 train_time:1267733ms step_avg:355.41ms
step:3578/5100 lr:0.0007610000000000001 train_loss:3.3763 train_time:1268129ms step_avg:355.42ms
step:3579/5100 lr:0.0007605 train_loss:3.4875 train_time:1268524ms step_avg:355.43ms
step:3580/5100 lr:0.00076 train_loss:3.6758 train_time:1268920ms step_avg:355.44ms
step:3581/5100 lr:0.0007595 train_loss:3.1900 train_time:1269316ms step_avg:355.45ms
step:3582/5100 lr:0.000759 train_loss:3.3908 train_time:1269712ms step_avg:355.46ms
step:3583/5100 lr:0.0007585 train_loss:3.5651 train_time:1270107ms step_avg:355.47ms
step:3584/5100 lr:0.000758 train_loss:3.5577 train_time:1270741ms step_avg:355.55ms
step:3585/5100 lr:0.0007574999999999999 train_loss:3.3114 train_time:1271137ms step_avg:355.56ms
step:3586/5100 lr:0.000757 train_loss:3.3073 train_time:1271533ms step_avg:355.57ms
step:3587/5100 lr:0.0007565 train_loss:3.4484 train_time:1271928ms step_avg:355.59ms
step:3588/5100 lr:0.000756 train_loss:3.3863 train_time:1272324ms step_avg:355.60ms
step:3589/5100 lr:0.0007555 train_loss:3.3136 train_time:1272720ms step_avg:355.61ms
step:3590/5100 lr:0.000755 train_loss:3.2841 train_time:1273116ms step_avg:355.62ms
step:3591/5100 lr:0.0007545 train_loss:3.2309 train_time:1273511ms step_avg:355.63ms
step:3592/5100 lr:0.000754 train_loss:3.3125 train_time:1273907ms step_avg:355.64ms
step:3593/5100 lr:0.0007534999999999999 train_loss:3.4382 train_time:1274307ms step_avg:355.65ms
step:3594/5100 lr:0.000753 train_loss:3.3323 train_time:1274701ms step_avg:355.66ms
step:3595/5100 lr:0.0007524999999999999 train_loss:3.3085 train_time:1275097ms step_avg:355.68ms
step:3596/5100 lr:0.0007520000000000001 train_loss:3.3112 train_time:1275493ms step_avg:355.69ms
step:3597/5100 lr:0.0007515 train_loss:3.2952 train_time:1275889ms step_avg:355.70ms
step:3598/5100 lr:0.000751 train_loss:3.4590 train_time:1276285ms step_avg:355.71ms
step:3599/5100 lr:0.0007505 train_loss:3.6594 train_time:1276681ms step_avg:355.72ms
step:3600/5100 lr:0.00075 train_loss:3.4208 train_time:1277078ms step_avg:355.73ms
step:3601/5100 lr:0.0007495000000000001 train_loss:3.4737 train_time:1277474ms step_avg:355.74ms
step:3602/5100 lr:0.000749 train_loss:3.3666 train_time:1277869ms step_avg:355.75ms
step:3603/5100 lr:0.0007485 train_loss:3.4161 train_time:1278264ms step_avg:355.77ms
step:3604/5100 lr:0.000748 train_loss:3.1427 train_time:1278661ms step_avg:355.78ms
step:3605/5100 lr:0.0007475000000000001 train_loss:3.3211 train_time:1279057ms step_avg:355.79ms
step:3606/5100 lr:0.000747 train_loss:3.6768 train_time:1279454ms step_avg:355.80ms
step:3607/5100 lr:0.0007465000000000001 train_loss:3.3864 train_time:1279858ms step_avg:355.81ms
step:3608/5100 lr:0.000746 train_loss:3.1857 train_time:1280258ms step_avg:355.82ms
step:3609/5100 lr:0.0007455000000000001 train_loss:3.3666 train_time:1280648ms step_avg:355.83ms
step:3610/5100 lr:0.000745 train_loss:3.4928 train_time:1281247ms step_avg:355.90ms
step:3611/5100 lr:0.0007445 train_loss:3.3980 train_time:1281652ms step_avg:355.92ms
step:3612/5100 lr:0.000744 train_loss:3.3774 train_time:1282054ms step_avg:355.93ms
step:3613/5100 lr:0.0007435 train_loss:3.6554 train_time:1282444ms step_avg:355.94ms
step:3614/5100 lr:0.0007430000000000001 train_loss:3.2601 train_time:1282841ms step_avg:355.95ms
step:3615/5100 lr:0.0007425000000000001 train_loss:3.2500 train_time:1283236ms step_avg:355.96ms
step:3616/5100 lr:0.000742 train_loss:3.7679 train_time:1283633ms step_avg:355.97ms
step:3617/5100 lr:0.0007415000000000001 train_loss:3.2965 train_time:1284031ms step_avg:355.98ms
step:3618/5100 lr:0.000741 train_loss:3.2791 train_time:1284425ms step_avg:355.99ms
step:3619/5100 lr:0.0007405000000000001 train_loss:3.1955 train_time:1284821ms step_avg:356.00ms
step:3620/5100 lr:0.00074 train_loss:3.3593 train_time:1285419ms step_avg:356.07ms
step:3621/5100 lr:0.0007395 train_loss:3.2405 train_time:1285816ms step_avg:356.08ms
step:3622/5100 lr:0.000739 train_loss:3.4894 train_time:1286213ms step_avg:356.09ms
step:3623/5100 lr:0.0007385 train_loss:3.2083 train_time:1286608ms step_avg:356.11ms
step:3624/5100 lr:0.000738 train_loss:3.3191 train_time:1287004ms step_avg:356.12ms
step:3625/5100 lr:0.0007375000000000001 train_loss:3.6542 train_time:1287401ms step_avg:356.13ms
step:3625/5100 val_loss:3.3551 train_time:1287415ms step_avg:356.13ms
step:3626/5100 lr:0.000737 train_loss:3.4768 train_time:1291555ms step_avg:357.18ms
step:3627/5100 lr:0.0007365000000000001 train_loss:3.2147 train_time:1291952ms step_avg:357.19ms
step:3628/5100 lr:0.000736 train_loss:3.3734 train_time:1292347ms step_avg:357.20ms
step:3629/5100 lr:0.0007355 train_loss:3.9554 train_time:1292744ms step_avg:357.21ms
step:3630/5100 lr:0.000735 train_loss:3.5517 train_time:1293140ms step_avg:357.22ms
step:3631/5100 lr:0.0007345 train_loss:3.2314 train_time:1293544ms step_avg:357.23ms
step:3632/5100 lr:0.000734 train_loss:3.3749 train_time:1293933ms step_avg:357.24ms
step:3633/5100 lr:0.0007335000000000001 train_loss:3.6372 train_time:1294328ms step_avg:357.25ms
step:3634/5100 lr:0.000733 train_loss:3.3494 train_time:1294724ms step_avg:357.26ms
step:3635/5100 lr:0.0007325000000000001 train_loss:3.3338 train_time:1295119ms step_avg:357.27ms
step:3636/5100 lr:0.000732 train_loss:3.3684 train_time:1295515ms step_avg:357.28ms
step:3637/5100 lr:0.0007315 train_loss:3.0716 train_time:1295911ms step_avg:357.30ms
step:3638/5100 lr:0.000731 train_loss:3.4319 train_time:1296305ms step_avg:357.31ms
step:3639/5100 lr:0.0007305 train_loss:3.5056 train_time:1296701ms step_avg:357.32ms
step:3640/5100 lr:0.00073 train_loss:3.4595 train_time:1297097ms step_avg:357.33ms
step:3641/5100 lr:0.0007295 train_loss:3.4413 train_time:1297493ms step_avg:357.34ms
step:3642/5100 lr:0.000729 train_loss:3.2757 train_time:1297889ms step_avg:357.35ms
step:3643/5100 lr:0.0007285000000000001 train_loss:3.2397 train_time:1298284ms step_avg:357.36ms
step:3644/5100 lr:0.000728 train_loss:3.3255 train_time:1298680ms step_avg:357.37ms
step:3645/5100 lr:0.0007275000000000001 train_loss:3.5474 train_time:1299076ms step_avg:357.38ms
step:3646/5100 lr:0.000727 train_loss:3.3388 train_time:1299472ms step_avg:357.39ms
step:3647/5100 lr:0.0007265 train_loss:3.3009 train_time:1299867ms step_avg:357.40ms
step:3648/5100 lr:0.000726 train_loss:3.4541 train_time:1300262ms step_avg:357.41ms
step:3649/5100 lr:0.0007255 train_loss:3.3231 train_time:1300658ms step_avg:357.42ms
step:3650/5100 lr:0.000725 train_loss:3.3270 train_time:1301289ms step_avg:357.50ms
step:3651/5100 lr:0.0007245000000000001 train_loss:3.3494 train_time:1301685ms step_avg:357.51ms
step:3652/5100 lr:0.000724 train_loss:3.2852 train_time:1302082ms step_avg:357.52ms
step:3653/5100 lr:0.0007235000000000001 train_loss:3.0974 train_time:1302478ms step_avg:357.53ms
step:3654/5100 lr:0.000723 train_loss:3.3659 train_time:1302875ms step_avg:357.54ms
step:3655/5100 lr:0.0007225 train_loss:3.2817 train_time:1303271ms step_avg:357.55ms
step:3656/5100 lr:0.000722 train_loss:3.3922 train_time:1303668ms step_avg:357.56ms
step:3657/5100 lr:0.0007215 train_loss:3.1802 train_time:1304063ms step_avg:357.57ms
step:3658/5100 lr:0.000721 train_loss:3.4685 train_time:1304464ms step_avg:357.58ms
step:3659/5100 lr:0.0007205 train_loss:3.2865 train_time:1304856ms step_avg:357.59ms
step:3660/5100 lr:0.0007199999999999999 train_loss:3.0603 train_time:1305253ms step_avg:357.60ms
step:3661/5100 lr:0.0007195000000000001 train_loss:3.4439 train_time:1305648ms step_avg:357.61ms
step:3662/5100 lr:0.000719 train_loss:3.2683 train_time:1306044ms step_avg:357.62ms
step:3663/5100 lr:0.0007185000000000001 train_loss:3.5222 train_time:1306441ms step_avg:357.64ms
step:3664/5100 lr:0.000718 train_loss:3.4188 train_time:1306837ms step_avg:357.65ms
step:3665/5100 lr:0.0007175 train_loss:3.3673 train_time:1307234ms step_avg:357.66ms
step:3666/5100 lr:0.000717 train_loss:3.2881 train_time:1307630ms step_avg:357.67ms
step:3667/5100 lr:0.0007165 train_loss:3.3476 train_time:1308026ms step_avg:357.68ms
step:3668/5100 lr:0.000716 train_loss:3.4477 train_time:1308422ms step_avg:357.69ms
step:3669/5100 lr:0.0007155 train_loss:3.3758 train_time:1308819ms step_avg:357.70ms
step:3670/5100 lr:0.000715 train_loss:3.2274 train_time:1309215ms step_avg:357.71ms
step:3671/5100 lr:0.0007145000000000001 train_loss:3.3450 train_time:1309612ms step_avg:357.72ms
step:3672/5100 lr:0.000714 train_loss:3.3249 train_time:1310008ms step_avg:357.73ms
step:3673/5100 lr:0.0007135 train_loss:3.5191 train_time:1310404ms step_avg:357.74ms
step:3674/5100 lr:0.000713 train_loss:3.3534 train_time:1310800ms step_avg:357.75ms
step:3675/5100 lr:0.0007125 train_loss:3.2864 train_time:1311197ms step_avg:357.76ms
step:3676/5100 lr:0.000712 train_loss:3.3238 train_time:1311593ms step_avg:357.77ms
step:3677/5100 lr:0.0007115 train_loss:3.3712 train_time:1311990ms step_avg:357.78ms
step:3678/5100 lr:0.0007109999999999999 train_loss:3.5480 train_time:1312386ms step_avg:357.79ms
step:3679/5100 lr:0.0007105000000000001 train_loss:3.3909 train_time:1312782ms step_avg:357.80ms
step:3680/5100 lr:0.00071 train_loss:3.4091 train_time:1313178ms step_avg:357.81ms
step:3681/5100 lr:0.0007095000000000001 train_loss:3.6540 train_time:1313575ms step_avg:357.82ms
step:3682/5100 lr:0.000709 train_loss:3.3498 train_time:1313971ms step_avg:357.84ms
step:3683/5100 lr:0.0007085 train_loss:3.4531 train_time:1314366ms step_avg:357.85ms
step:3684/5100 lr:0.000708 train_loss:3.2625 train_time:1314762ms step_avg:357.86ms
step:3685/5100 lr:0.0007075 train_loss:3.3485 train_time:1315160ms step_avg:357.87ms
step:3686/5100 lr:0.000707 train_loss:3.2599 train_time:1315557ms step_avg:357.88ms
step:3687/5100 lr:0.0007065 train_loss:3.3868 train_time:1315953ms step_avg:357.89ms
step:3688/5100 lr:0.0007059999999999999 train_loss:3.4609 train_time:1316349ms step_avg:357.90ms
step:3689/5100 lr:0.0007055000000000001 train_loss:3.2824 train_time:1316745ms step_avg:357.91ms
step:3690/5100 lr:0.000705 train_loss:3.3372 train_time:1317141ms step_avg:357.92ms
step:3691/5100 lr:0.0007045 train_loss:3.3378 train_time:1317538ms step_avg:357.93ms
step:3692/5100 lr:0.000704 train_loss:3.2553 train_time:1317935ms step_avg:357.94ms
step:3693/5100 lr:0.0007035 train_loss:3.5625 train_time:1318331ms step_avg:357.95ms
step:3694/5100 lr:0.000703 train_loss:3.3237 train_time:1318726ms step_avg:357.96ms
step:3695/5100 lr:0.0007025 train_loss:3.3325 train_time:1319122ms step_avg:357.97ms
step:3696/5100 lr:0.0007019999999999999 train_loss:3.3310 train_time:1319519ms step_avg:357.98ms
step:3697/5100 lr:0.0007015 train_loss:3.2794 train_time:1319915ms step_avg:357.99ms
step:3698/5100 lr:0.000701 train_loss:3.4140 train_time:1320312ms step_avg:358.00ms
step:3699/5100 lr:0.0007005000000000001 train_loss:3.4811 train_time:1320708ms step_avg:358.01ms
step:3700/5100 lr:0.0007 train_loss:3.3580 train_time:1321103ms step_avg:358.02ms
step:3701/5100 lr:0.0006995 train_loss:3.3109 train_time:1321501ms step_avg:358.03ms
step:3702/5100 lr:0.000699 train_loss:3.3417 train_time:1321897ms step_avg:358.04ms
step:3703/5100 lr:0.0006985 train_loss:3.3317 train_time:1322294ms step_avg:358.05ms
step:3704/5100 lr:0.0006979999999999999 train_loss:3.1829 train_time:1322690ms step_avg:358.06ms
step:3705/5100 lr:0.0006975 train_loss:3.4624 train_time:1323085ms step_avg:358.07ms
step:3706/5100 lr:0.0006969999999999999 train_loss:3.4978 train_time:1323482ms step_avg:358.09ms
step:3707/5100 lr:0.0006965000000000001 train_loss:3.2165 train_time:1323879ms step_avg:358.10ms
step:3708/5100 lr:0.000696 train_loss:3.4363 train_time:1324275ms step_avg:358.11ms
step:3709/5100 lr:0.0006955 train_loss:3.3078 train_time:1324672ms step_avg:358.12ms
step:3710/5100 lr:0.000695 train_loss:3.6033 train_time:1325227ms step_avg:358.17ms
step:3711/5100 lr:0.0006945 train_loss:3.3682 train_time:1325623ms step_avg:358.18ms
step:3712/5100 lr:0.000694 train_loss:3.1721 train_time:1326020ms step_avg:358.19ms
step:3713/5100 lr:0.0006935 train_loss:3.3950 train_time:1326416ms step_avg:358.20ms
step:3714/5100 lr:0.0006929999999999999 train_loss:3.2947 train_time:1326812ms step_avg:358.21ms
step:3715/5100 lr:0.0006925 train_loss:3.6162 train_time:1327208ms step_avg:358.22ms
step:3716/5100 lr:0.000692 train_loss:3.2314 train_time:1327604ms step_avg:358.23ms
step:3717/5100 lr:0.0006915000000000001 train_loss:3.1406 train_time:1328001ms step_avg:358.24ms
step:3718/5100 lr:0.000691 train_loss:3.1555 train_time:1328397ms step_avg:358.25ms
step:3719/5100 lr:0.0006905 train_loss:3.4345 train_time:1328793ms step_avg:358.26ms
step:3720/5100 lr:0.00069 train_loss:3.3972 train_time:1329189ms step_avg:358.27ms
step:3721/5100 lr:0.0006895 train_loss:3.2626 train_time:1329584ms step_avg:358.28ms
step:3722/5100 lr:0.0006889999999999999 train_loss:3.4441 train_time:1329980ms step_avg:358.29ms
step:3723/5100 lr:0.0006885 train_loss:3.1596 train_time:1330376ms step_avg:358.30ms
step:3724/5100 lr:0.0006879999999999999 train_loss:3.2473 train_time:1330772ms step_avg:358.31ms
step:3725/5100 lr:0.0006875 train_loss:3.3839 train_time:1331167ms step_avg:358.32ms
step:3726/5100 lr:0.0006870000000000001 train_loss:3.3311 train_time:1331563ms step_avg:358.33ms
step:3727/5100 lr:0.0006865 train_loss:3.3771 train_time:1331959ms step_avg:358.34ms
step:3728/5100 lr:0.0006860000000000001 train_loss:3.2389 train_time:1332355ms step_avg:358.35ms
step:3729/5100 lr:0.0006855 train_loss:3.3734 train_time:1332751ms step_avg:358.36ms
step:3730/5100 lr:0.0006850000000000001 train_loss:3.5473 train_time:1333146ms step_avg:358.37ms
step:3731/5100 lr:0.0006845 train_loss:3.3137 train_time:1333541ms step_avg:358.38ms
step:3732/5100 lr:0.000684 train_loss:3.5530 train_time:1333937ms step_avg:358.39ms
step:3733/5100 lr:0.0006835 train_loss:3.1084 train_time:1334333ms step_avg:358.40ms
step:3734/5100 lr:0.000683 train_loss:3.2170 train_time:1334728ms step_avg:358.41ms
step:3735/5100 lr:0.0006825000000000001 train_loss:3.3959 train_time:1335123ms step_avg:358.42ms
step:3736/5100 lr:0.0006820000000000001 train_loss:3.3691 train_time:1335519ms step_avg:358.43ms
step:3737/5100 lr:0.0006815 train_loss:3.4046 train_time:1335916ms step_avg:358.44ms
step:3738/5100 lr:0.0006810000000000001 train_loss:3.3909 train_time:1336312ms step_avg:358.45ms
step:3739/5100 lr:0.0006805 train_loss:3.2926 train_time:1336707ms step_avg:358.46ms
step:3740/5100 lr:0.00068 train_loss:3.3112 train_time:1337102ms step_avg:358.47ms
step:3741/5100 lr:0.0006795 train_loss:3.4980 train_time:1337498ms step_avg:358.48ms
step:3742/5100 lr:0.000679 train_loss:3.6617 train_time:1337894ms step_avg:358.49ms
step:3743/5100 lr:0.0006785 train_loss:3.2337 train_time:1338289ms step_avg:358.50ms
step:3744/5100 lr:0.0006780000000000001 train_loss:3.0888 train_time:1338685ms step_avg:358.51ms
step:3745/5100 lr:0.0006775 train_loss:3.2381 train_time:1339081ms step_avg:358.52ms
step:3746/5100 lr:0.0006770000000000001 train_loss:3.3636 train_time:1339477ms step_avg:358.53ms
step:3747/5100 lr:0.0006765 train_loss:3.3770 train_time:1339872ms step_avg:358.54ms
step:3748/5100 lr:0.0006760000000000001 train_loss:3.3486 train_time:1340269ms step_avg:358.55ms
step:3749/5100 lr:0.0006755 train_loss:3.3377 train_time:1340663ms step_avg:358.56ms
step:3750/5100 lr:0.000675 train_loss:3.4356 train_time:1341059ms step_avg:358.57ms
step:3750/5100 val_loss:3.3421 train_time:1341073ms step_avg:358.58ms
step:3751/5100 lr:0.0006745 train_loss:3.3648 train_time:1345263ms step_avg:359.60ms
step:3752/5100 lr:0.000674 train_loss:3.4591 train_time:1345812ms step_avg:359.65ms
step:3753/5100 lr:0.0006735 train_loss:3.4624 train_time:1346208ms step_avg:359.66ms
step:3754/5100 lr:0.0006730000000000001 train_loss:3.4809 train_time:1346604ms step_avg:359.67ms
step:3755/5100 lr:0.0006725 train_loss:3.2972 train_time:1347000ms step_avg:359.68ms
step:3756/5100 lr:0.0006720000000000001 train_loss:3.4917 train_time:1347397ms step_avg:359.69ms
step:3757/5100 lr:0.0006715 train_loss:3.3193 train_time:1347794ms step_avg:359.70ms
step:3758/5100 lr:0.000671 train_loss:3.3851 train_time:1348189ms step_avg:359.71ms
step:3759/5100 lr:0.0006705 train_loss:3.4595 train_time:1348585ms step_avg:359.72ms
step:3760/5100 lr:0.00067 train_loss:3.2758 train_time:1348981ms step_avg:359.73ms
step:3761/5100 lr:0.0006695 train_loss:3.3568 train_time:1349377ms step_avg:359.74ms
step:3762/5100 lr:0.0006690000000000001 train_loss:3.4545 train_time:1349773ms step_avg:359.75ms
step:3763/5100 lr:0.0006685 train_loss:3.3403 train_time:1350168ms step_avg:359.76ms
step:3764/5100 lr:0.0006680000000000001 train_loss:3.2930 train_time:1350796ms step_avg:359.83ms
step:3765/5100 lr:0.0006675 train_loss:3.2934 train_time:1351194ms step_avg:359.84ms
step:3766/5100 lr:0.0006670000000000001 train_loss:3.5158 train_time:1351589ms step_avg:359.85ms
step:3767/5100 lr:0.0006665 train_loss:3.4891 train_time:1351984ms step_avg:359.86ms
step:3768/5100 lr:0.000666 train_loss:3.1651 train_time:1352380ms step_avg:359.87ms
step:3769/5100 lr:0.0006655 train_loss:3.5705 train_time:1352776ms step_avg:359.88ms
step:3770/5100 lr:0.000665 train_loss:3.2927 train_time:1353181ms step_avg:359.89ms
step:3771/5100 lr:0.0006644999999999999 train_loss:3.5510 train_time:1353573ms step_avg:359.90ms
step:3772/5100 lr:0.0006640000000000001 train_loss:3.3245 train_time:1353969ms step_avg:359.91ms
step:3773/5100 lr:0.0006635 train_loss:3.3455 train_time:1354364ms step_avg:359.92ms
step:3774/5100 lr:0.0006630000000000001 train_loss:3.3307 train_time:1354764ms step_avg:359.93ms
step:3775/5100 lr:0.0006625 train_loss:3.1870 train_time:1355156ms step_avg:359.94ms
step:3776/5100 lr:0.000662 train_loss:3.3860 train_time:1355552ms step_avg:359.94ms
step:3777/5100 lr:0.0006615 train_loss:3.3057 train_time:1355947ms step_avg:359.95ms
step:3778/5100 lr:0.000661 train_loss:3.3022 train_time:1356343ms step_avg:359.96ms
step:3779/5100 lr:0.0006605 train_loss:3.3954 train_time:1356739ms step_avg:359.97ms
step:3780/5100 lr:0.00066 train_loss:3.3561 train_time:1357135ms step_avg:359.98ms
step:3781/5100 lr:0.0006595 train_loss:3.2436 train_time:1357531ms step_avg:359.99ms
step:3782/5100 lr:0.0006590000000000001 train_loss:3.5889 train_time:1357926ms step_avg:360.00ms
step:3783/5100 lr:0.0006585 train_loss:3.5078 train_time:1358321ms step_avg:360.01ms
step:3784/5100 lr:0.0006580000000000001 train_loss:3.5577 train_time:1358717ms step_avg:360.02ms
step:3785/5100 lr:0.0006575 train_loss:3.4864 train_time:1359114ms step_avg:360.03ms
step:3786/5100 lr:0.000657 train_loss:3.4039 train_time:1359509ms step_avg:360.04ms
step:3787/5100 lr:0.0006565 train_loss:3.0092 train_time:1359904ms step_avg:360.05ms
step:3788/5100 lr:0.000656 train_loss:3.3225 train_time:1360300ms step_avg:360.06ms
step:3789/5100 lr:0.0006554999999999999 train_loss:3.4961 train_time:1360697ms step_avg:360.07ms
step:3790/5100 lr:0.0006550000000000001 train_loss:3.3524 train_time:1361093ms step_avg:360.08ms
step:3791/5100 lr:0.0006545 train_loss:3.3957 train_time:1361488ms step_avg:360.09ms
step:3792/5100 lr:0.0006540000000000001 train_loss:3.3800 train_time:1361883ms step_avg:360.10ms
step:3793/5100 lr:0.0006535 train_loss:3.4824 train_time:1362279ms step_avg:360.11ms
step:3794/5100 lr:0.000653 train_loss:3.3889 train_time:1362675ms step_avg:360.12ms
step:3795/5100 lr:0.0006525 train_loss:3.2826 train_time:1363072ms step_avg:360.12ms
step:3796/5100 lr:0.000652 train_loss:3.3690 train_time:1363467ms step_avg:360.13ms
step:3797/5100 lr:0.0006515 train_loss:3.3873 train_time:1363863ms step_avg:360.14ms
step:3798/5100 lr:0.000651 train_loss:3.2951 train_time:1364259ms step_avg:360.15ms
step:3799/5100 lr:0.0006504999999999999 train_loss:3.2598 train_time:1364654ms step_avg:360.16ms
step:3800/5100 lr:0.0006500000000000001 train_loss:3.4749 train_time:1365268ms step_avg:360.23ms
step:3801/5100 lr:0.0006495 train_loss:3.2980 train_time:1365663ms step_avg:360.24ms
step:3802/5100 lr:0.0006490000000000001 train_loss:3.3089 train_time:1366059ms step_avg:360.25ms
step:3803/5100 lr:0.0006485 train_loss:3.4091 train_time:1366454ms step_avg:360.26ms
step:3804/5100 lr:0.000648 train_loss:3.4201 train_time:1366850ms step_avg:360.27ms
step:3805/5100 lr:0.0006475 train_loss:3.6482 train_time:1367245ms step_avg:360.28ms
step:3806/5100 lr:0.000647 train_loss:3.3243 train_time:1367641ms step_avg:360.28ms
step:3807/5100 lr:0.0006464999999999999 train_loss:3.3731 train_time:1368037ms step_avg:360.29ms
step:3808/5100 lr:0.000646 train_loss:3.4069 train_time:1368434ms step_avg:360.30ms
step:3809/5100 lr:0.0006455 train_loss:3.2633 train_time:1368829ms step_avg:360.31ms
step:3810/5100 lr:0.0006450000000000001 train_loss:3.3529 train_time:1369430ms step_avg:360.38ms
step:3811/5100 lr:0.0006445 train_loss:3.2297 train_time:1369825ms step_avg:360.39ms
step:3812/5100 lr:0.000644 train_loss:3.4427 train_time:1370223ms step_avg:360.40ms
step:3813/5100 lr:0.0006435 train_loss:3.4499 train_time:1370619ms step_avg:360.40ms
step:3814/5100 lr:0.000643 train_loss:3.2757 train_time:1371016ms step_avg:360.41ms
step:3815/5100 lr:0.0006425 train_loss:3.4583 train_time:1371412ms step_avg:360.42ms
step:3816/5100 lr:0.000642 train_loss:3.4875 train_time:1371808ms step_avg:360.43ms
step:3817/5100 lr:0.0006414999999999999 train_loss:3.3482 train_time:1372204ms step_avg:360.44ms
step:3818/5100 lr:0.0006410000000000001 train_loss:3.2264 train_time:1372600ms step_avg:360.45ms
step:3819/5100 lr:0.0006405 train_loss:3.3103 train_time:1372996ms step_avg:360.46ms
step:3820/5100 lr:0.00064 train_loss:3.4075 train_time:1373399ms step_avg:360.47ms
step:3821/5100 lr:0.0006395 train_loss:3.2086 train_time:1373791ms step_avg:360.48ms
step:3822/5100 lr:0.000639 train_loss:3.5304 train_time:1374187ms step_avg:360.49ms
step:3823/5100 lr:0.0006385 train_loss:3.3614 train_time:1374583ms step_avg:360.50ms
step:3824/5100 lr:0.000638 train_loss:3.3089 train_time:1375214ms step_avg:360.57ms
step:3825/5100 lr:0.0006374999999999999 train_loss:3.6217 train_time:1375611ms step_avg:360.58ms
step:3826/5100 lr:0.000637 train_loss:3.4167 train_time:1376005ms step_avg:360.59ms
step:3827/5100 lr:0.0006365 train_loss:3.4245 train_time:1376401ms step_avg:360.60ms
step:3828/5100 lr:0.0006360000000000001 train_loss:3.2348 train_time:1376797ms step_avg:360.61ms
step:3829/5100 lr:0.0006355 train_loss:3.3037 train_time:1377193ms step_avg:360.62ms
step:3830/5100 lr:0.000635 train_loss:3.2894 train_time:1377588ms step_avg:360.63ms
step:3831/5100 lr:0.0006345 train_loss:3.3808 train_time:1377984ms step_avg:360.63ms
step:3832/5100 lr:0.000634 train_loss:3.1890 train_time:1378380ms step_avg:360.64ms
step:3833/5100 lr:0.0006335 train_loss:3.3108 train_time:1378776ms step_avg:360.65ms
step:3834/5100 lr:0.000633 train_loss:3.3078 train_time:1379172ms step_avg:360.66ms
step:3835/5100 lr:0.0006324999999999999 train_loss:3.5243 train_time:1379567ms step_avg:360.67ms
step:3836/5100 lr:0.000632 train_loss:3.3795 train_time:1379963ms step_avg:360.68ms
step:3837/5100 lr:0.0006315 train_loss:3.9522 train_time:1380359ms step_avg:360.69ms
step:3838/5100 lr:0.000631 train_loss:3.4092 train_time:1380755ms step_avg:360.70ms
step:3839/5100 lr:0.0006305 train_loss:3.2751 train_time:1381152ms step_avg:360.71ms
step:3840/5100 lr:0.00063 train_loss:3.3166 train_time:1381547ms step_avg:360.72ms
step:3841/5100 lr:0.0006295 train_loss:3.5744 train_time:1381943ms step_avg:360.73ms
step:3842/5100 lr:0.000629 train_loss:3.2410 train_time:1382339ms step_avg:360.74ms
step:3843/5100 lr:0.0006284999999999999 train_loss:3.3839 train_time:1382735ms step_avg:360.74ms
step:3844/5100 lr:0.000628 train_loss:3.2912 train_time:1383132ms step_avg:360.75ms
step:3845/5100 lr:0.0006274999999999999 train_loss:3.0609 train_time:1383527ms step_avg:360.76ms
step:3846/5100 lr:0.0006270000000000001 train_loss:3.5222 train_time:1383923ms step_avg:360.77ms
step:3847/5100 lr:0.0006265 train_loss:3.4226 train_time:1384319ms step_avg:360.78ms
step:3848/5100 lr:0.000626 train_loss:3.3226 train_time:1384716ms step_avg:360.79ms
step:3849/5100 lr:0.0006255 train_loss:3.4104 train_time:1385112ms step_avg:360.80ms
step:3850/5100 lr:0.000625 train_loss:3.4456 train_time:1385508ms step_avg:360.81ms
step:3851/5100 lr:0.0006245000000000001 train_loss:3.2872 train_time:1385904ms step_avg:360.82ms
step:3852/5100 lr:0.000624 train_loss:3.2537 train_time:1386300ms step_avg:360.83ms
step:3853/5100 lr:0.0006235 train_loss:3.5440 train_time:1386696ms step_avg:360.84ms
step:3854/5100 lr:0.000623 train_loss:3.2935 train_time:1387331ms step_avg:360.91ms
step:3855/5100 lr:0.0006225000000000001 train_loss:3.1121 train_time:1387726ms step_avg:360.92ms
step:3856/5100 lr:0.000622 train_loss:3.4699 train_time:1388122ms step_avg:360.93ms
step:3857/5100 lr:0.0006215000000000001 train_loss:3.2720 train_time:1388519ms step_avg:360.94ms
step:3858/5100 lr:0.000621 train_loss:3.3483 train_time:1388914ms step_avg:360.94ms
step:3859/5100 lr:0.0006205000000000001 train_loss:3.3402 train_time:1389311ms step_avg:360.95ms
step:3860/5100 lr:0.00062 train_loss:3.2791 train_time:1389706ms step_avg:360.96ms
step:3861/5100 lr:0.0006195 train_loss:3.4064 train_time:1390105ms step_avg:360.97ms
step:3862/5100 lr:0.000619 train_loss:3.1467 train_time:1390502ms step_avg:360.98ms
step:3863/5100 lr:0.0006185 train_loss:3.1304 train_time:1390895ms step_avg:360.99ms
step:3864/5100 lr:0.0006180000000000001 train_loss:3.3383 train_time:1391290ms step_avg:361.00ms
step:3865/5100 lr:0.0006175000000000001 train_loss:3.3382 train_time:1391686ms step_avg:361.01ms
step:3866/5100 lr:0.000617 train_loss:3.2746 train_time:1392082ms step_avg:361.02ms
step:3867/5100 lr:0.0006165000000000001 train_loss:3.3509 train_time:1392478ms step_avg:361.03ms
step:3868/5100 lr:0.000616 train_loss:3.2993 train_time:1392874ms step_avg:361.04ms
step:3869/5100 lr:0.0006155 train_loss:3.4773 train_time:1393270ms step_avg:361.04ms
step:3870/5100 lr:0.000615 train_loss:3.5937 train_time:1393665ms step_avg:361.05ms
step:3871/5100 lr:0.0006145 train_loss:3.3951 train_time:1394063ms step_avg:361.06ms
step:3872/5100 lr:0.000614 train_loss:3.3985 train_time:1394459ms step_avg:361.07ms
step:3873/5100 lr:0.0006135 train_loss:3.4054 train_time:1394856ms step_avg:361.08ms
step:3874/5100 lr:0.000613 train_loss:3.3699 train_time:1395252ms step_avg:361.09ms
step:3875/5100 lr:0.0006125000000000001 train_loss:3.4545 train_time:1395647ms step_avg:361.10ms
step:3875/5100 val_loss:3.3297 train_time:1395661ms step_avg:361.10ms
step:3876/5100 lr:0.000612 train_loss:3.2813 train_time:1399921ms step_avg:362.11ms
step:3877/5100 lr:0.0006115000000000001 train_loss:3.4371 train_time:1400318ms step_avg:362.12ms
step:3878/5100 lr:0.000611 train_loss:3.6606 train_time:1400714ms step_avg:362.13ms
step:3879/5100 lr:0.0006105 train_loss:3.4607 train_time:1401109ms step_avg:362.14ms
step:3880/5100 lr:0.00061 train_loss:3.3269 train_time:1401506ms step_avg:362.15ms
step:3881/5100 lr:0.0006095 train_loss:3.4283 train_time:1401902ms step_avg:362.16ms
step:3882/5100 lr:0.000609 train_loss:3.3475 train_time:1402298ms step_avg:362.16ms
step:3883/5100 lr:0.0006085000000000001 train_loss:3.4891 train_time:1402695ms step_avg:362.17ms
step:3884/5100 lr:0.000608 train_loss:3.3666 train_time:1403090ms step_avg:362.18ms
step:3885/5100 lr:0.0006075000000000001 train_loss:3.4028 train_time:1403486ms step_avg:362.19ms
step:3886/5100 lr:0.000607 train_loss:3.3496 train_time:1403881ms step_avg:362.20ms
step:3887/5100 lr:0.0006065 train_loss:3.3962 train_time:1404278ms step_avg:362.21ms
step:3888/5100 lr:0.000606 train_loss:3.3172 train_time:1404673ms step_avg:362.22ms
step:3889/5100 lr:0.0006055 train_loss:3.2744 train_time:1405067ms step_avg:362.22ms
step:3890/5100 lr:0.000605 train_loss:3.2978 train_time:1405464ms step_avg:362.23ms
step:3891/5100 lr:0.0006045 train_loss:3.2790 train_time:1405860ms step_avg:362.24ms
step:3892/5100 lr:0.000604 train_loss:3.2612 train_time:1406256ms step_avg:362.25ms
step:3893/5100 lr:0.0006035000000000001 train_loss:3.2544 train_time:1406651ms step_avg:362.26ms
step:3894/5100 lr:0.000603 train_loss:3.2376 train_time:1407047ms step_avg:362.27ms
step:3895/5100 lr:0.0006025000000000001 train_loss:3.2127 train_time:1407443ms step_avg:362.28ms
step:3896/5100 lr:0.000602 train_loss:3.3039 train_time:1407839ms step_avg:362.28ms
step:3897/5100 lr:0.0006015 train_loss:3.3210 train_time:1408235ms step_avg:362.29ms
step:3898/5100 lr:0.000601 train_loss:3.3639 train_time:1408630ms step_avg:362.30ms
step:3899/5100 lr:0.0006005 train_loss:3.1677 train_time:1409034ms step_avg:362.31ms
step:3900/5100 lr:0.0006 train_loss:3.4261 train_time:1409426ms step_avg:362.32ms
step:3901/5100 lr:0.0005995000000000001 train_loss:3.3433 train_time:1409822ms step_avg:362.33ms
step:3902/5100 lr:0.000599 train_loss:3.7598 train_time:1410218ms step_avg:362.34ms
step:3903/5100 lr:0.0005985000000000001 train_loss:3.2432 train_time:1410613ms step_avg:362.35ms
step:3904/5100 lr:0.000598 train_loss:3.3632 train_time:1411008ms step_avg:362.35ms
step:3905/5100 lr:0.0005975 train_loss:3.4988 train_time:1411404ms step_avg:362.36ms
step:3906/5100 lr:0.000597 train_loss:3.8777 train_time:1411800ms step_avg:362.37ms
step:3907/5100 lr:0.0005965 train_loss:3.1078 train_time:1412196ms step_avg:362.38ms
step:3908/5100 lr:0.000596 train_loss:3.3811 train_time:1412591ms step_avg:362.39ms
step:3909/5100 lr:0.0005955 train_loss:3.5221 train_time:1412986ms step_avg:362.40ms
step:3910/5100 lr:0.0005949999999999999 train_loss:3.4130 train_time:1413382ms step_avg:362.41ms
step:3911/5100 lr:0.0005945000000000001 train_loss:3.5133 train_time:1413778ms step_avg:362.41ms
step:3912/5100 lr:0.000594 train_loss:3.3206 train_time:1414174ms step_avg:362.42ms
step:3913/5100 lr:0.0005935000000000001 train_loss:3.2991 train_time:1414569ms step_avg:362.43ms
step:3914/5100 lr:0.000593 train_loss:3.2638 train_time:1414964ms step_avg:362.44ms
step:3915/5100 lr:0.0005925 train_loss:3.2994 train_time:1415361ms step_avg:362.45ms
step:3916/5100 lr:0.000592 train_loss:3.4369 train_time:1415758ms step_avg:362.46ms
step:3917/5100 lr:0.0005915 train_loss:3.3973 train_time:1416153ms step_avg:362.47ms
step:3918/5100 lr:0.0005909999999999999 train_loss:3.3687 train_time:1416549ms step_avg:362.47ms
step:3919/5100 lr:0.0005905 train_loss:3.3298 train_time:1416945ms step_avg:362.48ms
step:3920/5100 lr:0.00059 train_loss:3.2511 train_time:1417340ms step_avg:362.49ms
step:3921/5100 lr:0.0005895000000000001 train_loss:3.2603 train_time:1417736ms step_avg:362.50ms
step:3922/5100 lr:0.000589 train_loss:3.2868 train_time:1418130ms step_avg:362.51ms
step:3923/5100 lr:0.0005885 train_loss:3.5643 train_time:1418526ms step_avg:362.52ms
step:3924/5100 lr:0.000588 train_loss:3.2808 train_time:1418922ms step_avg:362.52ms
step:3925/5100 lr:0.0005875 train_loss:3.1861 train_time:1419318ms step_avg:362.53ms
step:3926/5100 lr:0.000587 train_loss:3.2234 train_time:1419714ms step_avg:362.54ms
step:3927/5100 lr:0.0005865 train_loss:3.3653 train_time:1420110ms step_avg:362.55ms
step:3928/5100 lr:0.0005859999999999999 train_loss:3.6225 train_time:1420505ms step_avg:362.56ms
step:3929/5100 lr:0.0005855000000000001 train_loss:3.2647 train_time:1420901ms step_avg:362.57ms
step:3930/5100 lr:0.000585 train_loss:3.2083 train_time:1421298ms step_avg:362.58ms
step:3931/5100 lr:0.0005845000000000001 train_loss:3.4016 train_time:1421693ms step_avg:362.58ms
step:3932/5100 lr:0.000584 train_loss:3.2816 train_time:1422088ms step_avg:362.59ms
step:3933/5100 lr:0.0005835 train_loss:3.3611 train_time:1422484ms step_avg:362.60ms
step:3934/5100 lr:0.000583 train_loss:3.4152 train_time:1422880ms step_avg:362.61ms
step:3935/5100 lr:0.0005825 train_loss:3.4361 train_time:1423276ms step_avg:362.62ms
step:3936/5100 lr:0.0005819999999999999 train_loss:3.3080 train_time:1423671ms step_avg:362.63ms
step:3937/5100 lr:0.0005815 train_loss:3.3846 train_time:1424066ms step_avg:362.63ms
step:3938/5100 lr:0.0005809999999999999 train_loss:3.2939 train_time:1424462ms step_avg:362.64ms
step:3939/5100 lr:0.0005805000000000001 train_loss:3.6106 train_time:1424858ms step_avg:362.65ms
step:3940/5100 lr:0.00058 train_loss:3.3698 train_time:1425254ms step_avg:362.66ms
step:3941/5100 lr:0.0005795 train_loss:3.4288 train_time:1425649ms step_avg:362.67ms
step:3942/5100 lr:0.000579 train_loss:3.3495 train_time:1426045ms step_avg:362.68ms
step:3943/5100 lr:0.0005785 train_loss:3.3536 train_time:1426441ms step_avg:362.69ms
step:3944/5100 lr:0.000578 train_loss:3.4065 train_time:1426838ms step_avg:362.69ms
step:3945/5100 lr:0.0005775 train_loss:3.4488 train_time:1427233ms step_avg:362.70ms
step:3946/5100 lr:0.0005769999999999999 train_loss:3.4052 train_time:1427629ms step_avg:362.71ms
step:3947/5100 lr:0.0005765 train_loss:3.4320 train_time:1428025ms step_avg:362.72ms
step:3948/5100 lr:0.000576 train_loss:3.3344 train_time:1428421ms step_avg:362.73ms
step:3949/5100 lr:0.0005755000000000001 train_loss:3.2810 train_time:1428816ms step_avg:362.74ms
step:3950/5100 lr:0.000575 train_loss:3.2660 train_time:1429211ms step_avg:362.74ms
step:3951/5100 lr:0.0005745 train_loss:3.4038 train_time:1429607ms step_avg:362.75ms
step:3952/5100 lr:0.000574 train_loss:3.5862 train_time:1430003ms step_avg:362.76ms
step:3953/5100 lr:0.0005735 train_loss:3.4021 train_time:1430399ms step_avg:362.77ms
step:3954/5100 lr:0.0005729999999999999 train_loss:3.0891 train_time:1430795ms step_avg:362.78ms
step:3955/5100 lr:0.0005725 train_loss:3.3673 train_time:1431190ms step_avg:362.79ms
step:3956/5100 lr:0.0005719999999999999 train_loss:3.1888 train_time:1431587ms step_avg:362.79ms
step:3957/5100 lr:0.0005715000000000001 train_loss:3.2737 train_time:1431982ms step_avg:362.80ms
step:3958/5100 lr:0.000571 train_loss:3.1842 train_time:1432380ms step_avg:362.81ms
step:3959/5100 lr:0.0005705 train_loss:3.3999 train_time:1432775ms step_avg:362.82ms
step:3960/5100 lr:0.00057 train_loss:3.3475 train_time:1433170ms step_avg:362.83ms
step:3961/5100 lr:0.0005695 train_loss:3.0437 train_time:1433566ms step_avg:362.84ms
step:3962/5100 lr:0.000569 train_loss:3.2041 train_time:1433962ms step_avg:362.84ms
step:3963/5100 lr:0.0005685 train_loss:3.4142 train_time:1434357ms step_avg:362.85ms
step:3964/5100 lr:0.0005679999999999999 train_loss:3.2971 train_time:1434753ms step_avg:362.86ms
step:3965/5100 lr:0.0005675 train_loss:3.2333 train_time:1435148ms step_avg:362.87ms
step:3966/5100 lr:0.000567 train_loss:3.2778 train_time:1435544ms step_avg:362.88ms
step:3967/5100 lr:0.0005665000000000001 train_loss:3.0271 train_time:1435940ms step_avg:362.89ms
step:3968/5100 lr:0.000566 train_loss:3.3454 train_time:1436337ms step_avg:362.89ms
step:3969/5100 lr:0.0005655 train_loss:3.4210 train_time:1436732ms step_avg:362.90ms
step:3970/5100 lr:0.000565 train_loss:3.2722 train_time:1437128ms step_avg:362.91ms
step:3971/5100 lr:0.0005645 train_loss:3.3819 train_time:1437524ms step_avg:362.92ms
step:3972/5100 lr:0.0005639999999999999 train_loss:3.4496 train_time:1437926ms step_avg:362.93ms
step:3973/5100 lr:0.0005635 train_loss:3.3797 train_time:1438318ms step_avg:362.94ms
step:3974/5100 lr:0.0005629999999999999 train_loss:3.2132 train_time:1438714ms step_avg:362.95ms
step:3975/5100 lr:0.0005625000000000001 train_loss:3.4063 train_time:1439110ms step_avg:362.95ms
step:3976/5100 lr:0.0005620000000000001 train_loss:3.4142 train_time:1439506ms step_avg:362.96ms
step:3977/5100 lr:0.0005615 train_loss:3.2459 train_time:1439901ms step_avg:362.97ms
step:3978/5100 lr:0.0005610000000000001 train_loss:3.3680 train_time:1440297ms step_avg:362.98ms
step:3979/5100 lr:0.0005605 train_loss:3.3037 train_time:1440693ms step_avg:362.99ms
step:3980/5100 lr:0.0005600000000000001 train_loss:3.5382 train_time:1441089ms step_avg:362.99ms
step:3981/5100 lr:0.0005595 train_loss:3.3554 train_time:1441485ms step_avg:363.00ms
step:3982/5100 lr:0.000559 train_loss:3.4233 train_time:1441881ms step_avg:363.01ms
step:3983/5100 lr:0.0005585 train_loss:3.4002 train_time:1442277ms step_avg:363.02ms
step:3984/5100 lr:0.000558 train_loss:3.3201 train_time:1442672ms step_avg:363.03ms
step:3985/5100 lr:0.0005575 train_loss:3.4504 train_time:1443068ms step_avg:363.04ms
step:3986/5100 lr:0.0005570000000000001 train_loss:3.2229 train_time:1443464ms step_avg:363.04ms
step:3987/5100 lr:0.0005565 train_loss:3.3655 train_time:1443860ms step_avg:363.05ms
step:3988/5100 lr:0.0005560000000000001 train_loss:3.4498 train_time:1444256ms step_avg:363.06ms
step:3989/5100 lr:0.0005555 train_loss:3.3455 train_time:1444654ms step_avg:363.07ms
step:3990/5100 lr:0.000555 train_loss:3.3608 train_time:1445259ms step_avg:363.13ms
step:3991/5100 lr:0.0005545 train_loss:3.7642 train_time:1445655ms step_avg:363.14ms
step:3992/5100 lr:0.000554 train_loss:3.2686 train_time:1446051ms step_avg:363.15ms
step:3993/5100 lr:0.0005535 train_loss:3.3685 train_time:1446447ms step_avg:363.16ms
step:3994/5100 lr:0.0005530000000000001 train_loss:3.3034 train_time:1446843ms step_avg:363.16ms
step:3995/5100 lr:0.0005525 train_loss:3.4229 train_time:1447248ms step_avg:363.17ms
step:3996/5100 lr:0.0005520000000000001 train_loss:3.2821 train_time:1447640ms step_avg:363.18ms
step:3997/5100 lr:0.0005515 train_loss:3.3649 train_time:1448044ms step_avg:363.19ms
step:3998/5100 lr:0.0005510000000000001 train_loss:2.5424 train_time:1448436ms step_avg:363.20ms
step:3999/5100 lr:0.0005505 train_loss:3.3034 train_time:1448831ms step_avg:363.21ms
step:4000/5100 lr:0.00055 train_loss:3.3286 train_time:1449226ms step_avg:363.21ms
step:4000/5100 val_loss:3.3178 train_time:1449240ms step_avg:363.22ms
step:4001/5100 lr:0.0005495 train_loss:3.1950 train_time:1453612ms step_avg:364.22ms
step:4002/5100 lr:0.000549 train_loss:3.3995 train_time:1454008ms step_avg:364.23ms
step:4003/5100 lr:0.0005485 train_loss:3.2463 train_time:1454405ms step_avg:364.24ms
step:4004/5100 lr:0.0005480000000000001 train_loss:3.3392 train_time:1454800ms step_avg:364.25ms
step:4005/5100 lr:0.0005475 train_loss:3.3191 train_time:1455196ms step_avg:364.25ms
step:4006/5100 lr:0.0005470000000000001 train_loss:3.0543 train_time:1455592ms step_avg:364.26ms
step:4007/5100 lr:0.0005465 train_loss:3.3756 train_time:1455988ms step_avg:364.27ms
step:4008/5100 lr:0.000546 train_loss:3.3765 train_time:1456383ms step_avg:364.28ms
step:4009/5100 lr:0.0005455 train_loss:3.1845 train_time:1456779ms step_avg:364.29ms
step:4010/5100 lr:0.000545 train_loss:3.3879 train_time:1457176ms step_avg:364.29ms
step:4011/5100 lr:0.0005445 train_loss:3.2970 train_time:1457572ms step_avg:364.30ms
step:4012/5100 lr:0.0005440000000000001 train_loss:3.2941 train_time:1457968ms step_avg:364.31ms
step:4013/5100 lr:0.0005435 train_loss:3.3738 train_time:1458362ms step_avg:364.32ms
step:4014/5100 lr:0.0005430000000000001 train_loss:3.1099 train_time:1458758ms step_avg:364.33ms
step:4015/5100 lr:0.0005425 train_loss:3.3565 train_time:1459154ms step_avg:364.33ms
step:4016/5100 lr:0.0005420000000000001 train_loss:2.4878 train_time:1459550ms step_avg:364.34ms
step:4017/5100 lr:0.0005415 train_loss:3.3087 train_time:1459946ms step_avg:364.35ms
step:4018/5100 lr:0.000541 train_loss:3.3879 train_time:1460341ms step_avg:364.36ms
step:4019/5100 lr:0.0005405 train_loss:3.3608 train_time:1460737ms step_avg:364.36ms
step:4020/5100 lr:0.00054 train_loss:3.1845 train_time:1461133ms step_avg:364.37ms
step:4021/5100 lr:0.0005394999999999999 train_loss:3.1854 train_time:1461529ms step_avg:364.38ms
step:4022/5100 lr:0.0005390000000000001 train_loss:3.2450 train_time:1461924ms step_avg:364.39ms
step:4023/5100 lr:0.0005385 train_loss:3.6162 train_time:1462319ms step_avg:364.40ms
step:4024/5100 lr:0.0005380000000000001 train_loss:3.3551 train_time:1462715ms step_avg:364.40ms
step:4025/5100 lr:0.0005375 train_loss:3.3324 train_time:1463112ms step_avg:364.41ms
step:4026/5100 lr:0.000537 train_loss:3.3876 train_time:1463508ms step_avg:364.42ms
step:4027/5100 lr:0.0005365 train_loss:3.3356 train_time:1463903ms step_avg:364.43ms
step:4028/5100 lr:0.000536 train_loss:3.3404 train_time:1464299ms step_avg:364.43ms
step:4029/5100 lr:0.0005355 train_loss:3.2614 train_time:1464695ms step_avg:364.44ms
step:4030/5100 lr:0.000535 train_loss:3.4066 train_time:1465091ms step_avg:364.45ms
step:4031/5100 lr:0.0005345 train_loss:3.4627 train_time:1465487ms step_avg:364.46ms
step:4032/5100 lr:0.0005340000000000001 train_loss:3.5870 train_time:1465882ms step_avg:364.47ms
step:4033/5100 lr:0.0005335 train_loss:3.3857 train_time:1466278ms step_avg:364.47ms
step:4034/5100 lr:0.000533 train_loss:3.1098 train_time:1466674ms step_avg:364.48ms
step:4035/5100 lr:0.0005325 train_loss:3.3613 train_time:1467070ms step_avg:364.49ms
step:4036/5100 lr:0.000532 train_loss:3.3908 train_time:1467466ms step_avg:364.50ms
step:4037/5100 lr:0.0005315 train_loss:3.3609 train_time:1467861ms step_avg:364.50ms
step:4038/5100 lr:0.000531 train_loss:3.4342 train_time:1468258ms step_avg:364.51ms
step:4039/5100 lr:0.0005304999999999999 train_loss:3.3474 train_time:1468654ms step_avg:364.52ms
step:4040/5100 lr:0.0005300000000000001 train_loss:3.2834 train_time:1469050ms step_avg:364.53ms
step:4041/5100 lr:0.0005295 train_loss:3.3178 train_time:1469445ms step_avg:364.54ms
step:4042/5100 lr:0.0005290000000000001 train_loss:3.3124 train_time:1469841ms step_avg:364.54ms
step:4043/5100 lr:0.0005285 train_loss:3.2046 train_time:1470237ms step_avg:364.55ms
step:4044/5100 lr:0.000528 train_loss:3.3558 train_time:1470633ms step_avg:364.56ms
step:4045/5100 lr:0.0005275 train_loss:3.2137 train_time:1471029ms step_avg:364.57ms
step:4046/5100 lr:0.000527 train_loss:3.3817 train_time:1471424ms step_avg:364.57ms
step:4047/5100 lr:0.0005265 train_loss:3.1120 train_time:1471820ms step_avg:364.58ms
step:4048/5100 lr:0.000526 train_loss:3.3726 train_time:1472216ms step_avg:364.59ms
step:4049/5100 lr:0.0005254999999999999 train_loss:3.1809 train_time:1472612ms step_avg:364.60ms
step:4050/5100 lr:0.0005250000000000001 train_loss:3.3454 train_time:1473009ms step_avg:364.61ms
step:4051/5100 lr:0.0005245 train_loss:3.2812 train_time:1473404ms step_avg:364.61ms
step:4052/5100 lr:0.000524 train_loss:3.0858 train_time:1473800ms step_avg:364.62ms
step:4053/5100 lr:0.0005235 train_loss:3.3225 train_time:1474196ms step_avg:364.63ms
step:4054/5100 lr:0.000523 train_loss:3.4315 train_time:1474592ms step_avg:364.64ms
step:4055/5100 lr:0.0005225 train_loss:3.4179 train_time:1474989ms step_avg:364.64ms
step:4056/5100 lr:0.000522 train_loss:3.4651 train_time:1475384ms step_avg:364.65ms
step:4057/5100 lr:0.0005214999999999999 train_loss:3.4720 train_time:1475780ms step_avg:364.66ms
step:4058/5100 lr:0.000521 train_loss:3.3953 train_time:1476176ms step_avg:364.67ms
step:4059/5100 lr:0.0005205 train_loss:3.2960 train_time:1476573ms step_avg:364.68ms
step:4060/5100 lr:0.0005200000000000001 train_loss:3.2016 train_time:1476969ms step_avg:364.68ms
step:4061/5100 lr:0.0005195 train_loss:3.2086 train_time:1477364ms step_avg:364.69ms
step:4062/5100 lr:0.000519 train_loss:3.3429 train_time:1477759ms step_avg:364.70ms
step:4063/5100 lr:0.0005185 train_loss:3.2274 train_time:1478155ms step_avg:364.71ms
step:4064/5100 lr:0.000518 train_loss:3.4342 train_time:1478551ms step_avg:364.71ms
step:4065/5100 lr:0.0005175 train_loss:3.4060 train_time:1478947ms step_avg:364.72ms
step:4066/5100 lr:0.000517 train_loss:3.3391 train_time:1479343ms step_avg:364.73ms
step:4067/5100 lr:0.0005164999999999999 train_loss:3.2662 train_time:1479739ms step_avg:364.74ms
step:4068/5100 lr:0.0005160000000000001 train_loss:3.3350 train_time:1480135ms step_avg:364.74ms
step:4069/5100 lr:0.0005155 train_loss:3.2470 train_time:1480531ms step_avg:364.75ms
step:4070/5100 lr:0.000515 train_loss:3.2589 train_time:1480927ms step_avg:364.76ms
step:4071/5100 lr:0.0005145 train_loss:3.1918 train_time:1481322ms step_avg:364.77ms
step:4072/5100 lr:0.000514 train_loss:3.4523 train_time:1481719ms step_avg:364.78ms
step:4073/5100 lr:0.0005135 train_loss:3.2970 train_time:1482116ms step_avg:364.78ms
step:4074/5100 lr:0.000513 train_loss:3.3159 train_time:1482512ms step_avg:364.79ms
step:4075/5100 lr:0.0005124999999999999 train_loss:3.2776 train_time:1482908ms step_avg:364.80ms
step:4076/5100 lr:0.000512 train_loss:3.6740 train_time:1483304ms step_avg:364.81ms
step:4077/5100 lr:0.0005115 train_loss:3.1674 train_time:1483699ms step_avg:364.81ms
step:4078/5100 lr:0.0005110000000000001 train_loss:3.3224 train_time:1484095ms step_avg:364.82ms
step:4079/5100 lr:0.0005105 train_loss:3.1937 train_time:1484491ms step_avg:364.83ms
step:4080/5100 lr:0.00051 train_loss:3.2987 train_time:1484888ms step_avg:364.84ms
step:4081/5100 lr:0.0005095 train_loss:3.2106 train_time:1485283ms step_avg:364.84ms
step:4082/5100 lr:0.000509 train_loss:3.3202 train_time:1485679ms step_avg:364.85ms
step:4083/5100 lr:0.0005085 train_loss:3.2494 train_time:1486075ms step_avg:364.86ms
step:4084/5100 lr:0.000508 train_loss:3.4791 train_time:1486471ms step_avg:364.87ms
step:4085/5100 lr:0.0005074999999999999 train_loss:3.4859 train_time:1486867ms step_avg:364.88ms
step:4086/5100 lr:0.000507 train_loss:3.4020 train_time:1487262ms step_avg:364.88ms
step:4087/5100 lr:0.0005065 train_loss:3.3469 train_time:1487659ms step_avg:364.89ms
step:4088/5100 lr:0.000506 train_loss:3.1953 train_time:1488055ms step_avg:364.90ms
step:4089/5100 lr:0.0005055 train_loss:3.2683 train_time:1488451ms step_avg:364.91ms
step:4090/5100 lr:0.000505 train_loss:3.3048 train_time:1488847ms step_avg:364.91ms
step:4091/5100 lr:0.0005045 train_loss:3.6281 train_time:1489243ms step_avg:364.92ms
step:4092/5100 lr:0.000504 train_loss:3.1694 train_time:1489639ms step_avg:364.93ms
step:4093/5100 lr:0.0005034999999999999 train_loss:3.4791 train_time:1490035ms step_avg:364.94ms
step:4094/5100 lr:0.000503 train_loss:3.2811 train_time:1490431ms step_avg:364.94ms
step:4095/5100 lr:0.0005024999999999999 train_loss:3.3814 train_time:1490827ms step_avg:364.95ms
step:4096/5100 lr:0.0005020000000000001 train_loss:3.4467 train_time:1491223ms step_avg:364.96ms
step:4097/5100 lr:0.0005015 train_loss:3.3155 train_time:1491619ms step_avg:364.97ms
step:4098/5100 lr:0.000501 train_loss:3.2785 train_time:1492015ms step_avg:364.97ms
step:4099/5100 lr:0.0005005 train_loss:3.2259 train_time:1492411ms step_avg:364.98ms
step:4100/5100 lr:0.0005 train_loss:3.3263 train_time:1492808ms step_avg:364.99ms
step:4101/5100 lr:0.0004995 train_loss:3.2950 train_time:1493203ms step_avg:365.00ms
step:4102/5100 lr:0.000499 train_loss:3.3314 train_time:1493599ms step_avg:365.00ms
step:4103/5100 lr:0.0004985 train_loss:3.3201 train_time:1493995ms step_avg:365.01ms
step:4104/5100 lr:0.000498 train_loss:3.4155 train_time:1494392ms step_avg:365.02ms
step:4105/5100 lr:0.0004975 train_loss:3.4595 train_time:1494788ms step_avg:365.03ms
step:4106/5100 lr:0.000497 train_loss:3.2004 train_time:1495183ms step_avg:365.03ms
step:4107/5100 lr:0.0004965 train_loss:3.3469 train_time:1495579ms step_avg:365.04ms
step:4108/5100 lr:0.000496 train_loss:3.4936 train_time:1495975ms step_avg:365.05ms
step:4109/5100 lr:0.0004955 train_loss:3.4059 train_time:1496371ms step_avg:365.06ms
step:4110/5100 lr:0.000495 train_loss:3.3084 train_time:1496768ms step_avg:365.07ms
step:4111/5100 lr:0.0004945 train_loss:3.3685 train_time:1497163ms step_avg:365.07ms
step:4112/5100 lr:0.000494 train_loss:2.8093 train_time:1497558ms step_avg:365.08ms
step:4113/5100 lr:0.0004935 train_loss:3.3589 train_time:1497954ms step_avg:365.09ms
step:4114/5100 lr:0.0004930000000000001 train_loss:3.2651 train_time:1498351ms step_avg:365.10ms
step:4115/5100 lr:0.0004925 train_loss:3.3646 train_time:1498747ms step_avg:365.10ms
step:4116/5100 lr:0.000492 train_loss:3.2882 train_time:1499142ms step_avg:365.11ms
step:4117/5100 lr:0.0004915 train_loss:3.3108 train_time:1499538ms step_avg:365.12ms
step:4118/5100 lr:0.000491 train_loss:3.4010 train_time:1499934ms step_avg:365.13ms
step:4119/5100 lr:0.0004905 train_loss:3.2983 train_time:1500331ms step_avg:365.13ms
step:4120/5100 lr:0.00049 train_loss:3.9950 train_time:1500727ms step_avg:365.14ms
step:4121/5100 lr:0.0004895 train_loss:3.2425 train_time:1501121ms step_avg:365.15ms
step:4122/5100 lr:0.000489 train_loss:3.2631 train_time:1501518ms step_avg:365.16ms
step:4123/5100 lr:0.0004885 train_loss:3.4550 train_time:1501914ms step_avg:365.16ms
step:4124/5100 lr:0.000488 train_loss:3.2518 train_time:1502310ms step_avg:365.17ms
step:4125/5100 lr:0.0004875 train_loss:3.3590 train_time:1502706ms step_avg:365.18ms
step:4125/5100 val_loss:3.3031 train_time:1502720ms step_avg:365.18ms
step:4126/5100 lr:0.000487 train_loss:3.4705 train_time:1506949ms step_avg:366.12ms
step:4127/5100 lr:0.0004865 train_loss:3.2298 train_time:1507345ms step_avg:366.13ms
step:4128/5100 lr:0.000486 train_loss:3.2057 train_time:1507742ms step_avg:366.13ms
step:4129/5100 lr:0.0004855 train_loss:3.3180 train_time:1508138ms step_avg:366.14ms
step:4130/5100 lr:0.00048499999999999997 train_loss:3.5475 train_time:1508534ms step_avg:366.15ms
step:4131/5100 lr:0.0004845 train_loss:3.4369 train_time:1508930ms step_avg:366.16ms
step:4132/5100 lr:0.000484 train_loss:3.3837 train_time:1509326ms step_avg:366.16ms
step:4133/5100 lr:0.0004835 train_loss:3.3242 train_time:1509722ms step_avg:366.17ms
step:4134/5100 lr:0.000483 train_loss:3.3121 train_time:1510118ms step_avg:366.18ms
step:4135/5100 lr:0.0004825 train_loss:3.3688 train_time:1510513ms step_avg:366.18ms
step:4136/5100 lr:0.000482 train_loss:3.3615 train_time:1510909ms step_avg:366.19ms
step:4137/5100 lr:0.0004815 train_loss:3.4343 train_time:1511305ms step_avg:366.20ms
step:4138/5100 lr:0.000481 train_loss:3.2563 train_time:1511701ms step_avg:366.21ms
step:4139/5100 lr:0.00048049999999999997 train_loss:3.2971 train_time:1512097ms step_avg:366.21ms
step:4140/5100 lr:0.00048 train_loss:3.3127 train_time:1512492ms step_avg:366.22ms
step:4141/5100 lr:0.0004795 train_loss:3.3247 train_time:1512889ms step_avg:366.23ms
step:4142/5100 lr:0.000479 train_loss:3.3069 train_time:1513284ms step_avg:366.24ms
step:4143/5100 lr:0.0004785 train_loss:3.2803 train_time:1513683ms step_avg:366.24ms
step:4144/5100 lr:0.00047799999999999996 train_loss:3.2259 train_time:1514076ms step_avg:366.25ms
step:4145/5100 lr:0.0004775 train_loss:3.5470 train_time:1514471ms step_avg:366.26ms
step:4146/5100 lr:0.000477 train_loss:3.4383 train_time:1514867ms step_avg:366.26ms
step:4147/5100 lr:0.0004765 train_loss:3.2611 train_time:1515263ms step_avg:366.27ms
step:4148/5100 lr:0.00047599999999999997 train_loss:3.3733 train_time:1515659ms step_avg:366.28ms
step:4149/5100 lr:0.0004755 train_loss:3.4228 train_time:1516055ms step_avg:366.29ms
step:4150/5100 lr:0.000475 train_loss:3.4249 train_time:1516451ms step_avg:366.29ms
step:4151/5100 lr:0.0004745 train_loss:3.3419 train_time:1516847ms step_avg:366.30ms
step:4152/5100 lr:0.000474 train_loss:3.5888 train_time:1517243ms step_avg:366.31ms
step:4153/5100 lr:0.00047349999999999996 train_loss:3.7980 train_time:1517639ms step_avg:366.31ms
step:4154/5100 lr:0.000473 train_loss:3.2925 train_time:1518035ms step_avg:366.32ms
step:4155/5100 lr:0.0004725 train_loss:3.1726 train_time:1518431ms step_avg:366.33ms
step:4156/5100 lr:0.000472 train_loss:3.3109 train_time:1518827ms step_avg:366.34ms
step:4157/5100 lr:0.00047149999999999997 train_loss:3.5328 train_time:1519223ms step_avg:366.34ms
step:4158/5100 lr:0.000471 train_loss:3.2160 train_time:1519619ms step_avg:366.35ms
step:4159/5100 lr:0.0004705 train_loss:3.0956 train_time:1520014ms step_avg:366.36ms
step:4160/5100 lr:0.00047 train_loss:3.4374 train_time:1520410ms step_avg:366.36ms
step:4161/5100 lr:0.0004695 train_loss:3.3816 train_time:1520806ms step_avg:366.37ms
step:4162/5100 lr:0.00046899999999999996 train_loss:3.4389 train_time:1521203ms step_avg:366.38ms
step:4163/5100 lr:0.00046850000000000006 train_loss:3.0039 train_time:1521599ms step_avg:366.39ms
step:4164/5100 lr:0.00046800000000000005 train_loss:3.4160 train_time:1521994ms step_avg:366.39ms
step:4165/5100 lr:0.00046750000000000003 train_loss:3.3108 train_time:1522391ms step_avg:366.40ms
step:4166/5100 lr:0.000467 train_loss:3.2251 train_time:1522787ms step_avg:366.41ms
step:4167/5100 lr:0.0004665 train_loss:3.1949 train_time:1523183ms step_avg:366.41ms
step:4168/5100 lr:0.00046600000000000005 train_loss:3.4573 train_time:1523579ms step_avg:366.42ms
step:4169/5100 lr:0.00046550000000000004 train_loss:3.3074 train_time:1523975ms step_avg:366.43ms
step:4170/5100 lr:0.000465 train_loss:3.3401 train_time:1524371ms step_avg:366.44ms
step:4171/5100 lr:0.0004645 train_loss:3.4174 train_time:1524766ms step_avg:366.44ms
step:4172/5100 lr:0.00046400000000000006 train_loss:3.5311 train_time:1525162ms step_avg:366.45ms
step:4173/5100 lr:0.00046350000000000004 train_loss:3.0480 train_time:1525559ms step_avg:366.46ms
step:4174/5100 lr:0.00046300000000000003 train_loss:3.2344 train_time:1525955ms step_avg:366.46ms
step:4175/5100 lr:0.0004625 train_loss:3.3447 train_time:1526351ms step_avg:366.47ms
step:4176/5100 lr:0.000462 train_loss:3.4067 train_time:1526747ms step_avg:366.48ms
step:4177/5100 lr:0.00046150000000000005 train_loss:3.3508 train_time:1527143ms step_avg:366.48ms
step:4178/5100 lr:0.00046100000000000004 train_loss:3.2330 train_time:1527539ms step_avg:366.49ms
step:4179/5100 lr:0.0004605 train_loss:3.2523 train_time:1527934ms step_avg:366.50ms
step:4180/5100 lr:0.00046 train_loss:3.2732 train_time:1528534ms step_avg:366.55ms
step:4181/5100 lr:0.00045950000000000006 train_loss:3.1736 train_time:1528930ms step_avg:366.56ms
step:4182/5100 lr:0.00045900000000000004 train_loss:3.6196 train_time:1529326ms step_avg:366.57ms
step:4183/5100 lr:0.00045850000000000003 train_loss:3.2434 train_time:1529723ms step_avg:366.58ms
step:4184/5100 lr:0.000458 train_loss:3.3659 train_time:1530118ms step_avg:366.58ms
step:4185/5100 lr:0.0004575 train_loss:3.4312 train_time:1530514ms step_avg:366.59ms
step:4186/5100 lr:0.00045700000000000005 train_loss:3.6494 train_time:1530911ms step_avg:366.60ms
step:4187/5100 lr:0.00045650000000000004 train_loss:3.3101 train_time:1531306ms step_avg:366.60ms
step:4188/5100 lr:0.000456 train_loss:3.3257 train_time:1531703ms step_avg:366.61ms
step:4189/5100 lr:0.0004555 train_loss:3.1958 train_time:1532099ms step_avg:366.62ms
step:4190/5100 lr:0.000455 train_loss:3.1968 train_time:1532494ms step_avg:366.63ms
step:4191/5100 lr:0.00045450000000000004 train_loss:3.2510 train_time:1533093ms step_avg:366.68ms
step:4192/5100 lr:0.00045400000000000003 train_loss:3.3167 train_time:1533491ms step_avg:366.69ms
step:4193/5100 lr:0.0004535 train_loss:3.3585 train_time:1533885ms step_avg:366.69ms
step:4194/5100 lr:0.000453 train_loss:3.6268 train_time:1534287ms step_avg:366.70ms
step:4195/5100 lr:0.00045250000000000005 train_loss:3.3376 train_time:1534679ms step_avg:366.71ms
step:4196/5100 lr:0.00045200000000000004 train_loss:3.1880 train_time:1535074ms step_avg:366.72ms
step:4197/5100 lr:0.0004515 train_loss:3.3408 train_time:1535471ms step_avg:366.72ms
step:4198/5100 lr:0.000451 train_loss:3.3433 train_time:1535867ms step_avg:366.73ms
step:4199/5100 lr:0.0004505 train_loss:3.3023 train_time:1536264ms step_avg:366.74ms
step:4200/5100 lr:0.00045000000000000004 train_loss:3.1720 train_time:1536661ms step_avg:366.74ms
step:4201/5100 lr:0.00044950000000000003 train_loss:3.4250 train_time:1537060ms step_avg:366.75ms
step:4202/5100 lr:0.000449 train_loss:3.2884 train_time:1537452ms step_avg:366.76ms
step:4203/5100 lr:0.0004485 train_loss:3.3117 train_time:1537849ms step_avg:366.77ms
step:4204/5100 lr:0.000448 train_loss:3.4399 train_time:1538246ms step_avg:366.77ms
step:4205/5100 lr:0.00044750000000000004 train_loss:3.2152 train_time:1538642ms step_avg:366.78ms
step:4206/5100 lr:0.000447 train_loss:3.3202 train_time:1539038ms step_avg:366.79ms
step:4207/5100 lr:0.0004465 train_loss:3.7640 train_time:1539435ms step_avg:366.79ms
step:4208/5100 lr:0.000446 train_loss:2.8071 train_time:1539830ms step_avg:366.80ms
step:4209/5100 lr:0.00044550000000000004 train_loss:3.5315 train_time:1540227ms step_avg:366.81ms
step:4210/5100 lr:0.00044500000000000003 train_loss:3.4359 train_time:1540624ms step_avg:366.82ms
step:4211/5100 lr:0.0004445 train_loss:3.1593 train_time:1541020ms step_avg:366.82ms
step:4212/5100 lr:0.000444 train_loss:3.3100 train_time:1541416ms step_avg:366.83ms
step:4213/5100 lr:0.0004435 train_loss:3.3193 train_time:1541812ms step_avg:366.84ms
step:4214/5100 lr:0.00044300000000000003 train_loss:3.1621 train_time:1542209ms step_avg:366.84ms
step:4215/5100 lr:0.0004425 train_loss:3.2294 train_time:1542606ms step_avg:366.85ms
step:4216/5100 lr:0.000442 train_loss:3.2672 train_time:1543002ms step_avg:366.86ms
step:4217/5100 lr:0.0004415 train_loss:4.0634 train_time:1543398ms step_avg:366.86ms
step:4218/5100 lr:0.000441 train_loss:3.3819 train_time:1543794ms step_avg:366.87ms
step:4219/5100 lr:0.00044050000000000003 train_loss:3.4763 train_time:1544191ms step_avg:366.88ms
step:4220/5100 lr:0.00044 train_loss:3.3233 train_time:1544587ms step_avg:366.89ms
step:4221/5100 lr:0.0004395 train_loss:3.6037 train_time:1544984ms step_avg:366.89ms
step:4222/5100 lr:0.000439 train_loss:3.3550 train_time:1545381ms step_avg:366.90ms
step:4223/5100 lr:0.00043850000000000003 train_loss:3.4187 train_time:1545776ms step_avg:366.91ms
step:4224/5100 lr:0.000438 train_loss:3.1567 train_time:1546172ms step_avg:366.91ms
step:4225/5100 lr:0.0004375 train_loss:3.2280 train_time:1546569ms step_avg:366.92ms
step:4226/5100 lr:0.000437 train_loss:3.3994 train_time:1546965ms step_avg:366.93ms
step:4227/5100 lr:0.0004365 train_loss:3.2080 train_time:1547361ms step_avg:366.93ms
step:4228/5100 lr:0.000436 train_loss:3.3078 train_time:1547757ms step_avg:366.94ms
step:4229/5100 lr:0.0004355 train_loss:3.4082 train_time:1548153ms step_avg:366.95ms
step:4230/5100 lr:0.000435 train_loss:3.1427 train_time:1548549ms step_avg:366.95ms
step:4231/5100 lr:0.0004345 train_loss:3.2625 train_time:1548945ms step_avg:366.96ms
step:4232/5100 lr:0.00043400000000000003 train_loss:3.3897 train_time:1549342ms step_avg:366.97ms
step:4233/5100 lr:0.0004335 train_loss:3.3246 train_time:1549737ms step_avg:366.98ms
step:4234/5100 lr:0.000433 train_loss:3.5551 train_time:1550132ms step_avg:366.98ms
step:4235/5100 lr:0.0004325 train_loss:3.2740 train_time:1550528ms step_avg:366.99ms
step:4236/5100 lr:0.000432 train_loss:3.7038 train_time:1550924ms step_avg:367.00ms
step:4237/5100 lr:0.0004315 train_loss:3.3989 train_time:1551320ms step_avg:367.00ms
step:4238/5100 lr:0.000431 train_loss:3.3256 train_time:1551715ms step_avg:367.01ms
step:4239/5100 lr:0.0004305 train_loss:3.2850 train_time:1552111ms step_avg:367.02ms
step:4240/5100 lr:0.00043 train_loss:3.2323 train_time:1552507ms step_avg:367.02ms
step:4241/5100 lr:0.0004295 train_loss:3.3997 train_time:1552903ms step_avg:367.03ms
step:4242/5100 lr:0.000429 train_loss:3.2554 train_time:1553299ms step_avg:367.04ms
step:4243/5100 lr:0.0004285 train_loss:3.3858 train_time:1553694ms step_avg:367.04ms
step:4244/5100 lr:0.000428 train_loss:3.4805 train_time:1554094ms step_avg:367.05ms
step:4245/5100 lr:0.0004275 train_loss:3.3798 train_time:1554492ms step_avg:367.06ms
step:4246/5100 lr:0.000427 train_loss:3.2587 train_time:1554883ms step_avg:367.06ms
step:4247/5100 lr:0.0004265 train_loss:3.3725 train_time:1555279ms step_avg:367.07ms
step:4248/5100 lr:0.000426 train_loss:3.2584 train_time:1555674ms step_avg:367.08ms
step:4249/5100 lr:0.0004255 train_loss:3.2901 train_time:1556078ms step_avg:367.09ms
step:4250/5100 lr:0.000425 train_loss:3.3299 train_time:1556467ms step_avg:367.09ms
step:4250/5100 val_loss:3.2910 train_time:1556481ms step_avg:367.09ms
step:4251/5100 lr:0.0004245 train_loss:3.3729 train_time:1560662ms step_avg:367.99ms
step:4252/5100 lr:0.000424 train_loss:3.2579 train_time:1561058ms step_avg:368.00ms
step:4253/5100 lr:0.0004235 train_loss:3.4308 train_time:1561455ms step_avg:368.01ms
step:4254/5100 lr:0.000423 train_loss:3.2478 train_time:1561853ms step_avg:368.01ms
step:4255/5100 lr:0.00042249999999999997 train_loss:3.1998 train_time:1562249ms step_avg:368.02ms
step:4256/5100 lr:0.000422 train_loss:3.5589 train_time:1562644ms step_avg:368.03ms
step:4257/5100 lr:0.0004215 train_loss:3.0721 train_time:1563040ms step_avg:368.03ms
step:4258/5100 lr:0.000421 train_loss:3.0783 train_time:1563435ms step_avg:368.04ms
step:4259/5100 lr:0.0004205 train_loss:3.3242 train_time:1563831ms step_avg:368.05ms
step:4260/5100 lr:0.00042 train_loss:3.8135 train_time:1564226ms step_avg:368.05ms
step:4261/5100 lr:0.0004195 train_loss:3.2201 train_time:1564622ms step_avg:368.06ms
step:4262/5100 lr:0.000419 train_loss:3.6028 train_time:1565018ms step_avg:368.07ms
step:4263/5100 lr:0.0004185 train_loss:3.3407 train_time:1565413ms step_avg:368.07ms
step:4264/5100 lr:0.00041799999999999997 train_loss:3.1664 train_time:1565809ms step_avg:368.08ms
step:4265/5100 lr:0.0004175 train_loss:3.2516 train_time:1566205ms step_avg:368.09ms
step:4266/5100 lr:0.000417 train_loss:3.1476 train_time:1566601ms step_avg:368.09ms
step:4267/5100 lr:0.0004165 train_loss:3.4395 train_time:1566996ms step_avg:368.10ms
step:4268/5100 lr:0.000416 train_loss:3.4026 train_time:1567393ms step_avg:368.11ms
step:4269/5100 lr:0.00041549999999999996 train_loss:3.3318 train_time:1567789ms step_avg:368.11ms
step:4270/5100 lr:0.000415 train_loss:3.4079 train_time:1568184ms step_avg:368.12ms
step:4271/5100 lr:0.0004145 train_loss:3.3497 train_time:1568580ms step_avg:368.12ms
step:4272/5100 lr:0.000414 train_loss:3.3002 train_time:1568976ms step_avg:368.13ms
step:4273/5100 lr:0.00041349999999999997 train_loss:3.2969 train_time:1569372ms step_avg:368.14ms
step:4274/5100 lr:0.000413 train_loss:3.4732 train_time:1569768ms step_avg:368.14ms
step:4275/5100 lr:0.0004125 train_loss:3.1650 train_time:1570163ms step_avg:368.15ms
step:4276/5100 lr:0.000412 train_loss:3.2470 train_time:1570559ms step_avg:368.16ms
step:4277/5100 lr:0.0004115 train_loss:3.2465 train_time:1570956ms step_avg:368.16ms
step:4278/5100 lr:0.00041099999999999996 train_loss:3.2322 train_time:1571351ms step_avg:368.17ms
step:4279/5100 lr:0.0004105 train_loss:3.9815 train_time:1571747ms step_avg:368.18ms
step:4280/5100 lr:0.00041 train_loss:3.2211 train_time:1572143ms step_avg:368.18ms
step:4281/5100 lr:0.0004095 train_loss:3.3108 train_time:1572539ms step_avg:368.19ms
step:4282/5100 lr:0.00040899999999999997 train_loss:3.3439 train_time:1572934ms step_avg:368.20ms
step:4283/5100 lr:0.0004085 train_loss:3.4513 train_time:1573331ms step_avg:368.20ms
step:4284/5100 lr:0.000408 train_loss:3.4596 train_time:1573727ms step_avg:368.21ms
step:4285/5100 lr:0.0004075 train_loss:3.3119 train_time:1574122ms step_avg:368.22ms
step:4286/5100 lr:0.00040699999999999997 train_loss:3.4927 train_time:1574518ms step_avg:368.22ms
step:4287/5100 lr:0.00040649999999999996 train_loss:3.1987 train_time:1574914ms step_avg:368.23ms
step:4288/5100 lr:0.00040600000000000006 train_loss:3.2180 train_time:1575311ms step_avg:368.24ms
step:4289/5100 lr:0.00040550000000000004 train_loss:3.1619 train_time:1575706ms step_avg:368.24ms
step:4290/5100 lr:0.00040500000000000003 train_loss:3.2566 train_time:1576102ms step_avg:368.25ms
step:4291/5100 lr:0.0004045 train_loss:3.4101 train_time:1576498ms step_avg:368.25ms
step:4292/5100 lr:0.000404 train_loss:3.4013 train_time:1576903ms step_avg:368.26ms
step:4293/5100 lr:0.00040350000000000005 train_loss:3.3072 train_time:1577295ms step_avg:368.27ms
step:4294/5100 lr:0.00040300000000000004 train_loss:3.3924 train_time:1577691ms step_avg:368.28ms
step:4295/5100 lr:0.0004025 train_loss:3.3576 train_time:1578087ms step_avg:368.28ms
step:4296/5100 lr:0.000402 train_loss:3.3284 train_time:1578482ms step_avg:368.29ms
step:4297/5100 lr:0.00040150000000000006 train_loss:3.1819 train_time:1578878ms step_avg:368.29ms
step:4298/5100 lr:0.00040100000000000004 train_loss:3.3858 train_time:1579275ms step_avg:368.30ms
step:4299/5100 lr:0.00040050000000000003 train_loss:3.3327 train_time:1579672ms step_avg:368.31ms
step:4300/5100 lr:0.0004 train_loss:3.3571 train_time:1580068ms step_avg:368.31ms
step:4301/5100 lr:0.0003995 train_loss:3.2525 train_time:1580463ms step_avg:368.32ms
step:4302/5100 lr:0.00039900000000000005 train_loss:3.3523 train_time:1580859ms step_avg:368.33ms
step:4303/5100 lr:0.00039850000000000004 train_loss:3.3094 train_time:1581255ms step_avg:368.33ms
step:4304/5100 lr:0.000398 train_loss:3.1854 train_time:1581651ms step_avg:368.34ms
step:4305/5100 lr:0.0003975 train_loss:3.4624 train_time:1582047ms step_avg:368.35ms
step:4306/5100 lr:0.00039700000000000005 train_loss:3.3359 train_time:1582442ms step_avg:368.35ms
step:4307/5100 lr:0.00039650000000000004 train_loss:3.2687 train_time:1582838ms step_avg:368.36ms
step:4308/5100 lr:0.00039600000000000003 train_loss:3.3334 train_time:1583234ms step_avg:368.37ms
step:4309/5100 lr:0.0003955 train_loss:3.4648 train_time:1583631ms step_avg:368.37ms
step:4310/5100 lr:0.000395 train_loss:3.1975 train_time:1584026ms step_avg:368.38ms
step:4311/5100 lr:0.00039450000000000005 train_loss:3.1856 train_time:1584422ms step_avg:368.38ms
step:4312/5100 lr:0.00039400000000000004 train_loss:3.2809 train_time:1584818ms step_avg:368.39ms
step:4313/5100 lr:0.0003935 train_loss:3.2503 train_time:1585214ms step_avg:368.40ms
step:4314/5100 lr:0.000393 train_loss:3.2632 train_time:1585610ms step_avg:368.40ms
step:4315/5100 lr:0.0003925 train_loss:3.3764 train_time:1586005ms step_avg:368.41ms
step:4316/5100 lr:0.00039200000000000004 train_loss:3.2119 train_time:1586400ms step_avg:368.42ms
step:4317/5100 lr:0.00039150000000000003 train_loss:4.1753 train_time:1586797ms step_avg:368.42ms
step:4318/5100 lr:0.000391 train_loss:3.3159 train_time:1587193ms step_avg:368.43ms
step:4319/5100 lr:0.0003905 train_loss:3.3158 train_time:1587590ms step_avg:368.44ms
step:4320/5100 lr:0.00039000000000000005 train_loss:3.4156 train_time:1587985ms step_avg:368.44ms
step:4321/5100 lr:0.00038950000000000003 train_loss:3.5928 train_time:1588381ms step_avg:368.45ms
step:4322/5100 lr:0.000389 train_loss:3.2471 train_time:1588777ms step_avg:368.45ms
step:4323/5100 lr:0.0003885 train_loss:3.1446 train_time:1589173ms step_avg:368.46ms
step:4324/5100 lr:0.000388 train_loss:3.4454 train_time:1589570ms step_avg:368.47ms
step:4325/5100 lr:0.00038750000000000004 train_loss:3.2697 train_time:1589965ms step_avg:368.47ms
step:4326/5100 lr:0.00038700000000000003 train_loss:3.3307 train_time:1590361ms step_avg:368.48ms
step:4327/5100 lr:0.0003865 train_loss:3.2218 train_time:1590757ms step_avg:368.49ms
step:4328/5100 lr:0.000386 train_loss:3.1940 train_time:1591153ms step_avg:368.49ms
step:4329/5100 lr:0.0003855 train_loss:3.4423 train_time:1591549ms step_avg:368.50ms
step:4330/5100 lr:0.00038500000000000003 train_loss:3.4565 train_time:1591944ms step_avg:368.51ms
step:4331/5100 lr:0.0003845 train_loss:3.2503 train_time:1592340ms step_avg:368.51ms
step:4332/5100 lr:0.000384 train_loss:3.3527 train_time:1592736ms step_avg:368.52ms
step:4333/5100 lr:0.0003835 train_loss:3.3445 train_time:1593132ms step_avg:368.52ms
step:4334/5100 lr:0.00038300000000000004 train_loss:3.1689 train_time:1593528ms step_avg:368.53ms
step:4335/5100 lr:0.00038250000000000003 train_loss:3.0345 train_time:1593923ms step_avg:368.54ms
step:4336/5100 lr:0.000382 train_loss:3.1425 train_time:1594320ms step_avg:368.54ms
step:4337/5100 lr:0.0003815 train_loss:3.1221 train_time:1594716ms step_avg:368.55ms
step:4338/5100 lr:0.000381 train_loss:3.2554 train_time:1595112ms step_avg:368.56ms
step:4339/5100 lr:0.00038050000000000003 train_loss:3.1936 train_time:1595508ms step_avg:368.56ms
step:4340/5100 lr:0.00038 train_loss:3.1251 train_time:1595903ms step_avg:368.57ms
step:4341/5100 lr:0.0003795 train_loss:3.3892 train_time:1596299ms step_avg:368.58ms
step:4342/5100 lr:0.000379 train_loss:3.2526 train_time:1596696ms step_avg:368.58ms
step:4343/5100 lr:0.0003785 train_loss:3.4577 train_time:1597092ms step_avg:368.59ms
step:4344/5100 lr:0.000378 train_loss:4.0674 train_time:1597487ms step_avg:368.59ms
step:4345/5100 lr:0.0003775 train_loss:3.2634 train_time:1597883ms step_avg:368.60ms
step:4346/5100 lr:0.000377 train_loss:3.3917 train_time:1598279ms step_avg:368.61ms
step:4347/5100 lr:0.0003765 train_loss:3.4813 train_time:1598675ms step_avg:368.61ms
step:4348/5100 lr:0.00037600000000000003 train_loss:3.1881 train_time:1599072ms step_avg:368.62ms
step:4349/5100 lr:0.0003755 train_loss:3.2933 train_time:1599469ms step_avg:368.63ms
step:4350/5100 lr:0.000375 train_loss:3.0625 train_time:1599864ms step_avg:368.63ms
step:4351/5100 lr:0.0003745 train_loss:3.2457 train_time:1600260ms step_avg:368.64ms
step:4352/5100 lr:0.000374 train_loss:3.3621 train_time:1600656ms step_avg:368.64ms
step:4353/5100 lr:0.0003735 train_loss:3.4112 train_time:1601053ms step_avg:368.65ms
step:4354/5100 lr:0.000373 train_loss:3.3437 train_time:1601449ms step_avg:368.66ms
step:4355/5100 lr:0.0003725 train_loss:3.3637 train_time:1601845ms step_avg:368.66ms
step:4356/5100 lr:0.000372 train_loss:3.3697 train_time:1602240ms step_avg:368.67ms
step:4357/5100 lr:0.00037150000000000003 train_loss:3.1246 train_time:1602636ms step_avg:368.68ms
step:4358/5100 lr:0.000371 train_loss:3.1985 train_time:1603032ms step_avg:368.68ms
step:4359/5100 lr:0.0003705 train_loss:3.0056 train_time:1603427ms step_avg:368.69ms
step:4360/5100 lr:0.00037 train_loss:3.2616 train_time:1603823ms step_avg:368.69ms
step:4361/5100 lr:0.0003695 train_loss:3.3130 train_time:1604219ms step_avg:368.70ms
step:4362/5100 lr:0.000369 train_loss:3.2178 train_time:1604615ms step_avg:368.71ms
step:4363/5100 lr:0.0003685 train_loss:3.4594 train_time:1605011ms step_avg:368.71ms
step:4364/5100 lr:0.000368 train_loss:3.3985 train_time:1605407ms step_avg:368.72ms
step:4365/5100 lr:0.0003675 train_loss:3.0980 train_time:1605802ms step_avg:368.73ms
step:4366/5100 lr:0.000367 train_loss:3.0678 train_time:1606198ms step_avg:368.73ms
step:4367/5100 lr:0.0003665 train_loss:3.1863 train_time:1606594ms step_avg:368.74ms
step:4368/5100 lr:0.000366 train_loss:3.2899 train_time:1606998ms step_avg:368.75ms
step:4369/5100 lr:0.0003655 train_loss:3.4129 train_time:1607388ms step_avg:368.75ms
step:4370/5100 lr:0.000365 train_loss:3.4091 train_time:1607991ms step_avg:368.81ms
step:4371/5100 lr:0.0003645 train_loss:3.4197 train_time:1608386ms step_avg:368.81ms
step:4372/5100 lr:0.000364 train_loss:3.6634 train_time:1608784ms step_avg:368.82ms
step:4373/5100 lr:0.0003635 train_loss:3.3709 train_time:1609178ms step_avg:368.82ms
step:4374/5100 lr:0.000363 train_loss:3.3716 train_time:1609574ms step_avg:368.83ms
step:4375/5100 lr:0.0003625 train_loss:3.4006 train_time:1609970ms step_avg:368.84ms
step:4375/5100 val_loss:3.2800 train_time:1609984ms step_avg:368.84ms
step:4376/5100 lr:0.000362 train_loss:3.2723 train_time:1614041ms step_avg:369.68ms
step:4377/5100 lr:0.0003615 train_loss:3.2721 train_time:1614437ms step_avg:369.69ms
step:4378/5100 lr:0.000361 train_loss:3.2644 train_time:1614832ms step_avg:369.70ms
step:4379/5100 lr:0.0003605 train_loss:3.4455 train_time:1615228ms step_avg:369.70ms
step:4380/5100 lr:0.00035999999999999997 train_loss:3.3793 train_time:1615624ms step_avg:369.71ms
step:4381/5100 lr:0.0003595 train_loss:3.5294 train_time:1616020ms step_avg:369.71ms
step:4382/5100 lr:0.000359 train_loss:3.2167 train_time:1616619ms step_avg:369.77ms
step:4383/5100 lr:0.0003585 train_loss:3.2467 train_time:1617015ms step_avg:369.77ms
step:4384/5100 lr:0.000358 train_loss:3.2034 train_time:1617410ms step_avg:369.78ms
step:4385/5100 lr:0.0003575 train_loss:2.9964 train_time:1617807ms step_avg:369.78ms
step:4386/5100 lr:0.000357 train_loss:3.0456 train_time:1618203ms step_avg:369.79ms
step:4387/5100 lr:0.0003565 train_loss:3.2573 train_time:1618600ms step_avg:369.80ms
step:4388/5100 lr:0.000356 train_loss:3.3997 train_time:1618995ms step_avg:369.80ms
step:4389/5100 lr:0.00035549999999999997 train_loss:3.8805 train_time:1619390ms step_avg:369.81ms
step:4390/5100 lr:0.000355 train_loss:3.2346 train_time:1619786ms step_avg:369.81ms
step:4391/5100 lr:0.0003545 train_loss:3.2900 train_time:1620183ms step_avg:369.82ms
step:4392/5100 lr:0.000354 train_loss:3.2621 train_time:1620579ms step_avg:369.83ms
step:4393/5100 lr:0.0003535 train_loss:3.1338 train_time:1620975ms step_avg:369.83ms
step:4394/5100 lr:0.00035299999999999996 train_loss:3.3410 train_time:1621371ms step_avg:369.84ms
step:4395/5100 lr:0.0003525 train_loss:3.3095 train_time:1621767ms step_avg:369.84ms
step:4396/5100 lr:0.000352 train_loss:3.2967 train_time:1622164ms step_avg:369.85ms
step:4397/5100 lr:0.0003515 train_loss:3.1875 train_time:1622560ms step_avg:369.86ms
step:4398/5100 lr:0.00035099999999999997 train_loss:3.4836 train_time:1622956ms step_avg:369.86ms
step:4399/5100 lr:0.0003505 train_loss:3.3312 train_time:1623352ms step_avg:369.87ms
step:4400/5100 lr:0.00035 train_loss:3.2320 train_time:1623749ms step_avg:369.87ms
step:4401/5100 lr:0.0003495 train_loss:3.3226 train_time:1624145ms step_avg:369.88ms
step:4402/5100 lr:0.00034899999999999997 train_loss:3.1528 train_time:1624542ms step_avg:369.89ms
step:4403/5100 lr:0.00034849999999999996 train_loss:3.2719 train_time:1624938ms step_avg:369.89ms
step:4404/5100 lr:0.000348 train_loss:3.2799 train_time:1625335ms step_avg:369.90ms
step:4405/5100 lr:0.0003475 train_loss:3.1915 train_time:1625730ms step_avg:369.90ms
step:4406/5100 lr:0.000347 train_loss:3.2173 train_time:1626127ms step_avg:369.91ms
step:4407/5100 lr:0.00034649999999999997 train_loss:3.0913 train_time:1626523ms step_avg:369.92ms
step:4408/5100 lr:0.000346 train_loss:3.1800 train_time:1626945ms step_avg:369.93ms
step:4409/5100 lr:0.0003455 train_loss:3.6790 train_time:1627343ms step_avg:369.93ms
step:4410/5100 lr:0.000345 train_loss:3.1784 train_time:1627738ms step_avg:369.94ms
step:4411/5100 lr:0.00034449999999999997 train_loss:3.3005 train_time:1628134ms step_avg:369.95ms
step:4412/5100 lr:0.00034399999999999996 train_loss:3.2289 train_time:1628530ms step_avg:369.95ms
step:4413/5100 lr:0.00034350000000000006 train_loss:3.1973 train_time:1628926ms step_avg:369.96ms
step:4414/5100 lr:0.00034300000000000004 train_loss:3.4225 train_time:1629323ms step_avg:369.96ms
step:4415/5100 lr:0.00034250000000000003 train_loss:3.3786 train_time:1629727ms step_avg:369.97ms
step:4416/5100 lr:0.000342 train_loss:3.3035 train_time:1630126ms step_avg:369.98ms
step:4417/5100 lr:0.0003415 train_loss:3.5855 train_time:1630518ms step_avg:369.98ms
step:4418/5100 lr:0.00034100000000000005 train_loss:3.3838 train_time:1630914ms step_avg:369.99ms
step:4419/5100 lr:0.00034050000000000004 train_loss:3.3799 train_time:1631310ms step_avg:370.00ms
step:4420/5100 lr:0.00034 train_loss:3.5945 train_time:1631706ms step_avg:370.00ms
step:4421/5100 lr:0.0003395 train_loss:3.3000 train_time:1632103ms step_avg:370.01ms
step:4422/5100 lr:0.00033900000000000005 train_loss:3.2616 train_time:1632499ms step_avg:370.01ms
step:4423/5100 lr:0.00033850000000000004 train_loss:3.3188 train_time:1632895ms step_avg:370.02ms
step:4424/5100 lr:0.00033800000000000003 train_loss:3.3757 train_time:1633290ms step_avg:370.02ms
step:4425/5100 lr:0.0003375 train_loss:3.1890 train_time:1633687ms step_avg:370.03ms
step:4426/5100 lr:0.000337 train_loss:3.0936 train_time:1634083ms step_avg:370.04ms
step:4427/5100 lr:0.00033650000000000005 train_loss:3.3039 train_time:1634480ms step_avg:370.04ms
step:4428/5100 lr:0.00033600000000000004 train_loss:3.6132 train_time:1634875ms step_avg:370.05ms
step:4429/5100 lr:0.0003355 train_loss:3.2421 train_time:1635271ms step_avg:370.05ms
step:4430/5100 lr:0.000335 train_loss:3.1940 train_time:1635668ms step_avg:370.06ms
step:4431/5100 lr:0.00033450000000000005 train_loss:3.2027 train_time:1636064ms step_avg:370.07ms
step:4432/5100 lr:0.00033400000000000004 train_loss:3.3490 train_time:1636461ms step_avg:370.07ms
step:4433/5100 lr:0.00033350000000000003 train_loss:3.2938 train_time:1636857ms step_avg:370.08ms
step:4434/5100 lr:0.000333 train_loss:3.3909 train_time:1637253ms step_avg:370.08ms
step:4435/5100 lr:0.0003325 train_loss:3.2961 train_time:1637649ms step_avg:370.09ms
step:4436/5100 lr:0.00033200000000000005 train_loss:3.1901 train_time:1638045ms step_avg:370.10ms
step:4437/5100 lr:0.00033150000000000003 train_loss:3.2584 train_time:1638442ms step_avg:370.10ms
step:4438/5100 lr:0.000331 train_loss:3.1402 train_time:1638838ms step_avg:370.11ms
step:4439/5100 lr:0.0003305 train_loss:3.1310 train_time:1639234ms step_avg:370.11ms
step:4440/5100 lr:0.00033 train_loss:3.3194 train_time:1639630ms step_avg:370.12ms
step:4441/5100 lr:0.00032950000000000004 train_loss:3.4398 train_time:1640026ms step_avg:370.13ms
step:4442/5100 lr:0.00032900000000000003 train_loss:3.2582 train_time:1640422ms step_avg:370.13ms
step:4443/5100 lr:0.0003285 train_loss:3.1092 train_time:1640818ms step_avg:370.14ms
step:4444/5100 lr:0.000328 train_loss:3.2932 train_time:1641213ms step_avg:370.14ms
step:4445/5100 lr:0.00032750000000000005 train_loss:3.0985 train_time:1641608ms step_avg:370.15ms
step:4446/5100 lr:0.00032700000000000003 train_loss:3.2916 train_time:1642004ms step_avg:370.15ms
step:4447/5100 lr:0.0003265 train_loss:3.2093 train_time:1642400ms step_avg:370.16ms
step:4448/5100 lr:0.000326 train_loss:3.2768 train_time:1642796ms step_avg:370.17ms
step:4449/5100 lr:0.0003255 train_loss:3.0792 train_time:1643191ms step_avg:370.17ms
step:4450/5100 lr:0.00032500000000000004 train_loss:3.1929 train_time:1643588ms step_avg:370.18ms
step:4451/5100 lr:0.00032450000000000003 train_loss:3.1065 train_time:1643983ms step_avg:370.18ms
step:4452/5100 lr:0.000324 train_loss:3.1901 train_time:1644379ms step_avg:370.19ms
step:4453/5100 lr:0.0003235 train_loss:3.1865 train_time:1644775ms step_avg:370.19ms
step:4454/5100 lr:0.000323 train_loss:3.2635 train_time:1645170ms step_avg:370.20ms
step:4455/5100 lr:0.00032250000000000003 train_loss:3.4672 train_time:1645566ms step_avg:370.21ms
step:4456/5100 lr:0.000322 train_loss:3.2811 train_time:1645962ms step_avg:370.21ms
step:4457/5100 lr:0.0003215 train_loss:3.3498 train_time:1646358ms step_avg:370.22ms
step:4458/5100 lr:0.000321 train_loss:3.2252 train_time:1646753ms step_avg:370.22ms
step:4459/5100 lr:0.00032050000000000004 train_loss:3.1968 train_time:1647149ms step_avg:370.23ms
step:4460/5100 lr:0.00032 train_loss:3.1736 train_time:1647544ms step_avg:370.23ms
step:4461/5100 lr:0.0003195 train_loss:3.0048 train_time:1647941ms step_avg:370.24ms
step:4462/5100 lr:0.000319 train_loss:3.3475 train_time:1648336ms step_avg:370.25ms
step:4463/5100 lr:0.0003185 train_loss:3.3668 train_time:1648732ms step_avg:370.25ms
step:4464/5100 lr:0.00031800000000000003 train_loss:3.2021 train_time:1649128ms step_avg:370.26ms
step:4465/5100 lr:0.0003175 train_loss:3.2721 train_time:1649524ms step_avg:370.26ms
step:4466/5100 lr:0.000317 train_loss:3.2799 train_time:1649920ms step_avg:370.27ms
step:4467/5100 lr:0.0003165 train_loss:3.2409 train_time:1650316ms step_avg:370.28ms
step:4468/5100 lr:0.000316 train_loss:3.2240 train_time:1650711ms step_avg:370.28ms
step:4469/5100 lr:0.0003155 train_loss:3.2777 train_time:1651107ms step_avg:370.29ms
step:4470/5100 lr:0.000315 train_loss:3.2910 train_time:1651503ms step_avg:370.29ms
step:4471/5100 lr:0.0003145 train_loss:3.5877 train_time:1651899ms step_avg:370.30ms
step:4472/5100 lr:0.000314 train_loss:3.2733 train_time:1652294ms step_avg:370.30ms
step:4473/5100 lr:0.00031350000000000003 train_loss:3.2428 train_time:1652690ms step_avg:370.31ms
step:4474/5100 lr:0.000313 train_loss:3.0018 train_time:1653086ms step_avg:370.31ms
step:4475/5100 lr:0.0003125 train_loss:3.4233 train_time:1653482ms step_avg:370.32ms
step:4476/5100 lr:0.000312 train_loss:3.0876 train_time:1653878ms step_avg:370.33ms
step:4477/5100 lr:0.0003115 train_loss:3.0275 train_time:1654273ms step_avg:370.33ms
step:4478/5100 lr:0.000311 train_loss:3.3182 train_time:1654668ms step_avg:370.34ms
step:4479/5100 lr:0.0003105 train_loss:2.8212 train_time:1655064ms step_avg:370.34ms
step:4480/5100 lr:0.00031 train_loss:3.2643 train_time:1655460ms step_avg:370.35ms
step:4481/5100 lr:0.0003095 train_loss:3.3292 train_time:1655855ms step_avg:370.35ms
step:4482/5100 lr:0.00030900000000000003 train_loss:3.2329 train_time:1656250ms step_avg:370.36ms
step:4483/5100 lr:0.0003085 train_loss:3.2575 train_time:1656646ms step_avg:370.37ms
step:4484/5100 lr:0.000308 train_loss:3.2993 train_time:1657042ms step_avg:370.37ms
step:4485/5100 lr:0.0003075 train_loss:3.3413 train_time:1657437ms step_avg:370.38ms
step:4486/5100 lr:0.000307 train_loss:3.1740 train_time:1657832ms step_avg:370.38ms
step:4487/5100 lr:0.0003065 train_loss:3.4886 train_time:1658228ms step_avg:370.39ms
step:4488/5100 lr:0.000306 train_loss:3.3501 train_time:1658624ms step_avg:370.39ms
step:4489/5100 lr:0.0003055 train_loss:3.3372 train_time:1659021ms step_avg:370.40ms
step:4490/5100 lr:0.000305 train_loss:3.1110 train_time:1659416ms step_avg:370.41ms
step:4491/5100 lr:0.0003045 train_loss:3.2492 train_time:1659812ms step_avg:370.41ms
step:4492/5100 lr:0.000304 train_loss:3.3260 train_time:1660208ms step_avg:370.42ms
step:4493/5100 lr:0.0003035 train_loss:3.1312 train_time:1660604ms step_avg:370.42ms
step:4494/5100 lr:0.000303 train_loss:3.1445 train_time:1661000ms step_avg:370.43ms
step:4495/5100 lr:0.0003025 train_loss:3.0515 train_time:1661396ms step_avg:370.43ms
step:4496/5100 lr:0.000302 train_loss:3.2453 train_time:1661791ms step_avg:370.44ms
step:4497/5100 lr:0.0003015 train_loss:2.8869 train_time:1662189ms step_avg:370.45ms
step:4498/5100 lr:0.000301 train_loss:3.4869 train_time:1662583ms step_avg:370.45ms
step:4499/5100 lr:0.0003005 train_loss:3.2668 train_time:1662979ms step_avg:370.46ms
step:4500/5100 lr:0.0003 train_loss:3.3191 train_time:1663375ms step_avg:370.46ms
step:4500/5100 val_loss:3.2692 train_time:1663388ms step_avg:370.47ms
step:4501/5100 lr:0.0002995 train_loss:3.6521 train_time:1667596ms step_avg:371.32ms
step:4502/5100 lr:0.000299 train_loss:3.0120 train_time:1667992ms step_avg:371.33ms
step:4503/5100 lr:0.0002985 train_loss:3.4429 train_time:1668388ms step_avg:371.33ms
step:4504/5100 lr:0.000298 train_loss:3.1020 train_time:1668785ms step_avg:371.34ms
step:4505/5100 lr:0.00029749999999999997 train_loss:3.4441 train_time:1669182ms step_avg:371.34ms
step:4506/5100 lr:0.000297 train_loss:3.2450 train_time:1669578ms step_avg:371.35ms
step:4507/5100 lr:0.0002965 train_loss:3.2814 train_time:1669974ms step_avg:371.35ms
step:4508/5100 lr:0.000296 train_loss:3.3100 train_time:1670370ms step_avg:371.36ms
step:4509/5100 lr:0.00029549999999999997 train_loss:3.4337 train_time:1670766ms step_avg:371.36ms
step:4510/5100 lr:0.000295 train_loss:3.2005 train_time:1671161ms step_avg:371.37ms
step:4511/5100 lr:0.0002945 train_loss:3.2350 train_time:1671558ms step_avg:371.37ms
step:4512/5100 lr:0.000294 train_loss:3.5809 train_time:1671953ms step_avg:371.38ms
step:4513/5100 lr:0.0002935 train_loss:3.5800 train_time:1672349ms step_avg:371.39ms
step:4514/5100 lr:0.00029299999999999997 train_loss:3.3097 train_time:1672746ms step_avg:371.39ms
step:4515/5100 lr:0.0002925 train_loss:3.1714 train_time:1673142ms step_avg:371.40ms
step:4516/5100 lr:0.000292 train_loss:3.3395 train_time:1673538ms step_avg:371.40ms
step:4517/5100 lr:0.0002915 train_loss:3.3385 train_time:1673933ms step_avg:371.41ms
step:4518/5100 lr:0.00029099999999999997 train_loss:3.3365 train_time:1674329ms step_avg:371.41ms
step:4519/5100 lr:0.00029049999999999996 train_loss:3.3638 train_time:1674726ms step_avg:371.42ms
step:4520/5100 lr:0.00029 train_loss:3.3194 train_time:1675121ms step_avg:371.42ms
step:4521/5100 lr:0.0002895 train_loss:3.3251 train_time:1675517ms step_avg:371.43ms
step:4522/5100 lr:0.000289 train_loss:3.1968 train_time:1675913ms step_avg:371.43ms
step:4523/5100 lr:0.00028849999999999997 train_loss:3.3778 train_time:1676309ms step_avg:371.44ms
step:4524/5100 lr:0.000288 train_loss:3.2381 train_time:1676705ms step_avg:371.45ms
step:4525/5100 lr:0.0002875 train_loss:3.3427 train_time:1677101ms step_avg:371.45ms
step:4526/5100 lr:0.000287 train_loss:3.3063 train_time:1677497ms step_avg:371.46ms
step:4527/5100 lr:0.00028649999999999997 train_loss:3.1052 train_time:1677892ms step_avg:371.46ms
step:4528/5100 lr:0.00028599999999999996 train_loss:3.2142 train_time:1678288ms step_avg:371.47ms
step:4529/5100 lr:0.0002855 train_loss:3.5080 train_time:1678684ms step_avg:371.47ms
step:4530/5100 lr:0.000285 train_loss:3.3608 train_time:1679081ms step_avg:371.48ms
step:4531/5100 lr:0.0002845 train_loss:3.3966 train_time:1679477ms step_avg:371.48ms
step:4532/5100 lr:0.00028399999999999996 train_loss:3.1778 train_time:1679872ms step_avg:371.49ms
step:4533/5100 lr:0.0002835 train_loss:3.2723 train_time:1680269ms step_avg:371.49ms
step:4534/5100 lr:0.000283 train_loss:3.3115 train_time:1680665ms step_avg:371.50ms
step:4535/5100 lr:0.0002825 train_loss:3.2125 train_time:1681062ms step_avg:371.51ms
step:4536/5100 lr:0.00028199999999999997 train_loss:3.1689 train_time:1681457ms step_avg:371.51ms
step:4537/5100 lr:0.00028149999999999996 train_loss:3.2210 train_time:1681852ms step_avg:371.52ms
step:4538/5100 lr:0.00028100000000000005 train_loss:3.4346 train_time:1682248ms step_avg:371.52ms
step:4539/5100 lr:0.00028050000000000004 train_loss:3.1348 train_time:1682644ms step_avg:371.53ms
step:4540/5100 lr:0.00028000000000000003 train_loss:3.2851 train_time:1683041ms step_avg:371.53ms
step:4541/5100 lr:0.0002795 train_loss:3.3334 train_time:1683437ms step_avg:371.54ms
step:4542/5100 lr:0.000279 train_loss:3.3933 train_time:1683832ms step_avg:371.54ms
step:4543/5100 lr:0.00027850000000000005 train_loss:3.3892 train_time:1684228ms step_avg:371.55ms
step:4544/5100 lr:0.00027800000000000004 train_loss:3.2091 train_time:1684624ms step_avg:371.55ms
step:4545/5100 lr:0.0002775 train_loss:3.2859 train_time:1685021ms step_avg:371.56ms
step:4546/5100 lr:0.000277 train_loss:3.1019 train_time:1685417ms step_avg:371.56ms
step:4547/5100 lr:0.00027650000000000005 train_loss:3.1291 train_time:1685813ms step_avg:371.57ms
step:4548/5100 lr:0.00027600000000000004 train_loss:3.3769 train_time:1686209ms step_avg:371.58ms
step:4549/5100 lr:0.00027550000000000003 train_loss:3.2005 train_time:1686605ms step_avg:371.58ms
step:4550/5100 lr:0.000275 train_loss:3.1395 train_time:1687001ms step_avg:371.59ms
step:4551/5100 lr:0.0002745 train_loss:3.1153 train_time:1687397ms step_avg:371.59ms
step:4552/5100 lr:0.00027400000000000005 train_loss:3.0995 train_time:1687792ms step_avg:371.60ms
step:4553/5100 lr:0.00027350000000000003 train_loss:3.2991 train_time:1688188ms step_avg:371.60ms
step:4554/5100 lr:0.000273 train_loss:3.1947 train_time:1688584ms step_avg:371.61ms
step:4555/5100 lr:0.0002725 train_loss:3.2577 train_time:1688981ms step_avg:371.61ms
step:4556/5100 lr:0.00027200000000000005 train_loss:2.9991 train_time:1689377ms step_avg:371.62ms
step:4557/5100 lr:0.00027150000000000004 train_loss:3.3253 train_time:1689772ms step_avg:371.62ms
step:4558/5100 lr:0.00027100000000000003 train_loss:3.0991 train_time:1690168ms step_avg:371.63ms
step:4559/5100 lr:0.0002705 train_loss:3.2498 train_time:1690564ms step_avg:371.63ms
step:4560/5100 lr:0.00027 train_loss:3.3101 train_time:1691161ms step_avg:371.68ms
step:4561/5100 lr:0.00026950000000000005 train_loss:3.4014 train_time:1691557ms step_avg:371.69ms
step:4562/5100 lr:0.00026900000000000003 train_loss:3.2993 train_time:1691953ms step_avg:371.69ms
step:4563/5100 lr:0.0002685 train_loss:3.2120 train_time:1692349ms step_avg:371.70ms
step:4564/5100 lr:0.000268 train_loss:3.5413 train_time:1692745ms step_avg:371.71ms
step:4565/5100 lr:0.0002675 train_loss:3.4565 train_time:1693141ms step_avg:371.71ms
step:4566/5100 lr:0.00026700000000000004 train_loss:3.4873 train_time:1693537ms step_avg:371.72ms
step:4567/5100 lr:0.0002665 train_loss:3.4100 train_time:1693933ms step_avg:371.72ms
step:4568/5100 lr:0.000266 train_loss:3.1819 train_time:1694328ms step_avg:371.73ms
step:4569/5100 lr:0.0002655 train_loss:3.3118 train_time:1694724ms step_avg:371.73ms
step:4570/5100 lr:0.00026500000000000004 train_loss:3.2956 train_time:1695120ms step_avg:371.74ms
step:4571/5100 lr:0.00026450000000000003 train_loss:3.2140 train_time:1695516ms step_avg:371.74ms
step:4572/5100 lr:0.000264 train_loss:3.3296 train_time:1696111ms step_avg:371.79ms
step:4573/5100 lr:0.0002635 train_loss:3.3514 train_time:1696507ms step_avg:371.80ms
step:4574/5100 lr:0.000263 train_loss:3.2123 train_time:1696903ms step_avg:371.80ms
step:4575/5100 lr:0.00026250000000000004 train_loss:3.2587 train_time:1697300ms step_avg:371.81ms
step:4576/5100 lr:0.000262 train_loss:3.3905 train_time:1697695ms step_avg:371.81ms
step:4577/5100 lr:0.0002615 train_loss:3.5058 train_time:1698091ms step_avg:371.82ms
step:4578/5100 lr:0.000261 train_loss:3.3145 train_time:1698488ms step_avg:371.82ms
step:4579/5100 lr:0.0002605 train_loss:3.2504 train_time:1698884ms step_avg:371.83ms
step:4580/5100 lr:0.00026000000000000003 train_loss:3.4430 train_time:1699281ms step_avg:371.83ms
step:4581/5100 lr:0.0002595 train_loss:3.1644 train_time:1699677ms step_avg:371.84ms
step:4582/5100 lr:0.000259 train_loss:3.1255 train_time:1700073ms step_avg:371.84ms
step:4583/5100 lr:0.0002585 train_loss:3.4665 train_time:1700469ms step_avg:371.85ms
step:4584/5100 lr:0.00025800000000000004 train_loss:3.1029 train_time:1700866ms step_avg:371.86ms
step:4585/5100 lr:0.0002575 train_loss:3.1916 train_time:1701262ms step_avg:371.86ms
step:4586/5100 lr:0.000257 train_loss:3.3314 train_time:1701660ms step_avg:371.87ms
step:4587/5100 lr:0.0002565 train_loss:3.3359 train_time:1702056ms step_avg:371.87ms
step:4588/5100 lr:0.000256 train_loss:3.2928 train_time:1702452ms step_avg:371.88ms
step:4589/5100 lr:0.00025550000000000003 train_loss:3.2161 train_time:1702848ms step_avg:371.88ms
step:4590/5100 lr:0.000255 train_loss:3.2799 train_time:1703245ms step_avg:371.89ms
step:4591/5100 lr:0.0002545 train_loss:3.2707 train_time:1703641ms step_avg:371.89ms
step:4592/5100 lr:0.000254 train_loss:3.2046 train_time:1704038ms step_avg:371.90ms
step:4593/5100 lr:0.0002535 train_loss:3.2818 train_time:1704434ms step_avg:371.90ms
step:4594/5100 lr:0.000253 train_loss:3.1508 train_time:1704830ms step_avg:371.91ms
step:4595/5100 lr:0.0002525 train_loss:3.1857 train_time:1705227ms step_avg:371.91ms
step:4596/5100 lr:0.000252 train_loss:3.3561 train_time:1705623ms step_avg:371.92ms
step:4597/5100 lr:0.0002515 train_loss:3.4057 train_time:1706021ms step_avg:371.93ms
step:4598/5100 lr:0.00025100000000000003 train_loss:3.1779 train_time:1706418ms step_avg:371.93ms
step:4599/5100 lr:0.0002505 train_loss:3.1208 train_time:1706814ms step_avg:371.94ms
step:4600/5100 lr:0.00025 train_loss:3.2141 train_time:1707210ms step_avg:371.94ms
step:4601/5100 lr:0.0002495 train_loss:3.3993 train_time:1707606ms step_avg:371.95ms
step:4602/5100 lr:0.000249 train_loss:3.4083 train_time:1708002ms step_avg:371.95ms
step:4603/5100 lr:0.0002485 train_loss:3.3300 train_time:1708399ms step_avg:371.96ms
step:4604/5100 lr:0.000248 train_loss:3.2835 train_time:1708795ms step_avg:371.96ms
step:4605/5100 lr:0.0002475 train_loss:3.4720 train_time:1709191ms step_avg:371.97ms
step:4606/5100 lr:0.000247 train_loss:3.2873 train_time:1709587ms step_avg:371.97ms
step:4607/5100 lr:0.00024650000000000003 train_loss:3.0367 train_time:1709984ms step_avg:371.98ms
step:4608/5100 lr:0.000246 train_loss:3.3529 train_time:1710381ms step_avg:371.98ms
step:4609/5100 lr:0.0002455 train_loss:3.2307 train_time:1710778ms step_avg:371.99ms
step:4610/5100 lr:0.000245 train_loss:3.3464 train_time:1711174ms step_avg:371.99ms
step:4611/5100 lr:0.0002445 train_loss:3.3631 train_time:1711570ms step_avg:372.00ms
step:4612/5100 lr:0.000244 train_loss:3.2533 train_time:1711966ms step_avg:372.00ms
step:4613/5100 lr:0.0002435 train_loss:3.1990 train_time:1712362ms step_avg:372.01ms
step:4614/5100 lr:0.000243 train_loss:3.2107 train_time:1712759ms step_avg:372.02ms
step:4615/5100 lr:0.00024249999999999999 train_loss:3.1675 train_time:1713155ms step_avg:372.02ms
step:4616/5100 lr:0.000242 train_loss:3.3141 train_time:1713551ms step_avg:372.03ms
step:4617/5100 lr:0.0002415 train_loss:3.2663 train_time:1713948ms step_avg:372.03ms
step:4618/5100 lr:0.000241 train_loss:3.3363 train_time:1714345ms step_avg:372.04ms
step:4619/5100 lr:0.0002405 train_loss:3.3155 train_time:1714741ms step_avg:372.04ms
step:4620/5100 lr:0.00024 train_loss:3.3743 train_time:1715145ms step_avg:372.05ms
step:4621/5100 lr:0.0002395 train_loss:3.1945 train_time:1715533ms step_avg:372.05ms
step:4622/5100 lr:0.00023899999999999998 train_loss:3.2759 train_time:1715929ms step_avg:372.06ms
step:4623/5100 lr:0.0002385 train_loss:3.5127 train_time:1716325ms step_avg:372.06ms
step:4624/5100 lr:0.00023799999999999998 train_loss:3.2351 train_time:1716721ms step_avg:372.07ms
step:4625/5100 lr:0.0002375 train_loss:3.0019 train_time:1717117ms step_avg:372.07ms
step:4625/5100 val_loss:3.2585 train_time:1717131ms step_avg:372.08ms
step:4626/5100 lr:0.000237 train_loss:3.2595 train_time:1721342ms step_avg:372.91ms
step:4627/5100 lr:0.0002365 train_loss:3.1581 train_time:1721739ms step_avg:372.91ms
step:4628/5100 lr:0.000236 train_loss:3.3579 train_time:1722135ms step_avg:372.92ms
step:4629/5100 lr:0.0002355 train_loss:3.1574 train_time:1722532ms step_avg:372.92ms
step:4630/5100 lr:0.000235 train_loss:3.3523 train_time:1722926ms step_avg:372.93ms
step:4631/5100 lr:0.00023449999999999998 train_loss:3.4093 train_time:1723321ms step_avg:372.93ms
step:4632/5100 lr:0.00023400000000000002 train_loss:3.4641 train_time:1723717ms step_avg:372.94ms
step:4633/5100 lr:0.0002335 train_loss:2.9930 train_time:1724114ms step_avg:372.94ms
step:4634/5100 lr:0.00023300000000000003 train_loss:3.2737 train_time:1724510ms step_avg:372.95ms
step:4635/5100 lr:0.0002325 train_loss:3.2649 train_time:1724905ms step_avg:372.95ms
step:4636/5100 lr:0.00023200000000000003 train_loss:3.1104 train_time:1725300ms step_avg:372.96ms
step:4637/5100 lr:0.00023150000000000002 train_loss:3.3438 train_time:1725696ms step_avg:372.96ms
step:4638/5100 lr:0.000231 train_loss:3.2593 train_time:1726092ms step_avg:372.97ms
step:4639/5100 lr:0.00023050000000000002 train_loss:3.0744 train_time:1726488ms step_avg:372.97ms
step:4640/5100 lr:0.00023 train_loss:3.2185 train_time:1726883ms step_avg:372.98ms
step:4641/5100 lr:0.00022950000000000002 train_loss:3.3320 train_time:1727279ms step_avg:372.98ms
step:4642/5100 lr:0.000229 train_loss:3.5163 train_time:1727675ms step_avg:372.99ms
step:4643/5100 lr:0.00022850000000000002 train_loss:3.1200 train_time:1728072ms step_avg:372.99ms
step:4644/5100 lr:0.000228 train_loss:3.4215 train_time:1728467ms step_avg:373.00ms
step:4645/5100 lr:0.0002275 train_loss:3.2429 train_time:1728862ms step_avg:373.00ms
step:4646/5100 lr:0.00022700000000000002 train_loss:3.1905 train_time:1729259ms step_avg:373.01ms
step:4647/5100 lr:0.0002265 train_loss:3.3387 train_time:1729655ms step_avg:373.01ms
step:4648/5100 lr:0.00022600000000000002 train_loss:3.1252 train_time:1730051ms step_avg:373.02ms
step:4649/5100 lr:0.0002255 train_loss:3.3644 train_time:1730447ms step_avg:373.02ms
step:4650/5100 lr:0.00022500000000000002 train_loss:3.2492 train_time:1730842ms step_avg:373.03ms
step:4651/5100 lr:0.0002245 train_loss:3.2522 train_time:1731239ms step_avg:373.03ms
step:4652/5100 lr:0.000224 train_loss:3.1104 train_time:1731635ms step_avg:373.04ms
step:4653/5100 lr:0.0002235 train_loss:3.2153 train_time:1732032ms step_avg:373.04ms
step:4654/5100 lr:0.000223 train_loss:3.2183 train_time:1732428ms step_avg:373.05ms
step:4655/5100 lr:0.00022250000000000001 train_loss:3.5575 train_time:1732823ms step_avg:373.05ms
step:4656/5100 lr:0.000222 train_loss:3.2751 train_time:1733219ms step_avg:373.06ms
step:4657/5100 lr:0.00022150000000000002 train_loss:3.2337 train_time:1733615ms step_avg:373.06ms
step:4658/5100 lr:0.000221 train_loss:3.2192 train_time:1734011ms step_avg:373.07ms
step:4659/5100 lr:0.0002205 train_loss:3.3806 train_time:1734407ms step_avg:373.07ms
step:4660/5100 lr:0.00022 train_loss:3.3678 train_time:1734802ms step_avg:373.08ms
step:4661/5100 lr:0.0002195 train_loss:3.2992 train_time:1735199ms step_avg:373.08ms
step:4662/5100 lr:0.000219 train_loss:3.1736 train_time:1735594ms step_avg:373.09ms
step:4663/5100 lr:0.0002185 train_loss:3.4338 train_time:1735991ms step_avg:373.09ms
step:4664/5100 lr:0.000218 train_loss:3.4910 train_time:1736387ms step_avg:373.10ms
step:4665/5100 lr:0.0002175 train_loss:3.2865 train_time:1736783ms step_avg:373.10ms
step:4666/5100 lr:0.00021700000000000002 train_loss:3.2055 train_time:1737179ms step_avg:373.11ms
step:4667/5100 lr:0.0002165 train_loss:3.3833 train_time:1737576ms step_avg:373.11ms
step:4668/5100 lr:0.000216 train_loss:3.1656 train_time:1737972ms step_avg:373.12ms
step:4669/5100 lr:0.0002155 train_loss:3.0896 train_time:1738367ms step_avg:373.12ms
step:4670/5100 lr:0.000215 train_loss:3.1961 train_time:1738763ms step_avg:373.13ms
step:4671/5100 lr:0.0002145 train_loss:3.1304 train_time:1739159ms step_avg:373.13ms
step:4672/5100 lr:0.000214 train_loss:3.1758 train_time:1739555ms step_avg:373.13ms
step:4673/5100 lr:0.0002135 train_loss:3.1375 train_time:1739952ms step_avg:373.14ms
step:4674/5100 lr:0.000213 train_loss:3.3480 train_time:1740348ms step_avg:373.14ms
step:4675/5100 lr:0.0002125 train_loss:3.1962 train_time:1740743ms step_avg:373.15ms
step:4676/5100 lr:0.000212 train_loss:3.1580 train_time:1741140ms step_avg:373.15ms
step:4677/5100 lr:0.0002115 train_loss:3.3802 train_time:1741537ms step_avg:373.16ms
step:4678/5100 lr:0.000211 train_loss:3.2426 train_time:1741933ms step_avg:373.16ms
step:4679/5100 lr:0.0002105 train_loss:3.2576 train_time:1742332ms step_avg:373.17ms
step:4680/5100 lr:0.00021 train_loss:3.2625 train_time:1742728ms step_avg:373.18ms
step:4681/5100 lr:0.0002095 train_loss:3.3219 train_time:1743124ms step_avg:373.18ms
step:4682/5100 lr:0.00020899999999999998 train_loss:3.3865 train_time:1743520ms step_avg:373.18ms
step:4683/5100 lr:0.0002085 train_loss:3.2815 train_time:1743916ms step_avg:373.19ms
step:4684/5100 lr:0.000208 train_loss:3.3104 train_time:1744312ms step_avg:373.19ms
step:4685/5100 lr:0.0002075 train_loss:3.3248 train_time:1744708ms step_avg:373.20ms
step:4686/5100 lr:0.000207 train_loss:3.2035 train_time:1745104ms step_avg:373.20ms
step:4687/5100 lr:0.0002065 train_loss:3.4587 train_time:1745500ms step_avg:373.21ms
step:4688/5100 lr:0.000206 train_loss:3.0624 train_time:1745897ms step_avg:373.21ms
step:4689/5100 lr:0.00020549999999999998 train_loss:3.1219 train_time:1746293ms step_avg:373.22ms
step:4690/5100 lr:0.000205 train_loss:3.3181 train_time:1746688ms step_avg:373.22ms
step:4691/5100 lr:0.00020449999999999998 train_loss:3.1526 train_time:1747083ms step_avg:373.23ms
step:4692/5100 lr:0.000204 train_loss:3.1580 train_time:1747479ms step_avg:373.23ms
step:4693/5100 lr:0.00020349999999999999 train_loss:3.2012 train_time:1747875ms step_avg:373.24ms
step:4694/5100 lr:0.00020300000000000003 train_loss:3.1022 train_time:1748271ms step_avg:373.24ms
step:4695/5100 lr:0.00020250000000000002 train_loss:3.2106 train_time:1748667ms step_avg:373.25ms
step:4696/5100 lr:0.000202 train_loss:3.4621 train_time:1749062ms step_avg:373.25ms
step:4697/5100 lr:0.00020150000000000002 train_loss:3.5199 train_time:1749459ms step_avg:373.26ms
step:4698/5100 lr:0.000201 train_loss:3.2205 train_time:1749855ms step_avg:373.26ms
step:4699/5100 lr:0.00020050000000000002 train_loss:3.1286 train_time:1750251ms step_avg:373.27ms
step:4700/5100 lr:0.0002 train_loss:3.4731 train_time:1750647ms step_avg:373.27ms
step:4701/5100 lr:0.00019950000000000002 train_loss:3.1345 train_time:1751042ms step_avg:373.28ms
step:4702/5100 lr:0.000199 train_loss:3.0189 train_time:1751438ms step_avg:373.28ms
step:4703/5100 lr:0.00019850000000000003 train_loss:3.2251 train_time:1751834ms step_avg:373.29ms
step:4704/5100 lr:0.00019800000000000002 train_loss:3.1369 train_time:1752231ms step_avg:373.29ms
step:4705/5100 lr:0.0001975 train_loss:3.1906 train_time:1752626ms step_avg:373.30ms
step:4706/5100 lr:0.00019700000000000002 train_loss:3.2187 train_time:1753022ms step_avg:373.30ms
step:4707/5100 lr:0.0001965 train_loss:3.2736 train_time:1753419ms step_avg:373.31ms
step:4708/5100 lr:0.00019600000000000002 train_loss:3.4000 train_time:1753814ms step_avg:373.31ms
step:4709/5100 lr:0.0001955 train_loss:3.1866 train_time:1754211ms step_avg:373.32ms
step:4710/5100 lr:0.00019500000000000002 train_loss:3.3288 train_time:1754606ms step_avg:373.32ms
step:4711/5100 lr:0.0001945 train_loss:3.3024 train_time:1755002ms step_avg:373.33ms
step:4712/5100 lr:0.000194 train_loss:3.2638 train_time:1755398ms step_avg:373.33ms
step:4713/5100 lr:0.00019350000000000001 train_loss:3.2729 train_time:1755794ms step_avg:373.33ms
step:4714/5100 lr:0.000193 train_loss:3.2623 train_time:1756191ms step_avg:373.34ms
step:4715/5100 lr:0.00019250000000000002 train_loss:3.3259 train_time:1756587ms step_avg:373.34ms
step:4716/5100 lr:0.000192 train_loss:3.2116 train_time:1756982ms step_avg:373.35ms
step:4717/5100 lr:0.00019150000000000002 train_loss:3.1404 train_time:1757378ms step_avg:373.35ms
step:4718/5100 lr:0.000191 train_loss:3.3169 train_time:1757774ms step_avg:373.36ms
step:4719/5100 lr:0.0001905 train_loss:3.2438 train_time:1758170ms step_avg:373.36ms
step:4720/5100 lr:0.00019 train_loss:3.2585 train_time:1758566ms step_avg:373.37ms
step:4721/5100 lr:0.0001895 train_loss:3.2090 train_time:1758968ms step_avg:373.37ms
step:4722/5100 lr:0.000189 train_loss:3.1607 train_time:1759358ms step_avg:373.38ms
step:4723/5100 lr:0.0001885 train_loss:3.2990 train_time:1759754ms step_avg:373.38ms
step:4724/5100 lr:0.00018800000000000002 train_loss:3.2878 train_time:1760150ms step_avg:373.39ms
step:4725/5100 lr:0.0001875 train_loss:3.1877 train_time:1760545ms step_avg:373.39ms
step:4726/5100 lr:0.000187 train_loss:3.3615 train_time:1760941ms step_avg:373.40ms
step:4727/5100 lr:0.0001865 train_loss:3.3480 train_time:1761338ms step_avg:373.40ms
step:4728/5100 lr:0.000186 train_loss:3.2776 train_time:1761734ms step_avg:373.41ms
step:4729/5100 lr:0.0001855 train_loss:3.1475 train_time:1762130ms step_avg:373.41ms
step:4730/5100 lr:0.000185 train_loss:3.1115 train_time:1762526ms step_avg:373.42ms
step:4731/5100 lr:0.0001845 train_loss:3.2295 train_time:1762921ms step_avg:373.42ms
step:4732/5100 lr:0.000184 train_loss:3.3241 train_time:1763317ms step_avg:373.43ms
step:4733/5100 lr:0.0001835 train_loss:3.2420 train_time:1763713ms step_avg:373.43ms
step:4734/5100 lr:0.000183 train_loss:3.1373 train_time:1764110ms step_avg:373.44ms
step:4735/5100 lr:0.0001825 train_loss:3.2501 train_time:1764505ms step_avg:373.44ms
step:4736/5100 lr:0.000182 train_loss:3.2047 train_time:1764900ms step_avg:373.44ms
step:4737/5100 lr:0.0001815 train_loss:3.6270 train_time:1765297ms step_avg:373.45ms
step:4738/5100 lr:0.000181 train_loss:3.2124 train_time:1765693ms step_avg:373.45ms
step:4739/5100 lr:0.0001805 train_loss:3.3227 train_time:1766090ms step_avg:373.46ms
step:4740/5100 lr:0.00017999999999999998 train_loss:3.0356 train_time:1766485ms step_avg:373.46ms
step:4741/5100 lr:0.0001795 train_loss:3.2887 train_time:1766881ms step_avg:373.47ms
step:4742/5100 lr:0.000179 train_loss:3.1109 train_time:1767277ms step_avg:373.47ms
step:4743/5100 lr:0.0001785 train_loss:3.2206 train_time:1767674ms step_avg:373.48ms
step:4744/5100 lr:0.000178 train_loss:3.1519 train_time:1768069ms step_avg:373.48ms
step:4745/5100 lr:0.0001775 train_loss:3.1742 train_time:1768464ms step_avg:373.49ms
step:4746/5100 lr:0.000177 train_loss:3.3610 train_time:1768862ms step_avg:373.49ms
step:4747/5100 lr:0.00017649999999999998 train_loss:3.2681 train_time:1769257ms step_avg:373.50ms
step:4748/5100 lr:0.000176 train_loss:3.4459 train_time:1769653ms step_avg:373.50ms
step:4749/5100 lr:0.00017549999999999998 train_loss:3.3689 train_time:1770049ms step_avg:373.51ms
step:4750/5100 lr:0.000175 train_loss:3.1606 train_time:1770656ms step_avg:373.56ms
step:4750/5100 val_loss:3.2483 train_time:1770669ms step_avg:373.56ms
step:4751/5100 lr:0.00017449999999999999 train_loss:3.2328 train_time:1774890ms step_avg:374.37ms
step:4752/5100 lr:0.000174 train_loss:3.3117 train_time:1775281ms step_avg:374.37ms
step:4753/5100 lr:0.0001735 train_loss:3.2137 train_time:1775678ms step_avg:374.38ms
step:4754/5100 lr:0.000173 train_loss:3.1192 train_time:1776073ms step_avg:374.38ms
step:4755/5100 lr:0.0001725 train_loss:3.1920 train_time:1776469ms step_avg:374.39ms
step:4756/5100 lr:0.00017199999999999998 train_loss:3.2187 train_time:1776866ms step_avg:374.39ms
step:4757/5100 lr:0.00017150000000000002 train_loss:3.1900 train_time:1777261ms step_avg:374.40ms
step:4758/5100 lr:0.000171 train_loss:3.1876 train_time:1777658ms step_avg:374.40ms
step:4759/5100 lr:0.00017050000000000002 train_loss:3.4123 train_time:1778054ms step_avg:374.41ms
step:4760/5100 lr:0.00017 train_loss:3.1447 train_time:1778449ms step_avg:374.41ms
step:4761/5100 lr:0.00016950000000000003 train_loss:3.2189 train_time:1778845ms step_avg:374.41ms
step:4762/5100 lr:0.00016900000000000002 train_loss:3.1203 train_time:1779241ms step_avg:374.42ms
step:4763/5100 lr:0.0001685 train_loss:3.1018 train_time:1779840ms step_avg:374.47ms
step:4764/5100 lr:0.00016800000000000002 train_loss:3.2329 train_time:1780237ms step_avg:374.47ms
step:4765/5100 lr:0.0001675 train_loss:3.3021 train_time:1780635ms step_avg:374.48ms
step:4766/5100 lr:0.00016700000000000002 train_loss:3.3566 train_time:1781030ms step_avg:374.48ms
step:4767/5100 lr:0.0001665 train_loss:3.2294 train_time:1781426ms step_avg:374.49ms
step:4768/5100 lr:0.00016600000000000002 train_loss:3.2764 train_time:1781822ms step_avg:374.49ms
step:4769/5100 lr:0.0001655 train_loss:3.1325 train_time:1782219ms step_avg:374.49ms
step:4770/5100 lr:0.000165 train_loss:3.2229 train_time:1782615ms step_avg:374.50ms
step:4771/5100 lr:0.00016450000000000001 train_loss:3.2439 train_time:1783011ms step_avg:374.50ms
step:4772/5100 lr:0.000164 train_loss:3.4710 train_time:1783406ms step_avg:374.51ms
step:4773/5100 lr:0.00016350000000000002 train_loss:3.3087 train_time:1783803ms step_avg:374.51ms
step:4774/5100 lr:0.000163 train_loss:3.1470 train_time:1784199ms step_avg:374.52ms
step:4775/5100 lr:0.00016250000000000002 train_loss:3.1672 train_time:1784596ms step_avg:374.52ms
step:4776/5100 lr:0.000162 train_loss:3.3129 train_time:1785000ms step_avg:374.53ms
step:4777/5100 lr:0.0001615 train_loss:3.1788 train_time:1785391ms step_avg:374.53ms
step:4778/5100 lr:0.000161 train_loss:3.3335 train_time:1785795ms step_avg:374.54ms
step:4779/5100 lr:0.0001605 train_loss:3.2567 train_time:1786186ms step_avg:374.54ms
step:4780/5100 lr:0.00016 train_loss:3.2116 train_time:1786583ms step_avg:374.55ms
step:4781/5100 lr:0.0001595 train_loss:3.2565 train_time:1786980ms step_avg:374.55ms
step:4782/5100 lr:0.00015900000000000002 train_loss:3.2930 train_time:1787376ms step_avg:374.55ms
step:4783/5100 lr:0.0001585 train_loss:3.3120 train_time:1787772ms step_avg:374.56ms
step:4784/5100 lr:0.000158 train_loss:3.1816 train_time:1788168ms step_avg:374.56ms
step:4785/5100 lr:0.0001575 train_loss:3.2075 train_time:1788564ms step_avg:374.57ms
step:4786/5100 lr:0.000157 train_loss:3.1406 train_time:1788960ms step_avg:374.57ms
step:4787/5100 lr:0.0001565 train_loss:3.4365 train_time:1789357ms step_avg:374.58ms
step:4788/5100 lr:0.000156 train_loss:3.2057 train_time:1789754ms step_avg:374.58ms
step:4789/5100 lr:0.0001555 train_loss:3.2119 train_time:1790149ms step_avg:374.59ms
step:4790/5100 lr:0.000155 train_loss:3.2426 train_time:1790545ms step_avg:374.59ms
step:4791/5100 lr:0.00015450000000000001 train_loss:3.2901 train_time:1790941ms step_avg:374.60ms
step:4792/5100 lr:0.000154 train_loss:3.1665 train_time:1791338ms step_avg:374.60ms
step:4793/5100 lr:0.0001535 train_loss:3.1777 train_time:1791734ms step_avg:374.60ms
step:4794/5100 lr:0.000153 train_loss:3.2861 train_time:1792130ms step_avg:374.61ms
step:4795/5100 lr:0.0001525 train_loss:3.4300 train_time:1792526ms step_avg:374.61ms
step:4796/5100 lr:0.000152 train_loss:3.2431 train_time:1792922ms step_avg:374.62ms
step:4797/5100 lr:0.0001515 train_loss:3.2254 train_time:1793319ms step_avg:374.62ms
step:4798/5100 lr:0.000151 train_loss:3.2759 train_time:1793716ms step_avg:374.63ms
step:4799/5100 lr:0.0001505 train_loss:3.2677 train_time:1794112ms step_avg:374.63ms
step:4800/5100 lr:0.00015 train_loss:3.2524 train_time:1794508ms step_avg:374.64ms
step:4801/5100 lr:0.0001495 train_loss:3.2899 train_time:1794905ms step_avg:374.64ms
step:4802/5100 lr:0.000149 train_loss:3.2524 train_time:1795301ms step_avg:374.65ms
step:4803/5100 lr:0.0001485 train_loss:3.2349 train_time:1795697ms step_avg:374.65ms
step:4804/5100 lr:0.000148 train_loss:3.5233 train_time:1796094ms step_avg:374.65ms
step:4805/5100 lr:0.0001475 train_loss:3.4871 train_time:1796489ms step_avg:374.66ms
step:4806/5100 lr:0.000147 train_loss:3.2769 train_time:1796885ms step_avg:374.66ms
step:4807/5100 lr:0.00014649999999999998 train_loss:3.2418 train_time:1797281ms step_avg:374.67ms
step:4808/5100 lr:0.000146 train_loss:3.2854 train_time:1797678ms step_avg:374.67ms
step:4809/5100 lr:0.00014549999999999999 train_loss:3.2071 train_time:1798075ms step_avg:374.68ms
step:4810/5100 lr:0.000145 train_loss:3.1675 train_time:1798471ms step_avg:374.68ms
step:4811/5100 lr:0.0001445 train_loss:3.2558 train_time:1798867ms step_avg:374.69ms
step:4812/5100 lr:0.000144 train_loss:3.0693 train_time:1799264ms step_avg:374.69ms
step:4813/5100 lr:0.0001435 train_loss:3.4234 train_time:1799660ms step_avg:374.69ms
step:4814/5100 lr:0.00014299999999999998 train_loss:3.1906 train_time:1800057ms step_avg:374.70ms
step:4815/5100 lr:0.0001425 train_loss:3.2944 train_time:1800454ms step_avg:374.70ms
step:4816/5100 lr:0.00014199999999999998 train_loss:3.2207 train_time:1800850ms step_avg:374.71ms
step:4817/5100 lr:0.0001415 train_loss:3.3051 train_time:1801246ms step_avg:374.71ms
step:4818/5100 lr:0.00014099999999999998 train_loss:3.1935 train_time:1801643ms step_avg:374.72ms
step:4819/5100 lr:0.00014050000000000003 train_loss:3.2768 train_time:1802039ms step_avg:374.72ms
step:4820/5100 lr:0.00014000000000000001 train_loss:3.2370 train_time:1802436ms step_avg:374.73ms
step:4821/5100 lr:0.0001395 train_loss:2.9362 train_time:1802833ms step_avg:374.73ms
step:4822/5100 lr:0.00013900000000000002 train_loss:3.1968 train_time:1803229ms step_avg:374.74ms
step:4823/5100 lr:0.0001385 train_loss:3.2140 train_time:1803625ms step_avg:374.74ms
step:4824/5100 lr:0.00013800000000000002 train_loss:3.2597 train_time:1804021ms step_avg:374.74ms
step:4825/5100 lr:0.0001375 train_loss:3.0962 train_time:1804418ms step_avg:374.75ms
step:4826/5100 lr:0.00013700000000000002 train_loss:3.1750 train_time:1804815ms step_avg:374.75ms
step:4827/5100 lr:0.0001365 train_loss:2.9255 train_time:1805210ms step_avg:374.76ms
step:4828/5100 lr:0.00013600000000000003 train_loss:3.3163 train_time:1805606ms step_avg:374.76ms
step:4829/5100 lr:0.00013550000000000001 train_loss:3.2443 train_time:1806002ms step_avg:374.77ms
step:4830/5100 lr:0.000135 train_loss:3.4002 train_time:1806398ms step_avg:374.77ms
step:4831/5100 lr:0.00013450000000000002 train_loss:3.1120 train_time:1806794ms step_avg:374.78ms
step:4832/5100 lr:0.000134 train_loss:3.1677 train_time:1807190ms step_avg:374.78ms
step:4833/5100 lr:0.00013350000000000002 train_loss:3.2385 train_time:1807585ms step_avg:374.78ms
step:4834/5100 lr:0.000133 train_loss:3.3159 train_time:1807982ms step_avg:374.79ms
step:4835/5100 lr:0.00013250000000000002 train_loss:3.0175 train_time:1808378ms step_avg:374.79ms
step:4836/5100 lr:0.000132 train_loss:3.1281 train_time:1808774ms step_avg:374.80ms
step:4837/5100 lr:0.0001315 train_loss:3.2367 train_time:1809170ms step_avg:374.80ms
step:4838/5100 lr:0.000131 train_loss:3.1769 train_time:1809565ms step_avg:374.81ms
step:4839/5100 lr:0.0001305 train_loss:3.0422 train_time:1809961ms step_avg:374.81ms
step:4840/5100 lr:0.00013000000000000002 train_loss:3.4211 train_time:1810357ms step_avg:374.82ms
step:4841/5100 lr:0.0001295 train_loss:3.1995 train_time:1810753ms step_avg:374.82ms
step:4842/5100 lr:0.00012900000000000002 train_loss:3.1803 train_time:1811149ms step_avg:374.82ms
step:4843/5100 lr:0.0001285 train_loss:3.1813 train_time:1811545ms step_avg:374.83ms
step:4844/5100 lr:0.000128 train_loss:2.9566 train_time:1811940ms step_avg:374.83ms
step:4845/5100 lr:0.0001275 train_loss:3.2902 train_time:1812337ms step_avg:374.84ms
step:4846/5100 lr:0.000127 train_loss:3.1435 train_time:1812732ms step_avg:374.84ms
step:4847/5100 lr:0.0001265 train_loss:3.1463 train_time:1813128ms step_avg:374.85ms
step:4848/5100 lr:0.000126 train_loss:3.0636 train_time:1813525ms step_avg:374.85ms
step:4849/5100 lr:0.00012550000000000001 train_loss:3.1489 train_time:1813920ms step_avg:374.85ms
step:4850/5100 lr:0.000125 train_loss:3.2579 train_time:1814317ms step_avg:374.86ms
step:4851/5100 lr:0.0001245 train_loss:3.1207 train_time:1814719ms step_avg:374.86ms
step:4852/5100 lr:0.000124 train_loss:3.3261 train_time:1815118ms step_avg:374.87ms
step:4853/5100 lr:0.0001235 train_loss:3.0948 train_time:1815508ms step_avg:374.87ms
step:4854/5100 lr:0.000123 train_loss:3.1524 train_time:1815904ms step_avg:374.88ms
step:4855/5100 lr:0.0001225 train_loss:3.3951 train_time:1816300ms step_avg:374.88ms
step:4856/5100 lr:0.000122 train_loss:3.2796 train_time:1816696ms step_avg:374.89ms
step:4857/5100 lr:0.0001215 train_loss:3.3858 train_time:1817095ms step_avg:374.89ms
step:4858/5100 lr:0.000121 train_loss:3.2506 train_time:1817487ms step_avg:374.89ms
step:4859/5100 lr:0.0001205 train_loss:3.2141 train_time:1817884ms step_avg:374.90ms
step:4860/5100 lr:0.00012 train_loss:3.2934 train_time:1818279ms step_avg:374.90ms
step:4861/5100 lr:0.00011949999999999999 train_loss:3.2598 train_time:1818675ms step_avg:374.91ms
step:4862/5100 lr:0.00011899999999999999 train_loss:3.3182 train_time:1819071ms step_avg:374.91ms
step:4863/5100 lr:0.0001185 train_loss:3.2889 train_time:1819466ms step_avg:374.92ms
step:4864/5100 lr:0.000118 train_loss:3.1292 train_time:1819862ms step_avg:374.92ms
step:4865/5100 lr:0.0001175 train_loss:2.9936 train_time:1820258ms step_avg:374.92ms
step:4866/5100 lr:0.00011700000000000001 train_loss:3.2098 train_time:1820654ms step_avg:374.93ms
step:4867/5100 lr:0.00011650000000000001 train_loss:3.2610 train_time:1821050ms step_avg:374.93ms
step:4868/5100 lr:0.00011600000000000001 train_loss:3.2017 train_time:1821445ms step_avg:374.94ms
step:4869/5100 lr:0.0001155 train_loss:3.2730 train_time:1821841ms step_avg:374.94ms
step:4870/5100 lr:0.000115 train_loss:3.1528 train_time:1822237ms step_avg:374.95ms
step:4871/5100 lr:0.0001145 train_loss:3.1166 train_time:1822633ms step_avg:374.95ms
step:4872/5100 lr:0.000114 train_loss:3.2674 train_time:1823029ms step_avg:374.95ms
step:4873/5100 lr:0.00011350000000000001 train_loss:3.1661 train_time:1823425ms step_avg:374.96ms
step:4874/5100 lr:0.00011300000000000001 train_loss:3.2762 train_time:1823821ms step_avg:374.96ms
step:4875/5100 lr:0.00011250000000000001 train_loss:3.4604 train_time:1824217ms step_avg:374.97ms
step:4875/5100 val_loss:3.2395 train_time:1824231ms step_avg:374.97ms
step:4876/5100 lr:0.000112 train_loss:3.2782 train_time:1828311ms step_avg:375.73ms
step:4877/5100 lr:0.0001115 train_loss:3.1820 train_time:1828708ms step_avg:375.74ms
step:4878/5100 lr:0.000111 train_loss:3.1698 train_time:1829104ms step_avg:375.74ms
step:4879/5100 lr:0.0001105 train_loss:3.1520 train_time:1829507ms step_avg:375.75ms
step:4880/5100 lr:0.00011 train_loss:3.1117 train_time:1829897ms step_avg:375.75ms
step:4881/5100 lr:0.0001095 train_loss:3.3170 train_time:1830293ms step_avg:375.75ms
step:4882/5100 lr:0.000109 train_loss:3.1742 train_time:1830689ms step_avg:375.76ms
step:4883/5100 lr:0.00010850000000000001 train_loss:3.2796 train_time:1831085ms step_avg:375.76ms
step:4884/5100 lr:0.000108 train_loss:3.1463 train_time:1831482ms step_avg:375.77ms
step:4885/5100 lr:0.0001075 train_loss:3.2517 train_time:1831879ms step_avg:375.77ms
step:4886/5100 lr:0.000107 train_loss:3.1558 train_time:1832275ms step_avg:375.77ms
step:4887/5100 lr:0.0001065 train_loss:3.3104 train_time:1832670ms step_avg:375.78ms
step:4888/5100 lr:0.000106 train_loss:3.2059 train_time:1833067ms step_avg:375.78ms
step:4889/5100 lr:0.0001055 train_loss:3.1627 train_time:1833463ms step_avg:375.79ms
step:4890/5100 lr:0.000105 train_loss:3.3353 train_time:1833859ms step_avg:375.79ms
step:4891/5100 lr:0.00010449999999999999 train_loss:3.2590 train_time:1834255ms step_avg:375.79ms
step:4892/5100 lr:0.000104 train_loss:3.0708 train_time:1834651ms step_avg:375.80ms
step:4893/5100 lr:0.0001035 train_loss:3.2329 train_time:1835048ms step_avg:375.80ms
step:4894/5100 lr:0.000103 train_loss:3.2034 train_time:1835444ms step_avg:375.81ms
step:4895/5100 lr:0.0001025 train_loss:3.3435 train_time:1835841ms step_avg:375.81ms
step:4896/5100 lr:0.000102 train_loss:3.2484 train_time:1836237ms step_avg:375.82ms
step:4897/5100 lr:0.00010150000000000001 train_loss:3.3487 train_time:1836633ms step_avg:375.82ms
step:4898/5100 lr:0.000101 train_loss:3.1733 train_time:1837029ms step_avg:375.82ms
step:4899/5100 lr:0.0001005 train_loss:3.2247 train_time:1837426ms step_avg:375.83ms
step:4900/5100 lr:0.0001 train_loss:3.3827 train_time:1837822ms step_avg:375.83ms
step:4901/5100 lr:9.95e-05 train_loss:3.0958 train_time:1838219ms step_avg:375.84ms
step:4902/5100 lr:9.900000000000001e-05 train_loss:3.2149 train_time:1838614ms step_avg:375.84ms
step:4903/5100 lr:9.850000000000001e-05 train_loss:3.1026 train_time:1839010ms step_avg:375.85ms
step:4904/5100 lr:9.800000000000001e-05 train_loss:3.2645 train_time:1839406ms step_avg:375.85ms
step:4905/5100 lr:9.750000000000001e-05 train_loss:3.3809 train_time:1839802ms step_avg:375.85ms
step:4906/5100 lr:9.7e-05 train_loss:3.1943 train_time:1840198ms step_avg:375.86ms
step:4907/5100 lr:9.65e-05 train_loss:3.2039 train_time:1840594ms step_avg:375.86ms
step:4908/5100 lr:9.6e-05 train_loss:3.3529 train_time:1840989ms step_avg:375.87ms
step:4909/5100 lr:9.55e-05 train_loss:3.4087 train_time:1841385ms step_avg:375.87ms
step:4910/5100 lr:9.5e-05 train_loss:3.2461 train_time:1841796ms step_avg:375.88ms
step:4911/5100 lr:9.45e-05 train_loss:3.1979 train_time:1842191ms step_avg:375.88ms
step:4912/5100 lr:9.400000000000001e-05 train_loss:3.2568 train_time:1842588ms step_avg:375.88ms
step:4913/5100 lr:9.35e-05 train_loss:3.2301 train_time:1842983ms step_avg:375.89ms
step:4914/5100 lr:9.3e-05 train_loss:3.1443 train_time:1843379ms step_avg:375.89ms
step:4915/5100 lr:9.25e-05 train_loss:3.3563 train_time:1843775ms step_avg:375.90ms
step:4916/5100 lr:9.2e-05 train_loss:3.0998 train_time:1844170ms step_avg:375.90ms
step:4917/5100 lr:9.15e-05 train_loss:3.3375 train_time:1844566ms step_avg:375.91ms
step:4918/5100 lr:9.1e-05 train_loss:3.3002 train_time:1844963ms step_avg:375.91ms
step:4919/5100 lr:9.05e-05 train_loss:3.3039 train_time:1845359ms step_avg:375.91ms
step:4920/5100 lr:8.999999999999999e-05 train_loss:3.1182 train_time:1845755ms step_avg:375.92ms
step:4921/5100 lr:8.95e-05 train_loss:3.2995 train_time:1846151ms step_avg:375.92ms
step:4922/5100 lr:8.9e-05 train_loss:3.1285 train_time:1846547ms step_avg:375.93ms
step:4923/5100 lr:8.85e-05 train_loss:3.2298 train_time:1846943ms step_avg:375.93ms
step:4924/5100 lr:8.8e-05 train_loss:3.2992 train_time:1847339ms step_avg:375.93ms
step:4925/5100 lr:8.75e-05 train_loss:3.8218 train_time:1847735ms step_avg:375.94ms
step:4926/5100 lr:8.7e-05 train_loss:3.1915 train_time:1848131ms step_avg:375.94ms
step:4927/5100 lr:8.65e-05 train_loss:3.2810 train_time:1848528ms step_avg:375.95ms
step:4928/5100 lr:8.599999999999999e-05 train_loss:3.1145 train_time:1848923ms step_avg:375.95ms
step:4929/5100 lr:8.55e-05 train_loss:3.2678 train_time:1849318ms step_avg:375.95ms
step:4930/5100 lr:8.5e-05 train_loss:3.2661 train_time:1849713ms step_avg:375.96ms
step:4931/5100 lr:8.450000000000001e-05 train_loss:3.3258 train_time:1850109ms step_avg:375.96ms
step:4932/5100 lr:8.400000000000001e-05 train_loss:3.1733 train_time:1850515ms step_avg:375.97ms
step:4933/5100 lr:8.350000000000001e-05 train_loss:3.5204 train_time:1850905ms step_avg:375.97ms
step:4934/5100 lr:8.300000000000001e-05 train_loss:3.3864 train_time:1851301ms step_avg:375.98ms
step:4935/5100 lr:8.25e-05 train_loss:3.2623 train_time:1851697ms step_avg:375.98ms
step:4936/5100 lr:8.2e-05 train_loss:3.2102 train_time:1852092ms step_avg:375.98ms
step:4937/5100 lr:8.15e-05 train_loss:3.1726 train_time:1852488ms step_avg:375.99ms
step:4938/5100 lr:8.1e-05 train_loss:3.2238 train_time:1852884ms step_avg:375.99ms
step:4939/5100 lr:8.05e-05 train_loss:3.0038 train_time:1853282ms step_avg:376.00ms
step:4940/5100 lr:8e-05 train_loss:3.2393 train_time:1853882ms step_avg:376.04ms
step:4941/5100 lr:7.950000000000001e-05 train_loss:3.3665 train_time:1854279ms step_avg:376.05ms
step:4942/5100 lr:7.9e-05 train_loss:3.2615 train_time:1854674ms step_avg:376.05ms
step:4943/5100 lr:7.85e-05 train_loss:3.2097 train_time:1855069ms step_avg:376.05ms
step:4944/5100 lr:7.8e-05 train_loss:3.1653 train_time:1855466ms step_avg:376.06ms
step:4945/5100 lr:7.75e-05 train_loss:3.0777 train_time:1855862ms step_avg:376.06ms
step:4946/5100 lr:7.7e-05 train_loss:3.1833 train_time:1856258ms step_avg:376.07ms
step:4947/5100 lr:7.65e-05 train_loss:3.1779 train_time:1856654ms step_avg:376.07ms
step:4948/5100 lr:7.6e-05 train_loss:3.1092 train_time:1857050ms step_avg:376.07ms
step:4949/5100 lr:7.55e-05 train_loss:3.1011 train_time:1857446ms step_avg:376.08ms
step:4950/5100 lr:7.5e-05 train_loss:3.2687 train_time:1857843ms step_avg:376.08ms
step:4951/5100 lr:7.45e-05 train_loss:3.0303 train_time:1858239ms step_avg:376.09ms
step:4952/5100 lr:7.4e-05 train_loss:3.1914 train_time:1858634ms step_avg:376.09ms
step:4953/5100 lr:7.35e-05 train_loss:3.3420 train_time:1859231ms step_avg:376.13ms
step:4954/5100 lr:7.3e-05 train_loss:3.3202 train_time:1859627ms step_avg:376.14ms
step:4955/5100 lr:7.25e-05 train_loss:2.9443 train_time:1860023ms step_avg:376.14ms
step:4956/5100 lr:7.2e-05 train_loss:3.3247 train_time:1860420ms step_avg:376.15ms
step:4957/5100 lr:7.149999999999999e-05 train_loss:3.7589 train_time:1860816ms step_avg:376.15ms
step:4958/5100 lr:7.099999999999999e-05 train_loss:3.1266 train_time:1861211ms step_avg:376.15ms
step:4959/5100 lr:7.049999999999999e-05 train_loss:3.1487 train_time:1861608ms step_avg:376.16ms
step:4960/5100 lr:7.000000000000001e-05 train_loss:3.3742 train_time:1862003ms step_avg:376.16ms
step:4961/5100 lr:6.950000000000001e-05 train_loss:3.0496 train_time:1862399ms step_avg:376.17ms
step:4962/5100 lr:6.900000000000001e-05 train_loss:3.3512 train_time:1862795ms step_avg:376.17ms
step:4963/5100 lr:6.850000000000001e-05 train_loss:3.1582 train_time:1863190ms step_avg:376.17ms
step:4964/5100 lr:6.800000000000001e-05 train_loss:3.3488 train_time:1863586ms step_avg:376.18ms
step:4965/5100 lr:6.75e-05 train_loss:3.1610 train_time:1863982ms step_avg:376.18ms
step:4966/5100 lr:6.7e-05 train_loss:3.1660 train_time:1864378ms step_avg:376.19ms
step:4967/5100 lr:6.65e-05 train_loss:3.1335 train_time:1864774ms step_avg:376.19ms
step:4968/5100 lr:6.6e-05 train_loss:3.0835 train_time:1865170ms step_avg:376.19ms
step:4969/5100 lr:6.55e-05 train_loss:3.3013 train_time:1865566ms step_avg:376.20ms
step:4970/5100 lr:6.500000000000001e-05 train_loss:3.1382 train_time:1865962ms step_avg:376.20ms
step:4971/5100 lr:6.450000000000001e-05 train_loss:3.1451 train_time:1866358ms step_avg:376.21ms
step:4972/5100 lr:6.4e-05 train_loss:3.2772 train_time:1866754ms step_avg:376.21ms
step:4973/5100 lr:6.35e-05 train_loss:3.5568 train_time:1867149ms step_avg:376.21ms
step:4974/5100 lr:6.3e-05 train_loss:3.1364 train_time:1867546ms step_avg:376.22ms
step:4975/5100 lr:6.25e-05 train_loss:3.2886 train_time:1867942ms step_avg:376.22ms
step:4976/5100 lr:6.2e-05 train_loss:3.1378 train_time:1868576ms step_avg:376.27ms
step:4977/5100 lr:6.15e-05 train_loss:4.3349 train_time:1868971ms step_avg:376.28ms
step:4978/5100 lr:6.1e-05 train_loss:3.1746 train_time:1869368ms step_avg:376.28ms
step:4979/5100 lr:6.05e-05 train_loss:3.2547 train_time:1869764ms step_avg:376.29ms
step:4980/5100 lr:6e-05 train_loss:3.2858 train_time:1870160ms step_avg:376.29ms
step:4981/5100 lr:5.9499999999999996e-05 train_loss:4.3551 train_time:1870556ms step_avg:376.29ms
step:4982/5100 lr:5.9e-05 train_loss:3.4346 train_time:1870951ms step_avg:376.30ms
step:4983/5100 lr:5.8500000000000006e-05 train_loss:3.3245 train_time:1871348ms step_avg:376.30ms
step:4984/5100 lr:5.800000000000001e-05 train_loss:3.2941 train_time:1871744ms step_avg:376.31ms
step:4985/5100 lr:5.75e-05 train_loss:3.3173 train_time:1872141ms step_avg:376.31ms
step:4986/5100 lr:5.7e-05 train_loss:3.1928 train_time:1872537ms step_avg:376.31ms
step:4987/5100 lr:5.6500000000000005e-05 train_loss:3.2080 train_time:1872933ms step_avg:376.32ms
step:4988/5100 lr:5.6e-05 train_loss:3.3183 train_time:1873329ms step_avg:376.32ms
step:4989/5100 lr:5.55e-05 train_loss:3.1706 train_time:1873725ms step_avg:376.33ms
step:4990/5100 lr:5.5e-05 train_loss:3.1291 train_time:1874121ms step_avg:376.33ms
step:4991/5100 lr:5.45e-05 train_loss:3.2778 train_time:1874516ms step_avg:376.33ms
step:4992/5100 lr:5.4e-05 train_loss:3.1480 train_time:1874912ms step_avg:376.34ms
step:4993/5100 lr:5.35e-05 train_loss:3.4034 train_time:1875308ms step_avg:376.34ms
step:4994/5100 lr:5.3e-05 train_loss:3.3508 train_time:1875704ms step_avg:376.35ms
step:4995/5100 lr:5.25e-05 train_loss:3.0532 train_time:1876101ms step_avg:376.35ms
step:4996/5100 lr:5.2e-05 train_loss:2.9357 train_time:1876497ms step_avg:376.35ms
step:4997/5100 lr:5.15e-05 train_loss:3.6224 train_time:1876892ms step_avg:376.36ms
step:4998/5100 lr:5.1e-05 train_loss:3.5139 train_time:1877289ms step_avg:376.36ms
step:4999/5100 lr:5.05e-05 train_loss:3.2254 train_time:1877685ms step_avg:376.36ms
step:5000/5100 lr:5e-05 train_loss:3.2881 train_time:1878322ms step_avg:376.42ms
step:5000/5100 val_loss:3.2327 train_time:1878336ms step_avg:376.42ms
step:5001/5100 lr:4.9500000000000004e-05 train_loss:3.3004 train_time:1882381ms step_avg:377.16ms
step:5002/5100 lr:4.9000000000000005e-05 train_loss:3.1916 train_time:1882777ms step_avg:377.16ms
step:5003/5100 lr:4.85e-05 train_loss:3.1950 train_time:1883174ms step_avg:377.16ms
step:5004/5100 lr:4.8e-05 train_loss:3.3509 train_time:1883569ms step_avg:377.17ms
step:5005/5100 lr:4.75e-05 train_loss:3.0140 train_time:1883965ms step_avg:377.17ms
step:5006/5100 lr:4.7000000000000004e-05 train_loss:3.2504 train_time:1884361ms step_avg:377.17ms
step:5007/5100 lr:4.65e-05 train_loss:3.1833 train_time:1884757ms step_avg:377.18ms
step:5008/5100 lr:4.6e-05 train_loss:3.4373 train_time:1885153ms step_avg:377.18ms
step:5009/5100 lr:4.55e-05 train_loss:3.2715 train_time:1885548ms step_avg:377.19ms
step:5010/5100 lr:4.4999999999999996e-05 train_loss:3.2916 train_time:1885945ms step_avg:377.19ms
step:5011/5100 lr:4.45e-05 train_loss:3.3346 train_time:1886341ms step_avg:377.19ms
step:5012/5100 lr:4.4e-05 train_loss:3.4582 train_time:1886737ms step_avg:377.20ms
step:5013/5100 lr:4.35e-05 train_loss:3.2892 train_time:1887133ms step_avg:377.20ms
step:5014/5100 lr:4.2999999999999995e-05 train_loss:3.2673 train_time:1887529ms step_avg:377.20ms
step:5015/5100 lr:4.25e-05 train_loss:3.2599 train_time:1887925ms step_avg:377.21ms
step:5016/5100 lr:4.2000000000000004e-05 train_loss:3.3467 train_time:1888322ms step_avg:377.21ms
step:5017/5100 lr:4.1500000000000006e-05 train_loss:3.1375 train_time:1888718ms step_avg:377.22ms
step:5018/5100 lr:4.1e-05 train_loss:3.0135 train_time:1889114ms step_avg:377.22ms
step:5019/5100 lr:4.05e-05 train_loss:3.2055 train_time:1889509ms step_avg:377.22ms
step:5020/5100 lr:4e-05 train_loss:3.2734 train_time:1889905ms step_avg:377.23ms
step:5021/5100 lr:3.95e-05 train_loss:3.0581 train_time:1890302ms step_avg:377.23ms
step:5022/5100 lr:3.9e-05 train_loss:3.2116 train_time:1890699ms step_avg:377.23ms
step:5023/5100 lr:3.85e-05 train_loss:3.5681 train_time:1891096ms step_avg:377.24ms
step:5024/5100 lr:3.8e-05 train_loss:3.1815 train_time:1891491ms step_avg:377.24ms
step:5025/5100 lr:3.75e-05 train_loss:3.2537 train_time:1891887ms step_avg:377.25ms
step:5026/5100 lr:3.7e-05 train_loss:3.0234 train_time:1892284ms step_avg:377.25ms
step:5027/5100 lr:3.65e-05 train_loss:3.2704 train_time:1892680ms step_avg:377.25ms
step:5028/5100 lr:3.6e-05 train_loss:3.1804 train_time:1893083ms step_avg:377.26ms
step:5029/5100 lr:3.5499999999999996e-05 train_loss:3.1242 train_time:1893479ms step_avg:377.26ms
step:5030/5100 lr:3.5000000000000004e-05 train_loss:3.1983 train_time:1893875ms step_avg:377.27ms
step:5031/5100 lr:3.4500000000000005e-05 train_loss:3.2237 train_time:1894271ms step_avg:377.27ms
step:5032/5100 lr:3.4000000000000007e-05 train_loss:3.9071 train_time:1894667ms step_avg:377.27ms
step:5033/5100 lr:3.35e-05 train_loss:3.1312 train_time:1895064ms step_avg:377.28ms
step:5034/5100 lr:3.3e-05 train_loss:3.1871 train_time:1895460ms step_avg:377.28ms
step:5035/5100 lr:3.2500000000000004e-05 train_loss:3.2470 train_time:1895857ms step_avg:377.28ms
step:5036/5100 lr:3.2e-05 train_loss:3.3849 train_time:1896252ms step_avg:377.29ms
step:5037/5100 lr:3.15e-05 train_loss:3.1526 train_time:1896648ms step_avg:377.29ms
step:5038/5100 lr:3.1e-05 train_loss:3.5164 train_time:1897044ms step_avg:377.30ms
step:5039/5100 lr:3.05e-05 train_loss:3.1517 train_time:1897441ms step_avg:377.30ms
step:5040/5100 lr:3e-05 train_loss:3.2848 train_time:1897838ms step_avg:377.30ms
step:5041/5100 lr:2.95e-05 train_loss:3.3794 train_time:1898234ms step_avg:377.31ms
step:5042/5100 lr:2.9000000000000004e-05 train_loss:3.3389 train_time:1898630ms step_avg:377.31ms
step:5043/5100 lr:2.85e-05 train_loss:3.1592 train_time:1899026ms step_avg:377.31ms
step:5044/5100 lr:2.8e-05 train_loss:3.2353 train_time:1899422ms step_avg:377.32ms
step:5045/5100 lr:2.75e-05 train_loss:3.0531 train_time:1899818ms step_avg:377.32ms
step:5046/5100 lr:2.7e-05 train_loss:3.3246 train_time:1900215ms step_avg:377.33ms
step:5047/5100 lr:2.65e-05 train_loss:3.3868 train_time:1900611ms step_avg:377.33ms
step:5048/5100 lr:2.6e-05 train_loss:3.1345 train_time:1901006ms step_avg:377.33ms
step:5049/5100 lr:2.55e-05 train_loss:3.1549 train_time:1901403ms step_avg:377.34ms
step:5050/5100 lr:2.5e-05 train_loss:3.1276 train_time:1901800ms step_avg:377.34ms
step:5051/5100 lr:2.4500000000000003e-05 train_loss:3.2186 train_time:1902197ms step_avg:377.35ms
step:5052/5100 lr:2.4e-05 train_loss:3.1465 train_time:1902593ms step_avg:377.35ms
step:5053/5100 lr:2.3500000000000002e-05 train_loss:3.4025 train_time:1902989ms step_avg:377.35ms
step:5054/5100 lr:2.3e-05 train_loss:3.2080 train_time:1903386ms step_avg:377.36ms
step:5055/5100 lr:2.2499999999999998e-05 train_loss:3.3142 train_time:1903782ms step_avg:377.36ms
step:5056/5100 lr:2.2e-05 train_loss:3.2109 train_time:1904179ms step_avg:377.36ms
step:5057/5100 lr:2.1499999999999997e-05 train_loss:3.4242 train_time:1904575ms step_avg:377.37ms
step:5058/5100 lr:2.1000000000000002e-05 train_loss:3.0958 train_time:1904981ms step_avg:377.37ms
step:5059/5100 lr:2.05e-05 train_loss:3.2242 train_time:1905371ms step_avg:377.38ms
step:5060/5100 lr:2e-05 train_loss:2.8156 train_time:1906001ms step_avg:377.43ms
step:5061/5100 lr:1.95e-05 train_loss:3.3214 train_time:1906397ms step_avg:377.43ms
step:5062/5100 lr:1.9e-05 train_loss:3.2193 train_time:1906793ms step_avg:377.43ms
step:5063/5100 lr:1.85e-05 train_loss:3.1510 train_time:1907190ms step_avg:377.44ms
step:5064/5100 lr:1.8e-05 train_loss:3.2066 train_time:1907586ms step_avg:377.44ms
step:5065/5100 lr:1.7500000000000002e-05 train_loss:3.1815 train_time:1907983ms step_avg:377.44ms
step:5066/5100 lr:1.7000000000000003e-05 train_loss:3.3488 train_time:1908379ms step_avg:377.45ms
step:5067/5100 lr:1.65e-05 train_loss:3.4861 train_time:1908776ms step_avg:377.45ms
step:5068/5100 lr:1.6e-05 train_loss:3.2591 train_time:1909172ms step_avg:377.46ms
step:5069/5100 lr:1.55e-05 train_loss:3.1978 train_time:1909567ms step_avg:377.46ms
step:5070/5100 lr:1.5e-05 train_loss:3.1096 train_time:1909964ms step_avg:377.46ms
step:5071/5100 lr:1.4500000000000002e-05 train_loss:2.8836 train_time:1910361ms step_avg:377.47ms
step:5072/5100 lr:1.4e-05 train_loss:3.2078 train_time:1910757ms step_avg:377.47ms
step:5073/5100 lr:1.35e-05 train_loss:3.2043 train_time:1911154ms step_avg:377.47ms
step:5074/5100 lr:1.3e-05 train_loss:3.2038 train_time:1911549ms step_avg:377.48ms
step:5075/5100 lr:1.25e-05 train_loss:3.4414 train_time:1911946ms step_avg:377.48ms
step:5076/5100 lr:1.2e-05 train_loss:3.3024 train_time:1912342ms step_avg:377.49ms
step:5077/5100 lr:1.15e-05 train_loss:3.2730 train_time:1912739ms step_avg:377.49ms
step:5078/5100 lr:1.1e-05 train_loss:3.3039 train_time:1913136ms step_avg:377.49ms
step:5079/5100 lr:1.0500000000000001e-05 train_loss:3.7845 train_time:1913531ms step_avg:377.50ms
step:5080/5100 lr:1e-05 train_loss:3.1930 train_time:1913927ms step_avg:377.50ms
step:5081/5100 lr:9.5e-06 train_loss:3.4731 train_time:1914323ms step_avg:377.50ms
step:5082/5100 lr:9e-06 train_loss:3.2889 train_time:1914720ms step_avg:377.51ms
step:5083/5100 lr:8.500000000000002e-06 train_loss:3.4024 train_time:1915117ms step_avg:377.51ms
step:5084/5100 lr:8e-06 train_loss:3.2195 train_time:1915513ms step_avg:377.52ms
step:5085/5100 lr:7.5e-06 train_loss:3.3478 train_time:1915909ms step_avg:377.52ms
step:5086/5100 lr:7e-06 train_loss:3.4076 train_time:1916306ms step_avg:377.52ms
step:5087/5100 lr:6.5e-06 train_loss:3.2966 train_time:1916702ms step_avg:377.53ms
step:5088/5100 lr:6e-06 train_loss:3.1943 train_time:1917099ms step_avg:377.53ms
step:5089/5100 lr:5.5e-06 train_loss:3.1325 train_time:1917495ms step_avg:377.53ms
step:5090/5100 lr:5e-06 train_loss:3.3021 train_time:1917892ms step_avg:377.54ms
step:5091/5100 lr:4.5e-06 train_loss:3.4678 train_time:1918295ms step_avg:377.54ms
step:5092/5100 lr:4e-06 train_loss:3.4079 train_time:1918687ms step_avg:377.55ms
step:5093/5100 lr:3.5e-06 train_loss:3.2403 train_time:1919092ms step_avg:377.55ms
step:5094/5100 lr:3e-06 train_loss:3.3253 train_time:1919485ms step_avg:377.55ms
step:5095/5100 lr:2.5e-06 train_loss:3.1122 train_time:1920040ms step_avg:377.59ms
step:5096/5100 lr:2e-06 train_loss:3.2132 train_time:1920438ms step_avg:377.59ms
step:5097/5100 lr:1.5e-06 train_loss:3.1149 train_time:1920834ms step_avg:377.60ms
step:5098/5100 lr:1e-06 train_loss:3.3963 train_time:1921230ms step_avg:377.60ms
step:5099/5100 lr:5e-07 train_loss:3.2989 train_time:1921626ms step_avg:377.60ms
step:5100/5100 lr:0.0 train_loss:3.1967 train_time:1922023ms step_avg:377.61ms
step:5100/5100 val_loss:3.2298 train_time:1922037ms step_avg:377.61ms
peak memory consumption: 52231 MiB
