/opt/conda/lib/python3.11/site-packages/torch/cuda/__init__.py:63: FutureWarning: The pynvml package is deprecated. Please install nvidia-ml-py instead. If you did not install pynvml directly, please report this to the maintainers of the package that installed pynvml for you.
  import pynvml  # type: ignore[import]
W0712 04:49:17.694000 2954353 site-packages/torch/distributed/run.py:774] 
W0712 04:49:17.694000 2954353 site-packages/torch/distributed/run.py:774] *****************************************
W0712 04:49:17.694000 2954353 site-packages/torch/distributed/run.py:774] Setting OMP_NUM_THREADS environment variable for each process to be 1 in default, to avoid your system being overloaded, please further tune the variable for optimal performance in your application as needed. 
W0712 04:49:17.694000 2954353 site-packages/torch/distributed/run.py:774] *****************************************
/opt/conda/lib/python3.11/site-packages/torch/cuda/__init__.py:63: FutureWarning: The pynvml package is deprecated. Please install nvidia-ml-py instead. If you did not install pynvml directly, please report this to the maintainers of the package that installed pynvml for you.
  import pynvml  # type: ignore[import]
/opt/conda/lib/python3.11/site-packages/torch/cuda/__init__.py:63: FutureWarning: The pynvml package is deprecated. Please install nvidia-ml-py instead. If you did not install pynvml directly, please report this to the maintainers of the package that installed pynvml for you.
  import pynvml  # type: ignore[import]
/opt/conda/lib/python3.11/site-packages/torch/cuda/__init__.py:63: FutureWarning: The pynvml package is deprecated. Please install nvidia-ml-py instead. If you did not install pynvml directly, please report this to the maintainers of the package that installed pynvml for you.
  import pynvml  # type: ignore[import]
/opt/conda/lib/python3.11/site-packages/torch/cuda/__init__.py:63: FutureWarning: The pynvml package is deprecated. Please install nvidia-ml-py instead. If you did not install pynvml directly, please report this to the maintainers of the package that installed pynvml for you.
  import pynvml  # type: ignore[import]
/opt/conda/lib/python3.11/site-packages/torch/cuda/__init__.py:63: FutureWarning: The pynvml package is deprecated. Please install nvidia-ml-py instead. If you did not install pynvml directly, please report this to the maintainers of the package that installed pynvml for you.
  import pynvml  # type: ignore[import]
/opt/conda/lib/python3.11/site-packages/torch/cuda/__init__.py:63: FutureWarning: The pynvml package is deprecated. Please install nvidia-ml-py instead. If you did not install pynvml directly, please report this to the maintainers of the package that installed pynvml for you.
  import pynvml  # type: ignore[import]
/opt/conda/lib/python3.11/site-packages/torch/cuda/__init__.py:63: FutureWarning: The pynvml package is deprecated. Please install nvidia-ml-py instead. If you did not install pynvml directly, please report this to the maintainers of the package that installed pynvml for you.
  import pynvml  # type: ignore[import]
/opt/conda/lib/python3.11/site-packages/torch/cuda/__init__.py:63: FutureWarning: The pynvml package is deprecated. Please install nvidia-ml-py instead. If you did not install pynvml directly, please report this to the maintainers of the package that installed pynvml for you.
  import pynvml  # type: ignore[import]
using device: cuda:6
using device: cuda:5
using device: cuda:2
using device: cuda:1
using device: cuda:0
Accumulation steps: 2
using device: cuda:4
using device: cuda:3
using device: cuda:7
Training DataLoader: total number of tokens: 2900000000 across 29 files
Validation DataLoader: total number of tokens: 100000000 across 1 files
number of parameters: 373.95M
number of parameters: 373.95M
number of parameters: 373.95M
number of parameters: 373.95M
number of parameters: 373.95M
number of parameters: 373.95M
number of parameters: 373.95M
number of parameters: 373.95M
Model size: 1426.50 MB
Number of parameters: 373948281
Number of trainable parameters: 373948281
Logging run in logs/ar_full_F77_0/
====================================================================================================
import datetime
import os
import sys

from coqpit import Coqpit
from optimizers import get_optimizer
from utils import get_model

with open(sys.argv[0]) as f:
    code = f.read()  # read the code of this file ASAP, for logging
import glob
import time
from dataclasses import dataclass, field

import numpy as np
import torch
import torch.distributed as dist
from torch.nn.parallel import DistributedDataParallel as DDP

os.environ["TORCH_NCCL_ASYNC_ERROR_HANDLING"] = "1"
os.environ["NCCL_TIMEOUT"] = "1800"

torch._dynamo.config.optimize_ddp = False
torch.set_float32_matmul_precision("high")


class TeeLogger:
    def __init__(self, filename):
        self.terminal = sys.stdout
        self.log = open(filename, "a")

    def write(self, message):
        self.terminal.write(message)
        self.log.write(message)
        self.log.flush()

    def flush(self):
        self.terminal.flush()

    def isatty(self):
        return hasattr(self.terminal, "isatty") and self.terminal.isatty()

    def fileno(self):
        return self.terminal.fileno()


# -----------------------------------------------------------------------------
# Our own simple Distributed Data Loader


def _peek_data_shard(filename):
    # only reads the header, returns header data
    with open(filename, "rb") as f:
        # first read the header, which is 256 int32 integers (4 bytes each)
        header = np.frombuffer(f.read(256 * 4), dtype=np.int32)
    if header[0] != 20240520:
        print("ERROR: magic number mismatch in the data .bin file!")
        print("---> HINT: Are you passing in a correct file with --input_bin?")
        print(
            "---> HINT: Dataset encoding changed recently, re-run data prepro or refer again to README"
        )
        print(
            "---> HINT: For example re-run: `python dev/data/tinyshakespeare.py`, then re-try"
        )
        exit(1)
    assert header[1] == 1, "unsupported version"
    ntok = header[2]  # number of tokens (claimed)
    return ntok  # for now just return the number of tokens


def _load_data_shard(filename):
    with open(filename, "rb") as f:
        # first read the header, which is 256 int32 integers (4 bytes each)
        header = np.frombuffer(f.read(256 * 4), dtype=np.int32)
        assert header[0] == 20240520, "magic number mismatch in the data .bin file"
        assert header[1] == 1, "unsupported version"
        ntok = header[2]  # number of tokens (claimed)
        # the rest of it are tokens, stored as uint16
        tokens = np.frombuffer(f.read(), dtype=np.uint16)
    assert len(tokens) == ntok, "number of tokens read does not match header?"
    return tokens


class DistributedDataLoader:
    def __init__(self, filename_pattern, B, T, process_rank, num_processes):
        self.process_rank = process_rank
        self.num_processes = num_processes
        self.B = B
        self.T = T

        # glob files that match the pattern
        self.files = sorted(glob.glob(filename_pattern))
        assert (
            len(self.files) > 0
        ), f"did not find any files that match the pattern {filename_pattern}"

        # load and validate all data shards, count number of tokens in total
        ntok_total = 0
        for fname in self.files:
            shard_ntok = _peek_data_shard(fname)
            assert shard_ntok >= num_processes * B * T + 1
            ntok_total += int(shard_ntok)
        self.ntok_total = ntok_total

        # kick things off
        self.reset()

    def reset(self):
        self.current_shard = 0
        self.current_position = self.process_rank * self.B * self.T
        self.tokens = _load_data_shard(self.files[self.current_shard])

    def advance(self):  # advance to next data shard
        self.current_shard = (self.current_shard + 1) % len(self.files)
        self.current_position = self.process_rank * self.B * self.T
        self.tokens = _load_data_shard(self.files[self.current_shard])

    def next_batch(self):
        B = self.B
        T = self.T
        buf = self.tokens[self.current_position : self.current_position + B * T + 1]
        buf = torch.tensor(buf.astype(np.int32), dtype=torch.long)
        x = (buf[:-1]).view(B, T)  # inputs
        y = (buf[1:]).view(B, T)  # targets
        # advance current position and load next shard if necessary
        self.current_position += B * T * self.num_processes
        if self.current_position + (B * T * self.num_processes + 1) > len(self.tokens):
            self.advance()
        return x.cuda(), y.cuda()


# -----------------------------------------------------------------------------
# Hyperparameters


@dataclass
class Hyperparameters(Coqpit):
    run_name: str = "nano_gpt+rms_norm+geglu+gqa+softcap"
    compile_model: bool = True
    # data hyperparams
    input_bin: str = "../data/fineweb10B/fineweb_train_*.bin"  # input .bin to train on
    input_val_bin: str = (
        "../data/fineweb10B/fineweb_val_*.bin"  # input .bin to eval validation loss on
    )

    # training
    batch_size: int = 8 * 64  # batch size, in sequences, across all devices
    device_batch_size: int = 32  # batch size, in sequences, per device, grad_accum_steps = batch_size // num_devices /// device_batch_size
    sequence_length: int = 1024  # sequence length, in tokens
    num_iterations: int = 5100  # number of iterations to run

    # optimizer
    optimizer_name: str = "Adam"
    optimizer_args: dict = field(
        default_factory=lambda: {
            "betas": (0.9, 0.95),
            "eps": 1e-8,
            "weight_decay": 0.0,
            "use_cautious_weight_decay": False,
        }
    )
    learning_rate: float = 0.001
    warmup_iters: int = 250
    warmdown_iters: int = 2000  # number of iterations of linear warmup/warmdown for triangular or trapezoidal schedule

    # evaluation and logging hyperparams
    val_loss_every: int = (
        125  # every how many steps to evaluate val loss? 0 for only at the end
    )
    val_tokens: int = 10485760  # how many tokens of validation data? it's important to keep this fixed for consistent comparisons
    save_every: int = (
        5000  # every how many steps to save the checkpoint? 0 for only at the end
    )

    # checkpoint params
    keep_last_n_checkpoints: int = 1  # number of checkpoints to keep
    save_best_model: bool = True  # whether to save best model based on val loss


# -----------------------------------------------------------------------------
# int main

if __name__ == "__main__":
    from argparse import ArgumentParser

    parser = ArgumentParser()
    parser.add_argument("--config", type=str, default=None)
    parser.add_argument("--run_name", type=str, default=None)
    parser.add_argument("--model_name", type=str, default="bla_gpt")
    cli_args = parser.parse_args()

    args = Hyperparameters()
    model_config, model = get_model(cli_args.model_name)

    if cli_args.config:
        model_config.load_json(cli_args.config)

    # Apply model-config values to matching training hyperparameters after
    # loading overrides (e.g. warmup_iters in a full-training recipe).
    for key, value in model_config.to_dict().items():
        if hasattr(args, key):
            setattr(args, key, value)

    if cli_args.run_name:
        args.run_name = cli_args.run_name

    # set up DDP (distributed data parallel). torchrun sets this env variable
    assert torch.cuda.is_available()
    dist.init_process_group(
        backend="nccl", init_method="env://", timeout=datetime.timedelta(minutes=30)
    )
    ddp_rank = int(os.environ["RANK"])
    ddp_local_rank = int(os.environ["LOCAL_RANK"])
    ddp_world_size = int(os.environ["WORLD_SIZE"])
    device = f"cuda:{ddp_local_rank}"
    torch.cuda.set_device(device)
    print(f"using device: {device}")
    master_process = ddp_rank == 0  # this process will do logging, checkpointing etc.

    # convenience variables
    B, T = args.device_batch_size, args.sequence_length
    # calculate the number of steps to take in the val loop.
    assert args.val_tokens % (B * T * ddp_world_size) == 0
    val_steps = args.val_tokens // (B * T * ddp_world_size)
    # calculate the steps of gradient accumulation required to attain the desired global batch size.
    assert args.batch_size % (B * ddp_world_size) == 0
    train_accumulation_steps = args.batch_size // (B * ddp_world_size)
    if master_process:
        print(f"Accumulation steps: {train_accumulation_steps}")

    # load tokens
    train_loader = DistributedDataLoader(args.input_bin, B, T, ddp_rank, ddp_world_size)
    val_loader = DistributedDataLoader(
        args.input_val_bin, B, T, ddp_rank, ddp_world_size
    )
    if master_process:
        print(
            f"Training DataLoader: total number of tokens: {train_loader.ntok_total} across {len(train_loader.files)} files"
        )
        print(
            f"Validation DataLoader: total number of tokens: {val_loader.ntok_total} across {len(val_loader.files)} files"
        )
    x, y = train_loader.next_batch()

    # there are only 50257 unique GPT-2 tokens; we extend to nearest multiple of 128 for efficiency. suggested to me by @Grad62304977.
    # this originates from Karpathy's experiments.
    torch.cuda.empty_cache()
    model = model(model_config)
    model = model.cuda()

    if args.compile_model:
        model = torch.compile(model)

    model_size = (
        sum(p.numel() for p in model.parameters()) * 4 / (1024**2)
    )  # size in MB

    num_parameters = sum(p.numel() for p in model.parameters())
    num_trainable_parameters = sum(
        p.numel() for p in model.parameters() if p.requires_grad
    )

    if master_process:
        print(f"Model size: {model_size:.2f} MB")
        print(f"Number of parameters: {num_parameters}")
        print(f"Number of trainable parameters: {num_trainable_parameters}")

    # here we wrap model into DDP container
    model = DDP(
        model,
        device_ids=[ddp_local_rank],
        find_unused_parameters=True,
        broadcast_buffers=False,
        gradient_as_bucket_view=True,
    )
    raw_model = model.module  # always contains the "raw" unwrapped model
    ctx = torch.amp.autocast(device_type="cuda", dtype=torch.bfloat16)

    # init the optimizer(s)
    # foreach == false to save VRAM

    optimizer1 = get_optimizer(
        args.optimizer_name, args.optimizer_args, args.learning_rate, raw_model
    )

    optimizers = [
        optimizer1,
    ]

    # learning rate decay scheduler (linear warmup and warmdown)
    def get_lr(it):
        assert it <= args.num_iterations
        # 1) linear warmup for warmup_iters steps
        if it < args.warmup_iters:
            return (it + 1) / args.warmup_iters
        # 2) constant lr for a while
        elif it < args.num_iterations - args.warmdown_iters:
            return 1.0
        # 3) linear warmdown
        else:
            decay_ratio = (args.num_iterations - it) / args.warmdown_iters
            return decay_ratio

    schedulers = [torch.optim.lr_scheduler.LambdaLR(opt, get_lr) for opt in optimizers]

    # begin logging
    if master_process:
        run_num = 0
        run_id = f"{args.run_name}_{run_num}"
        logdir = "logs/%s/" % run_id
        while os.path.exists(logdir):
            run_num += 1
            run_id = f"{args.run_name}_{run_num}"
            logdir = "logs/%s/" % run_id
        os.makedirs(logdir, exist_ok=True)
        logfile = "logs/%s.txt" % run_id
        print(f"Logging run in {logdir}")
        # create the log file and set up TeeLogger
        sys.stdout = TeeLogger(logfile)
        # begin the log by printing this file (the Python code)
        print("=" * 100)
        print(code)
        print("=" * 100)
        # log information about the hardware/software environment this is running on
        # and print the full `nvidia-smi` to file
        print(
            f"Running pytorch {torch.version.__version__} compiled for CUDA {torch.version.cuda}\nnvidia-smi:"
        )
        import subprocess

        result = subprocess.run(
            ["nvidia-smi"],
            stdout=subprocess.PIPE,
            stderr=subprocess.PIPE,
            text=True,
        )
        print(f"{result.stdout}")
        print("=" * 100)

    training_time_ms = 0
    best_val_loss = float("inf")
    # start the clock
    torch.cuda.synchronize()
    t0 = time.time()
    # begin training
    train_loader.reset()
    for step in range(args.num_iterations + 1):
        last_step = step == args.num_iterations
        # This effectively ignores timing first 10 steps, which are slower for weird reasons.
        # Alternately, and slightly more correctly in terms of benchmarking, we could do 10
        # steps with dummy data first, and then re-initialize the model and reset the loader.
        if step == 10:
            training_time_ms = 0
            t0 = time.time()
        timed_steps = (
            float("nan") if step <= 11 else (step - 10) + 1
        )  # <= 11 to avoid bug in val

        # once in a while evaluate the validation dataset
        if last_step or (args.val_loss_every > 0 and step % args.val_loss_every == 0):
            # stop the clock
            torch.cuda.synchronize()
            training_time_ms += 1000 * (time.time() - t0)
            # run validation batches
            model.eval()
            val_loader.reset()
            val_loss = 0.0
            with torch.no_grad():
                for _ in range(val_steps):
                    x_val, y_val = val_loader.next_batch()
                    with ctx:  # of course, we'd like to use no_grad() here too, but that creates a torch.compile error for some reason
                        _, loss = model(x_val, y_val)
                        metrics = None
                        if type(loss) is dict:
                            metrics = {k: v for k, v in loss.items() if k != "total"}
                            loss = loss["total"]
                        val_loss += loss.detach()
                        del loss
            dist.all_reduce(val_loss, op=dist.ReduceOp.AVG)
            val_loss /= val_steps
            # log val loss to console and to logfile
            if master_process:
                if metrics is None:
                    print(
                        f"step:{step}/{args.num_iterations} val_loss:{val_loss:.4f} train_time:{training_time_ms:.0f}ms step_avg:{training_time_ms/(timed_steps-1):.2f}ms"
                    )
                else:
                    print(
                        f"step:{step}/{args.num_iterations} val_loss:{val_loss:.4f} train_time:{training_time_ms:.0f}ms step_avg:{training_time_ms/(timed_steps-1):.2f}ms {metrics}"
                    )
                with open(logfile, "a") as f:
                    f.write(
                        f"step:{step}/{args.num_iterations} val_loss:{val_loss:.4f} train_time:{training_time_ms:.0f}ms step_avg:{training_time_ms/(timed_steps-1):.2f}ms\n"
                    )
            # start the clock again
            torch.cuda.synchronize()
            torch.cuda.empty_cache()
            t0 = time.time()

            # Save best model if validation loss improved
            if master_process and (args.save_best_model and val_loss < best_val_loss):
                best_val_loss = val_loss
                log = dict(
                    step=step,
                    code=code,
                    model_config=model_config.to_dict(),
                    train_config=args.to_dict(),
                    model=raw_model.state_dict(),
                    optimizers=[opt.state_dict() for opt in optimizers],
                    val_loss=val_loss,
                )
                best_model_path = f"logs/{run_id}/best_model_{step}.pt"
                torch.save(log, best_model_path)

                # Remove previous best model if exists
                for f in glob.glob(f"logs/{run_id}/best_model_*.pt"):
                    if f != best_model_path:
                        os.remove(f)

        if master_process and (
            last_step or (args.save_every > 0 and step % args.save_every == 0)
        ):
            # stop the clock
            torch.cuda.synchronize()
            training_time_ms += 1000 * (time.time() - t0)
            # save the state of the training process
            log = dict(
                step=step,
                code=code,
                model_config=model_config.to_dict(),
                train_config=args.to_dict(),
                model=raw_model.state_dict(),
                optimizers=[opt.state_dict() for opt in optimizers],
            )
            torch.save(log, "logs/%s/state_step%06d.pt" % (run_id, step))

            # Cleanup old checkpoints
            if args.keep_last_n_checkpoints > 0:
                checkpoints = sorted(glob.glob(f"logs/{run_id}/state_step*.pt"))
                if len(checkpoints) > args.keep_last_n_checkpoints:
                    for checkpoint in checkpoints[: -args.keep_last_n_checkpoints]:
                        os.remove(checkpoint)

            # start the clock again
            torch.cuda.synchronize()
            t0 = time.time()

        # bit confusing: we want to make sure to eval on 0th iteration
        # but also after the very last iteration. so we loop for step <= num_iterations
        # instead of just < num_iterations (one extra due to <=), only to do
        # the validation/sampling one last time, and then we break right here as we're done.
        if last_step:
            break

        # --------------- TRAINING SECTION BEGIN -----------------
        model.train()
        # Optional sequence-length curriculum from the model recipe. Data and
        # validation remain unchanged; only early train forwards use a prefix.
        curriculum_steps = getattr(model_config, "seq_curriculum_steps", 0)
        curriculum_len = getattr(model_config, "seq_curriculum_len", T)
        use_short_sequence = curriculum_steps > 0 and step < curriculum_steps
        for i in range(1, train_accumulation_steps + 1):
            # forward pass
            with ctx:
                if use_short_sequence:
                    _, loss = model(
                        x[:, :curriculum_len].contiguous(),
                        y[:, :curriculum_len].contiguous(),
                    )
                else:
                    _, loss = model(x, y)
                metrics = None
                if type(loss) is dict:
                    metrics = {k: v for k, v in loss.items() if k != "total"}
                    loss = loss["total"]
                train_loss = loss.detach()

            # advance the dataset for the next batch
            x, y = train_loader.next_batch()
            # backward pass
            if i < train_accumulation_steps:
                with (
                    model.no_sync()
                ):  # there's no need to sync gradients every accumulation step
                    loss.backward()
            else:
                loss.backward()  # just sync on the last step
        for p in model.parameters():
            if p.grad is not None:
                p.grad /= train_accumulation_steps
        # step the optimizers and schedulers
        for opt, sched in zip(optimizers, schedulers):
            opt.step()
            sched.step()
        # null the gradients
        model.zero_grad(set_to_none=True)
        # --------------- TRAINING SECTION END -------------------
        # everything that follows now is just diagnostics, prints, logging, etc.

        # dist.all_reduce(train_loss, op=dist.ReduceOp.AVG) # all-reducing the training loss would be more correct in terms of logging, but slower
        if master_process:
            approx_time = training_time_ms + 1000 * (time.time() - t0)
            lr = optimizers[0].param_groups[0]["lr"]
            if metrics is None:
                print(
                    f"step:{step+1}/{args.num_iterations} lr:{lr} train_loss:{train_loss.item():.4f} train_time:{approx_time:.0f}ms step_avg:{approx_time/timed_steps:.2f}ms"
                )
            else:
                print(
                    f"step:{step+1}/{args.num_iterations} lr:{lr} train_loss:{train_loss.item():.4f} train_time:{approx_time:.0f}ms step_avg:{approx_time/timed_steps:.2f}ms {metrics}"
                )

    if master_process:
        print(
            f"peak memory consumption: {torch.cuda.max_memory_allocated() // 1024 // 1024} MiB"
        )

    # -------------------------------------------------------------------------
    # clean up nice
    dist.destroy_process_group()

====================================================================================================
Running pytorch 2.8.0+cu129 compiled for CUDA 12.9
nvidia-smi:
Sun Jul 12 04:49:36 2026       
+-----------------------------------------------------------------------------------------+
| NVIDIA-SMI 590.48.01              Driver Version: 590.48.01      CUDA Version: 13.1     |
+-----------------------------------------+------------------------+----------------------+
| GPU  Name                 Persistence-M | Bus-Id          Disp.A | Volatile Uncorr. ECC |
| Fan  Temp   Perf          Pwr:Usage/Cap |           Memory-Usage | GPU-Util  Compute M. |
|                                         |                        |               MIG M. |
|=========================================+========================+======================|
|   0  NVIDIA H100 80GB HBM3          On  |   00000000:19:00.0 Off |                    0 |
| N/A   28C    P0            119W /  700W |    4662MiB /  81559MiB |      9%      Default |
|                                         |                        |             Disabled |
+-----------------------------------------+------------------------+----------------------+
|   1  NVIDIA H100 80GB HBM3          On  |   00000000:3B:00.0 Off |                    0 |
| N/A   28C    P0            120W /  700W |    4662MiB /  81559MiB |      7%      Default |
|                                         |                        |             Disabled |
+-----------------------------------------+------------------------+----------------------+
|   2  NVIDIA H100 80GB HBM3          On  |   00000000:4C:00.0 Off |                    0 |
| N/A   26C    P0            114W /  700W |    4662MiB /  81559MiB |     13%      Default |
|                                         |                        |             Disabled |
+-----------------------------------------+------------------------+----------------------+
|   3  NVIDIA H100 80GB HBM3          On  |   00000000:5D:00.0 Off |                    0 |
| N/A   28C    P0            118W /  700W |    4662MiB /  81559MiB |      0%      Default |
|                                         |                        |             Disabled |
+-----------------------------------------+------------------------+----------------------+
|   4  NVIDIA H100 80GB HBM3          On  |   00000000:9B:00.0 Off |                    0 |
| N/A   28C    P0            117W /  700W |    4662MiB /  81559MiB |      1%      Default |
|                                         |                        |             Disabled |
+-----------------------------------------+------------------------+----------------------+
|   5  NVIDIA H100 80GB HBM3          On  |   00000000:BB:00.0 Off |                    0 |
| N/A   27C    P0            119W /  700W |    4662MiB /  81559MiB |     13%      Default |
|                                         |                        |             Disabled |
+-----------------------------------------+------------------------+----------------------+
|   6  NVIDIA H100 80GB HBM3          On  |   00000000:CB:00.0 Off |                    0 |
| N/A   28C    P0            122W /  700W |    4662MiB /  81559MiB |     14%      Default |
|                                         |                        |             Disabled |
+-----------------------------------------+------------------------+----------------------+
|   7  NVIDIA H100 80GB HBM3          On  |   00000000:DB:00.0 Off |                    0 |
| N/A   37C    P0            126W /  700W |    4662MiB /  81559MiB |      0%      Default |
|                                         |                        |             Disabled |
+-----------------------------------------+------------------------+----------------------+

+-----------------------------------------------------------------------------------------+
| Processes:                                                                              |
|  GPU   GI   CI              PID   Type   Process name                        GPU Memory |
|        ID   ID                                                               Usage      |
|=========================================================================================|
|    0   N/A  N/A         2954420      C   /opt/conda/bin/python3.11              4652MiB |
|    1   N/A  N/A         2954421      C   /opt/conda/bin/python3.11              4652MiB |
|    2   N/A  N/A         2954422      C   /opt/conda/bin/python3.11              4652MiB |
|    3   N/A  N/A         2954423      C   /opt/conda/bin/python3.11              4652MiB |
|    4   N/A  N/A         2954424      C   /opt/conda/bin/python3.11              4652MiB |
|    5   N/A  N/A         2954425      C   /opt/conda/bin/python3.11              4652MiB |
|    6   N/A  N/A         2954426      C   /opt/conda/bin/python3.11              4652MiB |
|    7   N/A  N/A         2954427      C   /opt/conda/bin/python3.11              4652MiB |
+-----------------------------------------------------------------------------------------+

====================================================================================================
[rank3]:W0712 04:49:38.655000 2954423 site-packages/torch/_dynamo/variables/tensor.py:1047] [1/0] Graph break from `Tensor.item()`, consider setting:
[rank3]:W0712 04:49:38.655000 2954423 site-packages/torch/_dynamo/variables/tensor.py:1047] [1/0]     torch._dynamo.config.capture_scalar_outputs = True
[rank3]:W0712 04:49:38.655000 2954423 site-packages/torch/_dynamo/variables/tensor.py:1047] [1/0] or:
[rank3]:W0712 04:49:38.655000 2954423 site-packages/torch/_dynamo/variables/tensor.py:1047] [1/0]     env TORCHDYNAMO_CAPTURE_SCALAR_OUTPUTS=1
[rank3]:W0712 04:49:38.655000 2954423 site-packages/torch/_dynamo/variables/tensor.py:1047] [1/0] to include these operations in the captured graph.
[rank3]:W0712 04:49:38.655000 2954423 site-packages/torch/_dynamo/variables/tensor.py:1047] [1/0] 
[rank3]:W0712 04:49:38.655000 2954423 site-packages/torch/_dynamo/variables/tensor.py:1047] [1/0] Graph break: from user code at:
[rank3]:W0712 04:49:38.655000 2954423 site-packages/torch/_dynamo/variables/tensor.py:1047] [1/0]   File "/nvme/BlaGPT/bla_gpt/bla_gpt.py", line 942, in forward
[rank3]:W0712 04:49:38.655000 2954423 site-packages/torch/_dynamo/variables/tensor.py:1047] [1/0]     loss_dict = {"ntp_loss": ntp_loss.detach().item()}
[rank3]:W0712 04:49:38.655000 2954423 site-packages/torch/_dynamo/variables/tensor.py:1047] [1/0] 
[rank3]:W0712 04:49:38.655000 2954423 site-packages/torch/_dynamo/variables/tensor.py:1047] [1/0] 
[rank6]:W0712 04:49:38.656000 2954426 site-packages/torch/_dynamo/variables/tensor.py:1047] [1/0] Graph break from `Tensor.item()`, consider setting:
[rank6]:W0712 04:49:38.656000 2954426 site-packages/torch/_dynamo/variables/tensor.py:1047] [1/0]     torch._dynamo.config.capture_scalar_outputs = True
[rank6]:W0712 04:49:38.656000 2954426 site-packages/torch/_dynamo/variables/tensor.py:1047] [1/0] or:
[rank6]:W0712 04:49:38.656000 2954426 site-packages/torch/_dynamo/variables/tensor.py:1047] [1/0]     env TORCHDYNAMO_CAPTURE_SCALAR_OUTPUTS=1
[rank6]:W0712 04:49:38.656000 2954426 site-packages/torch/_dynamo/variables/tensor.py:1047] [1/0] to include these operations in the captured graph.
[rank6]:W0712 04:49:38.656000 2954426 site-packages/torch/_dynamo/variables/tensor.py:1047] [1/0] 
[rank6]:W0712 04:49:38.656000 2954426 site-packages/torch/_dynamo/variables/tensor.py:1047] [1/0] Graph break: from user code at:
[rank6]:W0712 04:49:38.656000 2954426 site-packages/torch/_dynamo/variables/tensor.py:1047] [1/0]   File "/nvme/BlaGPT/bla_gpt/bla_gpt.py", line 942, in forward
[rank6]:W0712 04:49:38.656000 2954426 site-packages/torch/_dynamo/variables/tensor.py:1047] [1/0]     loss_dict = {"ntp_loss": ntp_loss.detach().item()}
[rank6]:W0712 04:49:38.656000 2954426 site-packages/torch/_dynamo/variables/tensor.py:1047] [1/0] 
[rank6]:W0712 04:49:38.656000 2954426 site-packages/torch/_dynamo/variables/tensor.py:1047] [1/0] 
[rank5]:W0712 04:49:38.658000 2954425 site-packages/torch/_dynamo/variables/tensor.py:1047] [1/0] Graph break from `Tensor.item()`, consider setting:
[rank5]:W0712 04:49:38.658000 2954425 site-packages/torch/_dynamo/variables/tensor.py:1047] [1/0]     torch._dynamo.config.capture_scalar_outputs = True
[rank5]:W0712 04:49:38.658000 2954425 site-packages/torch/_dynamo/variables/tensor.py:1047] [1/0] or:
[rank5]:W0712 04:49:38.658000 2954425 site-packages/torch/_dynamo/variables/tensor.py:1047] [1/0]     env TORCHDYNAMO_CAPTURE_SCALAR_OUTPUTS=1
[rank5]:W0712 04:49:38.658000 2954425 site-packages/torch/_dynamo/variables/tensor.py:1047] [1/0] to include these operations in the captured graph.
[rank5]:W0712 04:49:38.658000 2954425 site-packages/torch/_dynamo/variables/tensor.py:1047] [1/0] 
[rank5]:W0712 04:49:38.658000 2954425 site-packages/torch/_dynamo/variables/tensor.py:1047] [1/0] Graph break: from user code at:
[rank5]:W0712 04:49:38.658000 2954425 site-packages/torch/_dynamo/variables/tensor.py:1047] [1/0]   File "/nvme/BlaGPT/bla_gpt/bla_gpt.py", line 942, in forward
[rank5]:W0712 04:49:38.658000 2954425 site-packages/torch/_dynamo/variables/tensor.py:1047] [1/0]     loss_dict = {"ntp_loss": ntp_loss.detach().item()}
[rank5]:W0712 04:49:38.658000 2954425 site-packages/torch/_dynamo/variables/tensor.py:1047] [1/0] 
[rank5]:W0712 04:49:38.658000 2954425 site-packages/torch/_dynamo/variables/tensor.py:1047] [1/0] 
[rank4]:W0712 04:49:38.672000 2954424 site-packages/torch/_dynamo/variables/tensor.py:1047] [1/0] Graph break from `Tensor.item()`, consider setting:
[rank4]:W0712 04:49:38.672000 2954424 site-packages/torch/_dynamo/variables/tensor.py:1047] [1/0]     torch._dynamo.config.capture_scalar_outputs = True
[rank4]:W0712 04:49:38.672000 2954424 site-packages/torch/_dynamo/variables/tensor.py:1047] [1/0] or:
[rank4]:W0712 04:49:38.672000 2954424 site-packages/torch/_dynamo/variables/tensor.py:1047] [1/0]     env TORCHDYNAMO_CAPTURE_SCALAR_OUTPUTS=1
[rank4]:W0712 04:49:38.672000 2954424 site-packages/torch/_dynamo/variables/tensor.py:1047] [1/0] to include these operations in the captured graph.
[rank4]:W0712 04:49:38.672000 2954424 site-packages/torch/_dynamo/variables/tensor.py:1047] [1/0] 
[rank4]:W0712 04:49:38.672000 2954424 site-packages/torch/_dynamo/variables/tensor.py:1047] [1/0] Graph break: from user code at:
[rank4]:W0712 04:49:38.672000 2954424 site-packages/torch/_dynamo/variables/tensor.py:1047] [1/0]   File "/nvme/BlaGPT/bla_gpt/bla_gpt.py", line 942, in forward
[rank4]:W0712 04:49:38.672000 2954424 site-packages/torch/_dynamo/variables/tensor.py:1047] [1/0]     loss_dict = {"ntp_loss": ntp_loss.detach().item()}
[rank4]:W0712 04:49:38.672000 2954424 site-packages/torch/_dynamo/variables/tensor.py:1047] [1/0] 
[rank4]:W0712 04:49:38.672000 2954424 site-packages/torch/_dynamo/variables/tensor.py:1047] [1/0] 
[rank7]:W0712 04:49:38.686000 2954427 site-packages/torch/_dynamo/variables/tensor.py:1047] [1/0] Graph break from `Tensor.item()`, consider setting:
[rank7]:W0712 04:49:38.686000 2954427 site-packages/torch/_dynamo/variables/tensor.py:1047] [1/0]     torch._dynamo.config.capture_scalar_outputs = True
[rank7]:W0712 04:49:38.686000 2954427 site-packages/torch/_dynamo/variables/tensor.py:1047] [1/0] or:
[rank7]:W0712 04:49:38.686000 2954427 site-packages/torch/_dynamo/variables/tensor.py:1047] [1/0]     env TORCHDYNAMO_CAPTURE_SCALAR_OUTPUTS=1
[rank7]:W0712 04:49:38.686000 2954427 site-packages/torch/_dynamo/variables/tensor.py:1047] [1/0] to include these operations in the captured graph.
[rank7]:W0712 04:49:38.686000 2954427 site-packages/torch/_dynamo/variables/tensor.py:1047] [1/0] 
[rank7]:W0712 04:49:38.686000 2954427 site-packages/torch/_dynamo/variables/tensor.py:1047] [1/0] Graph break: from user code at:
[rank7]:W0712 04:49:38.686000 2954427 site-packages/torch/_dynamo/variables/tensor.py:1047] [1/0]   File "/nvme/BlaGPT/bla_gpt/bla_gpt.py", line 942, in forward
[rank7]:W0712 04:49:38.686000 2954427 site-packages/torch/_dynamo/variables/tensor.py:1047] [1/0]     loss_dict = {"ntp_loss": ntp_loss.detach().item()}
[rank7]:W0712 04:49:38.686000 2954427 site-packages/torch/_dynamo/variables/tensor.py:1047] [1/0] 
[rank7]:W0712 04:49:38.686000 2954427 site-packages/torch/_dynamo/variables/tensor.py:1047] [1/0] 
[rank2]:W0712 04:49:38.721000 2954422 site-packages/torch/_dynamo/variables/tensor.py:1047] [1/0] Graph break from `Tensor.item()`, consider setting:
[rank2]:W0712 04:49:38.721000 2954422 site-packages/torch/_dynamo/variables/tensor.py:1047] [1/0]     torch._dynamo.config.capture_scalar_outputs = True
[rank2]:W0712 04:49:38.721000 2954422 site-packages/torch/_dynamo/variables/tensor.py:1047] [1/0] or:
[rank2]:W0712 04:49:38.721000 2954422 site-packages/torch/_dynamo/variables/tensor.py:1047] [1/0]     env TORCHDYNAMO_CAPTURE_SCALAR_OUTPUTS=1
[rank2]:W0712 04:49:38.721000 2954422 site-packages/torch/_dynamo/variables/tensor.py:1047] [1/0] to include these operations in the captured graph.
[rank2]:W0712 04:49:38.721000 2954422 site-packages/torch/_dynamo/variables/tensor.py:1047] [1/0] 
[rank2]:W0712 04:49:38.721000 2954422 site-packages/torch/_dynamo/variables/tensor.py:1047] [1/0] Graph break: from user code at:
[rank2]:W0712 04:49:38.721000 2954422 site-packages/torch/_dynamo/variables/tensor.py:1047] [1/0]   File "/nvme/BlaGPT/bla_gpt/bla_gpt.py", line 942, in forward
[rank2]:W0712 04:49:38.721000 2954422 site-packages/torch/_dynamo/variables/tensor.py:1047] [1/0]     loss_dict = {"ntp_loss": ntp_loss.detach().item()}
[rank2]:W0712 04:49:38.721000 2954422 site-packages/torch/_dynamo/variables/tensor.py:1047] [1/0] 
[rank2]:W0712 04:49:38.721000 2954422 site-packages/torch/_dynamo/variables/tensor.py:1047] [1/0] 
[rank1]:W0712 04:49:38.756000 2954421 site-packages/torch/_dynamo/variables/tensor.py:1047] [1/0] Graph break from `Tensor.item()`, consider setting:
[rank1]:W0712 04:49:38.756000 2954421 site-packages/torch/_dynamo/variables/tensor.py:1047] [1/0]     torch._dynamo.config.capture_scalar_outputs = True
[rank1]:W0712 04:49:38.756000 2954421 site-packages/torch/_dynamo/variables/tensor.py:1047] [1/0] or:
[rank1]:W0712 04:49:38.756000 2954421 site-packages/torch/_dynamo/variables/tensor.py:1047] [1/0]     env TORCHDYNAMO_CAPTURE_SCALAR_OUTPUTS=1
[rank1]:W0712 04:49:38.756000 2954421 site-packages/torch/_dynamo/variables/tensor.py:1047] [1/0] to include these operations in the captured graph.
[rank1]:W0712 04:49:38.756000 2954421 site-packages/torch/_dynamo/variables/tensor.py:1047] [1/0] 
[rank1]:W0712 04:49:38.756000 2954421 site-packages/torch/_dynamo/variables/tensor.py:1047] [1/0] Graph break: from user code at:
[rank1]:W0712 04:49:38.756000 2954421 site-packages/torch/_dynamo/variables/tensor.py:1047] [1/0]   File "/nvme/BlaGPT/bla_gpt/bla_gpt.py", line 942, in forward
[rank1]:W0712 04:49:38.756000 2954421 site-packages/torch/_dynamo/variables/tensor.py:1047] [1/0]     loss_dict = {"ntp_loss": ntp_loss.detach().item()}
[rank1]:W0712 04:49:38.756000 2954421 site-packages/torch/_dynamo/variables/tensor.py:1047] [1/0] 
[rank1]:W0712 04:49:38.756000 2954421 site-packages/torch/_dynamo/variables/tensor.py:1047] [1/0] 
[rank0]:W0712 04:49:39.443000 2954420 site-packages/torch/_dynamo/variables/tensor.py:1047] [1/0] Graph break from `Tensor.item()`, consider setting:
[rank0]:W0712 04:49:39.443000 2954420 site-packages/torch/_dynamo/variables/tensor.py:1047] [1/0]     torch._dynamo.config.capture_scalar_outputs = True
[rank0]:W0712 04:49:39.443000 2954420 site-packages/torch/_dynamo/variables/tensor.py:1047] [1/0] or:
[rank0]:W0712 04:49:39.443000 2954420 site-packages/torch/_dynamo/variables/tensor.py:1047] [1/0]     env TORCHDYNAMO_CAPTURE_SCALAR_OUTPUTS=1
[rank0]:W0712 04:49:39.443000 2954420 site-packages/torch/_dynamo/variables/tensor.py:1047] [1/0] to include these operations in the captured graph.
[rank0]:W0712 04:49:39.443000 2954420 site-packages/torch/_dynamo/variables/tensor.py:1047] [1/0] 
[rank0]:W0712 04:49:39.443000 2954420 site-packages/torch/_dynamo/variables/tensor.py:1047] [1/0] Graph break: from user code at:
[rank0]:W0712 04:49:39.443000 2954420 site-packages/torch/_dynamo/variables/tensor.py:1047] [1/0]   File "/nvme/BlaGPT/bla_gpt/bla_gpt.py", line 942, in forward
[rank0]:W0712 04:49:39.443000 2954420 site-packages/torch/_dynamo/variables/tensor.py:1047] [1/0]     loss_dict = {"ntp_loss": ntp_loss.detach().item()}
[rank0]:W0712 04:49:39.443000 2954420 site-packages/torch/_dynamo/variables/tensor.py:1047] [1/0] 
[rank0]:W0712 04:49:39.443000 2954420 site-packages/torch/_dynamo/variables/tensor.py:1047] [1/0] 
step:0/5100 val_loss:10.9018 train_time:225ms step_avg:nanms
/opt/conda/lib/python3.11/site-packages/torch/_inductor/lowering.py:7095: UserWarning: 
Online softmax is disabled on the fly since Inductor decides to
split the reduction. Cut an issue to PyTorch if this is an
important use case and you want to speed it up with online
softmax.

  warnings.warn(
/opt/conda/lib/python3.11/site-packages/torch/_inductor/lowering.py:7095: UserWarning: 
Online softmax is disabled on the fly since Inductor decides to
split the reduction. Cut an issue to PyTorch if this is an
important use case and you want to speed it up with online
softmax.

  warnings.warn(
/opt/conda/lib/python3.11/site-packages/torch/_inductor/lowering.py:7095: UserWarning: 
Online softmax is disabled on the fly since Inductor decides to
split the reduction. Cut an issue to PyTorch if this is an
important use case and you want to speed it up with online
softmax.

  warnings.warn(
/opt/conda/lib/python3.11/site-packages/torch/_inductor/lowering.py:7095: UserWarning: 
Online softmax is disabled on the fly since Inductor decides to
split the reduction. Cut an issue to PyTorch if this is an
important use case and you want to speed it up with online
softmax.

  warnings.warn(
/opt/conda/lib/python3.11/site-packages/torch/_inductor/lowering.py:7095: UserWarning: 
Online softmax is disabled on the fly since Inductor decides to
split the reduction. Cut an issue to PyTorch if this is an
important use case and you want to speed it up with online
softmax.

  warnings.warn(
/opt/conda/lib/python3.11/site-packages/torch/_inductor/lowering.py:7095: UserWarning: 
Online softmax is disabled on the fly since Inductor decides to
split the reduction. Cut an issue to PyTorch if this is an
important use case and you want to speed it up with online
softmax.

  warnings.warn(
/opt/conda/lib/python3.11/site-packages/torch/_inductor/lowering.py:7095: UserWarning: 
Online softmax is disabled on the fly since Inductor decides to
split the reduction. Cut an issue to PyTorch if this is an
important use case and you want to speed it up with online
softmax.

  warnings.warn(
/opt/conda/lib/python3.11/site-packages/torch/_inductor/lowering.py:7095: UserWarning: 
Online softmax is disabled on the fly since Inductor decides to
split the reduction. Cut an issue to PyTorch if this is an
important use case and you want to speed it up with online
softmax.

  warnings.warn(
/opt/conda/lib/python3.11/site-packages/torch/_inductor/lowering.py:7095: UserWarning: 
Online softmax is disabled on the fly since Inductor decides to
split the reduction. Cut an issue to PyTorch if this is an
important use case and you want to speed it up with online
softmax.

  warnings.warn(
/opt/conda/lib/python3.11/site-packages/torch/_inductor/lowering.py:7095: UserWarning: 
Online softmax is disabled on the fly since Inductor decides to
split the reduction. Cut an issue to PyTorch if this is an
important use case and you want to speed it up with online
softmax.

  warnings.warn(
/opt/conda/lib/python3.11/site-packages/torch/_inductor/lowering.py:7095: UserWarning: 
Online softmax is disabled on the fly since Inductor decides to
split the reduction. Cut an issue to PyTorch if this is an
important use case and you want to speed it up with online
softmax.

  warnings.warn(
/opt/conda/lib/python3.11/site-packages/torch/_inductor/lowering.py:7095: UserWarning: 
Online softmax is disabled on the fly since Inductor decides to
split the reduction. Cut an issue to PyTorch if this is an
important use case and you want to speed it up with online
softmax.

  warnings.warn(
/opt/conda/lib/python3.11/site-packages/torch/_inductor/lowering.py:7095: UserWarning: 
Online softmax is disabled on the fly since Inductor decides to
split the reduction. Cut an issue to PyTorch if this is an
important use case and you want to speed it up with online
softmax.

  warnings.warn(
/opt/conda/lib/python3.11/site-packages/torch/_inductor/lowering.py:7095: UserWarning: 
Online softmax is disabled on the fly since Inductor decides to
split the reduction. Cut an issue to PyTorch if this is an
important use case and you want to speed it up with online
softmax.

  warnings.warn(
/opt/conda/lib/python3.11/site-packages/torch/_inductor/lowering.py:7095: UserWarning: 
Online softmax is disabled on the fly since Inductor decides to
split the reduction. Cut an issue to PyTorch if this is an
important use case and you want to speed it up with online
softmax.

  warnings.warn(
/opt/conda/lib/python3.11/site-packages/torch/_inductor/lowering.py:7095: UserWarning: 
Online softmax is disabled on the fly since Inductor decides to
split the reduction. Cut an issue to PyTorch if this is an
important use case and you want to speed it up with online
softmax.

  warnings.warn(
[rank7]:[W712 04:51:47.532233606 reducer.cpp:1457] Warning: find_unused_parameters=True was specified in DDP constructor, but did not find any unused parameters in the forward pass. This flag results in an extra traversal of the autograd graph every iteration,  which can adversely affect performance. If your model indeed never has any unused parameters in the forward pass, consider turning this flag off. Note that this warning may be a false positive if your model has flow control causing later iterations to have unused parameters. (function operator())
[rank1]:[W712 04:51:48.002160648 reducer.cpp:1457] Warning: find_unused_parameters=True was specified in DDP constructor, but did not find any unused parameters in the forward pass. This flag results in an extra traversal of the autograd graph every iteration,  which can adversely affect performance. If your model indeed never has any unused parameters in the forward pass, consider turning this flag off. Note that this warning may be a false positive if your model has flow control causing later iterations to have unused parameters. (function operator())
[rank5]:[W712 04:51:48.026906797 reducer.cpp:1457] Warning: find_unused_parameters=True was specified in DDP constructor, but did not find any unused parameters in the forward pass. This flag results in an extra traversal of the autograd graph every iteration,  which can adversely affect performance. If your model indeed never has any unused parameters in the forward pass, consider turning this flag off. Note that this warning may be a false positive if your model has flow control causing later iterations to have unused parameters. (function operator())
[rank2]:[W712 04:51:48.367786826 reducer.cpp:1457] Warning: find_unused_parameters=True was specified in DDP constructor, but did not find any unused parameters in the forward pass. This flag results in an extra traversal of the autograd graph every iteration,  which can adversely affect performance. If your model indeed never has any unused parameters in the forward pass, consider turning this flag off. Note that this warning may be a false positive if your model has flow control causing later iterations to have unused parameters. (function operator())
[rank4]:[W712 04:51:48.509048313 reducer.cpp:1457] Warning: find_unused_parameters=True was specified in DDP constructor, but did not find any unused parameters in the forward pass. This flag results in an extra traversal of the autograd graph every iteration,  which can adversely affect performance. If your model indeed never has any unused parameters in the forward pass, consider turning this flag off. Note that this warning may be a false positive if your model has flow control causing later iterations to have unused parameters. (function operator())
[rank6]:[W712 04:51:48.684157843 reducer.cpp:1457] Warning: find_unused_parameters=True was specified in DDP constructor, but did not find any unused parameters in the forward pass. This flag results in an extra traversal of the autograd graph every iteration,  which can adversely affect performance. If your model indeed never has any unused parameters in the forward pass, consider turning this flag off. Note that this warning may be a false positive if your model has flow control causing later iterations to have unused parameters. (function operator())
[rank3]:[W712 04:51:49.319199366 reducer.cpp:1457] Warning: find_unused_parameters=True was specified in DDP constructor, but did not find any unused parameters in the forward pass. This flag results in an extra traversal of the autograd graph every iteration,  which can adversely affect performance. If your model indeed never has any unused parameters in the forward pass, consider turning this flag off. Note that this warning may be a false positive if your model has flow control causing later iterations to have unused parameters. (function operator())
[rank0]:[W712 04:51:52.709441977 reducer.cpp:1457] Warning: find_unused_parameters=True was specified in DDP constructor, but did not find any unused parameters in the forward pass. This flag results in an extra traversal of the autograd graph every iteration,  which can adversely affect performance. If your model indeed never has any unused parameters in the forward pass, consider turning this flag off. Note that this warning may be a false positive if your model has flow control causing later iterations to have unused parameters. (function operator())
step:1/5100 lr:2e-05 train_loss:10.9039 train_time:128841ms step_avg:nanms
step:2/5100 lr:3e-05 train_loss:10.8948 train_time:129052ms step_avg:nanms
step:3/5100 lr:4e-05 train_loss:10.8650 train_time:129250ms step_avg:nanms
step:4/5100 lr:5e-05 train_loss:10.8300 train_time:129448ms step_avg:nanms
step:5/5100 lr:6e-05 train_loss:10.7787 train_time:129646ms step_avg:nanms
step:6/5100 lr:7.000000000000001e-05 train_loss:10.7092 train_time:129843ms step_avg:nanms
step:7/5100 lr:8e-05 train_loss:10.6431 train_time:130039ms step_avg:nanms
step:8/5100 lr:8.999999999999999e-05 train_loss:10.5842 train_time:130236ms step_avg:nanms
step:9/5100 lr:0.0001 train_loss:10.4983 train_time:130433ms step_avg:nanms
step:10/5100 lr:0.00011 train_loss:10.4109 train_time:130632ms step_avg:nanms
step:11/5100 lr:0.00012 train_loss:10.3090 train_time:186ms step_avg:nanms
step:12/5100 lr:0.00013000000000000002 train_loss:10.2771 train_time:383ms step_avg:nanms
step:13/5100 lr:0.00014000000000000001 train_loss:10.1762 train_time:580ms step_avg:193.27ms
step:14/5100 lr:0.00015 train_loss:10.1574 train_time:778ms step_avg:194.47ms
step:15/5100 lr:0.00016 train_loss:10.1191 train_time:975ms step_avg:195.05ms
step:16/5100 lr:0.00017 train_loss:10.1263 train_time:1172ms step_avg:195.31ms
step:17/5100 lr:0.00017999999999999998 train_loss:10.0821 train_time:1368ms step_avg:195.47ms
step:18/5100 lr:0.00019 train_loss:10.0113 train_time:1565ms step_avg:195.66ms
step:19/5100 lr:0.0002 train_loss:10.0903 train_time:1763ms step_avg:195.85ms
step:20/5100 lr:0.00021 train_loss:9.9900 train_time:1960ms step_avg:195.95ms
step:21/5100 lr:0.00022 train_loss:10.0039 train_time:2157ms step_avg:196.05ms
step:22/5100 lr:0.00023 train_loss:10.0932 train_time:2353ms step_avg:196.12ms
step:23/5100 lr:0.00024 train_loss:9.9611 train_time:2550ms step_avg:196.15ms
step:24/5100 lr:0.00025 train_loss:10.0221 train_time:2747ms step_avg:196.19ms
step:25/5100 lr:0.00026000000000000003 train_loss:9.9337 train_time:2944ms step_avg:196.24ms
step:26/5100 lr:0.00027 train_loss:9.8477 train_time:3149ms step_avg:196.78ms
step:27/5100 lr:0.00028000000000000003 train_loss:9.7593 train_time:3345ms step_avg:196.78ms
step:28/5100 lr:0.00029 train_loss:9.7641 train_time:3542ms step_avg:196.79ms
step:29/5100 lr:0.0003 train_loss:9.8216 train_time:3739ms step_avg:196.79ms
step:30/5100 lr:0.00031 train_loss:9.8153 train_time:3936ms step_avg:196.78ms
step:31/5100 lr:0.00032 train_loss:9.6638 train_time:4132ms step_avg:196.78ms
step:32/5100 lr:0.00033 train_loss:9.6867 train_time:4329ms step_avg:196.80ms
step:33/5100 lr:0.00034 train_loss:9.7322 train_time:4526ms step_avg:196.79ms
step:34/5100 lr:0.00035 train_loss:9.6791 train_time:4723ms step_avg:196.78ms
step:35/5100 lr:0.00035999999999999997 train_loss:9.7039 train_time:4920ms step_avg:196.78ms
step:36/5100 lr:0.00037 train_loss:9.5410 train_time:5116ms step_avg:196.77ms
step:37/5100 lr:0.00038 train_loss:9.5979 train_time:5313ms step_avg:196.76ms
step:38/5100 lr:0.00039000000000000005 train_loss:9.4122 train_time:5511ms step_avg:196.81ms
step:39/5100 lr:0.0004 train_loss:9.4392 train_time:5708ms step_avg:196.81ms
step:40/5100 lr:0.00041 train_loss:9.3968 train_time:5904ms step_avg:196.81ms
step:41/5100 lr:0.00042 train_loss:9.3588 train_time:6101ms step_avg:196.81ms
step:42/5100 lr:0.00043 train_loss:9.0970 train_time:6298ms step_avg:196.80ms
step:43/5100 lr:0.00044 train_loss:9.3122 train_time:6494ms step_avg:196.80ms
step:44/5100 lr:0.00045000000000000004 train_loss:9.2060 train_time:6691ms step_avg:196.79ms
step:45/5100 lr:0.00046 train_loss:9.2386 train_time:6888ms step_avg:196.80ms
step:46/5100 lr:0.00047 train_loss:9.0830 train_time:7085ms step_avg:196.79ms
step:47/5100 lr:0.00048 train_loss:9.0007 train_time:7281ms step_avg:196.79ms
step:48/5100 lr:0.00049 train_loss:9.0931 train_time:7478ms step_avg:196.78ms
step:49/5100 lr:0.0005 train_loss:8.9870 train_time:7709ms step_avg:197.66ms
step:50/5100 lr:0.00051 train_loss:8.9988 train_time:7906ms step_avg:197.64ms
step:51/5100 lr:0.0005200000000000001 train_loss:9.0045 train_time:8102ms step_avg:197.62ms
step:52/5100 lr:0.0005300000000000001 train_loss:8.9427 train_time:8299ms step_avg:197.59ms
step:53/5100 lr:0.00054 train_loss:8.7286 train_time:8496ms step_avg:197.57ms
step:54/5100 lr:0.00055 train_loss:8.7603 train_time:8692ms step_avg:197.55ms
step:55/5100 lr:0.0005600000000000001 train_loss:8.9066 train_time:8889ms step_avg:197.53ms
step:56/5100 lr:0.00057 train_loss:8.7440 train_time:9086ms step_avg:197.53ms
step:57/5100 lr:0.00058 train_loss:8.5658 train_time:9283ms step_avg:197.52ms
step:58/5100 lr:0.00059 train_loss:8.7724 train_time:9480ms step_avg:197.50ms
step:59/5100 lr:0.0006 train_loss:8.5773 train_time:9677ms step_avg:197.49ms
step:60/5100 lr:0.00061 train_loss:8.8070 train_time:9874ms step_avg:197.48ms
step:61/5100 lr:0.00062 train_loss:8.5421 train_time:10071ms step_avg:197.47ms
step:62/5100 lr:0.00063 train_loss:8.6217 train_time:10267ms step_avg:197.45ms
step:63/5100 lr:0.00064 train_loss:8.4990 train_time:10464ms step_avg:197.43ms
step:64/5100 lr:0.0006500000000000001 train_loss:9.3306 train_time:10660ms step_avg:197.41ms
step:65/5100 lr:0.00066 train_loss:8.3590 train_time:10862ms step_avg:197.49ms
step:66/5100 lr:0.00067 train_loss:8.4666 train_time:11058ms step_avg:197.47ms
step:67/5100 lr:0.00068 train_loss:8.2850 train_time:11255ms step_avg:197.46ms
step:68/5100 lr:0.00069 train_loss:8.5847 train_time:11454ms step_avg:197.48ms
step:69/5100 lr:0.0007 train_loss:8.1403 train_time:11651ms step_avg:197.47ms
step:70/5100 lr:0.00071 train_loss:8.1892 train_time:11847ms step_avg:197.45ms
step:71/5100 lr:0.0007199999999999999 train_loss:8.2163 train_time:12046ms step_avg:197.48ms
step:72/5100 lr:0.00073 train_loss:8.3140 train_time:12244ms step_avg:197.49ms
step:73/5100 lr:0.00074 train_loss:8.0381 train_time:12441ms step_avg:197.48ms
step:74/5100 lr:0.00075 train_loss:8.5399 train_time:12646ms step_avg:197.60ms
step:75/5100 lr:0.00076 train_loss:8.2085 train_time:12843ms step_avg:197.58ms
step:76/5100 lr:0.0007700000000000001 train_loss:8.1238 train_time:13040ms step_avg:197.57ms
step:77/5100 lr:0.0007800000000000001 train_loss:8.0917 train_time:13237ms step_avg:197.56ms
step:78/5100 lr:0.00079 train_loss:7.7762 train_time:13434ms step_avg:197.55ms
step:79/5100 lr:0.0008 train_loss:7.9382 train_time:13637ms step_avg:197.64ms
step:80/5100 lr:0.0008100000000000001 train_loss:8.0135 train_time:13836ms step_avg:197.66ms
step:81/5100 lr:0.00082 train_loss:7.7486 train_time:14033ms step_avg:197.65ms
step:82/5100 lr:0.00083 train_loss:7.9551 train_time:14229ms step_avg:197.63ms
step:83/5100 lr:0.00084 train_loss:7.8745 train_time:14426ms step_avg:197.62ms
step:84/5100 lr:0.00085 train_loss:7.6229 train_time:14623ms step_avg:197.60ms
step:85/5100 lr:0.00086 train_loss:7.6630 train_time:14819ms step_avg:197.59ms
step:86/5100 lr:0.00087 train_loss:7.8445 train_time:15016ms step_avg:197.58ms
step:87/5100 lr:0.00088 train_loss:7.6848 train_time:15213ms step_avg:197.57ms
step:88/5100 lr:0.0008900000000000001 train_loss:7.9614 train_time:15410ms step_avg:197.56ms
step:89/5100 lr:0.0009000000000000001 train_loss:7.7641 train_time:15607ms step_avg:197.55ms
step:90/5100 lr:0.00091 train_loss:7.7188 train_time:15804ms step_avg:197.54ms
step:91/5100 lr:0.00092 train_loss:7.7371 train_time:16000ms step_avg:197.53ms
step:92/5100 lr:0.00093 train_loss:7.9462 train_time:16197ms step_avg:197.52ms
step:93/5100 lr:0.00094 train_loss:7.6800 train_time:16394ms step_avg:197.51ms
step:94/5100 lr:0.00095 train_loss:7.6261 train_time:16590ms step_avg:197.50ms
step:95/5100 lr:0.00096 train_loss:7.5598 train_time:16787ms step_avg:197.49ms
step:96/5100 lr:0.0009699999999999999 train_loss:7.4735 train_time:16983ms step_avg:197.48ms
step:97/5100 lr:0.00098 train_loss:7.4825 train_time:17180ms step_avg:197.47ms
step:98/5100 lr:0.00099 train_loss:7.3837 train_time:17376ms step_avg:197.45ms
step:99/5100 lr:0.001 train_loss:7.4624 train_time:17573ms step_avg:197.45ms
step:100/5100 lr:0.001 train_loss:7.3019 train_time:17769ms step_avg:197.44ms
step:101/5100 lr:0.001 train_loss:7.5058 train_time:17966ms step_avg:197.43ms
step:102/5100 lr:0.001 train_loss:7.3653 train_time:18162ms step_avg:197.42ms
step:103/5100 lr:0.001 train_loss:7.1908 train_time:19228ms step_avg:206.75ms
step:104/5100 lr:0.001 train_loss:7.0788 train_time:19425ms step_avg:206.64ms
step:105/5100 lr:0.001 train_loss:7.3691 train_time:19621ms step_avg:206.54ms
step:106/5100 lr:0.001 train_loss:7.1345 train_time:19818ms step_avg:206.44ms
step:107/5100 lr:0.001 train_loss:7.1933 train_time:20015ms step_avg:206.34ms
step:108/5100 lr:0.001 train_loss:7.0636 train_time:20212ms step_avg:206.24ms
step:109/5100 lr:0.001 train_loss:7.2760 train_time:20411ms step_avg:206.17ms
step:110/5100 lr:0.001 train_loss:7.1160 train_time:20608ms step_avg:206.08ms
step:111/5100 lr:0.001 train_loss:7.1394 train_time:20806ms step_avg:206.00ms
step:112/5100 lr:0.001 train_loss:7.1818 train_time:21007ms step_avg:205.95ms
step:113/5100 lr:0.001 train_loss:7.1041 train_time:21204ms step_avg:205.87ms
step:114/5100 lr:0.001 train_loss:7.0651 train_time:21401ms step_avg:205.78ms
step:115/5100 lr:0.001 train_loss:7.1663 train_time:21598ms step_avg:205.70ms
step:116/5100 lr:0.001 train_loss:7.0190 train_time:21795ms step_avg:205.61ms
step:117/5100 lr:0.001 train_loss:6.9098 train_time:21993ms step_avg:205.54ms
step:118/5100 lr:0.001 train_loss:6.8404 train_time:22190ms step_avg:205.46ms
step:119/5100 lr:0.001 train_loss:6.8391 train_time:22389ms step_avg:205.40ms
step:120/5100 lr:0.001 train_loss:6.9963 train_time:22588ms step_avg:205.34ms
step:121/5100 lr:0.001 train_loss:6.8214 train_time:22785ms step_avg:205.27ms
step:122/5100 lr:0.001 train_loss:6.9678 train_time:22982ms step_avg:205.20ms
step:123/5100 lr:0.001 train_loss:6.7416 train_time:23179ms step_avg:205.12ms
step:124/5100 lr:0.001 train_loss:7.2599 train_time:23378ms step_avg:205.07ms
step:125/5100 lr:0.001 train_loss:6.8562 train_time:23575ms step_avg:205.00ms
step:125/5100 val_loss:6.8721 train_time:23585ms step_avg:205.09ms
step:126/5100 lr:0.001 train_loss:7.0038 train_time:27820ms step_avg:239.83ms
step:127/5100 lr:0.001 train_loss:6.9697 train_time:28017ms step_avg:239.46ms
step:128/5100 lr:0.001 train_loss:6.7260 train_time:28214ms step_avg:239.10ms
step:129/5100 lr:0.001 train_loss:7.2356 train_time:28410ms step_avg:238.74ms
step:130/5100 lr:0.001 train_loss:6.8211 train_time:28607ms step_avg:238.39ms
step:131/5100 lr:0.001 train_loss:6.7541 train_time:28804ms step_avg:238.05ms
step:132/5100 lr:0.001 train_loss:6.6536 train_time:29000ms step_avg:237.71ms
step:133/5100 lr:0.001 train_loss:6.7433 train_time:29198ms step_avg:237.38ms
step:134/5100 lr:0.001 train_loss:6.6251 train_time:29395ms step_avg:237.05ms
step:135/5100 lr:0.001 train_loss:6.6215 train_time:29591ms step_avg:236.73ms
step:136/5100 lr:0.001 train_loss:6.5426 train_time:29787ms step_avg:236.41ms
step:137/5100 lr:0.001 train_loss:6.5216 train_time:29984ms step_avg:236.09ms
step:138/5100 lr:0.001 train_loss:6.6365 train_time:30180ms step_avg:235.78ms
step:139/5100 lr:0.001 train_loss:6.5708 train_time:30377ms step_avg:235.48ms
step:140/5100 lr:0.001 train_loss:6.6718 train_time:30573ms step_avg:235.18ms
step:141/5100 lr:0.001 train_loss:6.5514 train_time:30769ms step_avg:234.88ms
step:142/5100 lr:0.001 train_loss:6.6653 train_time:30970ms step_avg:234.62ms
step:143/5100 lr:0.001 train_loss:6.5968 train_time:31170ms step_avg:234.36ms
step:144/5100 lr:0.001 train_loss:6.4032 train_time:31367ms step_avg:234.08ms
step:145/5100 lr:0.001 train_loss:6.2523 train_time:31563ms step_avg:233.80ms
step:146/5100 lr:0.001 train_loss:6.3837 train_time:31759ms step_avg:233.52ms
step:147/5100 lr:0.001 train_loss:6.4103 train_time:31956ms step_avg:233.26ms
step:148/5100 lr:0.001 train_loss:6.3607 train_time:32152ms step_avg:232.99ms
step:149/5100 lr:0.001 train_loss:6.8775 train_time:32349ms step_avg:232.73ms
step:150/5100 lr:0.001 train_loss:6.4993 train_time:32554ms step_avg:232.53ms
step:151/5100 lr:0.001 train_loss:6.4053 train_time:32759ms step_avg:232.34ms
step:152/5100 lr:0.001 train_loss:6.5458 train_time:32956ms step_avg:232.09ms
step:153/5100 lr:0.001 train_loss:6.3791 train_time:33153ms step_avg:231.84ms
step:154/5100 lr:0.001 train_loss:6.5776 train_time:33349ms step_avg:231.59ms
step:155/5100 lr:0.001 train_loss:6.2114 train_time:33546ms step_avg:231.35ms
step:156/5100 lr:0.001 train_loss:6.3341 train_time:33742ms step_avg:231.11ms
step:157/5100 lr:0.001 train_loss:6.4235 train_time:33939ms step_avg:230.87ms
step:158/5100 lr:0.001 train_loss:6.2502 train_time:34135ms step_avg:230.64ms
step:159/5100 lr:0.001 train_loss:6.2794 train_time:34331ms step_avg:230.41ms
step:160/5100 lr:0.001 train_loss:6.2593 train_time:34527ms step_avg:230.18ms
step:161/5100 lr:0.001 train_loss:6.3427 train_time:34724ms step_avg:229.96ms
step:162/5100 lr:0.001 train_loss:6.2801 train_time:34920ms step_avg:229.74ms
step:163/5100 lr:0.001 train_loss:6.2529 train_time:35116ms step_avg:229.52ms
step:164/5100 lr:0.001 train_loss:6.1271 train_time:35313ms step_avg:229.30ms
step:165/5100 lr:0.001 train_loss:6.0663 train_time:35509ms step_avg:229.09ms
step:166/5100 lr:0.001 train_loss:6.1551 train_time:35705ms step_avg:228.88ms
step:167/5100 lr:0.001 train_loss:6.0198 train_time:35901ms step_avg:228.67ms
step:168/5100 lr:0.001 train_loss:6.4271 train_time:36098ms step_avg:228.47ms
step:169/5100 lr:0.001 train_loss:5.9978 train_time:36294ms step_avg:228.26ms
step:170/5100 lr:0.001 train_loss:5.9298 train_time:36490ms step_avg:228.07ms
step:171/5100 lr:0.001 train_loss:6.0890 train_time:36688ms step_avg:227.88ms
step:172/5100 lr:0.001 train_loss:6.0828 train_time:36885ms step_avg:227.68ms
step:173/5100 lr:0.001 train_loss:6.2289 train_time:37081ms step_avg:227.49ms
step:174/5100 lr:0.001 train_loss:6.1827 train_time:37278ms step_avg:227.30ms
step:175/5100 lr:0.001 train_loss:6.2236 train_time:37475ms step_avg:227.12ms
step:176/5100 lr:0.001 train_loss:5.9309 train_time:37671ms step_avg:226.93ms
step:177/5100 lr:0.001 train_loss:5.8652 train_time:37867ms step_avg:226.75ms
step:178/5100 lr:0.001 train_loss:6.0495 train_time:38064ms step_avg:226.57ms
step:179/5100 lr:0.001 train_loss:5.9302 train_time:38267ms step_avg:226.43ms
step:180/5100 lr:0.001 train_loss:6.1643 train_time:38464ms step_avg:226.26ms
step:181/5100 lr:0.001 train_loss:5.9627 train_time:38660ms step_avg:226.08ms
step:182/5100 lr:0.001 train_loss:5.9610 train_time:38857ms step_avg:225.91ms
step:183/5100 lr:0.001 train_loss:5.9581 train_time:39053ms step_avg:225.74ms
step:184/5100 lr:0.001 train_loss:5.8710 train_time:39250ms step_avg:225.57ms
step:185/5100 lr:0.001 train_loss:6.1671 train_time:39449ms step_avg:225.42ms
step:186/5100 lr:0.001 train_loss:5.8516 train_time:39646ms step_avg:225.26ms
step:187/5100 lr:0.001 train_loss:6.5733 train_time:39843ms step_avg:225.10ms
step:188/5100 lr:0.001 train_loss:5.7291 train_time:40039ms step_avg:224.94ms
step:189/5100 lr:0.001 train_loss:5.7677 train_time:40236ms step_avg:224.78ms
step:190/5100 lr:0.001 train_loss:6.1377 train_time:40653ms step_avg:225.85ms
step:191/5100 lr:0.001 train_loss:6.0799 train_time:41059ms step_avg:226.85ms
step:192/5100 lr:0.001 train_loss:6.0319 train_time:41265ms step_avg:226.73ms
step:193/5100 lr:0.001 train_loss:5.8565 train_time:41462ms step_avg:226.57ms
step:194/5100 lr:0.001 train_loss:5.9698 train_time:41658ms step_avg:226.40ms
step:195/5100 lr:0.001 train_loss:5.7002 train_time:41854ms step_avg:226.24ms
step:196/5100 lr:0.001 train_loss:5.8772 train_time:42051ms step_avg:226.08ms
step:197/5100 lr:0.001 train_loss:5.9451 train_time:42247ms step_avg:225.92ms
step:198/5100 lr:0.001 train_loss:5.6912 train_time:42443ms step_avg:225.76ms
step:199/5100 lr:0.001 train_loss:5.6678 train_time:42640ms step_avg:225.61ms
step:200/5100 lr:0.001 train_loss:5.7701 train_time:42837ms step_avg:225.46ms
step:201/5100 lr:0.001 train_loss:7.0530 train_time:43034ms step_avg:225.31ms
step:202/5100 lr:0.001 train_loss:6.3360 train_time:43230ms step_avg:225.16ms
step:203/5100 lr:0.001 train_loss:5.6687 train_time:43426ms step_avg:225.01ms
step:204/5100 lr:0.001 train_loss:5.6670 train_time:43623ms step_avg:224.86ms
step:205/5100 lr:0.001 train_loss:5.4871 train_time:43819ms step_avg:224.71ms
step:206/5100 lr:0.001 train_loss:5.7084 train_time:44015ms step_avg:224.57ms
step:207/5100 lr:0.001 train_loss:5.6863 train_time:44212ms step_avg:224.43ms
step:208/5100 lr:0.001 train_loss:5.6377 train_time:44408ms step_avg:224.28ms
step:209/5100 lr:0.001 train_loss:5.9373 train_time:44604ms step_avg:224.14ms
step:210/5100 lr:0.001 train_loss:5.5989 train_time:44801ms step_avg:224.00ms
step:211/5100 lr:0.001 train_loss:5.6692 train_time:44998ms step_avg:223.87ms
step:212/5100 lr:0.001 train_loss:5.5905 train_time:45194ms step_avg:223.73ms
step:213/5100 lr:0.001 train_loss:5.6216 train_time:45390ms step_avg:223.60ms
step:214/5100 lr:0.001 train_loss:5.5915 train_time:45587ms step_avg:223.46ms
step:215/5100 lr:0.001 train_loss:5.6401 train_time:45784ms step_avg:223.33ms
step:216/5100 lr:0.001 train_loss:5.4371 train_time:45980ms step_avg:223.21ms
step:217/5100 lr:0.001 train_loss:5.6876 train_time:46177ms step_avg:223.08ms
step:218/5100 lr:0.001 train_loss:5.6797 train_time:46374ms step_avg:222.95ms
step:219/5100 lr:0.001 train_loss:5.2374 train_time:46570ms step_avg:222.82ms
step:220/5100 lr:0.001 train_loss:5.4633 train_time:46766ms step_avg:222.70ms
step:221/5100 lr:0.001 train_loss:5.7839 train_time:46963ms step_avg:222.57ms
step:222/5100 lr:0.001 train_loss:5.5448 train_time:47160ms step_avg:222.45ms
step:223/5100 lr:0.001 train_loss:5.7098 train_time:47358ms step_avg:222.34ms
step:224/5100 lr:0.001 train_loss:5.6204 train_time:47554ms step_avg:222.22ms
step:225/5100 lr:0.001 train_loss:5.5612 train_time:47751ms step_avg:222.10ms
step:226/5100 lr:0.001 train_loss:5.3073 train_time:47948ms step_avg:221.98ms
step:227/5100 lr:0.001 train_loss:5.4395 train_time:48145ms step_avg:221.87ms
step:228/5100 lr:0.001 train_loss:5.3626 train_time:48341ms step_avg:221.75ms
step:229/5100 lr:0.001 train_loss:5.3815 train_time:48538ms step_avg:221.63ms
step:230/5100 lr:0.001 train_loss:5.5803 train_time:48734ms step_avg:221.52ms
step:231/5100 lr:0.001 train_loss:5.4840 train_time:48931ms step_avg:221.41ms
step:232/5100 lr:0.001 train_loss:5.5737 train_time:49131ms step_avg:221.31ms
step:233/5100 lr:0.001 train_loss:5.4362 train_time:49328ms step_avg:221.20ms
step:234/5100 lr:0.001 train_loss:5.5652 train_time:49525ms step_avg:221.09ms
step:235/5100 lr:0.001 train_loss:5.7713 train_time:49721ms step_avg:220.98ms
step:236/5100 lr:0.001 train_loss:5.4226 train_time:49918ms step_avg:220.88ms
step:237/5100 lr:0.001 train_loss:5.6820 train_time:50115ms step_avg:220.77ms
step:238/5100 lr:0.001 train_loss:5.3580 train_time:50311ms step_avg:220.66ms
step:239/5100 lr:0.001 train_loss:5.3435 train_time:50507ms step_avg:220.56ms
step:240/5100 lr:0.001 train_loss:5.5564 train_time:50704ms step_avg:220.45ms
step:241/5100 lr:0.001 train_loss:5.7457 train_time:50900ms step_avg:220.35ms
step:242/5100 lr:0.001 train_loss:5.2650 train_time:51097ms step_avg:220.25ms
step:243/5100 lr:0.001 train_loss:5.8615 train_time:51293ms step_avg:220.14ms
step:244/5100 lr:0.001 train_loss:5.3697 train_time:51490ms step_avg:220.04ms
step:245/5100 lr:0.001 train_loss:5.3569 train_time:51687ms step_avg:219.94ms
step:246/5100 lr:0.001 train_loss:5.4629 train_time:51883ms step_avg:219.85ms
step:247/5100 lr:0.001 train_loss:5.3015 train_time:52970ms step_avg:223.50ms
step:248/5100 lr:0.001 train_loss:5.4011 train_time:53167ms step_avg:223.39ms
step:249/5100 lr:0.001 train_loss:5.2236 train_time:53363ms step_avg:223.28ms
step:250/5100 lr:0.001 train_loss:5.5610 train_time:53560ms step_avg:223.17ms
step:250/5100 val_loss:5.4047 train_time:53570ms step_avg:223.21ms
step:251/5100 lr:0.001 train_loss:5.2779 train_time:57585ms step_avg:238.94ms
step:252/5100 lr:0.001 train_loss:5.2051 train_time:57781ms step_avg:238.77ms
step:253/5100 lr:0.001 train_loss:5.1663 train_time:57984ms step_avg:238.62ms
step:254/5100 lr:0.001 train_loss:5.2053 train_time:58180ms step_avg:238.44ms
step:255/5100 lr:0.001 train_loss:5.3372 train_time:58377ms step_avg:238.27ms
step:256/5100 lr:0.001 train_loss:5.1797 train_time:58573ms step_avg:238.10ms
step:257/5100 lr:0.001 train_loss:5.3379 train_time:58771ms step_avg:237.94ms
step:258/5100 lr:0.001 train_loss:5.6572 train_time:58967ms step_avg:237.77ms
step:259/5100 lr:0.001 train_loss:5.0376 train_time:59163ms step_avg:237.60ms
step:260/5100 lr:0.001 train_loss:5.2002 train_time:59359ms step_avg:237.44ms
step:261/5100 lr:0.001 train_loss:5.1412 train_time:59556ms step_avg:237.27ms
step:262/5100 lr:0.001 train_loss:5.1993 train_time:59752ms step_avg:237.11ms
step:263/5100 lr:0.001 train_loss:5.4373 train_time:59949ms step_avg:236.95ms
step:264/5100 lr:0.001 train_loss:5.2935 train_time:61079ms step_avg:240.47ms
step:265/5100 lr:0.001 train_loss:5.9941 train_time:61276ms step_avg:240.30ms
step:266/5100 lr:0.001 train_loss:5.1986 train_time:61472ms step_avg:240.13ms
step:267/5100 lr:0.001 train_loss:5.5948 train_time:61668ms step_avg:239.96ms
step:268/5100 lr:0.001 train_loss:5.0060 train_time:61865ms step_avg:239.79ms
step:269/5100 lr:0.001 train_loss:4.9356 train_time:62062ms step_avg:239.62ms
step:270/5100 lr:0.001 train_loss:5.3771 train_time:62258ms step_avg:239.45ms
step:271/5100 lr:0.001 train_loss:5.2525 train_time:62455ms step_avg:239.29ms
step:272/5100 lr:0.001 train_loss:5.1288 train_time:62651ms step_avg:239.13ms
step:273/5100 lr:0.001 train_loss:5.0622 train_time:62848ms step_avg:238.96ms
step:274/5100 lr:0.001 train_loss:5.5917 train_time:63044ms step_avg:238.80ms
step:275/5100 lr:0.001 train_loss:4.9340 train_time:63240ms step_avg:238.64ms
step:276/5100 lr:0.001 train_loss:5.2966 train_time:64453ms step_avg:242.30ms
step:277/5100 lr:0.001 train_loss:5.3544 train_time:64652ms step_avg:242.14ms
step:278/5100 lr:0.001 train_loss:4.9562 train_time:64852ms step_avg:241.99ms
step:279/5100 lr:0.001 train_loss:5.3405 train_time:65049ms step_avg:241.82ms
step:280/5100 lr:0.001 train_loss:5.2591 train_time:65246ms step_avg:241.65ms
step:281/5100 lr:0.001 train_loss:5.0303 train_time:65444ms step_avg:241.49ms
step:282/5100 lr:0.001 train_loss:5.3136 train_time:65641ms step_avg:241.33ms
step:283/5100 lr:0.001 train_loss:5.3910 train_time:65837ms step_avg:241.16ms
step:284/5100 lr:0.001 train_loss:5.1640 train_time:66034ms step_avg:241.00ms
step:285/5100 lr:0.001 train_loss:5.0025 train_time:66230ms step_avg:240.84ms
step:286/5100 lr:0.001 train_loss:5.1735 train_time:66427ms step_avg:240.68ms
step:287/5100 lr:0.001 train_loss:5.0476 train_time:66623ms step_avg:240.52ms
step:288/5100 lr:0.001 train_loss:5.0152 train_time:67905ms step_avg:244.26ms
step:289/5100 lr:0.001 train_loss:5.1506 train_time:68102ms step_avg:244.09ms
step:290/5100 lr:0.001 train_loss:5.2628 train_time:68299ms step_avg:243.93ms
step:291/5100 lr:0.001 train_loss:5.0628 train_time:68499ms step_avg:243.77ms
step:292/5100 lr:0.001 train_loss:4.9557 train_time:68696ms step_avg:243.60ms
step:293/5100 lr:0.001 train_loss:5.1312 train_time:68892ms step_avg:243.44ms
step:294/5100 lr:0.001 train_loss:4.9545 train_time:69089ms step_avg:243.27ms
step:295/5100 lr:0.001 train_loss:4.9078 train_time:69286ms step_avg:243.11ms
step:296/5100 lr:0.001 train_loss:5.0390 train_time:69482ms step_avg:242.95ms
step:297/5100 lr:0.001 train_loss:4.9580 train_time:69679ms step_avg:242.78ms
step:298/5100 lr:0.001 train_loss:5.0709 train_time:69876ms step_avg:242.62ms
step:299/5100 lr:0.001 train_loss:4.7856 train_time:70072ms step_avg:242.46ms
step:300/5100 lr:0.001 train_loss:5.1947 train_time:70269ms step_avg:242.31ms
step:301/5100 lr:0.001 train_loss:4.9712 train_time:70467ms step_avg:242.16ms
step:302/5100 lr:0.001 train_loss:5.0914 train_time:70671ms step_avg:242.02ms
step:303/5100 lr:0.001 train_loss:4.9157 train_time:70874ms step_avg:241.89ms
step:304/5100 lr:0.001 train_loss:5.0371 train_time:71071ms step_avg:241.74ms
step:305/5100 lr:0.001 train_loss:5.0322 train_time:71268ms step_avg:241.59ms
step:306/5100 lr:0.001 train_loss:5.0079 train_time:71466ms step_avg:241.44ms
step:307/5100 lr:0.001 train_loss:5.0648 train_time:71664ms step_avg:241.29ms
step:308/5100 lr:0.001 train_loss:4.8987 train_time:71862ms step_avg:241.15ms
step:309/5100 lr:0.001 train_loss:5.2742 train_time:72059ms step_avg:241.00ms
step:310/5100 lr:0.001 train_loss:4.8782 train_time:72258ms step_avg:240.86ms
step:311/5100 lr:0.001 train_loss:5.0839 train_time:72455ms step_avg:240.71ms
step:312/5100 lr:0.001 train_loss:5.0308 train_time:72652ms step_avg:240.57ms
step:313/5100 lr:0.001 train_loss:4.8895 train_time:72849ms step_avg:240.43ms
step:314/5100 lr:0.001 train_loss:4.7516 train_time:73046ms step_avg:240.28ms
step:315/5100 lr:0.001 train_loss:4.9315 train_time:73243ms step_avg:240.14ms
step:316/5100 lr:0.001 train_loss:4.6702 train_time:73440ms step_avg:240.00ms
step:317/5100 lr:0.001 train_loss:4.9633 train_time:73637ms step_avg:239.86ms
step:318/5100 lr:0.001 train_loss:5.0079 train_time:73834ms step_avg:239.72ms
step:319/5100 lr:0.001 train_loss:4.8418 train_time:74031ms step_avg:239.58ms
step:320/5100 lr:0.001 train_loss:4.8543 train_time:74232ms step_avg:239.46ms
step:321/5100 lr:0.001 train_loss:4.7659 train_time:74432ms step_avg:239.33ms
step:322/5100 lr:0.001 train_loss:5.0365 train_time:74629ms step_avg:239.19ms
step:323/5100 lr:0.001 train_loss:4.9347 train_time:74826ms step_avg:239.06ms
step:324/5100 lr:0.001 train_loss:4.8491 train_time:75023ms step_avg:238.93ms
step:325/5100 lr:0.001 train_loss:4.8483 train_time:75221ms step_avg:238.80ms
step:326/5100 lr:0.001 train_loss:4.8193 train_time:75420ms step_avg:238.67ms
step:327/5100 lr:0.001 train_loss:4.8548 train_time:75618ms step_avg:238.54ms
step:328/5100 lr:0.001 train_loss:4.9489 train_time:75816ms step_avg:238.41ms
step:329/5100 lr:0.001 train_loss:4.8909 train_time:76012ms step_avg:238.28ms
step:330/5100 lr:0.001 train_loss:4.8861 train_time:76210ms step_avg:238.16ms
step:331/5100 lr:0.001 train_loss:4.8069 train_time:76407ms step_avg:238.03ms
step:332/5100 lr:0.001 train_loss:5.3464 train_time:76604ms step_avg:237.90ms
step:333/5100 lr:0.001 train_loss:4.7293 train_time:76801ms step_avg:237.78ms
step:334/5100 lr:0.001 train_loss:4.7675 train_time:76999ms step_avg:237.65ms
step:335/5100 lr:0.001 train_loss:4.7841 train_time:77197ms step_avg:237.53ms
step:336/5100 lr:0.001 train_loss:5.0600 train_time:77394ms step_avg:237.41ms
step:337/5100 lr:0.001 train_loss:4.7936 train_time:77592ms step_avg:237.28ms
step:338/5100 lr:0.001 train_loss:4.8962 train_time:77788ms step_avg:237.16ms
step:339/5100 lr:0.001 train_loss:4.7989 train_time:77984ms step_avg:237.03ms
step:340/5100 lr:0.001 train_loss:4.6353 train_time:78181ms step_avg:236.91ms
step:341/5100 lr:0.001 train_loss:4.4435 train_time:78377ms step_avg:236.79ms
step:342/5100 lr:0.001 train_loss:4.7593 train_time:78574ms step_avg:236.67ms
step:343/5100 lr:0.001 train_loss:4.9182 train_time:78770ms step_avg:236.55ms
step:344/5100 lr:0.001 train_loss:4.8676 train_time:78967ms step_avg:236.43ms
step:345/5100 lr:0.001 train_loss:4.8173 train_time:79164ms step_avg:236.31ms
step:346/5100 lr:0.001 train_loss:4.8105 train_time:79360ms step_avg:236.19ms
step:347/5100 lr:0.001 train_loss:4.8214 train_time:79557ms step_avg:236.07ms
step:348/5100 lr:0.001 train_loss:4.6351 train_time:79753ms step_avg:235.96ms
step:349/5100 lr:0.001 train_loss:4.7812 train_time:79950ms step_avg:235.84ms
step:350/5100 lr:0.001 train_loss:4.8001 train_time:80156ms step_avg:235.75ms
step:351/5100 lr:0.001 train_loss:4.7542 train_time:80353ms step_avg:235.64ms
step:352/5100 lr:0.001 train_loss:4.6709 train_time:80550ms step_avg:235.53ms
step:353/5100 lr:0.001 train_loss:4.8139 train_time:80746ms step_avg:235.41ms
step:354/5100 lr:0.001 train_loss:4.7061 train_time:80943ms step_avg:235.30ms
step:355/5100 lr:0.001 train_loss:4.5977 train_time:81139ms step_avg:235.19ms
step:356/5100 lr:0.001 train_loss:4.8951 train_time:81336ms step_avg:235.07ms
step:357/5100 lr:0.001 train_loss:4.6383 train_time:81532ms step_avg:234.96ms
step:358/5100 lr:0.001 train_loss:4.6699 train_time:81729ms step_avg:234.85ms
step:359/5100 lr:0.001 train_loss:4.5971 train_time:81925ms step_avg:234.74ms
step:360/5100 lr:0.001 train_loss:4.4320 train_time:82122ms step_avg:234.63ms
step:361/5100 lr:0.001 train_loss:5.2251 train_time:82319ms step_avg:234.53ms
step:362/5100 lr:0.001 train_loss:5.1040 train_time:82515ms step_avg:234.42ms
step:363/5100 lr:0.001 train_loss:4.7575 train_time:82712ms step_avg:234.31ms
step:364/5100 lr:0.001 train_loss:4.5362 train_time:82910ms step_avg:234.21ms
step:365/5100 lr:0.001 train_loss:4.6593 train_time:83107ms step_avg:234.10ms
step:366/5100 lr:0.001 train_loss:4.5681 train_time:84128ms step_avg:236.32ms
step:367/5100 lr:0.001 train_loss:4.8130 train_time:84328ms step_avg:236.21ms
step:368/5100 lr:0.001 train_loss:4.7447 train_time:84524ms step_avg:236.10ms
step:369/5100 lr:0.001 train_loss:4.7962 train_time:84721ms step_avg:235.99ms
step:370/5100 lr:0.001 train_loss:4.7268 train_time:84918ms step_avg:235.88ms
step:371/5100 lr:0.001 train_loss:4.3340 train_time:85114ms step_avg:235.77ms
step:372/5100 lr:0.001 train_loss:4.6804 train_time:85311ms step_avg:235.66ms
step:373/5100 lr:0.001 train_loss:4.7314 train_time:85507ms step_avg:235.56ms
step:374/5100 lr:0.001 train_loss:4.6093 train_time:85703ms step_avg:235.45ms
step:375/5100 lr:0.001 train_loss:4.6502 train_time:85900ms step_avg:235.34ms
step:375/5100 val_loss:4.7234 train_time:85910ms step_avg:235.37ms
step:376/5100 lr:0.001 train_loss:4.5840 train_time:89899ms step_avg:245.63ms
step:377/5100 lr:0.001 train_loss:4.5732 train_time:90096ms step_avg:245.49ms
step:378/5100 lr:0.001 train_loss:4.0120 train_time:90294ms step_avg:245.36ms
step:379/5100 lr:0.001 train_loss:4.3641 train_time:90491ms step_avg:245.23ms
step:380/5100 lr:0.001 train_loss:4.6080 train_time:90893ms step_avg:245.66ms
step:381/5100 lr:0.001 train_loss:4.7014 train_time:91292ms step_avg:246.07ms
step:382/5100 lr:0.001 train_loss:4.7746 train_time:91489ms step_avg:245.94ms
step:383/5100 lr:0.001 train_loss:4.5954 train_time:91689ms step_avg:245.82ms
step:384/5100 lr:0.001 train_loss:4.5760 train_time:91886ms step_avg:245.68ms
step:385/5100 lr:0.001 train_loss:4.5601 train_time:92083ms step_avg:245.55ms
step:386/5100 lr:0.001 train_loss:4.5253 train_time:92281ms step_avg:245.43ms
step:387/5100 lr:0.001 train_loss:4.7399 train_time:92478ms step_avg:245.30ms
step:388/5100 lr:0.001 train_loss:5.0531 train_time:92674ms step_avg:245.17ms
step:389/5100 lr:0.001 train_loss:4.6744 train_time:92871ms step_avg:245.04ms
step:390/5100 lr:0.001 train_loss:4.5825 train_time:93068ms step_avg:244.92ms
step:391/5100 lr:0.001 train_loss:4.5871 train_time:93265ms step_avg:244.79ms
step:392/5100 lr:0.001 train_loss:4.6162 train_time:93463ms step_avg:244.67ms
step:393/5100 lr:0.001 train_loss:4.7687 train_time:93659ms step_avg:244.54ms
step:394/5100 lr:0.001 train_loss:4.4493 train_time:93856ms step_avg:244.42ms
step:395/5100 lr:0.001 train_loss:4.5075 train_time:94053ms step_avg:244.29ms
step:396/5100 lr:0.001 train_loss:4.3525 train_time:94250ms step_avg:244.17ms
step:397/5100 lr:0.001 train_loss:4.6598 train_time:94447ms step_avg:244.05ms
step:398/5100 lr:0.001 train_loss:4.7091 train_time:94644ms step_avg:243.93ms
step:399/5100 lr:0.001 train_loss:4.7238 train_time:94841ms step_avg:243.81ms
step:400/5100 lr:0.001 train_loss:4.5529 train_time:95038ms step_avg:243.69ms
step:401/5100 lr:0.001 train_loss:4.8670 train_time:95235ms step_avg:243.57ms
step:402/5100 lr:0.001 train_loss:4.6271 train_time:95433ms step_avg:243.45ms
step:403/5100 lr:0.001 train_loss:4.8135 train_time:95630ms step_avg:243.33ms
step:404/5100 lr:0.001 train_loss:4.9361 train_time:95826ms step_avg:243.21ms
step:405/5100 lr:0.001 train_loss:4.5711 train_time:96023ms step_avg:243.10ms
step:406/5100 lr:0.001 train_loss:4.5910 train_time:96220ms step_avg:242.98ms
step:407/5100 lr:0.001 train_loss:4.7091 train_time:96416ms step_avg:242.86ms
step:408/5100 lr:0.001 train_loss:4.6134 train_time:96613ms step_avg:242.75ms
step:409/5100 lr:0.001 train_loss:4.4643 train_time:96810ms step_avg:242.63ms
step:410/5100 lr:0.001 train_loss:4.7101 train_time:97007ms step_avg:242.52ms
step:411/5100 lr:0.001 train_loss:4.4617 train_time:97204ms step_avg:242.40ms
step:412/5100 lr:0.001 train_loss:4.5197 train_time:97401ms step_avg:242.29ms
step:413/5100 lr:0.001 train_loss:5.0340 train_time:97598ms step_avg:242.18ms
step:414/5100 lr:0.001 train_loss:4.5030 train_time:97794ms step_avg:242.07ms
step:415/5100 lr:0.001 train_loss:4.6096 train_time:97991ms step_avg:241.95ms
step:416/5100 lr:0.001 train_loss:4.4288 train_time:98188ms step_avg:241.84ms
step:417/5100 lr:0.001 train_loss:4.5527 train_time:98384ms step_avg:241.73ms
step:418/5100 lr:0.001 train_loss:4.7207 train_time:98581ms step_avg:241.62ms
step:419/5100 lr:0.001 train_loss:4.4312 train_time:98778ms step_avg:241.51ms
step:420/5100 lr:0.001 train_loss:4.5282 train_time:98974ms step_avg:241.40ms
step:421/5100 lr:0.001 train_loss:4.3874 train_time:99171ms step_avg:241.29ms
step:422/5100 lr:0.001 train_loss:4.2695 train_time:99368ms step_avg:241.18ms
step:423/5100 lr:0.001 train_loss:4.5132 train_time:99565ms step_avg:241.08ms
step:424/5100 lr:0.001 train_loss:4.4113 train_time:99762ms step_avg:240.97ms
step:425/5100 lr:0.001 train_loss:4.4821 train_time:99959ms step_avg:240.86ms
step:426/5100 lr:0.001 train_loss:4.4463 train_time:100155ms step_avg:240.76ms
step:427/5100 lr:0.001 train_loss:4.4333 train_time:100354ms step_avg:240.66ms
step:428/5100 lr:0.001 train_loss:4.5228 train_time:100550ms step_avg:240.55ms
step:429/5100 lr:0.001 train_loss:4.5169 train_time:100747ms step_avg:240.45ms
step:430/5100 lr:0.001 train_loss:4.5146 train_time:100943ms step_avg:240.34ms
step:431/5100 lr:0.001 train_loss:4.5237 train_time:101140ms step_avg:240.24ms
step:432/5100 lr:0.001 train_loss:4.5408 train_time:101337ms step_avg:240.13ms
step:433/5100 lr:0.001 train_loss:4.4295 train_time:101536ms step_avg:240.04ms
step:434/5100 lr:0.001 train_loss:4.5804 train_time:101733ms step_avg:239.94ms
step:435/5100 lr:0.001 train_loss:4.5166 train_time:101931ms step_avg:239.84ms
step:436/5100 lr:0.001 train_loss:4.6172 train_time:102128ms step_avg:239.74ms
step:437/5100 lr:0.001 train_loss:4.3465 train_time:102325ms step_avg:239.64ms
step:438/5100 lr:0.001 train_loss:4.3380 train_time:102522ms step_avg:239.54ms
step:439/5100 lr:0.001 train_loss:4.4800 train_time:102719ms step_avg:239.44ms
step:440/5100 lr:0.001 train_loss:4.3487 train_time:102916ms step_avg:239.34ms
step:441/5100 lr:0.001 train_loss:4.7386 train_time:103113ms step_avg:239.24ms
step:442/5100 lr:0.001 train_loss:4.4379 train_time:103310ms step_avg:239.14ms
step:443/5100 lr:0.001 train_loss:4.4849 train_time:103509ms step_avg:239.05ms
step:444/5100 lr:0.001 train_loss:4.3172 train_time:103706ms step_avg:238.95ms
step:445/5100 lr:0.001 train_loss:4.4038 train_time:103903ms step_avg:238.86ms
step:446/5100 lr:0.001 train_loss:4.4110 train_time:104099ms step_avg:238.76ms
step:447/5100 lr:0.001 train_loss:4.4103 train_time:104296ms step_avg:238.66ms
step:448/5100 lr:0.001 train_loss:4.5599 train_time:104506ms step_avg:238.60ms
step:449/5100 lr:0.001 train_loss:4.4990 train_time:104705ms step_avg:238.51ms
step:450/5100 lr:0.001 train_loss:4.5044 train_time:104902ms step_avg:238.41ms
step:451/5100 lr:0.001 train_loss:4.5450 train_time:105098ms step_avg:238.32ms
step:452/5100 lr:0.001 train_loss:4.3797 train_time:105295ms step_avg:238.22ms
step:453/5100 lr:0.001 train_loss:4.2788 train_time:105492ms step_avg:238.13ms
step:454/5100 lr:0.001 train_loss:4.2187 train_time:105688ms step_avg:238.04ms
step:455/5100 lr:0.001 train_loss:4.2813 train_time:105885ms step_avg:237.94ms
step:456/5100 lr:0.001 train_loss:4.5598 train_time:106082ms step_avg:237.85ms
step:457/5100 lr:0.001 train_loss:4.5050 train_time:106282ms step_avg:237.77ms
step:458/5100 lr:0.001 train_loss:4.4401 train_time:106479ms step_avg:237.68ms
step:459/5100 lr:0.001 train_loss:4.5815 train_time:106676ms step_avg:237.58ms
step:460/5100 lr:0.001 train_loss:4.3093 train_time:106872ms step_avg:237.49ms
step:461/5100 lr:0.001 train_loss:4.4905 train_time:107156ms step_avg:237.60ms
step:462/5100 lr:0.001 train_loss:4.4693 train_time:107362ms step_avg:237.53ms
step:463/5100 lr:0.001 train_loss:4.4313 train_time:107559ms step_avg:237.44ms
step:464/5100 lr:0.001 train_loss:4.4957 train_time:107757ms step_avg:237.35ms
step:465/5100 lr:0.001 train_loss:4.3829 train_time:107953ms step_avg:237.26ms
step:466/5100 lr:0.001 train_loss:4.3763 train_time:108150ms step_avg:237.17ms
step:467/5100 lr:0.001 train_loss:4.5918 train_time:108346ms step_avg:237.08ms
step:468/5100 lr:0.001 train_loss:4.8793 train_time:108543ms step_avg:236.99ms
step:469/5100 lr:0.001 train_loss:4.3492 train_time:108740ms step_avg:236.91ms
step:470/5100 lr:0.001 train_loss:4.3766 train_time:108937ms step_avg:236.82ms
step:471/5100 lr:0.001 train_loss:4.5112 train_time:109133ms step_avg:236.73ms
step:472/5100 lr:0.001 train_loss:4.3836 train_time:109330ms step_avg:236.64ms
step:473/5100 lr:0.001 train_loss:4.4596 train_time:109527ms step_avg:236.56ms
step:474/5100 lr:0.001 train_loss:4.3820 train_time:109723ms step_avg:236.47ms
step:475/5100 lr:0.001 train_loss:4.2244 train_time:109920ms step_avg:236.39ms
step:476/5100 lr:0.001 train_loss:4.6361 train_time:110117ms step_avg:236.30ms
step:477/5100 lr:0.001 train_loss:4.3977 train_time:110313ms step_avg:236.22ms
step:478/5100 lr:0.001 train_loss:4.4462 train_time:110510ms step_avg:236.13ms
step:479/5100 lr:0.001 train_loss:4.5072 train_time:110707ms step_avg:236.05ms
step:480/5100 lr:0.001 train_loss:4.4090 train_time:110903ms step_avg:235.96ms
step:481/5100 lr:0.001 train_loss:4.4384 train_time:111100ms step_avg:235.88ms
step:482/5100 lr:0.001 train_loss:4.4196 train_time:111297ms step_avg:235.80ms
step:483/5100 lr:0.001 train_loss:4.1535 train_time:111507ms step_avg:235.74ms
step:484/5100 lr:0.001 train_loss:4.3569 train_time:111706ms step_avg:235.67ms
step:485/5100 lr:0.001 train_loss:4.3992 train_time:111903ms step_avg:235.59ms
step:486/5100 lr:0.001 train_loss:4.4503 train_time:112142ms step_avg:235.59ms
step:487/5100 lr:0.001 train_loss:4.1794 train_time:112339ms step_avg:235.51ms
step:488/5100 lr:0.001 train_loss:4.3107 train_time:112536ms step_avg:235.43ms
step:489/5100 lr:0.001 train_loss:4.4064 train_time:112734ms step_avg:235.35ms
step:490/5100 lr:0.001 train_loss:4.4897 train_time:112931ms step_avg:235.27ms
step:491/5100 lr:0.001 train_loss:4.4485 train_time:113127ms step_avg:235.19ms
step:492/5100 lr:0.001 train_loss:4.2216 train_time:113324ms step_avg:235.11ms
step:493/5100 lr:0.001 train_loss:4.7289 train_time:113521ms step_avg:235.03ms
step:494/5100 lr:0.001 train_loss:4.1882 train_time:113717ms step_avg:234.95ms
step:495/5100 lr:0.001 train_loss:4.4184 train_time:113914ms step_avg:234.87ms
step:496/5100 lr:0.001 train_loss:4.4597 train_time:114110ms step_avg:234.79ms
step:497/5100 lr:0.001 train_loss:4.2688 train_time:114307ms step_avg:234.72ms
step:498/5100 lr:0.001 train_loss:4.3049 train_time:114507ms step_avg:234.65ms
step:499/5100 lr:0.001 train_loss:4.4183 train_time:114704ms step_avg:234.57ms
step:500/5100 lr:0.001 train_loss:4.5440 train_time:114909ms step_avg:234.51ms
step:500/5100 val_loss:4.4165 train_time:114920ms step_avg:234.53ms
step:501/5100 lr:0.001 train_loss:4.4703 train_time:118940ms step_avg:242.24ms
step:502/5100 lr:0.001 train_loss:4.2728 train_time:119137ms step_avg:242.15ms
step:503/5100 lr:0.001 train_loss:4.4259 train_time:119335ms step_avg:242.06ms
step:504/5100 lr:0.001 train_loss:4.3455 train_time:119531ms step_avg:241.97ms
step:505/5100 lr:0.001 train_loss:4.4291 train_time:119728ms step_avg:241.87ms
step:506/5100 lr:0.001 train_loss:4.4004 train_time:119924ms step_avg:241.78ms
step:507/5100 lr:0.001 train_loss:4.2974 train_time:120121ms step_avg:241.69ms
step:508/5100 lr:0.001 train_loss:4.4705 train_time:120317ms step_avg:241.60ms
step:509/5100 lr:0.001 train_loss:4.7236 train_time:120514ms step_avg:241.51ms
step:510/5100 lr:0.001 train_loss:4.3423 train_time:120716ms step_avg:241.43ms
step:511/5100 lr:0.001 train_loss:4.3569 train_time:120907ms step_avg:241.33ms
step:512/5100 lr:0.001 train_loss:4.2949 train_time:121104ms step_avg:241.24ms
step:513/5100 lr:0.001 train_loss:4.3929 train_time:121308ms step_avg:241.17ms
step:514/5100 lr:0.001 train_loss:4.4750 train_time:121504ms step_avg:241.08ms
step:515/5100 lr:0.001 train_loss:4.3729 train_time:121700ms step_avg:240.99ms
step:516/5100 lr:0.001 train_loss:4.4044 train_time:121898ms step_avg:240.90ms
step:517/5100 lr:0.001 train_loss:4.5397 train_time:122094ms step_avg:240.82ms
step:518/5100 lr:0.001 train_loss:4.2071 train_time:122291ms step_avg:240.73ms
step:519/5100 lr:0.001 train_loss:4.5073 train_time:122488ms step_avg:240.64ms
step:520/5100 lr:0.001 train_loss:4.5127 train_time:122684ms step_avg:240.56ms
step:521/5100 lr:0.001 train_loss:4.4209 train_time:122889ms step_avg:240.49ms
step:522/5100 lr:0.001 train_loss:4.1909 train_time:123086ms step_avg:240.40ms
step:523/5100 lr:0.001 train_loss:4.3170 train_time:123282ms step_avg:240.32ms
step:524/5100 lr:0.001 train_loss:5.6836 train_time:123478ms step_avg:240.23ms
step:525/5100 lr:0.001 train_loss:4.2252 train_time:123674ms step_avg:240.14ms
step:526/5100 lr:0.001 train_loss:4.5194 train_time:123870ms step_avg:240.06ms
step:527/5100 lr:0.001 train_loss:4.2472 train_time:124067ms step_avg:239.97ms
step:528/5100 lr:0.001 train_loss:4.0946 train_time:124263ms step_avg:239.89ms
step:529/5100 lr:0.001 train_loss:4.3476 train_time:124503ms step_avg:239.89ms
step:530/5100 lr:0.001 train_loss:4.5237 train_time:124700ms step_avg:239.81ms
step:531/5100 lr:0.001 train_loss:4.2908 train_time:124896ms step_avg:239.72ms
step:532/5100 lr:0.001 train_loss:4.4374 train_time:125093ms step_avg:239.64ms
step:533/5100 lr:0.001 train_loss:4.4634 train_time:125289ms step_avg:239.56ms
step:534/5100 lr:0.001 train_loss:4.2533 train_time:125485ms step_avg:239.47ms
step:535/5100 lr:0.001 train_loss:4.2662 train_time:125681ms step_avg:239.39ms
step:536/5100 lr:0.001 train_loss:4.1723 train_time:125878ms step_avg:239.31ms
step:537/5100 lr:0.001 train_loss:4.2503 train_time:126074ms step_avg:239.23ms
step:538/5100 lr:0.001 train_loss:4.2980 train_time:126270ms step_avg:239.15ms
step:539/5100 lr:0.001 train_loss:4.2338 train_time:126467ms step_avg:239.07ms
step:540/5100 lr:0.001 train_loss:4.9735 train_time:126663ms step_avg:238.99ms
step:541/5100 lr:0.001 train_loss:4.2943 train_time:126859ms step_avg:238.91ms
step:542/5100 lr:0.001 train_loss:4.5272 train_time:127055ms step_avg:238.83ms
step:543/5100 lr:0.001 train_loss:4.1636 train_time:127254ms step_avg:238.75ms
step:544/5100 lr:0.001 train_loss:4.3677 train_time:127450ms step_avg:238.67ms
step:545/5100 lr:0.001 train_loss:4.4139 train_time:127647ms step_avg:238.59ms
step:546/5100 lr:0.001 train_loss:4.1678 train_time:127843ms step_avg:238.51ms
step:547/5100 lr:0.001 train_loss:4.4321 train_time:128039ms step_avg:238.43ms
step:548/5100 lr:0.001 train_loss:4.3301 train_time:128236ms step_avg:238.36ms
step:549/5100 lr:0.001 train_loss:4.3675 train_time:128432ms step_avg:238.28ms
step:550/5100 lr:0.001 train_loss:4.2856 train_time:128628ms step_avg:238.20ms
step:551/5100 lr:0.001 train_loss:4.2364 train_time:128825ms step_avg:238.12ms
step:552/5100 lr:0.001 train_loss:4.2566 train_time:129022ms step_avg:238.05ms
step:553/5100 lr:0.001 train_loss:4.2278 train_time:129218ms step_avg:237.97ms
step:554/5100 lr:0.001 train_loss:4.5176 train_time:129415ms step_avg:237.90ms
step:555/5100 lr:0.001 train_loss:4.2802 train_time:129612ms step_avg:237.82ms
step:556/5100 lr:0.001 train_loss:4.3646 train_time:129809ms step_avg:237.75ms
step:557/5100 lr:0.001 train_loss:4.2980 train_time:130006ms step_avg:237.67ms
step:558/5100 lr:0.001 train_loss:3.8835 train_time:130203ms step_avg:237.60ms
step:559/5100 lr:0.001 train_loss:4.2550 train_time:130400ms step_avg:237.52ms
step:560/5100 lr:0.001 train_loss:4.3201 train_time:130596ms step_avg:237.45ms
step:561/5100 lr:0.001 train_loss:4.3974 train_time:130794ms step_avg:237.38ms
step:562/5100 lr:0.001 train_loss:4.2084 train_time:130991ms step_avg:237.30ms
step:563/5100 lr:0.001 train_loss:4.1602 train_time:131188ms step_avg:237.23ms
step:564/5100 lr:0.001 train_loss:4.4299 train_time:131395ms step_avg:237.17ms
step:565/5100 lr:0.001 train_loss:4.1023 train_time:131599ms step_avg:237.12ms
step:566/5100 lr:0.001 train_loss:4.3191 train_time:131796ms step_avg:237.04ms
step:567/5100 lr:0.001 train_loss:4.2093 train_time:131993ms step_avg:236.97ms
step:568/5100 lr:0.001 train_loss:4.1993 train_time:132189ms step_avg:236.90ms
step:569/5100 lr:0.001 train_loss:4.1131 train_time:132386ms step_avg:236.83ms
step:570/5100 lr:0.001 train_loss:4.1904 train_time:132792ms step_avg:237.13ms
step:571/5100 lr:0.001 train_loss:4.2417 train_time:132989ms step_avg:237.06ms
step:572/5100 lr:0.001 train_loss:4.0929 train_time:133399ms step_avg:237.36ms
step:573/5100 lr:0.001 train_loss:4.1024 train_time:133595ms step_avg:237.29ms
step:574/5100 lr:0.001 train_loss:4.1667 train_time:133792ms step_avg:237.22ms
step:575/5100 lr:0.001 train_loss:4.6514 train_time:133989ms step_avg:237.15ms
step:576/5100 lr:0.001 train_loss:4.1392 train_time:134185ms step_avg:237.08ms
step:577/5100 lr:0.001 train_loss:4.1730 train_time:134381ms step_avg:237.00ms
step:578/5100 lr:0.001 train_loss:4.5310 train_time:134578ms step_avg:236.93ms
step:579/5100 lr:0.001 train_loss:4.1589 train_time:134775ms step_avg:236.86ms
step:580/5100 lr:0.001 train_loss:4.1847 train_time:134972ms step_avg:236.79ms
step:581/5100 lr:0.001 train_loss:4.4929 train_time:135168ms step_avg:236.72ms
step:582/5100 lr:0.001 train_loss:4.4874 train_time:135365ms step_avg:236.65ms
step:583/5100 lr:0.001 train_loss:4.4993 train_time:135561ms step_avg:236.58ms
step:584/5100 lr:0.001 train_loss:4.3951 train_time:135757ms step_avg:236.51ms
step:585/5100 lr:0.001 train_loss:4.2604 train_time:135954ms step_avg:236.44ms
step:586/5100 lr:0.001 train_loss:4.2312 train_time:136151ms step_avg:236.37ms
step:587/5100 lr:0.001 train_loss:4.2805 train_time:136347ms step_avg:236.30ms
step:588/5100 lr:0.001 train_loss:4.8986 train_time:136544ms step_avg:236.23ms
step:589/5100 lr:0.001 train_loss:4.0471 train_time:136741ms step_avg:236.17ms
step:590/5100 lr:0.001 train_loss:4.4313 train_time:136937ms step_avg:236.10ms
step:591/5100 lr:0.001 train_loss:4.4336 train_time:137134ms step_avg:236.03ms
step:592/5100 lr:0.001 train_loss:4.0355 train_time:137331ms step_avg:235.96ms
step:593/5100 lr:0.001 train_loss:4.1605 train_time:137528ms step_avg:235.90ms
step:594/5100 lr:0.001 train_loss:4.4425 train_time:137725ms step_avg:235.83ms
step:595/5100 lr:0.001 train_loss:4.1397 train_time:137921ms step_avg:235.76ms
step:596/5100 lr:0.001 train_loss:4.2977 train_time:138118ms step_avg:235.70ms
step:597/5100 lr:0.001 train_loss:4.2734 train_time:138315ms step_avg:235.63ms
step:598/5100 lr:0.001 train_loss:4.2474 train_time:138512ms step_avg:235.56ms
step:599/5100 lr:0.001 train_loss:4.2180 train_time:138711ms step_avg:235.50ms
step:600/5100 lr:0.001 train_loss:4.3196 train_time:138908ms step_avg:235.44ms
step:601/5100 lr:0.001 train_loss:4.1668 train_time:139105ms step_avg:235.37ms
step:602/5100 lr:0.001 train_loss:4.0701 train_time:139302ms step_avg:235.31ms
step:603/5100 lr:0.001 train_loss:4.2400 train_time:139498ms step_avg:235.24ms
step:604/5100 lr:0.001 train_loss:4.2176 train_time:139695ms step_avg:235.18ms
step:605/5100 lr:0.001 train_loss:4.2969 train_time:139892ms step_avg:235.11ms
step:606/5100 lr:0.001 train_loss:4.7441 train_time:140089ms step_avg:235.05ms
step:607/5100 lr:0.001 train_loss:4.5583 train_time:140285ms step_avg:234.98ms
step:608/5100 lr:0.001 train_loss:4.3836 train_time:140493ms step_avg:234.94ms
step:609/5100 lr:0.001 train_loss:4.2890 train_time:140693ms step_avg:234.88ms
step:610/5100 lr:0.001 train_loss:4.2529 train_time:140890ms step_avg:234.82ms
step:611/5100 lr:0.001 train_loss:4.1719 train_time:141087ms step_avg:234.75ms
step:612/5100 lr:0.001 train_loss:4.0819 train_time:141284ms step_avg:234.69ms
step:613/5100 lr:0.001 train_loss:4.3354 train_time:141482ms step_avg:234.63ms
step:614/5100 lr:0.001 train_loss:4.0698 train_time:141681ms step_avg:234.57ms
step:615/5100 lr:0.001 train_loss:4.1746 train_time:141879ms step_avg:234.51ms
step:616/5100 lr:0.001 train_loss:4.1585 train_time:142076ms step_avg:234.45ms
step:617/5100 lr:0.001 train_loss:4.3976 train_time:142275ms step_avg:234.39ms
step:618/5100 lr:0.001 train_loss:4.1263 train_time:142484ms step_avg:234.35ms
step:619/5100 lr:0.001 train_loss:4.1655 train_time:142681ms step_avg:234.29ms
step:620/5100 lr:0.001 train_loss:4.4367 train_time:142877ms step_avg:234.23ms
step:621/5100 lr:0.001 train_loss:4.2459 train_time:143074ms step_avg:234.16ms
step:622/5100 lr:0.001 train_loss:4.1476 train_time:143271ms step_avg:234.10ms
step:623/5100 lr:0.001 train_loss:4.1938 train_time:143467ms step_avg:234.04ms
step:624/5100 lr:0.001 train_loss:4.3193 train_time:143663ms step_avg:233.98ms
step:625/5100 lr:0.001 train_loss:4.3045 train_time:143860ms step_avg:233.92ms
step:625/5100 val_loss:4.2499 train_time:143870ms step_avg:233.94ms
step:626/5100 lr:0.001 train_loss:4.2677 train_time:147902ms step_avg:240.10ms
step:627/5100 lr:0.001 train_loss:4.2284 train_time:148101ms step_avg:240.03ms
step:628/5100 lr:0.001 train_loss:4.0927 train_time:148304ms step_avg:239.97ms
step:629/5100 lr:0.001 train_loss:4.2554 train_time:148500ms step_avg:239.90ms
step:630/5100 lr:0.001 train_loss:4.0602 train_time:148698ms step_avg:239.84ms
step:631/5100 lr:0.001 train_loss:4.1793 train_time:148895ms step_avg:239.77ms
step:632/5100 lr:0.001 train_loss:4.0283 train_time:149099ms step_avg:239.71ms
step:633/5100 lr:0.001 train_loss:4.2240 train_time:149295ms step_avg:239.64ms
step:634/5100 lr:0.001 train_loss:4.2579 train_time:149491ms step_avg:239.57ms
step:635/5100 lr:0.001 train_loss:4.1462 train_time:149688ms step_avg:239.50ms
step:636/5100 lr:0.001 train_loss:4.0198 train_time:149885ms step_avg:239.43ms
step:637/5100 lr:0.001 train_loss:4.2365 train_time:150082ms step_avg:239.36ms
step:638/5100 lr:0.001 train_loss:3.9853 train_time:150278ms step_avg:239.30ms
step:639/5100 lr:0.001 train_loss:4.0585 train_time:150475ms step_avg:239.23ms
step:640/5100 lr:0.001 train_loss:4.1627 train_time:150671ms step_avg:239.16ms
step:641/5100 lr:0.001 train_loss:4.1619 train_time:150869ms step_avg:239.10ms
step:642/5100 lr:0.001 train_loss:4.0221 train_time:151065ms step_avg:239.03ms
step:643/5100 lr:0.001 train_loss:4.5818 train_time:151262ms step_avg:238.96ms
step:644/5100 lr:0.001 train_loss:4.1059 train_time:151458ms step_avg:238.89ms
step:645/5100 lr:0.001 train_loss:4.1453 train_time:151654ms step_avg:238.83ms
step:646/5100 lr:0.001 train_loss:4.0990 train_time:151850ms step_avg:238.76ms
step:647/5100 lr:0.001 train_loss:4.0580 train_time:152047ms step_avg:238.69ms
step:648/5100 lr:0.001 train_loss:4.2019 train_time:152243ms step_avg:238.63ms
step:649/5100 lr:0.001 train_loss:4.5328 train_time:152439ms step_avg:238.56ms
step:650/5100 lr:0.001 train_loss:4.3031 train_time:152635ms step_avg:238.49ms
step:651/5100 lr:0.001 train_loss:4.0121 train_time:152832ms step_avg:238.43ms
step:652/5100 lr:0.001 train_loss:3.8692 train_time:153028ms step_avg:238.36ms
step:653/5100 lr:0.001 train_loss:4.2538 train_time:153224ms step_avg:238.30ms
step:654/5100 lr:0.001 train_loss:4.1146 train_time:153420ms step_avg:238.23ms
step:655/5100 lr:0.001 train_loss:4.2928 train_time:153617ms step_avg:238.17ms
step:656/5100 lr:0.001 train_loss:4.3643 train_time:153813ms step_avg:238.10ms
step:657/5100 lr:0.001 train_loss:4.4717 train_time:154009ms step_avg:238.04ms
step:658/5100 lr:0.001 train_loss:4.1733 train_time:154205ms step_avg:237.97ms
step:659/5100 lr:0.001 train_loss:4.0891 train_time:154401ms step_avg:237.91ms
step:660/5100 lr:0.001 train_loss:4.1963 train_time:154597ms step_avg:237.84ms
step:661/5100 lr:0.001 train_loss:4.2555 train_time:154794ms step_avg:237.78ms
step:662/5100 lr:0.001 train_loss:4.3343 train_time:154990ms step_avg:237.71ms
step:663/5100 lr:0.001 train_loss:4.0807 train_time:155194ms step_avg:237.66ms
step:664/5100 lr:0.001 train_loss:4.2166 train_time:155390ms step_avg:237.60ms
step:665/5100 lr:0.001 train_loss:4.1858 train_time:155587ms step_avg:237.54ms
step:666/5100 lr:0.001 train_loss:4.1001 train_time:155783ms step_avg:237.47ms
step:667/5100 lr:0.001 train_loss:4.2024 train_time:155986ms step_avg:237.42ms
step:668/5100 lr:0.001 train_loss:4.2940 train_time:156183ms step_avg:237.36ms
step:669/5100 lr:0.001 train_loss:4.1695 train_time:156382ms step_avg:237.30ms
step:670/5100 lr:0.001 train_loss:4.1557 train_time:156578ms step_avg:237.24ms
step:671/5100 lr:0.001 train_loss:4.3373 train_time:157646ms step_avg:238.50ms
step:672/5100 lr:0.001 train_loss:4.0970 train_time:157843ms step_avg:238.43ms
step:673/5100 lr:0.001 train_loss:4.0467 train_time:158039ms step_avg:238.37ms
step:674/5100 lr:0.001 train_loss:4.3232 train_time:158236ms step_avg:238.31ms
step:675/5100 lr:0.001 train_loss:4.3042 train_time:158435ms step_avg:238.25ms
step:676/5100 lr:0.001 train_loss:4.3563 train_time:158632ms step_avg:238.19ms
step:677/5100 lr:0.001 train_loss:4.0759 train_time:158829ms step_avg:238.12ms
step:678/5100 lr:0.001 train_loss:4.1203 train_time:159025ms step_avg:238.06ms
step:679/5100 lr:0.001 train_loss:4.0793 train_time:159222ms step_avg:238.00ms
step:680/5100 lr:0.001 train_loss:4.2032 train_time:159418ms step_avg:237.94ms
step:681/5100 lr:0.001 train_loss:4.1604 train_time:159614ms step_avg:237.87ms
step:682/5100 lr:0.001 train_loss:4.3489 train_time:159811ms step_avg:237.81ms
step:683/5100 lr:0.001 train_loss:4.0956 train_time:160007ms step_avg:237.75ms
step:684/5100 lr:0.001 train_loss:4.0370 train_time:160203ms step_avg:237.69ms
step:685/5100 lr:0.001 train_loss:4.3830 train_time:160400ms step_avg:237.63ms
step:686/5100 lr:0.001 train_loss:4.0329 train_time:160597ms step_avg:237.57ms
step:687/5100 lr:0.001 train_loss:4.2634 train_time:160802ms step_avg:237.52ms
step:688/5100 lr:0.001 train_loss:4.2047 train_time:161000ms step_avg:237.46ms
step:689/5100 lr:0.001 train_loss:4.0915 train_time:161197ms step_avg:237.40ms
step:690/5100 lr:0.001 train_loss:4.1468 train_time:161393ms step_avg:237.34ms
step:691/5100 lr:0.001 train_loss:4.2013 train_time:161596ms step_avg:237.29ms
step:692/5100 lr:0.001 train_loss:4.2049 train_time:161793ms step_avg:237.23ms
step:693/5100 lr:0.001 train_loss:4.3157 train_time:161989ms step_avg:237.17ms
step:694/5100 lr:0.001 train_loss:3.8324 train_time:162186ms step_avg:237.11ms
step:695/5100 lr:0.001 train_loss:4.0778 train_time:162382ms step_avg:237.05ms
step:696/5100 lr:0.001 train_loss:4.1254 train_time:162579ms step_avg:237.00ms
step:697/5100 lr:0.001 train_loss:3.9051 train_time:162775ms step_avg:236.94ms
step:698/5100 lr:0.001 train_loss:4.2769 train_time:162972ms step_avg:236.88ms
step:699/5100 lr:0.001 train_loss:4.1562 train_time:163169ms step_avg:236.82ms
step:700/5100 lr:0.001 train_loss:4.2131 train_time:163365ms step_avg:236.76ms
step:701/5100 lr:0.001 train_loss:4.0828 train_time:163562ms step_avg:236.70ms
step:702/5100 lr:0.001 train_loss:4.0906 train_time:163758ms step_avg:236.65ms
step:703/5100 lr:0.001 train_loss:3.3740 train_time:163955ms step_avg:236.59ms
step:704/5100 lr:0.001 train_loss:4.1172 train_time:164151ms step_avg:236.53ms
step:705/5100 lr:0.001 train_loss:4.0554 train_time:164347ms step_avg:236.47ms
step:706/5100 lr:0.001 train_loss:4.2753 train_time:164544ms step_avg:236.41ms
step:707/5100 lr:0.001 train_loss:4.0590 train_time:164740ms step_avg:236.36ms
step:708/5100 lr:0.001 train_loss:4.0998 train_time:164936ms step_avg:236.30ms
step:709/5100 lr:0.001 train_loss:4.0446 train_time:165132ms step_avg:236.24ms
step:710/5100 lr:0.001 train_loss:4.0937 train_time:165329ms step_avg:236.18ms
step:711/5100 lr:0.001 train_loss:4.2964 train_time:165525ms step_avg:236.13ms
step:712/5100 lr:0.001 train_loss:4.2125 train_time:165722ms step_avg:236.07ms
step:713/5100 lr:0.001 train_loss:4.1089 train_time:165919ms step_avg:236.02ms
step:714/5100 lr:0.001 train_loss:4.1627 train_time:166115ms step_avg:235.96ms
step:715/5100 lr:0.001 train_loss:4.2101 train_time:166311ms step_avg:235.90ms
step:716/5100 lr:0.001 train_loss:3.8793 train_time:166508ms step_avg:235.85ms
step:717/5100 lr:0.001 train_loss:4.3682 train_time:166704ms step_avg:235.79ms
step:718/5100 lr:0.001 train_loss:4.2898 train_time:166901ms step_avg:235.74ms
step:719/5100 lr:0.001 train_loss:4.0877 train_time:167097ms step_avg:235.68ms
step:720/5100 lr:0.001 train_loss:4.2636 train_time:167294ms step_avg:235.63ms
step:721/5100 lr:0.001 train_loss:4.2423 train_time:167490ms step_avg:235.57ms
step:722/5100 lr:0.001 train_loss:3.9292 train_time:167687ms step_avg:235.51ms
step:723/5100 lr:0.001 train_loss:4.3621 train_time:167883ms step_avg:235.46ms
step:724/5100 lr:0.001 train_loss:4.0878 train_time:168080ms step_avg:235.41ms
step:725/5100 lr:0.001 train_loss:4.0659 train_time:168276ms step_avg:235.35ms
step:726/5100 lr:0.001 train_loss:4.2204 train_time:168472ms step_avg:235.30ms
step:727/5100 lr:0.001 train_loss:4.1171 train_time:168668ms step_avg:235.24ms
step:728/5100 lr:0.001 train_loss:4.0569 train_time:168865ms step_avg:235.19ms
step:729/5100 lr:0.001 train_loss:3.9843 train_time:169061ms step_avg:235.13ms
step:730/5100 lr:0.001 train_loss:3.8745 train_time:169258ms step_avg:235.08ms
step:731/5100 lr:0.001 train_loss:4.1270 train_time:169455ms step_avg:235.03ms
step:732/5100 lr:0.001 train_loss:4.0131 train_time:169652ms step_avg:234.97ms
step:733/5100 lr:0.001 train_loss:4.1267 train_time:169849ms step_avg:234.92ms
step:734/5100 lr:0.001 train_loss:4.2261 train_time:170045ms step_avg:234.87ms
step:735/5100 lr:0.001 train_loss:3.9584 train_time:170241ms step_avg:234.82ms
step:736/5100 lr:0.001 train_loss:4.2151 train_time:170438ms step_avg:234.76ms
step:737/5100 lr:0.001 train_loss:4.0302 train_time:170634ms step_avg:234.71ms
step:738/5100 lr:0.001 train_loss:4.2808 train_time:170830ms step_avg:234.66ms
step:739/5100 lr:0.001 train_loss:4.1664 train_time:171026ms step_avg:234.60ms
step:740/5100 lr:0.001 train_loss:4.2024 train_time:171223ms step_avg:234.55ms
step:741/5100 lr:0.001 train_loss:4.2112 train_time:171419ms step_avg:234.50ms
step:742/5100 lr:0.001 train_loss:4.1511 train_time:171616ms step_avg:234.45ms
step:743/5100 lr:0.001 train_loss:4.2171 train_time:171813ms step_avg:234.40ms
step:744/5100 lr:0.001 train_loss:3.9710 train_time:172009ms step_avg:234.35ms
step:745/5100 lr:0.001 train_loss:4.2737 train_time:172205ms step_avg:234.29ms
step:746/5100 lr:0.001 train_loss:4.0602 train_time:172402ms step_avg:234.24ms
step:747/5100 lr:0.001 train_loss:4.0529 train_time:172605ms step_avg:234.20ms
step:748/5100 lr:0.001 train_loss:4.1982 train_time:172801ms step_avg:234.15ms
step:749/5100 lr:0.001 train_loss:4.1222 train_time:172998ms step_avg:234.10ms
step:750/5100 lr:0.001 train_loss:4.0889 train_time:173195ms step_avg:234.05ms
step:750/5100 val_loss:4.1496 train_time:173205ms step_avg:234.06ms
step:751/5100 lr:0.001 train_loss:4.0699 train_time:177693ms step_avg:239.80ms
step:752/5100 lr:0.001 train_loss:4.2862 train_time:177889ms step_avg:239.74ms
step:753/5100 lr:0.001 train_loss:4.0544 train_time:178086ms step_avg:239.68ms
step:754/5100 lr:0.001 train_loss:4.1633 train_time:178282ms step_avg:239.63ms
step:755/5100 lr:0.001 train_loss:4.1484 train_time:178485ms step_avg:239.58ms
step:756/5100 lr:0.001 train_loss:4.1111 train_time:178682ms step_avg:239.52ms
step:757/5100 lr:0.001 train_loss:4.1662 train_time:178878ms step_avg:239.46ms
step:758/5100 lr:0.001 train_loss:4.0741 train_time:179075ms step_avg:239.40ms
step:759/5100 lr:0.001 train_loss:4.1592 train_time:179274ms step_avg:239.35ms
step:760/5100 lr:0.001 train_loss:4.1418 train_time:179677ms step_avg:239.57ms
step:761/5100 lr:0.001 train_loss:4.0907 train_time:179874ms step_avg:239.51ms
step:762/5100 lr:0.001 train_loss:4.3912 train_time:180270ms step_avg:239.72ms
step:763/5100 lr:0.001 train_loss:3.9474 train_time:180467ms step_avg:239.66ms
step:764/5100 lr:0.001 train_loss:4.2035 train_time:180663ms step_avg:239.61ms
step:765/5100 lr:0.001 train_loss:3.9651 train_time:180859ms step_avg:239.55ms
step:766/5100 lr:0.001 train_loss:3.8424 train_time:181055ms step_avg:239.49ms
step:767/5100 lr:0.001 train_loss:4.3596 train_time:181251ms step_avg:239.43ms
step:768/5100 lr:0.001 train_loss:4.2245 train_time:181448ms step_avg:239.38ms
step:769/5100 lr:0.001 train_loss:4.1178 train_time:181644ms step_avg:239.32ms
step:770/5100 lr:0.001 train_loss:4.0508 train_time:181841ms step_avg:239.26ms
step:771/5100 lr:0.001 train_loss:4.2221 train_time:182037ms step_avg:239.21ms
step:772/5100 lr:0.001 train_loss:4.2214 train_time:182233ms step_avg:239.15ms
step:773/5100 lr:0.001 train_loss:4.5039 train_time:182429ms step_avg:239.09ms
step:774/5100 lr:0.001 train_loss:3.9746 train_time:182625ms step_avg:239.04ms
step:775/5100 lr:0.001 train_loss:4.1036 train_time:182822ms step_avg:238.98ms
step:776/5100 lr:0.001 train_loss:4.2069 train_time:183018ms step_avg:238.93ms
step:777/5100 lr:0.001 train_loss:4.1565 train_time:183214ms step_avg:238.87ms
step:778/5100 lr:0.001 train_loss:4.1400 train_time:183410ms step_avg:238.82ms
step:779/5100 lr:0.001 train_loss:3.9175 train_time:183607ms step_avg:238.76ms
step:780/5100 lr:0.001 train_loss:4.1003 train_time:183804ms step_avg:238.71ms
step:781/5100 lr:0.001 train_loss:4.0460 train_time:184000ms step_avg:238.65ms
step:782/5100 lr:0.001 train_loss:4.1928 train_time:184197ms step_avg:238.60ms
step:783/5100 lr:0.001 train_loss:4.1820 train_time:184393ms step_avg:238.54ms
step:784/5100 lr:0.001 train_loss:4.0419 train_time:184589ms step_avg:238.49ms
step:785/5100 lr:0.001 train_loss:4.1283 train_time:184786ms step_avg:238.43ms
step:786/5100 lr:0.001 train_loss:4.0941 train_time:184982ms step_avg:238.38ms
step:787/5100 lr:0.001 train_loss:3.9609 train_time:185179ms step_avg:238.32ms
step:788/5100 lr:0.001 train_loss:3.9428 train_time:185375ms step_avg:238.27ms
step:789/5100 lr:0.001 train_loss:4.3784 train_time:185571ms step_avg:238.22ms
step:790/5100 lr:0.001 train_loss:3.9317 train_time:185768ms step_avg:238.16ms
step:791/5100 lr:0.001 train_loss:4.1044 train_time:185964ms step_avg:238.11ms
step:792/5100 lr:0.001 train_loss:4.1465 train_time:186161ms step_avg:238.06ms
step:793/5100 lr:0.001 train_loss:4.0566 train_time:186357ms step_avg:238.00ms
step:794/5100 lr:0.001 train_loss:4.0252 train_time:186554ms step_avg:237.95ms
step:795/5100 lr:0.001 train_loss:3.9003 train_time:186753ms step_avg:237.90ms
step:796/5100 lr:0.001 train_loss:4.0739 train_time:186949ms step_avg:237.85ms
step:797/5100 lr:0.001 train_loss:4.0536 train_time:187145ms step_avg:237.80ms
step:798/5100 lr:0.001 train_loss:4.0866 train_time:187342ms step_avg:237.74ms
step:799/5100 lr:0.001 train_loss:4.0387 train_time:187538ms step_avg:237.69ms
step:800/5100 lr:0.001 train_loss:4.2086 train_time:187735ms step_avg:237.64ms
step:801/5100 lr:0.001 train_loss:4.0815 train_time:187931ms step_avg:237.59ms
step:802/5100 lr:0.001 train_loss:4.1202 train_time:188127ms step_avg:237.53ms
step:803/5100 lr:0.001 train_loss:4.1530 train_time:188323ms step_avg:237.48ms
step:804/5100 lr:0.001 train_loss:4.1811 train_time:188519ms step_avg:237.43ms
step:805/5100 lr:0.001 train_loss:4.1861 train_time:188716ms step_avg:237.38ms
step:806/5100 lr:0.001 train_loss:4.1277 train_time:188913ms step_avg:237.33ms
step:807/5100 lr:0.001 train_loss:3.9754 train_time:189109ms step_avg:237.28ms
step:808/5100 lr:0.001 train_loss:3.8624 train_time:189305ms step_avg:237.22ms
step:809/5100 lr:0.001 train_loss:4.1268 train_time:189501ms step_avg:237.17ms
step:810/5100 lr:0.001 train_loss:4.1036 train_time:189698ms step_avg:237.12ms
step:811/5100 lr:0.001 train_loss:3.9719 train_time:189894ms step_avg:237.07ms
step:812/5100 lr:0.001 train_loss:4.0458 train_time:190090ms step_avg:237.02ms
step:813/5100 lr:0.001 train_loss:4.1745 train_time:190286ms step_avg:236.97ms
step:814/5100 lr:0.001 train_loss:4.1237 train_time:190482ms step_avg:236.92ms
step:815/5100 lr:0.001 train_loss:4.1277 train_time:190679ms step_avg:236.87ms
step:816/5100 lr:0.001 train_loss:4.0529 train_time:190875ms step_avg:236.82ms
step:817/5100 lr:0.001 train_loss:4.0105 train_time:191071ms step_avg:236.77ms
step:818/5100 lr:0.001 train_loss:4.0881 train_time:191267ms step_avg:236.72ms
step:819/5100 lr:0.001 train_loss:4.5162 train_time:191465ms step_avg:236.67ms
step:820/5100 lr:0.001 train_loss:4.0522 train_time:191661ms step_avg:236.62ms
step:821/5100 lr:0.001 train_loss:4.3203 train_time:191857ms step_avg:236.57ms
step:822/5100 lr:0.001 train_loss:3.9154 train_time:192054ms step_avg:236.52ms
step:823/5100 lr:0.001 train_loss:4.0459 train_time:192250ms step_avg:236.47ms
step:824/5100 lr:0.001 train_loss:4.2861 train_time:192446ms step_avg:236.42ms
step:825/5100 lr:0.001 train_loss:4.0501 train_time:192643ms step_avg:236.37ms
step:826/5100 lr:0.001 train_loss:3.9552 train_time:192840ms step_avg:236.32ms
step:827/5100 lr:0.001 train_loss:4.1907 train_time:193036ms step_avg:236.27ms
step:828/5100 lr:0.001 train_loss:4.0003 train_time:193234ms step_avg:236.23ms
step:829/5100 lr:0.001 train_loss:4.4663 train_time:193431ms step_avg:236.18ms
step:830/5100 lr:0.001 train_loss:4.0274 train_time:193627ms step_avg:236.13ms
step:831/5100 lr:0.001 train_loss:4.1897 train_time:193824ms step_avg:236.08ms
step:832/5100 lr:0.001 train_loss:4.0175 train_time:194020ms step_avg:236.03ms
step:833/5100 lr:0.001 train_loss:3.9992 train_time:194216ms step_avg:235.99ms
step:834/5100 lr:0.001 train_loss:3.9636 train_time:194413ms step_avg:235.94ms
step:835/5100 lr:0.001 train_loss:4.0920 train_time:194610ms step_avg:235.89ms
step:836/5100 lr:0.001 train_loss:3.9292 train_time:194806ms step_avg:235.84ms
step:837/5100 lr:0.001 train_loss:3.8864 train_time:195005ms step_avg:235.80ms
step:838/5100 lr:0.001 train_loss:4.2476 train_time:195201ms step_avg:235.75ms
step:839/5100 lr:0.001 train_loss:3.9785 train_time:195401ms step_avg:235.71ms
step:840/5100 lr:0.001 train_loss:4.0835 train_time:195598ms step_avg:235.66ms
step:841/5100 lr:0.001 train_loss:3.9702 train_time:195794ms step_avg:235.61ms
step:842/5100 lr:0.001 train_loss:4.0486 train_time:195999ms step_avg:235.58ms
step:843/5100 lr:0.001 train_loss:4.2187 train_time:196196ms step_avg:235.53ms
step:844/5100 lr:0.001 train_loss:4.1085 train_time:196394ms step_avg:235.48ms
step:845/5100 lr:0.001 train_loss:3.9639 train_time:196591ms step_avg:235.44ms
step:846/5100 lr:0.001 train_loss:4.0243 train_time:196787ms step_avg:235.39ms
step:847/5100 lr:0.001 train_loss:4.1505 train_time:196984ms step_avg:235.35ms
step:848/5100 lr:0.001 train_loss:3.9789 train_time:197180ms step_avg:235.30ms
step:849/5100 lr:0.001 train_loss:3.9288 train_time:197376ms step_avg:235.25ms
step:850/5100 lr:0.001 train_loss:4.1159 train_time:197573ms step_avg:235.21ms
step:851/5100 lr:0.001 train_loss:3.9950 train_time:197769ms step_avg:235.16ms
step:852/5100 lr:0.001 train_loss:4.0282 train_time:197967ms step_avg:235.11ms
step:853/5100 lr:0.001 train_loss:4.1178 train_time:198163ms step_avg:235.07ms
step:854/5100 lr:0.001 train_loss:3.9208 train_time:198360ms step_avg:235.02ms
step:855/5100 lr:0.001 train_loss:4.0119 train_time:198556ms step_avg:234.98ms
step:856/5100 lr:0.001 train_loss:4.2724 train_time:198753ms step_avg:234.93ms
step:857/5100 lr:0.001 train_loss:4.0113 train_time:198949ms step_avg:234.89ms
step:858/5100 lr:0.001 train_loss:3.9989 train_time:199146ms step_avg:234.84ms
step:859/5100 lr:0.001 train_loss:4.1363 train_time:199342ms step_avg:234.80ms
step:860/5100 lr:0.001 train_loss:3.9163 train_time:199539ms step_avg:234.75ms
step:861/5100 lr:0.001 train_loss:4.0656 train_time:199735ms step_avg:234.71ms
step:862/5100 lr:0.001 train_loss:3.9570 train_time:199932ms step_avg:234.66ms
step:863/5100 lr:0.001 train_loss:4.1273 train_time:200128ms step_avg:234.62ms
step:864/5100 lr:0.001 train_loss:4.0076 train_time:200325ms step_avg:234.57ms
step:865/5100 lr:0.001 train_loss:3.9994 train_time:200521ms step_avg:234.53ms
step:866/5100 lr:0.001 train_loss:4.0082 train_time:200718ms step_avg:234.48ms
step:867/5100 lr:0.001 train_loss:4.1000 train_time:200914ms step_avg:234.44ms
step:868/5100 lr:0.001 train_loss:4.4974 train_time:201110ms step_avg:234.39ms
step:869/5100 lr:0.001 train_loss:3.8810 train_time:201306ms step_avg:234.35ms
step:870/5100 lr:0.001 train_loss:4.1732 train_time:201503ms step_avg:234.31ms
step:871/5100 lr:0.001 train_loss:4.0195 train_time:201699ms step_avg:234.26ms
step:872/5100 lr:0.001 train_loss:3.9641 train_time:201895ms step_avg:234.22ms
step:873/5100 lr:0.001 train_loss:3.8348 train_time:202091ms step_avg:234.17ms
step:874/5100 lr:0.001 train_loss:4.1529 train_time:202291ms step_avg:234.13ms
step:875/5100 lr:0.001 train_loss:3.8952 train_time:202484ms step_avg:234.09ms
step:875/5100 val_loss:4.0737 train_time:202495ms step_avg:234.10ms
step:876/5100 lr:0.001 train_loss:3.4532 train_time:206951ms step_avg:238.97ms
step:877/5100 lr:0.001 train_loss:4.0878 train_time:207147ms step_avg:238.92ms
step:878/5100 lr:0.001 train_loss:4.0677 train_time:207344ms step_avg:238.88ms
step:879/5100 lr:0.001 train_loss:4.0377 train_time:207540ms step_avg:238.83ms
step:880/5100 lr:0.001 train_loss:4.0366 train_time:207736ms step_avg:238.78ms
step:881/5100 lr:0.001 train_loss:4.0178 train_time:207933ms step_avg:238.73ms
step:882/5100 lr:0.001 train_loss:3.5775 train_time:208129ms step_avg:238.68ms
step:883/5100 lr:0.001 train_loss:4.0821 train_time:208326ms step_avg:238.63ms
step:884/5100 lr:0.001 train_loss:4.6458 train_time:208522ms step_avg:238.58ms
step:885/5100 lr:0.001 train_loss:4.3804 train_time:208718ms step_avg:238.54ms
step:886/5100 lr:0.001 train_loss:4.1713 train_time:208915ms step_avg:238.49ms
step:887/5100 lr:0.001 train_loss:4.1147 train_time:209112ms step_avg:238.44ms
step:888/5100 lr:0.001 train_loss:4.1126 train_time:209308ms step_avg:238.39ms
step:889/5100 lr:0.001 train_loss:4.9641 train_time:209504ms step_avg:238.34ms
step:890/5100 lr:0.001 train_loss:4.3327 train_time:209700ms step_avg:238.30ms
step:891/5100 lr:0.001 train_loss:3.8839 train_time:209896ms step_avg:238.25ms
step:892/5100 lr:0.001 train_loss:3.9212 train_time:210092ms step_avg:238.20ms
step:893/5100 lr:0.001 train_loss:3.8888 train_time:210294ms step_avg:238.16ms
step:894/5100 lr:0.001 train_loss:4.1456 train_time:210490ms step_avg:238.11ms
step:895/5100 lr:0.001 train_loss:3.8511 train_time:210687ms step_avg:238.06ms
step:896/5100 lr:0.001 train_loss:3.8997 train_time:210891ms step_avg:238.03ms
step:897/5100 lr:0.001 train_loss:3.9933 train_time:211098ms step_avg:237.99ms
step:898/5100 lr:0.001 train_loss:4.0377 train_time:211294ms step_avg:237.94ms
step:899/5100 lr:0.001 train_loss:4.0392 train_time:211491ms step_avg:237.90ms
step:900/5100 lr:0.001 train_loss:4.1711 train_time:211691ms step_avg:237.85ms
step:901/5100 lr:0.001 train_loss:3.9428 train_time:211888ms step_avg:237.81ms
step:902/5100 lr:0.001 train_loss:3.9096 train_time:212087ms step_avg:237.77ms
step:903/5100 lr:0.001 train_loss:4.0585 train_time:212283ms step_avg:237.72ms
step:904/5100 lr:0.001 train_loss:3.9782 train_time:212480ms step_avg:237.67ms
step:905/5100 lr:0.001 train_loss:3.9697 train_time:212676ms step_avg:237.63ms
step:906/5100 lr:0.001 train_loss:4.0503 train_time:212872ms step_avg:237.58ms
step:907/5100 lr:0.001 train_loss:4.0392 train_time:213068ms step_avg:237.53ms
step:908/5100 lr:0.001 train_loss:4.0866 train_time:213265ms step_avg:237.49ms
step:909/5100 lr:0.001 train_loss:3.9484 train_time:213461ms step_avg:237.44ms
step:910/5100 lr:0.001 train_loss:3.9581 train_time:213658ms step_avg:237.40ms
step:911/5100 lr:0.001 train_loss:3.9990 train_time:213854ms step_avg:237.35ms
step:912/5100 lr:0.001 train_loss:4.0313 train_time:214051ms step_avg:237.31ms
step:913/5100 lr:0.001 train_loss:4.0817 train_time:214248ms step_avg:237.26ms
step:914/5100 lr:0.001 train_loss:4.3112 train_time:214445ms step_avg:237.22ms
step:915/5100 lr:0.001 train_loss:3.7986 train_time:214641ms step_avg:237.17ms
step:916/5100 lr:0.001 train_loss:4.1554 train_time:214837ms step_avg:237.13ms
step:917/5100 lr:0.001 train_loss:4.2240 train_time:215034ms step_avg:237.08ms
step:918/5100 lr:0.001 train_loss:4.0333 train_time:215231ms step_avg:237.04ms
step:919/5100 lr:0.001 train_loss:4.1193 train_time:215427ms step_avg:236.99ms
step:920/5100 lr:0.001 train_loss:4.3617 train_time:215623ms step_avg:236.95ms
step:921/5100 lr:0.001 train_loss:3.9634 train_time:215820ms step_avg:236.90ms
step:922/5100 lr:0.001 train_loss:3.9634 train_time:216016ms step_avg:236.86ms
step:923/5100 lr:0.001 train_loss:3.9858 train_time:216212ms step_avg:236.82ms
step:924/5100 lr:0.001 train_loss:4.0401 train_time:216408ms step_avg:236.77ms
step:925/5100 lr:0.001 train_loss:4.1248 train_time:216605ms step_avg:236.73ms
step:926/5100 lr:0.001 train_loss:4.1586 train_time:216801ms step_avg:236.68ms
step:927/5100 lr:0.001 train_loss:4.1535 train_time:217004ms step_avg:236.65ms
step:928/5100 lr:0.001 train_loss:4.0993 train_time:217201ms step_avg:236.60ms
step:929/5100 lr:0.001 train_loss:4.1138 train_time:217397ms step_avg:236.56ms
step:930/5100 lr:0.001 train_loss:4.2643 train_time:217593ms step_avg:236.51ms
step:931/5100 lr:0.001 train_loss:3.9167 train_time:217789ms step_avg:236.47ms
step:932/5100 lr:0.001 train_loss:3.7771 train_time:217985ms step_avg:236.43ms
step:933/5100 lr:0.001 train_loss:3.9936 train_time:218181ms step_avg:236.38ms
step:934/5100 lr:0.001 train_loss:4.1917 train_time:218377ms step_avg:236.34ms
step:935/5100 lr:0.001 train_loss:3.9298 train_time:218574ms step_avg:236.30ms
step:936/5100 lr:0.001 train_loss:4.1172 train_time:218770ms step_avg:236.25ms
step:937/5100 lr:0.001 train_loss:3.8183 train_time:218967ms step_avg:236.21ms
step:938/5100 lr:0.001 train_loss:4.0020 train_time:219163ms step_avg:236.17ms
step:939/5100 lr:0.001 train_loss:4.0674 train_time:219359ms step_avg:236.12ms
step:940/5100 lr:0.001 train_loss:3.8961 train_time:219555ms step_avg:236.08ms
step:941/5100 lr:0.001 train_loss:4.2743 train_time:219751ms step_avg:236.04ms
step:942/5100 lr:0.001 train_loss:3.9764 train_time:219948ms step_avg:236.00ms
step:943/5100 lr:0.001 train_loss:4.0582 train_time:220145ms step_avg:235.95ms
step:944/5100 lr:0.001 train_loss:3.8702 train_time:220341ms step_avg:235.91ms
step:945/5100 lr:0.001 train_loss:4.1342 train_time:220538ms step_avg:235.87ms
step:946/5100 lr:0.001 train_loss:3.7589 train_time:220740ms step_avg:235.83ms
step:947/5100 lr:0.001 train_loss:3.8984 train_time:220940ms step_avg:235.79ms
step:948/5100 lr:0.001 train_loss:4.3588 train_time:221136ms step_avg:235.75ms
step:949/5100 lr:0.001 train_loss:4.2912 train_time:221333ms step_avg:235.71ms
step:950/5100 lr:0.001 train_loss:3.9810 train_time:221737ms step_avg:235.89ms
step:951/5100 lr:0.001 train_loss:4.0335 train_time:221935ms step_avg:235.85ms
step:952/5100 lr:0.001 train_loss:3.9649 train_time:222131ms step_avg:235.81ms
step:953/5100 lr:0.001 train_loss:4.2003 train_time:222533ms step_avg:235.98ms
step:954/5100 lr:0.001 train_loss:4.0724 train_time:222730ms step_avg:235.94ms
step:955/5100 lr:0.001 train_loss:3.6912 train_time:222926ms step_avg:235.90ms
step:956/5100 lr:0.001 train_loss:3.8232 train_time:223122ms step_avg:235.86ms
step:957/5100 lr:0.001 train_loss:3.9411 train_time:223319ms step_avg:235.82ms
step:958/5100 lr:0.001 train_loss:3.9394 train_time:223516ms step_avg:235.78ms
step:959/5100 lr:0.001 train_loss:3.8186 train_time:223712ms step_avg:235.73ms
step:960/5100 lr:0.001 train_loss:4.0599 train_time:223914ms step_avg:235.70ms
step:961/5100 lr:0.001 train_loss:4.1721 train_time:224110ms step_avg:235.66ms
step:962/5100 lr:0.001 train_loss:3.9134 train_time:224307ms step_avg:235.62ms
step:963/5100 lr:0.001 train_loss:3.9349 train_time:224503ms step_avg:235.57ms
step:964/5100 lr:0.001 train_loss:3.8627 train_time:224699ms step_avg:235.53ms
step:965/5100 lr:0.001 train_loss:3.9805 train_time:224895ms step_avg:235.49ms
step:966/5100 lr:0.001 train_loss:4.1625 train_time:225091ms step_avg:235.45ms
step:967/5100 lr:0.001 train_loss:4.0852 train_time:225295ms step_avg:235.42ms
step:968/5100 lr:0.001 train_loss:4.1408 train_time:225491ms step_avg:235.38ms
step:969/5100 lr:0.001 train_loss:3.9823 train_time:225687ms step_avg:235.34ms
step:970/5100 lr:0.001 train_loss:3.9233 train_time:225883ms step_avg:235.30ms
step:971/5100 lr:0.001 train_loss:3.8935 train_time:226093ms step_avg:235.27ms
step:972/5100 lr:0.001 train_loss:3.9061 train_time:226290ms step_avg:235.23ms
step:973/5100 lr:0.001 train_loss:3.7780 train_time:226487ms step_avg:235.19ms
step:974/5100 lr:0.001 train_loss:3.9363 train_time:226683ms step_avg:235.15ms
step:975/5100 lr:0.001 train_loss:3.7878 train_time:226880ms step_avg:235.11ms
step:976/5100 lr:0.001 train_loss:4.0852 train_time:227076ms step_avg:235.07ms
step:977/5100 lr:0.001 train_loss:4.2858 train_time:227273ms step_avg:235.03ms
step:978/5100 lr:0.001 train_loss:4.1017 train_time:227470ms step_avg:234.99ms
step:979/5100 lr:0.001 train_loss:3.9526 train_time:227666ms step_avg:234.95ms
step:980/5100 lr:0.001 train_loss:3.9714 train_time:227863ms step_avg:234.91ms
step:981/5100 lr:0.001 train_loss:3.8958 train_time:228059ms step_avg:234.87ms
step:982/5100 lr:0.001 train_loss:3.8419 train_time:228255ms step_avg:234.83ms
step:983/5100 lr:0.001 train_loss:3.9370 train_time:228452ms step_avg:234.79ms
step:984/5100 lr:0.001 train_loss:4.0703 train_time:228649ms step_avg:234.75ms
step:985/5100 lr:0.001 train_loss:4.0738 train_time:228845ms step_avg:234.71ms
step:986/5100 lr:0.001 train_loss:3.9426 train_time:229041ms step_avg:234.67ms
step:987/5100 lr:0.001 train_loss:3.9481 train_time:229237ms step_avg:234.63ms
step:988/5100 lr:0.001 train_loss:4.0407 train_time:229433ms step_avg:234.59ms
step:989/5100 lr:0.001 train_loss:4.0574 train_time:229630ms step_avg:234.56ms
step:990/5100 lr:0.001 train_loss:3.9922 train_time:229826ms step_avg:234.52ms
step:991/5100 lr:0.001 train_loss:3.9594 train_time:230022ms step_avg:234.48ms
step:992/5100 lr:0.001 train_loss:3.9031 train_time:230223ms step_avg:234.44ms
step:993/5100 lr:0.001 train_loss:3.8268 train_time:230419ms step_avg:234.40ms
step:994/5100 lr:0.001 train_loss:4.0023 train_time:230615ms step_avg:234.37ms
step:995/5100 lr:0.001 train_loss:3.8829 train_time:230812ms step_avg:234.33ms
step:996/5100 lr:0.001 train_loss:3.9264 train_time:231011ms step_avg:234.29ms
step:997/5100 lr:0.001 train_loss:3.9930 train_time:231207ms step_avg:234.25ms
step:998/5100 lr:0.001 train_loss:4.0005 train_time:231404ms step_avg:234.21ms
step:999/5100 lr:0.001 train_loss:4.2135 train_time:231600ms step_avg:234.18ms
step:1000/5100 lr:0.001 train_loss:3.9480 train_time:231797ms step_avg:234.14ms
step:1000/5100 val_loss:4.0017 train_time:231807ms step_avg:234.15ms
step:1001/5100 lr:0.001 train_loss:4.1244 train_time:235898ms step_avg:238.04ms
step:1002/5100 lr:0.001 train_loss:4.0342 train_time:236095ms step_avg:238.00ms
step:1003/5100 lr:0.001 train_loss:4.0024 train_time:236298ms step_avg:237.96ms
step:1004/5100 lr:0.001 train_loss:4.0350 train_time:236494ms step_avg:237.92ms
step:1005/5100 lr:0.001 train_loss:4.0913 train_time:236691ms step_avg:237.88ms
step:1006/5100 lr:0.001 train_loss:4.0071 train_time:236887ms step_avg:237.84ms
step:1007/5100 lr:0.001 train_loss:4.0172 train_time:237084ms step_avg:237.80ms
step:1008/5100 lr:0.001 train_loss:3.9413 train_time:237280ms step_avg:237.76ms
step:1009/5100 lr:0.001 train_loss:3.9287 train_time:237476ms step_avg:237.71ms
step:1010/5100 lr:0.001 train_loss:3.9545 train_time:237673ms step_avg:237.67ms
step:1011/5100 lr:0.001 train_loss:4.4052 train_time:237876ms step_avg:237.64ms
step:1012/5100 lr:0.001 train_loss:4.2575 train_time:238071ms step_avg:237.60ms
step:1013/5100 lr:0.001 train_loss:3.8388 train_time:238273ms step_avg:237.56ms
step:1014/5100 lr:0.001 train_loss:3.8244 train_time:238470ms step_avg:237.52ms
step:1015/5100 lr:0.001 train_loss:3.8587 train_time:238666ms step_avg:237.48ms
step:1016/5100 lr:0.001 train_loss:3.7923 train_time:238863ms step_avg:237.44ms
step:1017/5100 lr:0.001 train_loss:4.1915 train_time:239059ms step_avg:237.40ms
step:1018/5100 lr:0.001 train_loss:3.9543 train_time:239255ms step_avg:237.36ms
step:1019/5100 lr:0.001 train_loss:4.0170 train_time:239452ms step_avg:237.32ms
step:1020/5100 lr:0.001 train_loss:3.9355 train_time:239649ms step_avg:237.28ms
step:1021/5100 lr:0.001 train_loss:3.9835 train_time:239845ms step_avg:237.24ms
step:1022/5100 lr:0.001 train_loss:3.9395 train_time:240041ms step_avg:237.20ms
step:1023/5100 lr:0.001 train_loss:4.3241 train_time:240237ms step_avg:237.15ms
step:1024/5100 lr:0.001 train_loss:4.1848 train_time:240436ms step_avg:237.12ms
step:1025/5100 lr:0.001 train_loss:3.8481 train_time:240635ms step_avg:237.08ms
step:1026/5100 lr:0.001 train_loss:4.1615 train_time:240831ms step_avg:237.04ms
step:1027/5100 lr:0.001 train_loss:3.9489 train_time:241028ms step_avg:237.00ms
step:1028/5100 lr:0.001 train_loss:3.8983 train_time:241224ms step_avg:236.96ms
step:1029/5100 lr:0.001 train_loss:3.8524 train_time:241420ms step_avg:236.92ms
step:1030/5100 lr:0.001 train_loss:3.7922 train_time:241619ms step_avg:236.88ms
step:1031/5100 lr:0.001 train_loss:4.1589 train_time:241817ms step_avg:236.84ms
step:1032/5100 lr:0.001 train_loss:4.3848 train_time:242014ms step_avg:236.80ms
step:1033/5100 lr:0.001 train_loss:3.9026 train_time:242210ms step_avg:236.76ms
step:1034/5100 lr:0.001 train_loss:3.8411 train_time:242407ms step_avg:236.73ms
step:1035/5100 lr:0.001 train_loss:3.9552 train_time:242603ms step_avg:236.69ms
step:1036/5100 lr:0.001 train_loss:4.1504 train_time:242800ms step_avg:236.65ms
step:1037/5100 lr:0.001 train_loss:3.7779 train_time:242996ms step_avg:236.61ms
step:1038/5100 lr:0.001 train_loss:3.7861 train_time:243193ms step_avg:236.57ms
step:1039/5100 lr:0.001 train_loss:4.0688 train_time:243390ms step_avg:236.53ms
step:1040/5100 lr:0.001 train_loss:3.7378 train_time:243586ms step_avg:236.49ms
step:1041/5100 lr:0.001 train_loss:3.8656 train_time:243788ms step_avg:236.46ms
step:1042/5100 lr:0.001 train_loss:3.9819 train_time:243984ms step_avg:236.42ms
step:1043/5100 lr:0.001 train_loss:3.7343 train_time:244181ms step_avg:236.38ms
step:1044/5100 lr:0.001 train_loss:3.8484 train_time:244377ms step_avg:236.34ms
step:1045/5100 lr:0.001 train_loss:4.0053 train_time:244574ms step_avg:236.30ms
step:1046/5100 lr:0.001 train_loss:4.1654 train_time:244770ms step_avg:236.26ms
step:1047/5100 lr:0.001 train_loss:3.7373 train_time:244966ms step_avg:236.23ms
step:1048/5100 lr:0.001 train_loss:4.3137 train_time:245162ms step_avg:236.19ms
step:1049/5100 lr:0.001 train_loss:3.8055 train_time:245359ms step_avg:236.15ms
step:1050/5100 lr:0.001 train_loss:3.8908 train_time:245556ms step_avg:236.11ms
step:1051/5100 lr:0.001 train_loss:3.8810 train_time:245752ms step_avg:236.07ms
step:1052/5100 lr:0.001 train_loss:3.8763 train_time:245948ms step_avg:236.03ms
step:1053/5100 lr:0.001 train_loss:3.8628 train_time:246144ms step_avg:236.00ms
step:1054/5100 lr:0.001 train_loss:4.0053 train_time:246341ms step_avg:235.96ms
step:1055/5100 lr:0.001 train_loss:3.9842 train_time:246537ms step_avg:235.92ms
step:1056/5100 lr:0.001 train_loss:3.9541 train_time:246734ms step_avg:235.88ms
step:1057/5100 lr:0.001 train_loss:3.9744 train_time:246930ms step_avg:235.85ms
step:1058/5100 lr:0.001 train_loss:3.8300 train_time:247126ms step_avg:235.81ms
step:1059/5100 lr:0.001 train_loss:4.0135 train_time:247322ms step_avg:235.77ms
step:1060/5100 lr:0.001 train_loss:3.9744 train_time:247519ms step_avg:235.73ms
step:1061/5100 lr:0.001 train_loss:4.0370 train_time:247715ms step_avg:235.69ms
step:1062/5100 lr:0.001 train_loss:4.2760 train_time:247915ms step_avg:235.66ms
step:1063/5100 lr:0.001 train_loss:3.8928 train_time:248115ms step_avg:235.63ms
step:1064/5100 lr:0.001 train_loss:3.7730 train_time:248320ms step_avg:235.60ms
step:1065/5100 lr:0.001 train_loss:3.8417 train_time:248517ms step_avg:235.56ms
step:1066/5100 lr:0.001 train_loss:4.0966 train_time:248717ms step_avg:235.53ms
step:1067/5100 lr:0.001 train_loss:3.8607 train_time:248914ms step_avg:235.49ms
step:1068/5100 lr:0.001 train_loss:4.0227 train_time:249114ms step_avg:235.46ms
step:1069/5100 lr:0.001 train_loss:3.8992 train_time:249311ms step_avg:235.42ms
step:1070/5100 lr:0.001 train_loss:3.9059 train_time:249507ms step_avg:235.38ms
step:1071/5100 lr:0.001 train_loss:4.2010 train_time:249704ms step_avg:235.35ms
step:1072/5100 lr:0.001 train_loss:3.9651 train_time:249906ms step_avg:235.32ms
step:1073/5100 lr:0.001 train_loss:3.7323 train_time:250103ms step_avg:235.28ms
step:1074/5100 lr:0.001 train_loss:3.9552 train_time:250302ms step_avg:235.25ms
step:1075/5100 lr:0.001 train_loss:3.9767 train_time:250498ms step_avg:235.21ms
step:1076/5100 lr:0.001 train_loss:3.9906 train_time:250697ms step_avg:235.18ms
step:1077/5100 lr:0.001 train_loss:4.0014 train_time:250894ms step_avg:235.14ms
step:1078/5100 lr:0.001 train_loss:4.0789 train_time:251095ms step_avg:235.11ms
step:1079/5100 lr:0.001 train_loss:3.8756 train_time:251292ms step_avg:235.07ms
step:1080/5100 lr:0.001 train_loss:3.9803 train_time:251489ms step_avg:235.04ms
step:1081/5100 lr:0.001 train_loss:4.0285 train_time:251685ms step_avg:235.00ms
step:1082/5100 lr:0.001 train_loss:4.0674 train_time:251885ms step_avg:234.97ms
step:1083/5100 lr:0.001 train_loss:3.8680 train_time:252082ms step_avg:234.93ms
step:1084/5100 lr:0.001 train_loss:3.8787 train_time:252278ms step_avg:234.90ms
step:1085/5100 lr:0.001 train_loss:3.6406 train_time:252475ms step_avg:234.86ms
step:1086/5100 lr:0.001 train_loss:3.9529 train_time:252671ms step_avg:234.82ms
step:1087/5100 lr:0.001 train_loss:4.0814 train_time:252868ms step_avg:234.79ms
step:1088/5100 lr:0.001 train_loss:3.8884 train_time:253065ms step_avg:234.75ms
step:1089/5100 lr:0.001 train_loss:3.8447 train_time:253261ms step_avg:234.72ms
step:1090/5100 lr:0.001 train_loss:3.9347 train_time:253457ms step_avg:234.68ms
step:1091/5100 lr:0.001 train_loss:4.0331 train_time:253654ms step_avg:234.65ms
step:1092/5100 lr:0.001 train_loss:3.8229 train_time:253850ms step_avg:234.61ms
step:1093/5100 lr:0.001 train_loss:3.9792 train_time:254047ms step_avg:234.58ms
step:1094/5100 lr:0.001 train_loss:3.7769 train_time:254243ms step_avg:234.54ms
step:1095/5100 lr:0.001 train_loss:3.8215 train_time:254440ms step_avg:234.51ms
step:1096/5100 lr:0.001 train_loss:4.0228 train_time:254636ms step_avg:234.47ms
step:1097/5100 lr:0.001 train_loss:3.9390 train_time:254833ms step_avg:234.44ms
step:1098/5100 lr:0.001 train_loss:4.1278 train_time:255029ms step_avg:234.40ms
step:1099/5100 lr:0.001 train_loss:3.9890 train_time:255227ms step_avg:234.37ms
step:1100/5100 lr:0.001 train_loss:4.0501 train_time:255423ms step_avg:234.33ms
step:1101/5100 lr:0.001 train_loss:4.0373 train_time:255620ms step_avg:234.30ms
step:1102/5100 lr:0.001 train_loss:3.9240 train_time:255818ms step_avg:234.27ms
step:1103/5100 lr:0.001 train_loss:4.0631 train_time:256014ms step_avg:234.23ms
step:1104/5100 lr:0.001 train_loss:3.9728 train_time:256210ms step_avg:234.20ms
step:1105/5100 lr:0.001 train_loss:3.8586 train_time:256408ms step_avg:234.16ms
step:1106/5100 lr:0.001 train_loss:4.0153 train_time:256605ms step_avg:234.13ms
step:1107/5100 lr:0.001 train_loss:4.0307 train_time:256802ms step_avg:234.10ms
step:1108/5100 lr:0.001 train_loss:3.8537 train_time:257000ms step_avg:234.06ms
step:1109/5100 lr:0.001 train_loss:4.1849 train_time:257200ms step_avg:234.03ms
step:1110/5100 lr:0.001 train_loss:3.7628 train_time:257406ms step_avg:234.01ms
step:1111/5100 lr:0.001 train_loss:3.9647 train_time:257604ms step_avg:233.97ms
step:1112/5100 lr:0.001 train_loss:4.1281 train_time:257798ms step_avg:233.94ms
step:1113/5100 lr:0.001 train_loss:3.8862 train_time:257994ms step_avg:233.90ms
step:1114/5100 lr:0.001 train_loss:4.2078 train_time:258191ms step_avg:233.87ms
step:1115/5100 lr:0.001 train_loss:3.7904 train_time:258387ms step_avg:233.83ms
step:1116/5100 lr:0.001 train_loss:3.9966 train_time:258584ms step_avg:233.80ms
step:1117/5100 lr:0.001 train_loss:4.1111 train_time:258780ms step_avg:233.77ms
step:1118/5100 lr:0.001 train_loss:3.6800 train_time:258976ms step_avg:233.73ms
step:1119/5100 lr:0.001 train_loss:4.2917 train_time:259175ms step_avg:233.70ms
step:1120/5100 lr:0.001 train_loss:3.8043 train_time:259371ms step_avg:233.67ms
step:1121/5100 lr:0.001 train_loss:3.7672 train_time:259582ms step_avg:233.65ms
step:1122/5100 lr:0.001 train_loss:3.8850 train_time:259779ms step_avg:233.61ms
step:1123/5100 lr:0.001 train_loss:3.9285 train_time:259975ms step_avg:233.58ms
step:1124/5100 lr:0.001 train_loss:3.9468 train_time:260171ms step_avg:233.55ms
step:1125/5100 lr:0.001 train_loss:3.9763 train_time:260368ms step_avg:233.51ms
step:1125/5100 val_loss:3.9634 train_time:260379ms step_avg:233.52ms
step:1126/5100 lr:0.001 train_loss:4.0918 train_time:264407ms step_avg:236.92ms
step:1127/5100 lr:0.001 train_loss:3.8063 train_time:264611ms step_avg:236.89ms
step:1128/5100 lr:0.001 train_loss:4.1457 train_time:264807ms step_avg:236.86ms
step:1129/5100 lr:0.001 train_loss:3.6804 train_time:265012ms step_avg:236.83ms
step:1130/5100 lr:0.001 train_loss:3.8185 train_time:265210ms step_avg:236.79ms
step:1131/5100 lr:0.001 train_loss:3.9108 train_time:265407ms step_avg:236.76ms
step:1132/5100 lr:0.001 train_loss:3.9681 train_time:265606ms step_avg:236.73ms
step:1133/5100 lr:0.001 train_loss:4.1677 train_time:265802ms step_avg:236.69ms
step:1134/5100 lr:0.001 train_loss:4.1061 train_time:266000ms step_avg:236.66ms
step:1135/5100 lr:0.001 train_loss:3.8600 train_time:266196ms step_avg:236.62ms
step:1136/5100 lr:0.001 train_loss:3.7774 train_time:266393ms step_avg:236.58ms
step:1137/5100 lr:0.001 train_loss:4.1245 train_time:266590ms step_avg:236.55ms
step:1138/5100 lr:0.001 train_loss:4.0243 train_time:266792ms step_avg:236.52ms
step:1139/5100 lr:0.001 train_loss:3.9258 train_time:266988ms step_avg:236.48ms
step:1140/5100 lr:0.001 train_loss:4.0383 train_time:267395ms step_avg:236.63ms
step:1141/5100 lr:0.001 train_loss:4.0610 train_time:267598ms step_avg:236.60ms
step:1142/5100 lr:0.001 train_loss:3.9255 train_time:267794ms step_avg:236.57ms
step:1143/5100 lr:0.001 train_loss:3.8858 train_time:268195ms step_avg:236.71ms
step:1144/5100 lr:0.001 train_loss:4.1066 train_time:268391ms step_avg:236.68ms
step:1145/5100 lr:0.001 train_loss:3.9575 train_time:268587ms step_avg:236.64ms
step:1146/5100 lr:0.001 train_loss:3.9845 train_time:268784ms step_avg:236.61ms
step:1147/5100 lr:0.001 train_loss:3.8869 train_time:268980ms step_avg:236.57ms
step:1148/5100 lr:0.001 train_loss:3.9607 train_time:269177ms step_avg:236.53ms
step:1149/5100 lr:0.001 train_loss:4.1906 train_time:269373ms step_avg:236.50ms
step:1150/5100 lr:0.001 train_loss:3.9863 train_time:269569ms step_avg:236.46ms
step:1151/5100 lr:0.001 train_loss:3.9894 train_time:269766ms step_avg:236.43ms
step:1152/5100 lr:0.001 train_loss:3.8273 train_time:269964ms step_avg:236.40ms
step:1153/5100 lr:0.001 train_loss:3.7333 train_time:270161ms step_avg:236.36ms
step:1154/5100 lr:0.001 train_loss:3.8745 train_time:270358ms step_avg:236.33ms
step:1155/5100 lr:0.001 train_loss:4.3182 train_time:270554ms step_avg:236.29ms
step:1156/5100 lr:0.001 train_loss:4.0835 train_time:270750ms step_avg:236.26ms
step:1157/5100 lr:0.001 train_loss:4.0166 train_time:270946ms step_avg:236.22ms
step:1158/5100 lr:0.001 train_loss:3.9325 train_time:271143ms step_avg:236.19ms
step:1159/5100 lr:0.001 train_loss:4.1454 train_time:271339ms step_avg:236.15ms
step:1160/5100 lr:0.001 train_loss:4.0750 train_time:271535ms step_avg:236.12ms
step:1161/5100 lr:0.001 train_loss:3.7866 train_time:271731ms step_avg:236.08ms
step:1162/5100 lr:0.001 train_loss:3.8374 train_time:271927ms step_avg:236.05ms
step:1163/5100 lr:0.001 train_loss:3.7900 train_time:272124ms step_avg:236.01ms
step:1164/5100 lr:0.001 train_loss:3.7267 train_time:272320ms step_avg:235.98ms
step:1165/5100 lr:0.001 train_loss:3.8904 train_time:272516ms step_avg:235.94ms
step:1166/5100 lr:0.001 train_loss:3.9445 train_time:272713ms step_avg:235.91ms
step:1167/5100 lr:0.001 train_loss:3.8881 train_time:272915ms step_avg:235.88ms
step:1168/5100 lr:0.001 train_loss:3.8021 train_time:273111ms step_avg:235.85ms
step:1169/5100 lr:0.001 train_loss:3.9013 train_time:273307ms step_avg:235.81ms
step:1170/5100 lr:0.001 train_loss:3.8267 train_time:273504ms step_avg:235.78ms
step:1171/5100 lr:0.001 train_loss:4.0211 train_time:273700ms step_avg:235.74ms
step:1172/5100 lr:0.001 train_loss:3.8075 train_time:273896ms step_avg:235.71ms
step:1173/5100 lr:0.001 train_loss:3.8843 train_time:274092ms step_avg:235.68ms
step:1174/5100 lr:0.001 train_loss:3.8661 train_time:274288ms step_avg:235.64ms
step:1175/5100 lr:0.001 train_loss:3.8883 train_time:274490ms step_avg:235.61ms
step:1176/5100 lr:0.001 train_loss:4.1273 train_time:274686ms step_avg:235.58ms
step:1177/5100 lr:0.001 train_loss:3.6619 train_time:274882ms step_avg:235.55ms
step:1178/5100 lr:0.001 train_loss:3.9383 train_time:275078ms step_avg:235.51ms
step:1179/5100 lr:0.001 train_loss:3.9917 train_time:275274ms step_avg:235.48ms
step:1180/5100 lr:0.001 train_loss:3.7875 train_time:275471ms step_avg:235.44ms
step:1181/5100 lr:0.001 train_loss:3.9860 train_time:275669ms step_avg:235.41ms
step:1182/5100 lr:0.001 train_loss:3.9304 train_time:275867ms step_avg:235.38ms
step:1183/5100 lr:0.001 train_loss:3.9918 train_time:276063ms step_avg:235.35ms
step:1184/5100 lr:0.001 train_loss:3.5826 train_time:276259ms step_avg:235.31ms
step:1185/5100 lr:0.001 train_loss:3.9456 train_time:276456ms step_avg:235.28ms
step:1186/5100 lr:0.001 train_loss:3.8134 train_time:276654ms step_avg:235.25ms
step:1187/5100 lr:0.001 train_loss:4.2458 train_time:276851ms step_avg:235.22ms
step:1188/5100 lr:0.001 train_loss:4.1385 train_time:277080ms step_avg:235.21ms
step:1189/5100 lr:0.001 train_loss:3.8444 train_time:277276ms step_avg:235.18ms
step:1190/5100 lr:0.001 train_loss:3.8060 train_time:277472ms step_avg:235.15ms
step:1191/5100 lr:0.001 train_loss:3.9689 train_time:277670ms step_avg:235.11ms
step:1192/5100 lr:0.001 train_loss:3.7498 train_time:277866ms step_avg:235.08ms
step:1193/5100 lr:0.001 train_loss:4.0310 train_time:278063ms step_avg:235.05ms
step:1194/5100 lr:0.001 train_loss:4.2543 train_time:278259ms step_avg:235.02ms
step:1195/5100 lr:0.001 train_loss:3.8907 train_time:278458ms step_avg:234.99ms
step:1196/5100 lr:0.001 train_loss:3.8410 train_time:278654ms step_avg:234.95ms
step:1197/5100 lr:0.001 train_loss:4.1214 train_time:278850ms step_avg:234.92ms
step:1198/5100 lr:0.001 train_loss:3.8767 train_time:279046ms step_avg:234.89ms
step:1199/5100 lr:0.001 train_loss:3.7574 train_time:279242ms step_avg:234.85ms
step:1200/5100 lr:0.001 train_loss:3.7505 train_time:279438ms step_avg:234.82ms
step:1201/5100 lr:0.001 train_loss:3.7662 train_time:279913ms step_avg:235.02ms
step:1202/5100 lr:0.001 train_loss:3.8897 train_time:280343ms step_avg:235.19ms
step:1203/5100 lr:0.001 train_loss:3.9368 train_time:280775ms step_avg:235.35ms
step:1204/5100 lr:0.001 train_loss:4.0933 train_time:281204ms step_avg:235.51ms
step:1205/5100 lr:0.001 train_loss:3.9491 train_time:281633ms step_avg:235.68ms
step:1206/5100 lr:0.001 train_loss:3.9236 train_time:282062ms step_avg:235.84ms
step:1207/5100 lr:0.001 train_loss:3.8088 train_time:282492ms step_avg:236.00ms
step:1208/5100 lr:0.001 train_loss:3.8367 train_time:282922ms step_avg:236.16ms
step:1209/5100 lr:0.001 train_loss:3.9442 train_time:283352ms step_avg:236.32ms
step:1210/5100 lr:0.001 train_loss:4.0107 train_time:283782ms step_avg:236.48ms
step:1211/5100 lr:0.001 train_loss:3.7693 train_time:284212ms step_avg:236.65ms
step:1212/5100 lr:0.001 train_loss:3.6504 train_time:284642ms step_avg:236.81ms
step:1213/5100 lr:0.001 train_loss:3.5921 train_time:285072ms step_avg:236.97ms
step:1214/5100 lr:0.001 train_loss:3.9081 train_time:285504ms step_avg:237.13ms
step:1215/5100 lr:0.001 train_loss:3.9586 train_time:285933ms step_avg:237.29ms
step:1216/5100 lr:0.001 train_loss:3.8178 train_time:286363ms step_avg:237.45ms
step:1217/5100 lr:0.001 train_loss:3.7099 train_time:286793ms step_avg:237.61ms
step:1218/5100 lr:0.001 train_loss:4.0260 train_time:287223ms step_avg:237.77ms
step:1219/5100 lr:0.001 train_loss:3.7327 train_time:287652ms step_avg:237.93ms
step:1220/5100 lr:0.001 train_loss:3.8254 train_time:288082ms step_avg:238.08ms
step:1221/5100 lr:0.001 train_loss:3.8524 train_time:288512ms step_avg:238.24ms
step:1222/5100 lr:0.001 train_loss:3.8691 train_time:288942ms step_avg:238.40ms
step:1223/5100 lr:0.001 train_loss:3.8079 train_time:289372ms step_avg:238.56ms
step:1224/5100 lr:0.001 train_loss:4.0431 train_time:289802ms step_avg:238.72ms
step:1225/5100 lr:0.001 train_loss:3.8156 train_time:290232ms step_avg:238.87ms
step:1226/5100 lr:0.001 train_loss:3.6690 train_time:290662ms step_avg:239.03ms
step:1227/5100 lr:0.001 train_loss:3.6045 train_time:291092ms step_avg:239.19ms
step:1228/5100 lr:0.001 train_loss:3.7257 train_time:291522ms step_avg:239.34ms
step:1229/5100 lr:0.001 train_loss:3.7019 train_time:291952ms step_avg:239.50ms
step:1230/5100 lr:0.001 train_loss:3.7408 train_time:292382ms step_avg:239.66ms
step:1231/5100 lr:0.001 train_loss:3.8263 train_time:292811ms step_avg:239.81ms
step:1232/5100 lr:0.001 train_loss:3.7526 train_time:293242ms step_avg:239.97ms
step:1233/5100 lr:0.001 train_loss:4.0115 train_time:293672ms step_avg:240.12ms
step:1234/5100 lr:0.001 train_loss:4.0763 train_time:294103ms step_avg:240.28ms
step:1235/5100 lr:0.001 train_loss:3.9861 train_time:294532ms step_avg:240.43ms
step:1236/5100 lr:0.001 train_loss:3.8733 train_time:294964ms step_avg:240.59ms
step:1237/5100 lr:0.001 train_loss:4.0528 train_time:295395ms step_avg:240.75ms
step:1238/5100 lr:0.001 train_loss:3.7750 train_time:295826ms step_avg:240.90ms
step:1239/5100 lr:0.001 train_loss:3.7035 train_time:296255ms step_avg:241.05ms
step:1240/5100 lr:0.001 train_loss:3.6295 train_time:296686ms step_avg:241.21ms
step:1241/5100 lr:0.001 train_loss:3.6594 train_time:297116ms step_avg:241.36ms
step:1242/5100 lr:0.001 train_loss:3.7182 train_time:297546ms step_avg:241.51ms
step:1243/5100 lr:0.001 train_loss:3.6424 train_time:297976ms step_avg:241.67ms
step:1244/5100 lr:0.001 train_loss:3.8615 train_time:298406ms step_avg:241.82ms
step:1245/5100 lr:0.001 train_loss:3.7332 train_time:298836ms step_avg:241.97ms
step:1246/5100 lr:0.001 train_loss:3.8101 train_time:299266ms step_avg:242.12ms
step:1247/5100 lr:0.001 train_loss:3.8740 train_time:299696ms step_avg:242.28ms
step:1248/5100 lr:0.001 train_loss:3.6206 train_time:300126ms step_avg:242.43ms
step:1249/5100 lr:0.001 train_loss:3.7032 train_time:300563ms step_avg:242.58ms
step:1250/5100 lr:0.001 train_loss:3.8428 train_time:300993ms step_avg:242.74ms
step:1250/5100 val_loss:3.7678 train_time:301003ms step_avg:242.74ms
step:1251/5100 lr:0.001 train_loss:3.9785 train_time:305255ms step_avg:245.98ms
step:1252/5100 lr:0.001 train_loss:3.8285 train_time:305685ms step_avg:246.12ms
step:1253/5100 lr:0.001 train_loss:3.7064 train_time:306116ms step_avg:246.27ms
step:1254/5100 lr:0.001 train_loss:3.7822 train_time:306546ms step_avg:246.42ms
step:1255/5100 lr:0.001 train_loss:3.7845 train_time:306976ms step_avg:246.57ms
step:1256/5100 lr:0.001 train_loss:3.7659 train_time:307407ms step_avg:246.72ms
step:1257/5100 lr:0.001 train_loss:3.9410 train_time:307838ms step_avg:246.86ms
step:1258/5100 lr:0.001 train_loss:3.8529 train_time:308268ms step_avg:247.01ms
step:1259/5100 lr:0.001 train_loss:3.8666 train_time:308698ms step_avg:247.16ms
step:1260/5100 lr:0.001 train_loss:3.8382 train_time:309129ms step_avg:247.30ms
step:1261/5100 lr:0.001 train_loss:3.7587 train_time:309559ms step_avg:247.45ms
step:1262/5100 lr:0.001 train_loss:3.7439 train_time:309989ms step_avg:247.60ms
step:1263/5100 lr:0.001 train_loss:3.6058 train_time:310419ms step_avg:247.74ms
step:1264/5100 lr:0.001 train_loss:3.5103 train_time:310849ms step_avg:247.89ms
step:1265/5100 lr:0.001 train_loss:3.8641 train_time:311279ms step_avg:248.03ms
step:1266/5100 lr:0.001 train_loss:3.5563 train_time:311709ms step_avg:248.18ms
step:1267/5100 lr:0.001 train_loss:3.9260 train_time:312139ms step_avg:248.32ms
step:1268/5100 lr:0.001 train_loss:3.8117 train_time:312570ms step_avg:248.47ms
step:1269/5100 lr:0.001 train_loss:3.8056 train_time:313000ms step_avg:248.61ms
step:1270/5100 lr:0.001 train_loss:3.8907 train_time:313430ms step_avg:248.75ms
step:1271/5100 lr:0.001 train_loss:3.6983 train_time:313859ms step_avg:248.90ms
step:1272/5100 lr:0.001 train_loss:3.7220 train_time:314289ms step_avg:249.04ms
step:1273/5100 lr:0.001 train_loss:3.6441 train_time:314719ms step_avg:249.18ms
step:1274/5100 lr:0.001 train_loss:3.6522 train_time:315150ms step_avg:249.33ms
step:1275/5100 lr:0.001 train_loss:3.6732 train_time:315580ms step_avg:249.47ms
step:1276/5100 lr:0.001 train_loss:3.7394 train_time:316010ms step_avg:249.61ms
step:1277/5100 lr:0.001 train_loss:3.7056 train_time:316440ms step_avg:249.76ms
step:1278/5100 lr:0.001 train_loss:3.8727 train_time:316870ms step_avg:249.90ms
step:1279/5100 lr:0.001 train_loss:3.8558 train_time:317300ms step_avg:250.04ms
step:1280/5100 lr:0.001 train_loss:3.8435 train_time:317730ms step_avg:250.18ms
step:1281/5100 lr:0.001 train_loss:3.7138 train_time:318162ms step_avg:250.32ms
step:1282/5100 lr:0.001 train_loss:3.5524 train_time:318591ms step_avg:250.46ms
step:1283/5100 lr:0.001 train_loss:3.6348 train_time:319021ms step_avg:250.61ms
step:1284/5100 lr:0.001 train_loss:3.8516 train_time:319451ms step_avg:250.75ms
step:1285/5100 lr:0.001 train_loss:3.7705 train_time:319880ms step_avg:250.89ms
step:1286/5100 lr:0.001 train_loss:3.8399 train_time:320310ms step_avg:251.03ms
step:1287/5100 lr:0.001 train_loss:3.7984 train_time:320740ms step_avg:251.17ms
step:1288/5100 lr:0.001 train_loss:3.7670 train_time:321170ms step_avg:251.31ms
step:1289/5100 lr:0.001 train_loss:3.6177 train_time:321600ms step_avg:251.45ms
step:1290/5100 lr:0.001 train_loss:3.6849 train_time:322030ms step_avg:251.59ms
step:1291/5100 lr:0.001 train_loss:3.6660 train_time:322461ms step_avg:251.73ms
step:1292/5100 lr:0.001 train_loss:3.6137 train_time:322891ms step_avg:251.86ms
step:1293/5100 lr:0.001 train_loss:3.7610 train_time:323320ms step_avg:252.00ms
step:1294/5100 lr:0.001 train_loss:3.7930 train_time:323752ms step_avg:252.14ms
step:1295/5100 lr:0.001 train_loss:3.8176 train_time:324183ms step_avg:252.28ms
step:1296/5100 lr:0.001 train_loss:3.8394 train_time:324612ms step_avg:252.42ms
step:1297/5100 lr:0.001 train_loss:3.4847 train_time:325043ms step_avg:252.56ms
step:1298/5100 lr:0.001 train_loss:3.6276 train_time:325474ms step_avg:252.70ms
step:1299/5100 lr:0.001 train_loss:3.8354 train_time:325904ms step_avg:252.83ms
step:1300/5100 lr:0.001 train_loss:3.5713 train_time:326335ms step_avg:252.97ms
step:1301/5100 lr:0.001 train_loss:3.8421 train_time:326765ms step_avg:253.11ms
step:1302/5100 lr:0.001 train_loss:3.7394 train_time:327196ms step_avg:253.25ms
step:1303/5100 lr:0.001 train_loss:3.8896 train_time:327627ms step_avg:253.38ms
step:1304/5100 lr:0.001 train_loss:3.8335 train_time:328057ms step_avg:253.52ms
step:1305/5100 lr:0.001 train_loss:3.9722 train_time:328488ms step_avg:253.66ms
step:1306/5100 lr:0.001 train_loss:3.6237 train_time:328925ms step_avg:253.80ms
step:1307/5100 lr:0.001 train_loss:4.1195 train_time:329355ms step_avg:253.94ms
step:1308/5100 lr:0.001 train_loss:3.7101 train_time:329786ms step_avg:254.07ms
step:1309/5100 lr:0.001 train_loss:3.8752 train_time:330216ms step_avg:254.21ms
step:1310/5100 lr:0.001 train_loss:4.0517 train_time:330647ms step_avg:254.34ms
step:1311/5100 lr:0.001 train_loss:3.6630 train_time:331078ms step_avg:254.48ms
step:1312/5100 lr:0.001 train_loss:3.5974 train_time:331508ms step_avg:254.61ms
step:1313/5100 lr:0.001 train_loss:3.7866 train_time:331938ms step_avg:254.75ms
step:1314/5100 lr:0.001 train_loss:3.7171 train_time:332371ms step_avg:254.89ms
step:1315/5100 lr:0.001 train_loss:3.7080 train_time:332801ms step_avg:255.02ms
step:1316/5100 lr:0.001 train_loss:3.8067 train_time:333234ms step_avg:255.16ms
step:1317/5100 lr:0.001 train_loss:3.4325 train_time:333665ms step_avg:255.29ms
step:1318/5100 lr:0.001 train_loss:3.6390 train_time:334095ms step_avg:255.42ms
step:1319/5100 lr:0.001 train_loss:3.7362 train_time:334526ms step_avg:255.56ms
step:1320/5100 lr:0.001 train_loss:3.8374 train_time:334990ms step_avg:255.72ms
step:1321/5100 lr:0.001 train_loss:3.4959 train_time:335420ms step_avg:255.85ms
step:1322/5100 lr:0.001 train_loss:3.7116 train_time:335850ms step_avg:255.98ms
step:1323/5100 lr:0.001 train_loss:3.8661 train_time:336280ms step_avg:256.12ms
step:1324/5100 lr:0.001 train_loss:3.8115 train_time:336710ms step_avg:256.25ms
step:1325/5100 lr:0.001 train_loss:3.6963 train_time:337140ms step_avg:256.38ms
step:1326/5100 lr:0.001 train_loss:3.7449 train_time:337570ms step_avg:256.51ms
step:1327/5100 lr:0.001 train_loss:3.9731 train_time:338001ms step_avg:256.64ms
step:1328/5100 lr:0.001 train_loss:4.0314 train_time:338431ms step_avg:256.78ms
step:1329/5100 lr:0.001 train_loss:3.7750 train_time:338860ms step_avg:256.91ms
step:1330/5100 lr:0.001 train_loss:3.5801 train_time:339496ms step_avg:257.19ms
step:1331/5100 lr:0.001 train_loss:3.9941 train_time:339926ms step_avg:257.32ms
step:1332/5100 lr:0.001 train_loss:3.7631 train_time:340357ms step_avg:257.46ms
step:1333/5100 lr:0.001 train_loss:3.9656 train_time:340787ms step_avg:257.59ms
step:1334/5100 lr:0.001 train_loss:3.6286 train_time:341416ms step_avg:257.87ms
step:1335/5100 lr:0.001 train_loss:3.6707 train_time:341847ms step_avg:258.00ms
step:1336/5100 lr:0.001 train_loss:3.6966 train_time:342278ms step_avg:258.13ms
step:1337/5100 lr:0.001 train_loss:3.7723 train_time:342709ms step_avg:258.26ms
step:1338/5100 lr:0.001 train_loss:3.6299 train_time:343139ms step_avg:258.39ms
step:1339/5100 lr:0.001 train_loss:3.6109 train_time:343569ms step_avg:258.52ms
step:1340/5100 lr:0.001 train_loss:3.6342 train_time:343999ms step_avg:258.65ms
step:1341/5100 lr:0.001 train_loss:3.7012 train_time:344430ms step_avg:258.78ms
step:1342/5100 lr:0.001 train_loss:3.5863 train_time:344861ms step_avg:258.90ms
step:1343/5100 lr:0.001 train_loss:3.7323 train_time:345291ms step_avg:259.03ms
step:1344/5100 lr:0.001 train_loss:3.6652 train_time:345722ms step_avg:259.16ms
step:1345/5100 lr:0.001 train_loss:3.6697 train_time:346151ms step_avg:259.29ms
step:1346/5100 lr:0.001 train_loss:3.8165 train_time:346581ms step_avg:259.42ms
step:1347/5100 lr:0.001 train_loss:3.7220 train_time:347011ms step_avg:259.54ms
step:1348/5100 lr:0.001 train_loss:3.6505 train_time:347440ms step_avg:259.67ms
step:1349/5100 lr:0.001 train_loss:3.6048 train_time:347870ms step_avg:259.80ms
step:1350/5100 lr:0.001 train_loss:3.6507 train_time:348300ms step_avg:259.93ms
step:1351/5100 lr:0.001 train_loss:4.1333 train_time:348730ms step_avg:260.05ms
step:1352/5100 lr:0.001 train_loss:3.6620 train_time:349160ms step_avg:260.18ms
step:1353/5100 lr:0.001 train_loss:3.7712 train_time:349590ms step_avg:260.31ms
step:1354/5100 lr:0.001 train_loss:3.9725 train_time:350022ms step_avg:260.43ms
step:1355/5100 lr:0.001 train_loss:3.6250 train_time:350451ms step_avg:260.56ms
step:1356/5100 lr:0.001 train_loss:3.6686 train_time:350882ms step_avg:260.69ms
step:1357/5100 lr:0.001 train_loss:3.5917 train_time:351312ms step_avg:260.81ms
step:1358/5100 lr:0.001 train_loss:3.7995 train_time:351742ms step_avg:260.94ms
step:1359/5100 lr:0.001 train_loss:3.6692 train_time:352173ms step_avg:261.06ms
step:1360/5100 lr:0.001 train_loss:3.9714 train_time:352604ms step_avg:261.19ms
step:1361/5100 lr:0.001 train_loss:4.0562 train_time:353036ms step_avg:261.31ms
step:1362/5100 lr:0.001 train_loss:4.0054 train_time:353467ms step_avg:261.44ms
step:1363/5100 lr:0.001 train_loss:3.5454 train_time:353897ms step_avg:261.56ms
step:1364/5100 lr:0.001 train_loss:3.7664 train_time:354328ms step_avg:261.69ms
step:1365/5100 lr:0.001 train_loss:3.6928 train_time:354759ms step_avg:261.81ms
step:1366/5100 lr:0.001 train_loss:3.5066 train_time:355189ms step_avg:261.94ms
step:1367/5100 lr:0.001 train_loss:3.5287 train_time:355619ms step_avg:262.06ms
step:1368/5100 lr:0.001 train_loss:3.5188 train_time:356049ms step_avg:262.19ms
step:1369/5100 lr:0.001 train_loss:3.7099 train_time:356480ms step_avg:262.31ms
step:1370/5100 lr:0.001 train_loss:3.7166 train_time:356910ms step_avg:262.43ms
step:1371/5100 lr:0.001 train_loss:3.7303 train_time:357340ms step_avg:262.56ms
step:1372/5100 lr:0.001 train_loss:3.9196 train_time:357770ms step_avg:262.68ms
step:1373/5100 lr:0.001 train_loss:3.7623 train_time:358202ms step_avg:262.80ms
step:1374/5100 lr:0.001 train_loss:3.5509 train_time:358631ms step_avg:262.93ms
step:1375/5100 lr:0.001 train_loss:3.7345 train_time:359061ms step_avg:263.05ms
step:1375/5100 val_loss:3.6935 train_time:359071ms step_avg:263.06ms
step:1376/5100 lr:0.001 train_loss:3.6467 train_time:363386ms step_avg:266.02ms
step:1377/5100 lr:0.001 train_loss:3.7342 train_time:363815ms step_avg:266.14ms
step:1378/5100 lr:0.001 train_loss:3.9075 train_time:364246ms step_avg:266.26ms
step:1379/5100 lr:0.001 train_loss:3.6380 train_time:364676ms step_avg:266.38ms
step:1380/5100 lr:0.001 train_loss:3.6690 train_time:365106ms step_avg:266.50ms
step:1381/5100 lr:0.001 train_loss:3.6135 train_time:365537ms step_avg:266.62ms
step:1382/5100 lr:0.001 train_loss:3.7019 train_time:365967ms step_avg:266.74ms
step:1383/5100 lr:0.001 train_loss:3.8042 train_time:366398ms step_avg:266.86ms
step:1384/5100 lr:0.001 train_loss:3.6640 train_time:366827ms step_avg:266.98ms
step:1385/5100 lr:0.001 train_loss:3.5669 train_time:367257ms step_avg:267.10ms
step:1386/5100 lr:0.001 train_loss:3.6752 train_time:367688ms step_avg:267.21ms
step:1387/5100 lr:0.001 train_loss:3.5900 train_time:368118ms step_avg:267.33ms
step:1388/5100 lr:0.001 train_loss:3.7095 train_time:368548ms step_avg:267.45ms
step:1389/5100 lr:0.001 train_loss:3.4193 train_time:368978ms step_avg:267.57ms
step:1390/5100 lr:0.001 train_loss:3.6088 train_time:369408ms step_avg:267.69ms
step:1391/5100 lr:0.001 train_loss:3.7726 train_time:369838ms step_avg:267.80ms
step:1392/5100 lr:0.001 train_loss:3.7994 train_time:370268ms step_avg:267.92ms
step:1393/5100 lr:0.001 train_loss:4.0064 train_time:370713ms step_avg:268.05ms
step:1394/5100 lr:0.001 train_loss:3.7402 train_time:371144ms step_avg:268.17ms
step:1395/5100 lr:0.001 train_loss:3.8361 train_time:371574ms step_avg:268.28ms
step:1396/5100 lr:0.001 train_loss:3.7167 train_time:372004ms step_avg:268.40ms
step:1397/5100 lr:0.001 train_loss:3.5558 train_time:372434ms step_avg:268.52ms
step:1398/5100 lr:0.001 train_loss:3.8522 train_time:372865ms step_avg:268.63ms
step:1399/5100 lr:0.001 train_loss:3.5773 train_time:373296ms step_avg:268.75ms
step:1400/5100 lr:0.001 train_loss:3.6044 train_time:373726ms step_avg:268.87ms
step:1401/5100 lr:0.001 train_loss:3.5977 train_time:374157ms step_avg:268.98ms
step:1402/5100 lr:0.001 train_loss:3.6179 train_time:374588ms step_avg:269.10ms
step:1403/5100 lr:0.001 train_loss:3.8915 train_time:375018ms step_avg:269.22ms
step:1404/5100 lr:0.001 train_loss:4.2858 train_time:375450ms step_avg:269.33ms
step:1405/5100 lr:0.001 train_loss:3.7159 train_time:375879ms step_avg:269.45ms
step:1406/5100 lr:0.001 train_loss:3.6785 train_time:376309ms step_avg:269.56ms
step:1407/5100 lr:0.001 train_loss:3.7115 train_time:376739ms step_avg:269.68ms
step:1408/5100 lr:0.001 train_loss:3.5277 train_time:377170ms step_avg:269.79ms
step:1409/5100 lr:0.001 train_loss:3.5374 train_time:377599ms step_avg:269.91ms
step:1410/5100 lr:0.001 train_loss:3.7158 train_time:378029ms step_avg:270.02ms
step:1411/5100 lr:0.001 train_loss:3.8524 train_time:378458ms step_avg:270.13ms
step:1412/5100 lr:0.001 train_loss:4.1965 train_time:378888ms step_avg:270.25ms
step:1413/5100 lr:0.001 train_loss:3.8994 train_time:379318ms step_avg:270.36ms
step:1414/5100 lr:0.001 train_loss:3.8621 train_time:379748ms step_avg:270.48ms
step:1415/5100 lr:0.001 train_loss:3.7239 train_time:380178ms step_avg:270.59ms
step:1416/5100 lr:0.001 train_loss:3.6825 train_time:380607ms step_avg:270.70ms
step:1417/5100 lr:0.001 train_loss:3.6722 train_time:381050ms step_avg:270.82ms
step:1418/5100 lr:0.001 train_loss:3.3059 train_time:381480ms step_avg:270.94ms
step:1419/5100 lr:0.001 train_loss:3.1507 train_time:381910ms step_avg:271.05ms
step:1420/5100 lr:0.001 train_loss:3.8202 train_time:382340ms step_avg:271.16ms
step:1421/5100 lr:0.001 train_loss:3.8522 train_time:382769ms step_avg:271.28ms
step:1422/5100 lr:0.001 train_loss:3.6518 train_time:383199ms step_avg:271.39ms
step:1423/5100 lr:0.001 train_loss:3.5126 train_time:383628ms step_avg:271.50ms
step:1424/5100 lr:0.001 train_loss:3.7888 train_time:384059ms step_avg:271.61ms
step:1425/5100 lr:0.001 train_loss:3.4733 train_time:384489ms step_avg:271.72ms
step:1426/5100 lr:0.001 train_loss:3.5783 train_time:384919ms step_avg:271.84ms
step:1427/5100 lr:0.001 train_loss:3.9761 train_time:385349ms step_avg:271.95ms
step:1428/5100 lr:0.001 train_loss:3.5753 train_time:385779ms step_avg:272.06ms
step:1429/5100 lr:0.001 train_loss:3.6999 train_time:386208ms step_avg:272.17ms
step:1430/5100 lr:0.001 train_loss:3.6499 train_time:386638ms step_avg:272.28ms
step:1431/5100 lr:0.001 train_loss:3.6835 train_time:387075ms step_avg:272.40ms
step:1432/5100 lr:0.001 train_loss:3.5993 train_time:387506ms step_avg:272.51ms
step:1433/5100 lr:0.001 train_loss:3.6067 train_time:387936ms step_avg:272.62ms
step:1434/5100 lr:0.001 train_loss:3.6909 train_time:388366ms step_avg:272.73ms
step:1435/5100 lr:0.001 train_loss:3.5541 train_time:388797ms step_avg:272.84ms
step:1436/5100 lr:0.001 train_loss:4.1172 train_time:389227ms step_avg:272.95ms
step:1437/5100 lr:0.001 train_loss:3.6060 train_time:389659ms step_avg:273.06ms
step:1438/5100 lr:0.001 train_loss:3.6378 train_time:390088ms step_avg:273.17ms
step:1439/5100 lr:0.001 train_loss:3.5840 train_time:390518ms step_avg:273.28ms
step:1440/5100 lr:0.001 train_loss:3.6019 train_time:390947ms step_avg:273.39ms
step:1441/5100 lr:0.001 train_loss:3.3751 train_time:391379ms step_avg:273.50ms
step:1442/5100 lr:0.001 train_loss:3.7934 train_time:391809ms step_avg:273.61ms
step:1443/5100 lr:0.001 train_loss:3.5738 train_time:392238ms step_avg:273.72ms
step:1444/5100 lr:0.001 train_loss:3.7888 train_time:392668ms step_avg:273.83ms
step:1445/5100 lr:0.001 train_loss:3.7596 train_time:393097ms step_avg:273.94ms
step:1446/5100 lr:0.001 train_loss:3.6388 train_time:393528ms step_avg:274.04ms
step:1447/5100 lr:0.001 train_loss:4.1196 train_time:393957ms step_avg:274.15ms
step:1448/5100 lr:0.001 train_loss:3.6623 train_time:394387ms step_avg:274.26ms
step:1449/5100 lr:0.001 train_loss:3.3476 train_time:394817ms step_avg:274.37ms
step:1450/5100 lr:0.001 train_loss:3.6199 train_time:395247ms step_avg:274.48ms
step:1451/5100 lr:0.001 train_loss:3.6180 train_time:395677ms step_avg:274.58ms
step:1452/5100 lr:0.001 train_loss:3.7366 train_time:396106ms step_avg:274.69ms
step:1453/5100 lr:0.001 train_loss:3.5936 train_time:396536ms step_avg:274.80ms
step:1454/5100 lr:0.001 train_loss:3.4360 train_time:396965ms step_avg:274.91ms
step:1455/5100 lr:0.001 train_loss:3.6172 train_time:397395ms step_avg:275.01ms
step:1456/5100 lr:0.001 train_loss:3.6039 train_time:397825ms step_avg:275.12ms
step:1457/5100 lr:0.001 train_loss:3.5266 train_time:398255ms step_avg:275.23ms
step:1458/5100 lr:0.001 train_loss:3.7276 train_time:398686ms step_avg:275.34ms
step:1459/5100 lr:0.001 train_loss:3.7554 train_time:399116ms step_avg:275.44ms
step:1460/5100 lr:0.001 train_loss:3.6607 train_time:399546ms step_avg:275.55ms
step:1461/5100 lr:0.001 train_loss:3.6325 train_time:399976ms step_avg:275.66ms
step:1462/5100 lr:0.001 train_loss:3.7670 train_time:400406ms step_avg:275.76ms
step:1463/5100 lr:0.001 train_loss:3.6701 train_time:400836ms step_avg:275.87ms
step:1464/5100 lr:0.001 train_loss:3.5763 train_time:401266ms step_avg:275.97ms
step:1465/5100 lr:0.001 train_loss:3.5846 train_time:401696ms step_avg:276.08ms
step:1466/5100 lr:0.001 train_loss:3.6079 train_time:402126ms step_avg:276.19ms
step:1467/5100 lr:0.001 train_loss:3.8047 train_time:402556ms step_avg:276.29ms
step:1468/5100 lr:0.001 train_loss:3.7331 train_time:402990ms step_avg:276.40ms
step:1469/5100 lr:0.001 train_loss:3.6460 train_time:403419ms step_avg:276.50ms
step:1470/5100 lr:0.001 train_loss:3.6960 train_time:403848ms step_avg:276.61ms
step:1471/5100 lr:0.001 train_loss:3.7006 train_time:404278ms step_avg:276.71ms
step:1472/5100 lr:0.001 train_loss:3.5826 train_time:404707ms step_avg:276.82ms
step:1473/5100 lr:0.001 train_loss:3.4788 train_time:405137ms step_avg:276.92ms
step:1474/5100 lr:0.001 train_loss:3.7234 train_time:405567ms step_avg:277.03ms
step:1475/5100 lr:0.001 train_loss:3.6884 train_time:405996ms step_avg:277.13ms
step:1476/5100 lr:0.001 train_loss:3.7985 train_time:406426ms step_avg:277.23ms
step:1477/5100 lr:0.001 train_loss:3.6073 train_time:406857ms step_avg:277.34ms
step:1478/5100 lr:0.001 train_loss:3.6776 train_time:407286ms step_avg:277.44ms
step:1479/5100 lr:0.001 train_loss:3.7787 train_time:407716ms step_avg:277.55ms
step:1480/5100 lr:0.001 train_loss:3.6672 train_time:408146ms step_avg:277.65ms
step:1481/5100 lr:0.001 train_loss:3.6010 train_time:408577ms step_avg:277.75ms
step:1482/5100 lr:0.001 train_loss:3.5298 train_time:409007ms step_avg:277.86ms
step:1483/5100 lr:0.001 train_loss:3.6153 train_time:409437ms step_avg:277.96ms
step:1484/5100 lr:0.001 train_loss:3.7056 train_time:409867ms step_avg:278.06ms
step:1485/5100 lr:0.001 train_loss:3.6242 train_time:410297ms step_avg:278.17ms
step:1486/5100 lr:0.001 train_loss:3.5875 train_time:410727ms step_avg:278.27ms
step:1487/5100 lr:0.001 train_loss:3.8104 train_time:411159ms step_avg:278.37ms
step:1488/5100 lr:0.001 train_loss:3.6099 train_time:411588ms step_avg:278.48ms
step:1489/5100 lr:0.001 train_loss:3.5425 train_time:412018ms step_avg:278.58ms
step:1490/5100 lr:0.001 train_loss:3.5152 train_time:412448ms step_avg:278.68ms
step:1491/5100 lr:0.001 train_loss:3.3502 train_time:412877ms step_avg:278.78ms
step:1492/5100 lr:0.001 train_loss:3.5334 train_time:413307ms step_avg:278.88ms
step:1493/5100 lr:0.001 train_loss:3.3801 train_time:413737ms step_avg:278.99ms
step:1494/5100 lr:0.001 train_loss:3.7267 train_time:414166ms step_avg:279.09ms
step:1495/5100 lr:0.001 train_loss:3.7730 train_time:414597ms step_avg:279.19ms
step:1496/5100 lr:0.001 train_loss:3.5469 train_time:415027ms step_avg:279.29ms
step:1497/5100 lr:0.001 train_loss:3.8586 train_time:415457ms step_avg:279.39ms
step:1498/5100 lr:0.001 train_loss:3.5646 train_time:415887ms step_avg:279.49ms
step:1499/5100 lr:0.001 train_loss:3.6589 train_time:416317ms step_avg:279.59ms
step:1500/5100 lr:0.001 train_loss:3.5343 train_time:416747ms step_avg:279.70ms
step:1500/5100 val_loss:3.6406 train_time:416757ms step_avg:279.70ms
step:1501/5100 lr:0.001 train_loss:3.7262 train_time:421070ms step_avg:282.41ms
step:1502/5100 lr:0.001 train_loss:3.5936 train_time:421500ms step_avg:282.51ms
step:1503/5100 lr:0.001 train_loss:3.6846 train_time:421938ms step_avg:282.61ms
step:1504/5100 lr:0.001 train_loss:3.5586 train_time:422368ms step_avg:282.71ms
step:1505/5100 lr:0.001 train_loss:3.4721 train_time:422797ms step_avg:282.81ms
step:1506/5100 lr:0.001 train_loss:3.6672 train_time:423227ms step_avg:282.91ms
step:1507/5100 lr:0.001 train_loss:3.7138 train_time:423658ms step_avg:283.00ms
step:1508/5100 lr:0.001 train_loss:3.7293 train_time:424088ms step_avg:283.10ms
step:1509/5100 lr:0.001 train_loss:3.5292 train_time:424518ms step_avg:283.20ms
step:1510/5100 lr:0.001 train_loss:3.4755 train_time:424947ms step_avg:283.30ms
step:1511/5100 lr:0.001 train_loss:3.6375 train_time:425377ms step_avg:283.40ms
step:1512/5100 lr:0.001 train_loss:3.5780 train_time:425816ms step_avg:283.50ms
step:1513/5100 lr:0.001 train_loss:3.6610 train_time:426247ms step_avg:283.60ms
step:1514/5100 lr:0.001 train_loss:3.5120 train_time:426677ms step_avg:283.69ms
step:1515/5100 lr:0.001 train_loss:3.6022 train_time:427109ms step_avg:283.79ms
step:1516/5100 lr:0.001 train_loss:3.6773 train_time:427538ms step_avg:283.89ms
step:1517/5100 lr:0.001 train_loss:3.6441 train_time:427970ms step_avg:283.99ms
step:1518/5100 lr:0.001 train_loss:3.6362 train_time:428400ms step_avg:284.08ms
step:1519/5100 lr:0.001 train_loss:3.6341 train_time:428829ms step_avg:284.18ms
step:1520/5100 lr:0.001 train_loss:3.6513 train_time:429462ms step_avg:284.41ms
step:1521/5100 lr:0.001 train_loss:3.5727 train_time:429892ms step_avg:284.51ms
step:1522/5100 lr:0.001 train_loss:3.8356 train_time:430323ms step_avg:284.60ms
step:1523/5100 lr:0.001 train_loss:3.7277 train_time:430753ms step_avg:284.70ms
step:1524/5100 lr:0.001 train_loss:3.5115 train_time:431383ms step_avg:284.93ms
step:1525/5100 lr:0.001 train_loss:3.6056 train_time:431815ms step_avg:285.03ms
step:1526/5100 lr:0.001 train_loss:3.7114 train_time:432245ms step_avg:285.12ms
step:1527/5100 lr:0.001 train_loss:3.6480 train_time:432676ms step_avg:285.22ms
step:1528/5100 lr:0.001 train_loss:3.7859 train_time:433107ms step_avg:285.31ms
step:1529/5100 lr:0.001 train_loss:3.6164 train_time:433537ms step_avg:285.41ms
step:1530/5100 lr:0.001 train_loss:3.6638 train_time:433968ms step_avg:285.50ms
step:1531/5100 lr:0.001 train_loss:3.6508 train_time:434398ms step_avg:285.60ms
step:1532/5100 lr:0.001 train_loss:4.0324 train_time:434828ms step_avg:285.69ms
step:1533/5100 lr:0.001 train_loss:3.8371 train_time:435258ms step_avg:285.79ms
step:1534/5100 lr:0.001 train_loss:3.4557 train_time:435687ms step_avg:285.88ms
step:1535/5100 lr:0.001 train_loss:3.5669 train_time:436117ms step_avg:285.98ms
step:1536/5100 lr:0.001 train_loss:3.6423 train_time:436547ms step_avg:286.07ms
step:1537/5100 lr:0.001 train_loss:3.5947 train_time:436978ms step_avg:286.17ms
step:1538/5100 lr:0.001 train_loss:3.6934 train_time:437415ms step_avg:286.27ms
step:1539/5100 lr:0.001 train_loss:3.6428 train_time:437846ms step_avg:286.36ms
step:1540/5100 lr:0.001 train_loss:3.5295 train_time:438278ms step_avg:286.46ms
step:1541/5100 lr:0.001 train_loss:3.5857 train_time:438708ms step_avg:286.55ms
step:1542/5100 lr:0.001 train_loss:3.9788 train_time:439138ms step_avg:286.64ms
step:1543/5100 lr:0.001 train_loss:3.5999 train_time:439568ms step_avg:286.74ms
step:1544/5100 lr:0.001 train_loss:3.6814 train_time:439998ms step_avg:286.83ms
step:1545/5100 lr:0.001 train_loss:3.5951 train_time:440428ms step_avg:286.92ms
step:1546/5100 lr:0.001 train_loss:3.5534 train_time:440859ms step_avg:287.02ms
step:1547/5100 lr:0.001 train_loss:3.5068 train_time:441289ms step_avg:287.11ms
step:1548/5100 lr:0.001 train_loss:3.6458 train_time:441719ms step_avg:287.20ms
step:1549/5100 lr:0.001 train_loss:3.7296 train_time:442148ms step_avg:287.30ms
step:1550/5100 lr:0.001 train_loss:3.5170 train_time:442578ms step_avg:287.39ms
step:1551/5100 lr:0.001 train_loss:3.6001 train_time:443008ms step_avg:287.48ms
step:1552/5100 lr:0.001 train_loss:3.5663 train_time:443438ms step_avg:287.57ms
step:1553/5100 lr:0.001 train_loss:3.6909 train_time:443868ms step_avg:287.67ms
step:1554/5100 lr:0.001 train_loss:3.5544 train_time:444298ms step_avg:287.76ms
step:1555/5100 lr:0.001 train_loss:3.5731 train_time:444729ms step_avg:287.85ms
step:1556/5100 lr:0.001 train_loss:3.6511 train_time:445160ms step_avg:287.94ms
step:1557/5100 lr:0.001 train_loss:3.5320 train_time:445590ms step_avg:288.03ms
step:1558/5100 lr:0.001 train_loss:3.6105 train_time:446019ms step_avg:288.13ms
step:1559/5100 lr:0.001 train_loss:3.5585 train_time:446449ms step_avg:288.22ms
step:1560/5100 lr:0.001 train_loss:3.5609 train_time:446879ms step_avg:288.31ms
step:1561/5100 lr:0.001 train_loss:3.6519 train_time:447309ms step_avg:288.40ms
step:1562/5100 lr:0.001 train_loss:3.4809 train_time:447739ms step_avg:288.49ms
step:1563/5100 lr:0.001 train_loss:3.5893 train_time:448169ms step_avg:288.58ms
step:1564/5100 lr:0.001 train_loss:3.7853 train_time:448599ms step_avg:288.67ms
step:1565/5100 lr:0.001 train_loss:3.5077 train_time:449032ms step_avg:288.77ms
step:1566/5100 lr:0.001 train_loss:3.6019 train_time:449462ms step_avg:288.86ms
step:1567/5100 lr:0.001 train_loss:3.8317 train_time:449893ms step_avg:288.95ms
step:1568/5100 lr:0.001 train_loss:3.4611 train_time:450324ms step_avg:289.04ms
step:1569/5100 lr:0.001 train_loss:3.4766 train_time:450754ms step_avg:289.13ms
step:1570/5100 lr:0.001 train_loss:3.5810 train_time:451184ms step_avg:289.22ms
step:1571/5100 lr:0.001 train_loss:3.5930 train_time:451615ms step_avg:289.31ms
step:1572/5100 lr:0.001 train_loss:3.4932 train_time:452045ms step_avg:289.40ms
step:1573/5100 lr:0.001 train_loss:3.7791 train_time:452476ms step_avg:289.49ms
step:1574/5100 lr:0.001 train_loss:3.7064 train_time:452906ms step_avg:289.58ms
step:1575/5100 lr:0.001 train_loss:3.4296 train_time:453336ms step_avg:289.67ms
step:1576/5100 lr:0.001 train_loss:3.6238 train_time:453767ms step_avg:289.76ms
step:1577/5100 lr:0.001 train_loss:3.5635 train_time:454197ms step_avg:289.85ms
step:1578/5100 lr:0.001 train_loss:3.5906 train_time:454627ms step_avg:289.94ms
step:1579/5100 lr:0.001 train_loss:3.7083 train_time:455057ms step_avg:290.03ms
step:1580/5100 lr:0.001 train_loss:3.5832 train_time:455486ms step_avg:290.12ms
step:1581/5100 lr:0.001 train_loss:3.6193 train_time:455916ms step_avg:290.21ms
step:1582/5100 lr:0.001 train_loss:3.5545 train_time:456347ms step_avg:290.30ms
step:1583/5100 lr:0.001 train_loss:3.4638 train_time:456777ms step_avg:290.39ms
step:1584/5100 lr:0.001 train_loss:3.5506 train_time:457207ms step_avg:290.47ms
step:1585/5100 lr:0.001 train_loss:3.6165 train_time:457637ms step_avg:290.56ms
step:1586/5100 lr:0.001 train_loss:3.5726 train_time:458067ms step_avg:290.65ms
step:1587/5100 lr:0.001 train_loss:4.0494 train_time:458499ms step_avg:290.74ms
step:1588/5100 lr:0.001 train_loss:3.5661 train_time:458928ms step_avg:290.83ms
step:1589/5100 lr:0.001 train_loss:3.6692 train_time:459360ms step_avg:290.92ms
step:1590/5100 lr:0.001 train_loss:3.3895 train_time:459791ms step_avg:291.01ms
step:1591/5100 lr:0.001 train_loss:3.7509 train_time:460226ms step_avg:291.10ms
step:1592/5100 lr:0.001 train_loss:3.5914 train_time:460657ms step_avg:291.19ms
step:1593/5100 lr:0.001 train_loss:3.7189 train_time:461087ms step_avg:291.27ms
step:1594/5100 lr:0.001 train_loss:3.5810 train_time:461526ms step_avg:291.37ms
step:1595/5100 lr:0.001 train_loss:3.5996 train_time:461956ms step_avg:291.46ms
step:1596/5100 lr:0.001 train_loss:3.6405 train_time:462386ms step_avg:291.54ms
step:1597/5100 lr:0.001 train_loss:3.6078 train_time:462816ms step_avg:291.63ms
step:1598/5100 lr:0.001 train_loss:3.6887 train_time:463246ms step_avg:291.72ms
step:1599/5100 lr:0.001 train_loss:3.9835 train_time:463676ms step_avg:291.80ms
step:1600/5100 lr:0.001 train_loss:3.5519 train_time:464106ms step_avg:291.89ms
step:1601/5100 lr:0.001 train_loss:3.5978 train_time:464536ms step_avg:291.98ms
step:1602/5100 lr:0.001 train_loss:3.7038 train_time:464967ms step_avg:292.06ms
step:1603/5100 lr:0.001 train_loss:3.7342 train_time:465397ms step_avg:292.15ms
step:1604/5100 lr:0.001 train_loss:3.5845 train_time:465830ms step_avg:292.24ms
step:1605/5100 lr:0.001 train_loss:4.0021 train_time:466260ms step_avg:292.33ms
step:1606/5100 lr:0.001 train_loss:3.7501 train_time:466698ms step_avg:292.42ms
step:1607/5100 lr:0.001 train_loss:3.4305 train_time:467128ms step_avg:292.50ms
step:1608/5100 lr:0.001 train_loss:3.6097 train_time:467557ms step_avg:292.59ms
step:1609/5100 lr:0.001 train_loss:3.4453 train_time:467987ms step_avg:292.67ms
step:1610/5100 lr:0.001 train_loss:3.8112 train_time:468417ms step_avg:292.76ms
step:1611/5100 lr:0.001 train_loss:3.5571 train_time:468847ms step_avg:292.85ms
step:1612/5100 lr:0.001 train_loss:3.6500 train_time:469277ms step_avg:292.93ms
step:1613/5100 lr:0.001 train_loss:3.6350 train_time:469707ms step_avg:293.02ms
step:1614/5100 lr:0.001 train_loss:4.0110 train_time:470138ms step_avg:293.10ms
step:1615/5100 lr:0.001 train_loss:3.8164 train_time:470567ms step_avg:293.19ms
step:1616/5100 lr:0.001 train_loss:3.7300 train_time:470997ms step_avg:293.27ms
step:1617/5100 lr:0.001 train_loss:3.5687 train_time:471427ms step_avg:293.36ms
step:1618/5100 lr:0.001 train_loss:3.6498 train_time:471858ms step_avg:293.44ms
step:1619/5100 lr:0.001 train_loss:3.5157 train_time:472288ms step_avg:293.53ms
step:1620/5100 lr:0.001 train_loss:3.6119 train_time:472718ms step_avg:293.61ms
step:1621/5100 lr:0.001 train_loss:3.7819 train_time:473147ms step_avg:293.70ms
step:1622/5100 lr:0.001 train_loss:3.8132 train_time:473577ms step_avg:293.78ms
step:1623/5100 lr:0.001 train_loss:3.5169 train_time:474007ms step_avg:293.87ms
step:1624/5100 lr:0.001 train_loss:3.7184 train_time:474437ms step_avg:293.95ms
step:1625/5100 lr:0.001 train_loss:3.6598 train_time:474868ms step_avg:294.04ms
step:1625/5100 val_loss:3.6072 train_time:474879ms step_avg:294.04ms
step:1626/5100 lr:0.001 train_loss:3.4759 train_time:479133ms step_avg:296.49ms
step:1627/5100 lr:0.001 train_loss:3.6415 train_time:479563ms step_avg:296.58ms
step:1628/5100 lr:0.001 train_loss:3.5210 train_time:479993ms step_avg:296.66ms
step:1629/5100 lr:0.001 train_loss:3.6277 train_time:480422ms step_avg:296.74ms
step:1630/5100 lr:0.001 train_loss:3.6112 train_time:480852ms step_avg:296.82ms
step:1631/5100 lr:0.001 train_loss:3.5380 train_time:481282ms step_avg:296.90ms
step:1632/5100 lr:0.001 train_loss:3.6253 train_time:481712ms step_avg:296.99ms
step:1633/5100 lr:0.001 train_loss:3.6397 train_time:482141ms step_avg:297.07ms
step:1634/5100 lr:0.001 train_loss:3.6245 train_time:482574ms step_avg:297.15ms
step:1635/5100 lr:0.001 train_loss:3.4974 train_time:483004ms step_avg:297.23ms
step:1636/5100 lr:0.001 train_loss:3.3956 train_time:483433ms step_avg:297.31ms
step:1637/5100 lr:0.001 train_loss:3.5651 train_time:483864ms step_avg:297.40ms
step:1638/5100 lr:0.001 train_loss:3.6126 train_time:484293ms step_avg:297.48ms
step:1639/5100 lr:0.001 train_loss:3.4500 train_time:484722ms step_avg:297.56ms
step:1640/5100 lr:0.001 train_loss:3.6606 train_time:485152ms step_avg:297.64ms
step:1641/5100 lr:0.001 train_loss:3.7807 train_time:485582ms step_avg:297.72ms
step:1642/5100 lr:0.001 train_loss:3.8168 train_time:486012ms step_avg:297.80ms
step:1643/5100 lr:0.001 train_loss:4.1801 train_time:486443ms step_avg:297.88ms
step:1644/5100 lr:0.001 train_loss:3.6821 train_time:486879ms step_avg:297.97ms
step:1645/5100 lr:0.001 train_loss:3.6459 train_time:487309ms step_avg:298.05ms
step:1646/5100 lr:0.001 train_loss:3.7850 train_time:487739ms step_avg:298.13ms
step:1647/5100 lr:0.001 train_loss:3.7410 train_time:488169ms step_avg:298.21ms
step:1648/5100 lr:0.001 train_loss:3.4879 train_time:488599ms step_avg:298.29ms
step:1649/5100 lr:0.001 train_loss:3.6346 train_time:489030ms step_avg:298.37ms
step:1650/5100 lr:0.001 train_loss:3.2686 train_time:489460ms step_avg:298.45ms
step:1651/5100 lr:0.001 train_loss:3.6382 train_time:489890ms step_avg:298.53ms
step:1652/5100 lr:0.001 train_loss:3.6004 train_time:490320ms step_avg:298.61ms
step:1653/5100 lr:0.001 train_loss:3.5490 train_time:490750ms step_avg:298.69ms
step:1654/5100 lr:0.001 train_loss:3.5237 train_time:491180ms step_avg:298.77ms
step:1655/5100 lr:0.001 train_loss:3.5919 train_time:491610ms step_avg:298.85ms
step:1656/5100 lr:0.001 train_loss:3.6059 train_time:492040ms step_avg:298.93ms
step:1657/5100 lr:0.001 train_loss:3.8256 train_time:492470ms step_avg:299.01ms
step:1658/5100 lr:0.001 train_loss:3.4918 train_time:492901ms step_avg:299.09ms
step:1659/5100 lr:0.001 train_loss:3.5257 train_time:493335ms step_avg:299.17ms
step:1660/5100 lr:0.001 train_loss:3.6084 train_time:493767ms step_avg:299.25ms
step:1661/5100 lr:0.001 train_loss:3.5730 train_time:494197ms step_avg:299.33ms
step:1662/5100 lr:0.001 train_loss:3.5194 train_time:494626ms step_avg:299.41ms
step:1663/5100 lr:0.001 train_loss:3.5429 train_time:495056ms step_avg:299.49ms
step:1664/5100 lr:0.001 train_loss:3.5442 train_time:495486ms step_avg:299.57ms
step:1665/5100 lr:0.001 train_loss:3.6529 train_time:495917ms step_avg:299.65ms
step:1666/5100 lr:0.001 train_loss:3.5580 train_time:496348ms step_avg:299.73ms
step:1667/5100 lr:0.001 train_loss:3.5893 train_time:496779ms step_avg:299.81ms
step:1668/5100 lr:0.001 train_loss:3.6523 train_time:497209ms step_avg:299.89ms
step:1669/5100 lr:0.001 train_loss:3.6225 train_time:497639ms step_avg:299.96ms
step:1670/5100 lr:0.001 train_loss:3.9698 train_time:498070ms step_avg:300.04ms
step:1671/5100 lr:0.001 train_loss:3.4054 train_time:498500ms step_avg:300.12ms
step:1672/5100 lr:0.001 train_loss:3.6010 train_time:498930ms step_avg:300.20ms
step:1673/5100 lr:0.001 train_loss:3.4704 train_time:499360ms step_avg:300.28ms
step:1674/5100 lr:0.001 train_loss:3.3799 train_time:499790ms step_avg:300.35ms
step:1675/5100 lr:0.001 train_loss:3.7383 train_time:500219ms step_avg:300.43ms
step:1676/5100 lr:0.001 train_loss:3.9003 train_time:500649ms step_avg:300.51ms
step:1677/5100 lr:0.001 train_loss:3.5425 train_time:501079ms step_avg:300.59ms
step:1678/5100 lr:0.001 train_loss:3.4716 train_time:501509ms step_avg:300.66ms
step:1679/5100 lr:0.001 train_loss:3.4999 train_time:501939ms step_avg:300.74ms
step:1680/5100 lr:0.001 train_loss:3.7014 train_time:502369ms step_avg:300.82ms
step:1681/5100 lr:0.001 train_loss:3.5251 train_time:502800ms step_avg:300.90ms
step:1682/5100 lr:0.001 train_loss:3.5784 train_time:503230ms step_avg:300.97ms
step:1683/5100 lr:0.001 train_loss:3.5907 train_time:503661ms step_avg:301.05ms
step:1684/5100 lr:0.001 train_loss:3.1529 train_time:504092ms step_avg:301.13ms
step:1685/5100 lr:0.001 train_loss:3.5768 train_time:504522ms step_avg:301.21ms
step:1686/5100 lr:0.001 train_loss:3.6808 train_time:504951ms step_avg:301.28ms
step:1687/5100 lr:0.001 train_loss:3.7169 train_time:505381ms step_avg:301.36ms
step:1688/5100 lr:0.001 train_loss:3.6625 train_time:505811ms step_avg:301.44ms
step:1689/5100 lr:0.001 train_loss:3.5011 train_time:506240ms step_avg:301.51ms
step:1690/5100 lr:0.001 train_loss:3.6502 train_time:506670ms step_avg:301.59ms
step:1691/5100 lr:0.001 train_loss:3.5112 train_time:507100ms step_avg:301.67ms
step:1692/5100 lr:0.001 train_loss:3.5043 train_time:507530ms step_avg:301.74ms
step:1693/5100 lr:0.001 train_loss:3.5560 train_time:507960ms step_avg:301.82ms
step:1694/5100 lr:0.001 train_loss:3.4433 train_time:508390ms step_avg:301.89ms
step:1695/5100 lr:0.001 train_loss:3.6105 train_time:508821ms step_avg:301.97ms
step:1696/5100 lr:0.001 train_loss:3.5546 train_time:509251ms step_avg:302.05ms
step:1697/5100 lr:0.001 train_loss:3.5189 train_time:509681ms step_avg:302.12ms
step:1698/5100 lr:0.001 train_loss:4.0870 train_time:510111ms step_avg:302.20ms
step:1699/5100 lr:0.001 train_loss:3.7494 train_time:510541ms step_avg:302.27ms
step:1700/5100 lr:0.001 train_loss:3.6238 train_time:510970ms step_avg:302.35ms
step:1701/5100 lr:0.001 train_loss:3.5540 train_time:511400ms step_avg:302.42ms
step:1702/5100 lr:0.001 train_loss:3.3279 train_time:511831ms step_avg:302.50ms
step:1703/5100 lr:0.001 train_loss:3.5947 train_time:512261ms step_avg:302.58ms
step:1704/5100 lr:0.001 train_loss:3.6060 train_time:512690ms step_avg:302.65ms
step:1705/5100 lr:0.001 train_loss:3.6008 train_time:513120ms step_avg:302.73ms
step:1706/5100 lr:0.001 train_loss:3.4007 train_time:513550ms step_avg:302.80ms
step:1707/5100 lr:0.001 train_loss:3.8448 train_time:513980ms step_avg:302.88ms
step:1708/5100 lr:0.001 train_loss:3.5189 train_time:514410ms step_avg:302.95ms
step:1709/5100 lr:0.001 train_loss:4.0652 train_time:514841ms step_avg:303.03ms
step:1710/5100 lr:0.001 train_loss:3.4894 train_time:515474ms step_avg:303.22ms
step:1711/5100 lr:0.001 train_loss:3.3393 train_time:515904ms step_avg:303.29ms
step:1712/5100 lr:0.001 train_loss:3.6957 train_time:516335ms step_avg:303.37ms
step:1713/5100 lr:0.001 train_loss:3.4758 train_time:516765ms step_avg:303.44ms
step:1714/5100 lr:0.001 train_loss:3.4985 train_time:517197ms step_avg:303.52ms
step:1715/5100 lr:0.001 train_loss:3.5305 train_time:517826ms step_avg:303.71ms
step:1716/5100 lr:0.001 train_loss:3.8153 train_time:518257ms step_avg:303.79ms
step:1717/5100 lr:0.001 train_loss:3.5698 train_time:518688ms step_avg:303.86ms
step:1718/5100 lr:0.001 train_loss:3.5678 train_time:519119ms step_avg:303.93ms
step:1719/5100 lr:0.001 train_loss:3.6740 train_time:519550ms step_avg:304.01ms
step:1720/5100 lr:0.001 train_loss:3.5578 train_time:519980ms step_avg:304.08ms
step:1721/5100 lr:0.001 train_loss:3.7248 train_time:520410ms step_avg:304.16ms
step:1722/5100 lr:0.001 train_loss:3.5365 train_time:520841ms step_avg:304.23ms
step:1723/5100 lr:0.001 train_loss:3.5049 train_time:521271ms step_avg:304.30ms
step:1724/5100 lr:0.001 train_loss:3.6126 train_time:521705ms step_avg:304.38ms
step:1725/5100 lr:0.001 train_loss:3.2519 train_time:522136ms step_avg:304.45ms
step:1726/5100 lr:0.001 train_loss:3.4550 train_time:522566ms step_avg:304.53ms
step:1727/5100 lr:0.001 train_loss:3.5292 train_time:522996ms step_avg:304.60ms
step:1728/5100 lr:0.001 train_loss:3.5818 train_time:523427ms step_avg:304.67ms
step:1729/5100 lr:0.001 train_loss:3.6727 train_time:523858ms step_avg:304.75ms
step:1730/5100 lr:0.001 train_loss:3.6771 train_time:524289ms step_avg:304.82ms
step:1731/5100 lr:0.001 train_loss:3.6562 train_time:524721ms step_avg:304.89ms
step:1732/5100 lr:0.001 train_loss:3.4971 train_time:525152ms step_avg:304.97ms
step:1733/5100 lr:0.001 train_loss:3.5196 train_time:525584ms step_avg:305.04ms
step:1734/5100 lr:0.001 train_loss:3.4400 train_time:526014ms step_avg:305.11ms
step:1735/5100 lr:0.001 train_loss:3.4855 train_time:526444ms step_avg:305.19ms
step:1736/5100 lr:0.001 train_loss:3.5092 train_time:526875ms step_avg:305.26ms
step:1737/5100 lr:0.001 train_loss:3.5360 train_time:527305ms step_avg:305.33ms
step:1738/5100 lr:0.001 train_loss:3.4803 train_time:527735ms step_avg:305.40ms
step:1739/5100 lr:0.001 train_loss:3.8344 train_time:528165ms step_avg:305.47ms
step:1740/5100 lr:0.001 train_loss:3.7107 train_time:528596ms step_avg:305.55ms
step:1741/5100 lr:0.001 train_loss:3.6750 train_time:529027ms step_avg:305.62ms
step:1742/5100 lr:0.001 train_loss:3.5252 train_time:529459ms step_avg:305.69ms
step:1743/5100 lr:0.001 train_loss:3.8203 train_time:529889ms step_avg:305.76ms
step:1744/5100 lr:0.001 train_loss:3.5741 train_time:530320ms step_avg:305.84ms
step:1745/5100 lr:0.001 train_loss:3.6417 train_time:530750ms step_avg:305.91ms
step:1746/5100 lr:0.001 train_loss:3.6804 train_time:531180ms step_avg:305.98ms
step:1747/5100 lr:0.001 train_loss:3.5212 train_time:531610ms step_avg:306.05ms
step:1748/5100 lr:0.001 train_loss:3.4663 train_time:532041ms step_avg:306.12ms
step:1749/5100 lr:0.001 train_loss:3.5496 train_time:532471ms step_avg:306.19ms
step:1750/5100 lr:0.001 train_loss:3.6131 train_time:532901ms step_avg:306.26ms
step:1750/5100 val_loss:3.5750 train_time:532911ms step_avg:306.27ms
step:1751/5100 lr:0.001 train_loss:3.7083 train_time:537159ms step_avg:308.53ms
step:1752/5100 lr:0.001 train_loss:3.5598 train_time:537589ms step_avg:308.60ms
step:1753/5100 lr:0.001 train_loss:3.6019 train_time:538020ms step_avg:308.67ms
step:1754/5100 lr:0.001 train_loss:3.5980 train_time:538449ms step_avg:308.74ms
step:1755/5100 lr:0.001 train_loss:3.6220 train_time:538879ms step_avg:308.81ms
step:1756/5100 lr:0.001 train_loss:3.6707 train_time:539309ms step_avg:308.88ms
step:1757/5100 lr:0.001 train_loss:3.7944 train_time:539739ms step_avg:308.95ms
step:1758/5100 lr:0.001 train_loss:3.6007 train_time:540176ms step_avg:309.03ms
step:1759/5100 lr:0.001 train_loss:3.6384 train_time:540606ms step_avg:309.09ms
step:1760/5100 lr:0.001 train_loss:3.5651 train_time:541036ms step_avg:309.16ms
step:1761/5100 lr:0.001 train_loss:3.4428 train_time:541467ms step_avg:309.23ms
step:1762/5100 lr:0.001 train_loss:3.6894 train_time:541904ms step_avg:309.31ms
step:1763/5100 lr:0.001 train_loss:3.4965 train_time:542334ms step_avg:309.37ms
step:1764/5100 lr:0.001 train_loss:3.6838 train_time:542764ms step_avg:309.44ms
step:1765/5100 lr:0.001 train_loss:3.5081 train_time:543200ms step_avg:309.52ms
step:1766/5100 lr:0.001 train_loss:3.7292 train_time:543630ms step_avg:309.58ms
step:1767/5100 lr:0.001 train_loss:3.5778 train_time:544060ms step_avg:309.65ms
step:1768/5100 lr:0.001 train_loss:3.5544 train_time:544491ms step_avg:309.72ms
step:1769/5100 lr:0.001 train_loss:3.5450 train_time:544920ms step_avg:309.79ms
step:1770/5100 lr:0.001 train_loss:3.5199 train_time:545350ms step_avg:309.86ms
step:1771/5100 lr:0.001 train_loss:3.5722 train_time:545779ms step_avg:309.93ms
step:1772/5100 lr:0.001 train_loss:3.6112 train_time:546209ms step_avg:309.99ms
step:1773/5100 lr:0.001 train_loss:3.5531 train_time:546639ms step_avg:310.06ms
step:1774/5100 lr:0.001 train_loss:3.5440 train_time:547068ms step_avg:310.13ms
step:1775/5100 lr:0.001 train_loss:3.5262 train_time:547499ms step_avg:310.20ms
step:1776/5100 lr:0.001 train_loss:3.6616 train_time:547928ms step_avg:310.27ms
step:1777/5100 lr:0.001 train_loss:3.7693 train_time:548358ms step_avg:310.33ms
step:1778/5100 lr:0.001 train_loss:3.5250 train_time:548788ms step_avg:310.40ms
step:1779/5100 lr:0.001 train_loss:3.6214 train_time:549217ms step_avg:310.47ms
step:1780/5100 lr:0.001 train_loss:3.6619 train_time:549647ms step_avg:310.54ms
step:1781/5100 lr:0.001 train_loss:3.5280 train_time:550077ms step_avg:310.60ms
step:1782/5100 lr:0.001 train_loss:3.5036 train_time:550514ms step_avg:310.67ms
step:1783/5100 lr:0.001 train_loss:3.5655 train_time:550944ms step_avg:310.74ms
step:1784/5100 lr:0.001 train_loss:3.6592 train_time:551375ms step_avg:310.81ms
step:1785/5100 lr:0.001 train_loss:3.6419 train_time:551804ms step_avg:310.88ms
step:1786/5100 lr:0.001 train_loss:3.4541 train_time:552234ms step_avg:310.94ms
step:1787/5100 lr:0.001 train_loss:3.7227 train_time:552664ms step_avg:311.01ms
step:1788/5100 lr:0.001 train_loss:3.7650 train_time:553093ms step_avg:311.08ms
step:1789/5100 lr:0.001 train_loss:3.5313 train_time:553522ms step_avg:311.14ms
step:1790/5100 lr:0.001 train_loss:3.6651 train_time:553952ms step_avg:311.21ms
step:1791/5100 lr:0.001 train_loss:3.6247 train_time:554381ms step_avg:311.28ms
step:1792/5100 lr:0.001 train_loss:3.4550 train_time:554811ms step_avg:311.34ms
step:1793/5100 lr:0.001 train_loss:3.5580 train_time:555240ms step_avg:311.41ms
step:1794/5100 lr:0.001 train_loss:3.6492 train_time:555670ms step_avg:311.47ms
step:1795/5100 lr:0.001 train_loss:3.6521 train_time:556107ms step_avg:311.54ms
step:1796/5100 lr:0.001 train_loss:3.5050 train_time:556538ms step_avg:311.61ms
step:1797/5100 lr:0.001 train_loss:3.4387 train_time:556968ms step_avg:311.68ms
step:1798/5100 lr:0.001 train_loss:3.7081 train_time:557398ms step_avg:311.74ms
step:1799/5100 lr:0.001 train_loss:3.6247 train_time:557828ms step_avg:311.81ms
step:1800/5100 lr:0.001 train_loss:3.7934 train_time:558259ms step_avg:311.88ms
step:1801/5100 lr:0.001 train_loss:3.5935 train_time:558689ms step_avg:311.94ms
step:1802/5100 lr:0.001 train_loss:3.7282 train_time:559118ms step_avg:312.01ms
step:1803/5100 lr:0.001 train_loss:3.6451 train_time:559548ms step_avg:312.07ms
step:1804/5100 lr:0.001 train_loss:3.3968 train_time:559978ms step_avg:312.14ms
step:1805/5100 lr:0.001 train_loss:3.4513 train_time:560408ms step_avg:312.21ms
step:1806/5100 lr:0.001 train_loss:3.5765 train_time:560838ms step_avg:312.27ms
step:1807/5100 lr:0.001 train_loss:3.3994 train_time:561268ms step_avg:312.34ms
step:1808/5100 lr:0.001 train_loss:3.6382 train_time:561705ms step_avg:312.41ms
step:1809/5100 lr:0.001 train_loss:3.5030 train_time:562134ms step_avg:312.47ms
step:1810/5100 lr:0.001 train_loss:3.6258 train_time:562564ms step_avg:312.54ms
step:1811/5100 lr:0.001 train_loss:3.5846 train_time:562993ms step_avg:312.60ms
step:1812/5100 lr:0.001 train_loss:3.4959 train_time:563425ms step_avg:312.67ms
step:1813/5100 lr:0.001 train_loss:3.6090 train_time:563855ms step_avg:312.73ms
step:1814/5100 lr:0.001 train_loss:3.4120 train_time:564286ms step_avg:312.80ms
step:1815/5100 lr:0.001 train_loss:3.5439 train_time:564716ms step_avg:312.86ms
step:1816/5100 lr:0.001 train_loss:3.7420 train_time:565146ms step_avg:312.93ms
step:1817/5100 lr:0.001 train_loss:3.4702 train_time:565577ms step_avg:312.99ms
step:1818/5100 lr:0.001 train_loss:3.6749 train_time:566007ms step_avg:313.06ms
step:1819/5100 lr:0.001 train_loss:3.4842 train_time:566438ms step_avg:313.12ms
step:1820/5100 lr:0.001 train_loss:3.6146 train_time:566868ms step_avg:313.19ms
step:1821/5100 lr:0.001 train_loss:3.6152 train_time:567298ms step_avg:313.25ms
step:1822/5100 lr:0.001 train_loss:3.8056 train_time:567728ms step_avg:313.32ms
step:1823/5100 lr:0.001 train_loss:3.6161 train_time:568158ms step_avg:313.38ms
step:1824/5100 lr:0.001 train_loss:3.4977 train_time:568588ms step_avg:313.44ms
step:1825/5100 lr:0.001 train_loss:3.5233 train_time:569018ms step_avg:313.51ms
step:1826/5100 lr:0.001 train_loss:3.4155 train_time:569448ms step_avg:313.57ms
step:1827/5100 lr:0.001 train_loss:3.5224 train_time:569878ms step_avg:313.64ms
step:1828/5100 lr:0.001 train_loss:3.6570 train_time:570308ms step_avg:313.70ms
step:1829/5100 lr:0.001 train_loss:3.4312 train_time:570739ms step_avg:313.76ms
step:1830/5100 lr:0.001 train_loss:4.3827 train_time:571169ms step_avg:313.83ms
step:1831/5100 lr:0.001 train_loss:3.5165 train_time:571599ms step_avg:313.89ms
step:1832/5100 lr:0.001 train_loss:3.3905 train_time:572029ms step_avg:313.96ms
step:1833/5100 lr:0.001 train_loss:3.5775 train_time:572460ms step_avg:314.02ms
step:1834/5100 lr:0.001 train_loss:3.5033 train_time:572889ms step_avg:314.08ms
step:1835/5100 lr:0.001 train_loss:3.6240 train_time:573320ms step_avg:314.15ms
step:1836/5100 lr:0.001 train_loss:3.6510 train_time:573750ms step_avg:314.21ms
step:1837/5100 lr:0.001 train_loss:3.5804 train_time:574180ms step_avg:314.27ms
step:1838/5100 lr:0.001 train_loss:3.4499 train_time:574610ms step_avg:314.34ms
step:1839/5100 lr:0.001 train_loss:3.6423 train_time:575040ms step_avg:314.40ms
step:1840/5100 lr:0.001 train_loss:3.4995 train_time:575469ms step_avg:314.46ms
step:1841/5100 lr:0.001 train_loss:3.6306 train_time:575899ms step_avg:314.53ms
step:1842/5100 lr:0.001 train_loss:3.5692 train_time:576329ms step_avg:314.59ms
step:1843/5100 lr:0.001 train_loss:3.3967 train_time:576760ms step_avg:314.65ms
step:1844/5100 lr:0.001 train_loss:3.7150 train_time:577189ms step_avg:314.72ms
step:1845/5100 lr:0.001 train_loss:3.5885 train_time:577620ms step_avg:314.78ms
step:1846/5100 lr:0.001 train_loss:3.5520 train_time:578050ms step_avg:314.84ms
step:1847/5100 lr:0.001 train_loss:3.6181 train_time:578479ms step_avg:314.90ms
step:1848/5100 lr:0.001 train_loss:3.3822 train_time:578910ms step_avg:314.97ms
step:1849/5100 lr:0.001 train_loss:3.3572 train_time:579339ms step_avg:315.03ms
step:1850/5100 lr:0.001 train_loss:3.5108 train_time:579769ms step_avg:315.09ms
step:1851/5100 lr:0.001 train_loss:3.5888 train_time:580199ms step_avg:315.15ms
step:1852/5100 lr:0.001 train_loss:3.6811 train_time:580629ms step_avg:315.22ms
step:1853/5100 lr:0.001 train_loss:3.5402 train_time:581061ms step_avg:315.28ms
step:1854/5100 lr:0.001 train_loss:3.6300 train_time:581491ms step_avg:315.34ms
step:1855/5100 lr:0.001 train_loss:3.6516 train_time:581920ms step_avg:315.40ms
step:1856/5100 lr:0.001 train_loss:3.5842 train_time:582350ms step_avg:315.47ms
step:1857/5100 lr:0.001 train_loss:3.6085 train_time:582780ms step_avg:315.53ms
step:1858/5100 lr:0.001 train_loss:3.7205 train_time:583210ms step_avg:315.59ms
step:1859/5100 lr:0.001 train_loss:3.3992 train_time:583639ms step_avg:315.65ms
step:1860/5100 lr:0.001 train_loss:3.4489 train_time:584072ms step_avg:315.71ms
step:1861/5100 lr:0.001 train_loss:3.4858 train_time:584501ms step_avg:315.78ms
step:1862/5100 lr:0.001 train_loss:3.5084 train_time:584930ms step_avg:315.84ms
step:1863/5100 lr:0.001 train_loss:3.5195 train_time:585372ms step_avg:315.91ms
step:1864/5100 lr:0.001 train_loss:3.4689 train_time:585802ms step_avg:315.97ms
step:1865/5100 lr:0.001 train_loss:3.6070 train_time:586233ms step_avg:316.03ms
step:1866/5100 lr:0.001 train_loss:3.5325 train_time:586662ms step_avg:316.09ms
step:1867/5100 lr:0.001 train_loss:3.5774 train_time:587092ms step_avg:316.15ms
step:1868/5100 lr:0.001 train_loss:3.7251 train_time:587521ms step_avg:316.21ms
step:1869/5100 lr:0.001 train_loss:3.3760 train_time:587951ms step_avg:316.27ms
step:1870/5100 lr:0.001 train_loss:3.6044 train_time:588380ms step_avg:316.33ms
step:1871/5100 lr:0.001 train_loss:3.5426 train_time:588810ms step_avg:316.39ms
step:1872/5100 lr:0.001 train_loss:3.4825 train_time:589239ms step_avg:316.46ms
step:1873/5100 lr:0.001 train_loss:3.4897 train_time:589669ms step_avg:316.52ms
step:1874/5100 lr:0.001 train_loss:3.4517 train_time:590099ms step_avg:316.58ms
step:1875/5100 lr:0.001 train_loss:3.4546 train_time:590528ms step_avg:316.64ms
step:1875/5100 val_loss:3.5508 train_time:590539ms step_avg:316.64ms
step:1876/5100 lr:0.001 train_loss:3.5745 train_time:594799ms step_avg:318.76ms
step:1877/5100 lr:0.001 train_loss:3.3460 train_time:595229ms step_avg:318.82ms
step:1878/5100 lr:0.001 train_loss:3.4873 train_time:595659ms step_avg:318.88ms
step:1879/5100 lr:0.001 train_loss:3.5584 train_time:596089ms step_avg:318.93ms
step:1880/5100 lr:0.001 train_loss:3.9861 train_time:596519ms step_avg:318.99ms
step:1881/5100 lr:0.001 train_loss:3.5613 train_time:596949ms step_avg:319.05ms
step:1882/5100 lr:0.001 train_loss:3.4843 train_time:597378ms step_avg:319.11ms
step:1883/5100 lr:0.001 train_loss:3.6414 train_time:597808ms step_avg:319.17ms
step:1884/5100 lr:0.001 train_loss:3.5464 train_time:598237ms step_avg:319.23ms
step:1885/5100 lr:0.001 train_loss:3.5161 train_time:598667ms step_avg:319.29ms
step:1886/5100 lr:0.001 train_loss:3.5719 train_time:599096ms step_avg:319.35ms
step:1887/5100 lr:0.001 train_loss:3.3688 train_time:599527ms step_avg:319.41ms
step:1888/5100 lr:0.001 train_loss:3.5680 train_time:599957ms step_avg:319.47ms
step:1889/5100 lr:0.001 train_loss:3.8926 train_time:600387ms step_avg:319.52ms
step:1890/5100 lr:0.001 train_loss:3.5973 train_time:600817ms step_avg:319.58ms
step:1891/5100 lr:0.001 train_loss:3.5358 train_time:601254ms step_avg:319.65ms
step:1892/5100 lr:0.001 train_loss:3.4733 train_time:601684ms step_avg:319.70ms
step:1893/5100 lr:0.001 train_loss:3.3579 train_time:602113ms step_avg:319.76ms
step:1894/5100 lr:0.001 train_loss:3.4368 train_time:602543ms step_avg:319.82ms
step:1895/5100 lr:0.001 train_loss:3.4933 train_time:602973ms step_avg:319.88ms
step:1896/5100 lr:0.001 train_loss:3.6434 train_time:603404ms step_avg:319.94ms
step:1897/5100 lr:0.001 train_loss:3.5598 train_time:603834ms step_avg:320.00ms
step:1898/5100 lr:0.001 train_loss:3.7737 train_time:604264ms step_avg:320.06ms
step:1899/5100 lr:0.001 train_loss:3.6533 train_time:604694ms step_avg:320.11ms
step:1900/5100 lr:0.001 train_loss:3.6486 train_time:605322ms step_avg:320.28ms
step:1901/5100 lr:0.001 train_loss:3.8441 train_time:605752ms step_avg:320.33ms
step:1902/5100 lr:0.001 train_loss:3.5894 train_time:606182ms step_avg:320.39ms
step:1903/5100 lr:0.001 train_loss:3.4814 train_time:606613ms step_avg:320.45ms
step:1904/5100 lr:0.001 train_loss:3.5235 train_time:607043ms step_avg:320.51ms
step:1905/5100 lr:0.001 train_loss:3.5136 train_time:607672ms step_avg:320.67ms
step:1906/5100 lr:0.001 train_loss:3.4782 train_time:608208ms step_avg:320.78ms
step:1907/5100 lr:0.001 train_loss:3.5855 train_time:608637ms step_avg:320.84ms
step:1908/5100 lr:0.001 train_loss:3.4758 train_time:609067ms step_avg:320.90ms
step:1909/5100 lr:0.001 train_loss:3.6976 train_time:609497ms step_avg:320.96ms
step:1910/5100 lr:0.001 train_loss:3.5386 train_time:609929ms step_avg:321.02ms
step:1911/5100 lr:0.001 train_loss:3.5647 train_time:610360ms step_avg:321.07ms
step:1912/5100 lr:0.001 train_loss:3.5825 train_time:610790ms step_avg:321.13ms
step:1913/5100 lr:0.001 train_loss:3.3586 train_time:611222ms step_avg:321.19ms
step:1914/5100 lr:0.001 train_loss:3.5413 train_time:611652ms step_avg:321.25ms
step:1915/5100 lr:0.001 train_loss:3.6117 train_time:612083ms step_avg:321.30ms
step:1916/5100 lr:0.001 train_loss:3.5246 train_time:612513ms step_avg:321.36ms
step:1917/5100 lr:0.001 train_loss:3.4752 train_time:612945ms step_avg:321.42ms
step:1918/5100 lr:0.001 train_loss:3.0313 train_time:613374ms step_avg:321.47ms
step:1919/5100 lr:0.001 train_loss:3.4303 train_time:613805ms step_avg:321.53ms
step:1920/5100 lr:0.001 train_loss:3.6663 train_time:614235ms step_avg:321.59ms
step:1921/5100 lr:0.001 train_loss:3.7087 train_time:614665ms step_avg:321.65ms
step:1922/5100 lr:0.001 train_loss:3.5470 train_time:615094ms step_avg:321.70ms
step:1923/5100 lr:0.001 train_loss:3.5308 train_time:615525ms step_avg:321.76ms
step:1924/5100 lr:0.001 train_loss:3.7728 train_time:615955ms step_avg:321.82ms
step:1925/5100 lr:0.001 train_loss:3.4717 train_time:616386ms step_avg:321.87ms
step:1926/5100 lr:0.001 train_loss:3.5351 train_time:616816ms step_avg:321.93ms
step:1927/5100 lr:0.001 train_loss:3.5546 train_time:617246ms step_avg:321.99ms
step:1928/5100 lr:0.001 train_loss:3.6117 train_time:617676ms step_avg:322.04ms
step:1929/5100 lr:0.001 train_loss:3.2382 train_time:618106ms step_avg:322.10ms
step:1930/5100 lr:0.001 train_loss:3.4417 train_time:618536ms step_avg:322.15ms
step:1931/5100 lr:0.001 train_loss:3.3936 train_time:618968ms step_avg:322.21ms
step:1932/5100 lr:0.001 train_loss:3.4656 train_time:619399ms step_avg:322.27ms
step:1933/5100 lr:0.001 train_loss:3.2457 train_time:619829ms step_avg:322.32ms
step:1934/5100 lr:0.001 train_loss:3.4605 train_time:620259ms step_avg:322.38ms
step:1935/5100 lr:0.001 train_loss:3.7135 train_time:620689ms step_avg:322.44ms
step:1936/5100 lr:0.001 train_loss:3.5804 train_time:621119ms step_avg:322.49ms
step:1937/5100 lr:0.001 train_loss:3.6613 train_time:621549ms step_avg:322.55ms
step:1938/5100 lr:0.001 train_loss:3.5014 train_time:621979ms step_avg:322.60ms
step:1939/5100 lr:0.001 train_loss:3.4899 train_time:622408ms step_avg:322.66ms
step:1940/5100 lr:0.001 train_loss:3.5847 train_time:622838ms step_avg:322.71ms
step:1941/5100 lr:0.001 train_loss:3.5115 train_time:623268ms step_avg:322.77ms
step:1942/5100 lr:0.001 train_loss:3.6094 train_time:623700ms step_avg:322.83ms
step:1943/5100 lr:0.001 train_loss:3.4668 train_time:624130ms step_avg:322.88ms
step:1944/5100 lr:0.001 train_loss:3.6485 train_time:624560ms step_avg:322.94ms
step:1945/5100 lr:0.001 train_loss:3.7891 train_time:624990ms step_avg:322.99ms
step:1946/5100 lr:0.001 train_loss:3.5473 train_time:625419ms step_avg:323.05ms
step:1947/5100 lr:0.001 train_loss:3.5060 train_time:625856ms step_avg:323.11ms
step:1948/5100 lr:0.001 train_loss:3.7303 train_time:626287ms step_avg:323.16ms
step:1949/5100 lr:0.001 train_loss:3.3874 train_time:626716ms step_avg:323.22ms
step:1950/5100 lr:0.001 train_loss:3.5759 train_time:627146ms step_avg:323.27ms
step:1951/5100 lr:0.001 train_loss:3.5443 train_time:627576ms step_avg:323.33ms
step:1952/5100 lr:0.001 train_loss:3.4466 train_time:628006ms step_avg:323.38ms
step:1953/5100 lr:0.001 train_loss:3.4801 train_time:628436ms step_avg:323.44ms
step:1954/5100 lr:0.001 train_loss:3.4273 train_time:628866ms step_avg:323.49ms
step:1955/5100 lr:0.001 train_loss:3.4689 train_time:629297ms step_avg:323.55ms
step:1956/5100 lr:0.001 train_loss:3.4453 train_time:629727ms step_avg:323.60ms
step:1957/5100 lr:0.001 train_loss:3.6763 train_time:630157ms step_avg:323.66ms
step:1958/5100 lr:0.001 train_loss:3.6528 train_time:630587ms step_avg:323.71ms
step:1959/5100 lr:0.001 train_loss:3.5128 train_time:631017ms step_avg:323.76ms
step:1960/5100 lr:0.001 train_loss:3.3979 train_time:631447ms step_avg:323.82ms
step:1961/5100 lr:0.001 train_loss:3.3347 train_time:631876ms step_avg:323.87ms
step:1962/5100 lr:0.001 train_loss:3.7694 train_time:632306ms step_avg:323.93ms
step:1963/5100 lr:0.001 train_loss:3.5462 train_time:632737ms step_avg:323.98ms
step:1964/5100 lr:0.001 train_loss:3.6552 train_time:633169ms step_avg:324.04ms
step:1965/5100 lr:0.001 train_loss:3.4274 train_time:633599ms step_avg:324.09ms
step:1966/5100 lr:0.001 train_loss:3.6090 train_time:634030ms step_avg:324.15ms
step:1967/5100 lr:0.001 train_loss:3.6075 train_time:634460ms step_avg:324.20ms
step:1968/5100 lr:0.001 train_loss:3.5393 train_time:634890ms step_avg:324.25ms
step:1969/5100 lr:0.001 train_loss:3.4615 train_time:635321ms step_avg:324.31ms
step:1970/5100 lr:0.001 train_loss:3.7322 train_time:635751ms step_avg:324.36ms
step:1971/5100 lr:0.001 train_loss:3.4528 train_time:636181ms step_avg:324.42ms
step:1972/5100 lr:0.001 train_loss:3.4911 train_time:636611ms step_avg:324.47ms
step:1973/5100 lr:0.001 train_loss:3.5626 train_time:637042ms step_avg:324.52ms
step:1974/5100 lr:0.001 train_loss:3.3533 train_time:637472ms step_avg:324.58ms
step:1975/5100 lr:0.001 train_loss:3.1711 train_time:637907ms step_avg:324.63ms
step:1976/5100 lr:0.001 train_loss:3.2169 train_time:638337ms step_avg:324.69ms
step:1977/5100 lr:0.001 train_loss:3.5238 train_time:638768ms step_avg:324.74ms
step:1978/5100 lr:0.001 train_loss:3.4556 train_time:639198ms step_avg:324.80ms
step:1979/5100 lr:0.001 train_loss:3.3380 train_time:639628ms step_avg:324.85ms
step:1980/5100 lr:0.001 train_loss:3.6088 train_time:640058ms step_avg:324.90ms
step:1981/5100 lr:0.001 train_loss:3.4627 train_time:640499ms step_avg:324.96ms
step:1982/5100 lr:0.001 train_loss:4.0575 train_time:640929ms step_avg:325.01ms
step:1983/5100 lr:0.001 train_loss:3.4940 train_time:641359ms step_avg:325.07ms
step:1984/5100 lr:0.001 train_loss:3.5193 train_time:641788ms step_avg:325.12ms
step:1985/5100 lr:0.001 train_loss:3.5275 train_time:642219ms step_avg:325.17ms
step:1986/5100 lr:0.001 train_loss:3.5683 train_time:642649ms step_avg:325.23ms
step:1987/5100 lr:0.001 train_loss:3.5287 train_time:643079ms step_avg:325.28ms
step:1988/5100 lr:0.001 train_loss:3.4169 train_time:643509ms step_avg:325.33ms
step:1989/5100 lr:0.001 train_loss:3.6113 train_time:643940ms step_avg:325.39ms
step:1990/5100 lr:0.001 train_loss:3.6611 train_time:644370ms step_avg:325.44ms
step:1991/5100 lr:0.001 train_loss:3.4286 train_time:644801ms step_avg:325.49ms
step:1992/5100 lr:0.001 train_loss:3.4793 train_time:645231ms step_avg:325.55ms
step:1993/5100 lr:0.001 train_loss:3.5623 train_time:645662ms step_avg:325.60ms
step:1994/5100 lr:0.001 train_loss:3.6469 train_time:646092ms step_avg:325.65ms
step:1995/5100 lr:0.001 train_loss:3.4129 train_time:646522ms step_avg:325.70ms
step:1996/5100 lr:0.001 train_loss:3.4085 train_time:646952ms step_avg:325.76ms
step:1997/5100 lr:0.001 train_loss:3.7549 train_time:647383ms step_avg:325.81ms
step:1998/5100 lr:0.001 train_loss:3.4252 train_time:647815ms step_avg:325.86ms
step:1999/5100 lr:0.001 train_loss:3.4717 train_time:648246ms step_avg:325.92ms
step:2000/5100 lr:0.001 train_loss:3.5537 train_time:648678ms step_avg:325.97ms
step:2000/5100 val_loss:3.5251 train_time:648689ms step_avg:325.97ms
step:2001/5100 lr:0.001 train_loss:3.4650 train_time:652933ms step_avg:327.94ms
step:2002/5100 lr:0.001 train_loss:3.4448 train_time:653363ms step_avg:327.99ms
step:2003/5100 lr:0.001 train_loss:3.4480 train_time:653793ms step_avg:328.04ms
step:2004/5100 lr:0.001 train_loss:3.5146 train_time:654226ms step_avg:328.10ms
step:2005/5100 lr:0.001 train_loss:3.6347 train_time:654656ms step_avg:328.15ms
step:2006/5100 lr:0.001 train_loss:3.5509 train_time:655089ms step_avg:328.20ms
step:2007/5100 lr:0.001 train_loss:3.9011 train_time:655519ms step_avg:328.25ms
step:2008/5100 lr:0.001 train_loss:3.6001 train_time:655949ms step_avg:328.30ms
step:2009/5100 lr:0.001 train_loss:3.4411 train_time:656378ms step_avg:328.35ms
step:2010/5100 lr:0.001 train_loss:3.5019 train_time:656808ms step_avg:328.40ms
step:2011/5100 lr:0.001 train_loss:3.3332 train_time:657238ms step_avg:328.45ms
step:2012/5100 lr:0.001 train_loss:3.6170 train_time:657672ms step_avg:328.51ms
step:2013/5100 lr:0.001 train_loss:3.5346 train_time:658102ms step_avg:328.56ms
step:2014/5100 lr:0.001 train_loss:3.5105 train_time:658532ms step_avg:328.61ms
step:2015/5100 lr:0.001 train_loss:3.5693 train_time:658963ms step_avg:328.66ms
step:2016/5100 lr:0.001 train_loss:3.5999 train_time:659394ms step_avg:328.71ms
step:2017/5100 lr:0.001 train_loss:3.4436 train_time:659823ms step_avg:328.76ms
step:2018/5100 lr:0.001 train_loss:3.5295 train_time:660254ms step_avg:328.81ms
step:2019/5100 lr:0.001 train_loss:3.4671 train_time:660683ms step_avg:328.86ms
step:2020/5100 lr:0.001 train_loss:3.4645 train_time:661113ms step_avg:328.91ms
step:2021/5100 lr:0.001 train_loss:3.7738 train_time:661543ms step_avg:328.96ms
step:2022/5100 lr:0.001 train_loss:3.4414 train_time:661972ms step_avg:329.01ms
step:2023/5100 lr:0.001 train_loss:3.7197 train_time:662402ms step_avg:329.06ms
step:2024/5100 lr:0.001 train_loss:3.4924 train_time:662832ms step_avg:329.11ms
step:2025/5100 lr:0.001 train_loss:3.2011 train_time:663262ms step_avg:329.16ms
step:2026/5100 lr:0.001 train_loss:3.4757 train_time:663692ms step_avg:329.21ms
step:2027/5100 lr:0.001 train_loss:3.4707 train_time:664122ms step_avg:329.26ms
step:2028/5100 lr:0.001 train_loss:3.5498 train_time:664552ms step_avg:329.31ms
step:2029/5100 lr:0.001 train_loss:3.6656 train_time:664982ms step_avg:329.36ms
step:2030/5100 lr:0.001 train_loss:3.4771 train_time:665415ms step_avg:329.41ms
step:2031/5100 lr:0.001 train_loss:2.9920 train_time:665844ms step_avg:329.46ms
step:2032/5100 lr:0.001 train_loss:3.4406 train_time:666275ms step_avg:329.51ms
step:2033/5100 lr:0.001 train_loss:3.5997 train_time:666705ms step_avg:329.56ms
step:2034/5100 lr:0.001 train_loss:3.4643 train_time:667134ms step_avg:329.61ms
step:2035/5100 lr:0.001 train_loss:3.5790 train_time:667564ms step_avg:329.66ms
step:2036/5100 lr:0.001 train_loss:3.3494 train_time:667993ms step_avg:329.71ms
step:2037/5100 lr:0.001 train_loss:3.5709 train_time:668423ms step_avg:329.76ms
step:2038/5100 lr:0.001 train_loss:3.3990 train_time:668854ms step_avg:329.81ms
step:2039/5100 lr:0.001 train_loss:3.5782 train_time:669283ms step_avg:329.86ms
step:2040/5100 lr:0.001 train_loss:3.5932 train_time:669713ms step_avg:329.91ms
step:2041/5100 lr:0.001 train_loss:3.6096 train_time:670143ms step_avg:329.96ms
step:2042/5100 lr:0.001 train_loss:3.3992 train_time:670572ms step_avg:330.01ms
step:2043/5100 lr:0.001 train_loss:3.7447 train_time:671002ms step_avg:330.06ms
step:2044/5100 lr:0.001 train_loss:3.5680 train_time:671433ms step_avg:330.10ms
step:2045/5100 lr:0.001 train_loss:3.6163 train_time:671863ms step_avg:330.15ms
step:2046/5100 lr:0.001 train_loss:3.4251 train_time:672293ms step_avg:330.20ms
step:2047/5100 lr:0.001 train_loss:3.4980 train_time:672723ms step_avg:330.25ms
step:2048/5100 lr:0.001 train_loss:3.5806 train_time:673153ms step_avg:330.30ms
step:2049/5100 lr:0.001 train_loss:3.5578 train_time:673583ms step_avg:330.35ms
step:2050/5100 lr:0.001 train_loss:3.3024 train_time:674013ms step_avg:330.40ms
step:2051/5100 lr:0.001 train_loss:3.3775 train_time:674444ms step_avg:330.45ms
step:2052/5100 lr:0.001 train_loss:3.5271 train_time:674876ms step_avg:330.50ms
step:2053/5100 lr:0.001 train_loss:3.4455 train_time:675308ms step_avg:330.55ms
step:2054/5100 lr:0.001 train_loss:3.3376 train_time:675742ms step_avg:330.60ms
step:2055/5100 lr:0.001 train_loss:3.6342 train_time:676172ms step_avg:330.65ms
step:2056/5100 lr:0.001 train_loss:3.5582 train_time:676606ms step_avg:330.70ms
step:2057/5100 lr:0.001 train_loss:3.4903 train_time:677032ms step_avg:330.74ms
step:2058/5100 lr:0.001 train_loss:3.5018 train_time:677462ms step_avg:330.79ms
step:2059/5100 lr:0.001 train_loss:3.5422 train_time:677892ms step_avg:330.84ms
step:2060/5100 lr:0.001 train_loss:3.4566 train_time:678322ms step_avg:330.89ms
step:2061/5100 lr:0.001 train_loss:3.8103 train_time:678752ms step_avg:330.94ms
step:2062/5100 lr:0.001 train_loss:3.7216 train_time:679182ms step_avg:330.99ms
step:2063/5100 lr:0.001 train_loss:3.4904 train_time:679611ms step_avg:331.03ms
step:2064/5100 lr:0.001 train_loss:3.6295 train_time:680041ms step_avg:331.08ms
step:2065/5100 lr:0.001 train_loss:3.5830 train_time:680472ms step_avg:331.13ms
step:2066/5100 lr:0.001 train_loss:3.5985 train_time:680901ms step_avg:331.18ms
step:2067/5100 lr:0.001 train_loss:3.5338 train_time:681332ms step_avg:331.23ms
step:2068/5100 lr:0.001 train_loss:3.8183 train_time:681761ms step_avg:331.27ms
step:2069/5100 lr:0.001 train_loss:3.5647 train_time:682197ms step_avg:331.32ms
step:2070/5100 lr:0.001 train_loss:3.6342 train_time:682628ms step_avg:331.37ms
step:2071/5100 lr:0.001 train_loss:3.4713 train_time:683057ms step_avg:331.42ms
step:2072/5100 lr:0.001 train_loss:3.4154 train_time:683486ms step_avg:331.47ms
step:2073/5100 lr:0.001 train_loss:3.4664 train_time:683915ms step_avg:331.51ms
step:2074/5100 lr:0.001 train_loss:3.7108 train_time:684349ms step_avg:331.56ms
step:2075/5100 lr:0.001 train_loss:3.6573 train_time:684779ms step_avg:331.61ms
step:2076/5100 lr:0.001 train_loss:3.5630 train_time:685209ms step_avg:331.66ms
step:2077/5100 lr:0.001 train_loss:3.5334 train_time:685638ms step_avg:331.71ms
step:2078/5100 lr:0.001 train_loss:3.5463 train_time:686070ms step_avg:331.76ms
step:2079/5100 lr:0.001 train_loss:3.5342 train_time:686500ms step_avg:331.80ms
step:2080/5100 lr:0.001 train_loss:3.2605 train_time:686930ms step_avg:331.85ms
step:2081/5100 lr:0.001 train_loss:3.6679 train_time:687360ms step_avg:331.90ms
step:2082/5100 lr:0.001 train_loss:3.3514 train_time:687790ms step_avg:331.95ms
step:2083/5100 lr:0.001 train_loss:3.3514 train_time:688220ms step_avg:331.99ms
step:2084/5100 lr:0.001 train_loss:3.4279 train_time:688650ms step_avg:332.04ms
step:2085/5100 lr:0.001 train_loss:3.4988 train_time:689081ms step_avg:332.09ms
step:2086/5100 lr:0.001 train_loss:3.3648 train_time:689510ms step_avg:332.13ms
step:2087/5100 lr:0.001 train_loss:3.6133 train_time:689940ms step_avg:332.18ms
step:2088/5100 lr:0.001 train_loss:3.4253 train_time:690370ms step_avg:332.23ms
step:2089/5100 lr:0.001 train_loss:3.3627 train_time:690800ms step_avg:332.28ms
step:2090/5100 lr:0.001 train_loss:3.5399 train_time:691431ms step_avg:332.42ms
step:2091/5100 lr:0.001 train_loss:3.6061 train_time:691861ms step_avg:332.47ms
step:2092/5100 lr:0.001 train_loss:3.5204 train_time:692291ms step_avg:332.51ms
step:2093/5100 lr:0.001 train_loss:3.7795 train_time:692721ms step_avg:332.56ms
step:2094/5100 lr:0.001 train_loss:3.6172 train_time:693151ms step_avg:332.61ms
step:2095/5100 lr:0.001 train_loss:3.6317 train_time:693581ms step_avg:332.65ms
step:2096/5100 lr:0.001 train_loss:3.5501 train_time:694209ms step_avg:332.79ms
step:2097/5100 lr:0.001 train_loss:3.4627 train_time:694640ms step_avg:332.84ms
step:2098/5100 lr:0.001 train_loss:3.6260 train_time:695074ms step_avg:332.89ms
step:2099/5100 lr:0.001 train_loss:3.4751 train_time:695504ms step_avg:332.94ms
step:2100/5100 lr:0.001 train_loss:3.4422 train_time:695935ms step_avg:332.98ms
step:2101/5100 lr:0.001 train_loss:3.0600 train_time:696370ms step_avg:333.03ms
step:2102/5100 lr:0.001 train_loss:3.5875 train_time:696800ms step_avg:333.08ms
step:2103/5100 lr:0.001 train_loss:3.5254 train_time:697231ms step_avg:333.13ms
step:2104/5100 lr:0.001 train_loss:3.6068 train_time:697669ms step_avg:333.18ms
step:2105/5100 lr:0.001 train_loss:3.5253 train_time:698099ms step_avg:333.22ms
step:2106/5100 lr:0.001 train_loss:3.2795 train_time:698530ms step_avg:333.27ms
step:2107/5100 lr:0.001 train_loss:3.4754 train_time:698960ms step_avg:333.31ms
step:2108/5100 lr:0.001 train_loss:3.7646 train_time:699390ms step_avg:333.36ms
step:2109/5100 lr:0.001 train_loss:3.3209 train_time:699821ms step_avg:333.41ms
step:2110/5100 lr:0.001 train_loss:3.4323 train_time:700251ms step_avg:333.45ms
step:2111/5100 lr:0.001 train_loss:3.4476 train_time:700682ms step_avg:333.50ms
step:2112/5100 lr:0.001 train_loss:3.4358 train_time:701112ms step_avg:333.55ms
step:2113/5100 lr:0.001 train_loss:3.5586 train_time:701543ms step_avg:333.59ms
step:2114/5100 lr:0.001 train_loss:3.8119 train_time:701973ms step_avg:333.64ms
step:2115/5100 lr:0.001 train_loss:3.4476 train_time:702403ms step_avg:333.68ms
step:2116/5100 lr:0.001 train_loss:3.4531 train_time:702834ms step_avg:333.73ms
step:2117/5100 lr:0.001 train_loss:3.3591 train_time:703264ms step_avg:333.78ms
step:2118/5100 lr:0.001 train_loss:3.4342 train_time:703694ms step_avg:333.82ms
step:2119/5100 lr:0.001 train_loss:3.5850 train_time:704124ms step_avg:333.87ms
step:2120/5100 lr:0.001 train_loss:3.5532 train_time:704554ms step_avg:333.91ms
step:2121/5100 lr:0.001 train_loss:3.6185 train_time:704989ms step_avg:333.96ms
step:2122/5100 lr:0.001 train_loss:3.6122 train_time:705420ms step_avg:334.01ms
step:2123/5100 lr:0.001 train_loss:3.5631 train_time:705850ms step_avg:334.05ms
step:2124/5100 lr:0.001 train_loss:3.5832 train_time:706299ms step_avg:334.11ms
step:2125/5100 lr:0.001 train_loss:3.4785 train_time:706727ms step_avg:334.15ms
step:2125/5100 val_loss:3.5083 train_time:706737ms step_avg:334.15ms
step:2126/5100 lr:0.001 train_loss:3.3722 train_time:710993ms step_avg:336.01ms
step:2127/5100 lr:0.001 train_loss:3.6423 train_time:711422ms step_avg:336.05ms
step:2128/5100 lr:0.001 train_loss:3.5156 train_time:711854ms step_avg:336.10ms
step:2129/5100 lr:0.001 train_loss:3.5220 train_time:712284ms step_avg:336.14ms
step:2130/5100 lr:0.001 train_loss:3.4998 train_time:712714ms step_avg:336.19ms
step:2131/5100 lr:0.001 train_loss:3.5932 train_time:713144ms step_avg:336.23ms
step:2132/5100 lr:0.001 train_loss:3.4941 train_time:713574ms step_avg:336.27ms
step:2133/5100 lr:0.001 train_loss:3.3422 train_time:714004ms step_avg:336.32ms
step:2134/5100 lr:0.001 train_loss:3.4182 train_time:714444ms step_avg:336.37ms
step:2135/5100 lr:0.001 train_loss:3.5217 train_time:714874ms step_avg:336.41ms
step:2136/5100 lr:0.001 train_loss:3.3307 train_time:715303ms step_avg:336.45ms
step:2137/5100 lr:0.001 train_loss:3.4129 train_time:715732ms step_avg:336.50ms
step:2138/5100 lr:0.001 train_loss:3.4869 train_time:716162ms step_avg:336.54ms
step:2139/5100 lr:0.001 train_loss:3.5333 train_time:716591ms step_avg:336.59ms
step:2140/5100 lr:0.001 train_loss:3.5745 train_time:717020ms step_avg:336.63ms
step:2141/5100 lr:0.001 train_loss:3.6372 train_time:717450ms step_avg:336.67ms
step:2142/5100 lr:0.001 train_loss:3.5442 train_time:717880ms step_avg:336.72ms
step:2143/5100 lr:0.001 train_loss:3.6715 train_time:718309ms step_avg:336.76ms
step:2144/5100 lr:0.001 train_loss:3.6846 train_time:718739ms step_avg:336.80ms
step:2145/5100 lr:0.001 train_loss:3.4001 train_time:719169ms step_avg:336.85ms
step:2146/5100 lr:0.001 train_loss:3.9988 train_time:719599ms step_avg:336.89ms
step:2147/5100 lr:0.001 train_loss:3.4588 train_time:720029ms step_avg:336.93ms
step:2148/5100 lr:0.001 train_loss:3.5535 train_time:720458ms step_avg:336.98ms
step:2149/5100 lr:0.001 train_loss:3.4593 train_time:720888ms step_avg:337.02ms
step:2150/5100 lr:0.001 train_loss:3.6434 train_time:721318ms step_avg:337.06ms
step:2151/5100 lr:0.001 train_loss:3.2361 train_time:721748ms step_avg:337.11ms
step:2152/5100 lr:0.001 train_loss:3.4140 train_time:722180ms step_avg:337.15ms
step:2153/5100 lr:0.001 train_loss:3.8988 train_time:722610ms step_avg:337.20ms
step:2154/5100 lr:0.001 train_loss:3.6108 train_time:723039ms step_avg:337.24ms
step:2155/5100 lr:0.001 train_loss:3.4851 train_time:723469ms step_avg:337.28ms
step:2156/5100 lr:0.001 train_loss:3.3974 train_time:723901ms step_avg:337.33ms
step:2157/5100 lr:0.001 train_loss:3.6869 train_time:724333ms step_avg:337.37ms
step:2158/5100 lr:0.001 train_loss:3.6847 train_time:724775ms step_avg:337.42ms
step:2159/5100 lr:0.001 train_loss:3.6961 train_time:725206ms step_avg:337.46ms
step:2160/5100 lr:0.001 train_loss:3.4168 train_time:725642ms step_avg:337.51ms
step:2161/5100 lr:0.001 train_loss:3.5874 train_time:726072ms step_avg:337.55ms
step:2162/5100 lr:0.001 train_loss:3.4740 train_time:726501ms step_avg:337.59ms
step:2163/5100 lr:0.001 train_loss:3.4226 train_time:726930ms step_avg:337.64ms
step:2164/5100 lr:0.001 train_loss:3.2451 train_time:727360ms step_avg:337.68ms
step:2165/5100 lr:0.001 train_loss:3.5279 train_time:727789ms step_avg:337.72ms
step:2166/5100 lr:0.001 train_loss:3.5474 train_time:728219ms step_avg:337.76ms
step:2167/5100 lr:0.001 train_loss:3.5465 train_time:728649ms step_avg:337.81ms
step:2168/5100 lr:0.001 train_loss:3.5974 train_time:729079ms step_avg:337.85ms
step:2169/5100 lr:0.001 train_loss:3.5273 train_time:729508ms step_avg:337.89ms
step:2170/5100 lr:0.001 train_loss:3.4103 train_time:729938ms step_avg:337.93ms
step:2171/5100 lr:0.001 train_loss:3.3662 train_time:730367ms step_avg:337.98ms
step:2172/5100 lr:0.001 train_loss:3.5858 train_time:730797ms step_avg:338.02ms
step:2173/5100 lr:0.001 train_loss:3.5046 train_time:731227ms step_avg:338.06ms
step:2174/5100 lr:0.001 train_loss:3.1946 train_time:731657ms step_avg:338.10ms
step:2175/5100 lr:0.001 train_loss:3.7625 train_time:732087ms step_avg:338.15ms
step:2176/5100 lr:0.001 train_loss:3.4586 train_time:732517ms step_avg:338.19ms
step:2177/5100 lr:0.001 train_loss:3.4747 train_time:732948ms step_avg:338.23ms
step:2178/5100 lr:0.001 train_loss:3.5312 train_time:733378ms step_avg:338.27ms
step:2179/5100 lr:0.001 train_loss:3.5163 train_time:733809ms step_avg:338.32ms
step:2180/5100 lr:0.001 train_loss:3.5901 train_time:734239ms step_avg:338.36ms
step:2181/5100 lr:0.001 train_loss:3.5441 train_time:734668ms step_avg:338.40ms
step:2182/5100 lr:0.001 train_loss:3.4406 train_time:735098ms step_avg:338.44ms
step:2183/5100 lr:0.001 train_loss:3.7253 train_time:735528ms step_avg:338.49ms
step:2184/5100 lr:0.001 train_loss:3.4565 train_time:735964ms step_avg:338.53ms
step:2185/5100 lr:0.001 train_loss:3.4202 train_time:736393ms step_avg:338.57ms
step:2186/5100 lr:0.001 train_loss:4.2798 train_time:736823ms step_avg:338.61ms
step:2187/5100 lr:0.001 train_loss:3.7344 train_time:737252ms step_avg:338.66ms
step:2188/5100 lr:0.001 train_loss:3.5175 train_time:737682ms step_avg:338.70ms
step:2189/5100 lr:0.001 train_loss:3.3753 train_time:738112ms step_avg:338.74ms
step:2190/5100 lr:0.001 train_loss:3.4741 train_time:738542ms step_avg:338.78ms
step:2191/5100 lr:0.001 train_loss:3.5513 train_time:738971ms step_avg:338.82ms
step:2192/5100 lr:0.001 train_loss:3.4295 train_time:739401ms step_avg:338.86ms
step:2193/5100 lr:0.001 train_loss:3.4130 train_time:739830ms step_avg:338.91ms
step:2194/5100 lr:0.001 train_loss:3.5418 train_time:740260ms step_avg:338.95ms
step:2195/5100 lr:0.001 train_loss:3.3146 train_time:740689ms step_avg:338.99ms
step:2196/5100 lr:0.001 train_loss:3.7177 train_time:741119ms step_avg:339.03ms
step:2197/5100 lr:0.001 train_loss:3.5721 train_time:741549ms step_avg:339.07ms
step:2198/5100 lr:0.001 train_loss:3.6617 train_time:741978ms step_avg:339.11ms
step:2199/5100 lr:0.001 train_loss:3.6568 train_time:742408ms step_avg:339.15ms
step:2200/5100 lr:0.001 train_loss:3.7132 train_time:742838ms step_avg:339.20ms
step:2201/5100 lr:0.001 train_loss:3.6100 train_time:743268ms step_avg:339.24ms
step:2202/5100 lr:0.001 train_loss:3.4756 train_time:743698ms step_avg:339.28ms
step:2203/5100 lr:0.001 train_loss:3.6218 train_time:744130ms step_avg:339.32ms
step:2204/5100 lr:0.001 train_loss:3.5785 train_time:744560ms step_avg:339.36ms
step:2205/5100 lr:0.001 train_loss:3.5855 train_time:744990ms step_avg:339.40ms
step:2206/5100 lr:0.001 train_loss:3.5839 train_time:745419ms step_avg:339.44ms
step:2207/5100 lr:0.001 train_loss:3.3318 train_time:745848ms step_avg:339.48ms
step:2208/5100 lr:0.001 train_loss:3.8312 train_time:746277ms step_avg:339.53ms
step:2209/5100 lr:0.001 train_loss:3.4284 train_time:746707ms step_avg:339.57ms
step:2210/5100 lr:0.001 train_loss:3.4419 train_time:747137ms step_avg:339.61ms
step:2211/5100 lr:0.001 train_loss:3.7233 train_time:747567ms step_avg:339.65ms
step:2212/5100 lr:0.001 train_loss:3.3835 train_time:747997ms step_avg:339.69ms
step:2213/5100 lr:0.001 train_loss:3.5762 train_time:748427ms step_avg:339.73ms
step:2214/5100 lr:0.001 train_loss:3.5052 train_time:748856ms step_avg:339.77ms
step:2215/5100 lr:0.001 train_loss:3.5536 train_time:749286ms step_avg:339.81ms
step:2216/5100 lr:0.001 train_loss:3.4284 train_time:749716ms step_avg:339.85ms
step:2217/5100 lr:0.001 train_loss:3.4174 train_time:750146ms step_avg:339.89ms
step:2218/5100 lr:0.001 train_loss:3.8120 train_time:750577ms step_avg:339.94ms
step:2219/5100 lr:0.001 train_loss:3.6298 train_time:751007ms step_avg:339.98ms
step:2220/5100 lr:0.001 train_loss:3.5068 train_time:751437ms step_avg:340.02ms
step:2221/5100 lr:0.001 train_loss:3.7607 train_time:751869ms step_avg:340.06ms
step:2222/5100 lr:0.001 train_loss:3.7980 train_time:752299ms step_avg:340.10ms
step:2223/5100 lr:0.001 train_loss:3.5526 train_time:752730ms step_avg:340.14ms
step:2224/5100 lr:0.001 train_loss:3.5221 train_time:753160ms step_avg:340.18ms
step:2225/5100 lr:0.001 train_loss:3.4999 train_time:753589ms step_avg:340.22ms
step:2226/5100 lr:0.001 train_loss:3.5291 train_time:754019ms step_avg:340.26ms
step:2227/5100 lr:0.001 train_loss:3.5996 train_time:754448ms step_avg:340.30ms
step:2228/5100 lr:0.001 train_loss:3.5207 train_time:754878ms step_avg:340.34ms
step:2229/5100 lr:0.001 train_loss:3.6597 train_time:755308ms step_avg:340.38ms
step:2230/5100 lr:0.001 train_loss:3.4669 train_time:755738ms step_avg:340.42ms
step:2231/5100 lr:0.001 train_loss:3.4847 train_time:756168ms step_avg:340.46ms
step:2232/5100 lr:0.001 train_loss:3.4607 train_time:756598ms step_avg:340.50ms
step:2233/5100 lr:0.001 train_loss:3.8090 train_time:757028ms step_avg:340.54ms
step:2234/5100 lr:0.001 train_loss:3.3450 train_time:757458ms step_avg:340.58ms
step:2235/5100 lr:0.001 train_loss:3.5923 train_time:757896ms step_avg:340.63ms
step:2236/5100 lr:0.001 train_loss:3.3273 train_time:758326ms step_avg:340.67ms
step:2237/5100 lr:0.001 train_loss:3.3102 train_time:758756ms step_avg:340.71ms
step:2238/5100 lr:0.001 train_loss:3.4092 train_time:759186ms step_avg:340.75ms
step:2239/5100 lr:0.001 train_loss:3.5994 train_time:759616ms step_avg:340.79ms
step:2240/5100 lr:0.001 train_loss:3.4466 train_time:760046ms step_avg:340.83ms
step:2241/5100 lr:0.001 train_loss:3.5780 train_time:760476ms step_avg:340.87ms
step:2242/5100 lr:0.001 train_loss:3.5472 train_time:760906ms step_avg:340.91ms
step:2243/5100 lr:0.001 train_loss:3.5421 train_time:761335ms step_avg:340.95ms
step:2244/5100 lr:0.001 train_loss:3.6705 train_time:761765ms step_avg:340.99ms
step:2245/5100 lr:0.001 train_loss:3.5131 train_time:762195ms step_avg:341.03ms
step:2246/5100 lr:0.001 train_loss:3.3538 train_time:762625ms step_avg:341.07ms
step:2247/5100 lr:0.001 train_loss:3.4297 train_time:763058ms step_avg:341.11ms
step:2248/5100 lr:0.001 train_loss:3.5128 train_time:763488ms step_avg:341.15ms
step:2249/5100 lr:0.001 train_loss:3.4924 train_time:763918ms step_avg:341.19ms
step:2250/5100 lr:0.001 train_loss:3.3884 train_time:764348ms step_avg:341.23ms
step:2250/5100 val_loss:3.4903 train_time:764359ms step_avg:341.23ms
step:2251/5100 lr:0.001 train_loss:3.3236 train_time:768610ms step_avg:342.98ms
step:2252/5100 lr:0.001 train_loss:3.3880 train_time:769040ms step_avg:343.02ms
step:2253/5100 lr:0.001 train_loss:3.5826 train_time:769470ms step_avg:343.05ms
step:2254/5100 lr:0.001 train_loss:3.4441 train_time:769900ms step_avg:343.09ms
step:2255/5100 lr:0.001 train_loss:3.4590 train_time:770330ms step_avg:343.13ms
step:2256/5100 lr:0.001 train_loss:3.4595 train_time:770760ms step_avg:343.17ms
step:2257/5100 lr:0.001 train_loss:3.4720 train_time:771190ms step_avg:343.21ms
step:2258/5100 lr:0.001 train_loss:3.7034 train_time:771621ms step_avg:343.25ms
step:2259/5100 lr:0.001 train_loss:3.2773 train_time:772052ms step_avg:343.29ms
step:2260/5100 lr:0.001 train_loss:3.2393 train_time:772482ms step_avg:343.33ms
step:2261/5100 lr:0.001 train_loss:3.9031 train_time:772911ms step_avg:343.36ms
step:2262/5100 lr:0.001 train_loss:3.3464 train_time:773352ms step_avg:343.41ms
step:2263/5100 lr:0.001 train_loss:5.2673 train_time:773782ms step_avg:343.45ms
step:2264/5100 lr:0.001 train_loss:3.4713 train_time:774212ms step_avg:343.48ms
step:2265/5100 lr:0.001 train_loss:3.7303 train_time:774642ms step_avg:343.52ms
step:2266/5100 lr:0.001 train_loss:3.4615 train_time:775071ms step_avg:343.56ms
step:2267/5100 lr:0.001 train_loss:3.5059 train_time:775500ms step_avg:343.60ms
step:2268/5100 lr:0.001 train_loss:3.4443 train_time:775929ms step_avg:343.64ms
step:2269/5100 lr:0.001 train_loss:3.4956 train_time:776359ms step_avg:343.67ms
step:2270/5100 lr:0.001 train_loss:3.6192 train_time:776789ms step_avg:343.71ms
step:2271/5100 lr:0.001 train_loss:3.3466 train_time:777218ms step_avg:343.75ms
step:2272/5100 lr:0.001 train_loss:3.4024 train_time:777649ms step_avg:343.79ms
step:2273/5100 lr:0.001 train_loss:3.6238 train_time:778080ms step_avg:343.83ms
step:2274/5100 lr:0.001 train_loss:3.4051 train_time:778508ms step_avg:343.86ms
step:2275/5100 lr:0.001 train_loss:3.6170 train_time:778938ms step_avg:343.90ms
step:2276/5100 lr:0.001 train_loss:3.3598 train_time:779370ms step_avg:343.94ms
step:2277/5100 lr:0.001 train_loss:3.6667 train_time:779810ms step_avg:343.98ms
step:2278/5100 lr:0.001 train_loss:3.5900 train_time:780240ms step_avg:344.02ms
step:2279/5100 lr:0.001 train_loss:3.3837 train_time:780670ms step_avg:344.06ms
step:2280/5100 lr:0.001 train_loss:3.4956 train_time:781301ms step_avg:344.19ms
step:2281/5100 lr:0.001 train_loss:3.8412 train_time:781731ms step_avg:344.22ms
step:2282/5100 lr:0.001 train_loss:3.4406 train_time:782163ms step_avg:344.26ms
step:2283/5100 lr:0.001 train_loss:3.3193 train_time:782592ms step_avg:344.30ms
step:2284/5100 lr:0.001 train_loss:3.4970 train_time:783022ms step_avg:344.34ms
step:2285/5100 lr:0.001 train_loss:3.4137 train_time:783451ms step_avg:344.37ms
step:2286/5100 lr:0.001 train_loss:3.2738 train_time:784081ms step_avg:344.50ms
step:2287/5100 lr:0.001 train_loss:3.3446 train_time:784510ms step_avg:344.54ms
step:2288/5100 lr:0.001 train_loss:3.4569 train_time:784950ms step_avg:344.58ms
step:2289/5100 lr:0.001 train_loss:3.3863 train_time:785379ms step_avg:344.62ms
step:2290/5100 lr:0.001 train_loss:3.5151 train_time:785809ms step_avg:344.65ms
step:2291/5100 lr:0.001 train_loss:3.5070 train_time:786241ms step_avg:344.69ms
step:2292/5100 lr:0.001 train_loss:3.3242 train_time:786671ms step_avg:344.73ms
step:2293/5100 lr:0.001 train_loss:3.5057 train_time:787100ms step_avg:344.77ms
step:2294/5100 lr:0.001 train_loss:3.5208 train_time:787529ms step_avg:344.80ms
step:2295/5100 lr:0.001 train_loss:3.7167 train_time:787959ms step_avg:344.84ms
step:2296/5100 lr:0.001 train_loss:3.3256 train_time:788389ms step_avg:344.88ms
step:2297/5100 lr:0.001 train_loss:4.1305 train_time:788819ms step_avg:344.91ms
step:2298/5100 lr:0.001 train_loss:3.4329 train_time:789249ms step_avg:344.95ms
step:2299/5100 lr:0.001 train_loss:3.3664 train_time:789679ms step_avg:344.99ms
step:2300/5100 lr:0.001 train_loss:3.5306 train_time:790113ms step_avg:345.03ms
step:2301/5100 lr:0.001 train_loss:3.4528 train_time:790543ms step_avg:345.06ms
step:2302/5100 lr:0.001 train_loss:3.4848 train_time:790984ms step_avg:345.11ms
step:2303/5100 lr:0.001 train_loss:3.9298 train_time:791413ms step_avg:345.14ms
step:2304/5100 lr:0.001 train_loss:3.5161 train_time:791845ms step_avg:345.18ms
step:2305/5100 lr:0.001 train_loss:3.3095 train_time:792275ms step_avg:345.22ms
step:2306/5100 lr:0.001 train_loss:3.7040 train_time:792705ms step_avg:345.25ms
step:2307/5100 lr:0.001 train_loss:3.3308 train_time:793135ms step_avg:345.29ms
step:2308/5100 lr:0.001 train_loss:3.4988 train_time:793565ms step_avg:345.33ms
step:2309/5100 lr:0.001 train_loss:3.4479 train_time:793994ms step_avg:345.36ms
step:2310/5100 lr:0.001 train_loss:3.3967 train_time:794424ms step_avg:345.40ms
step:2311/5100 lr:0.001 train_loss:3.6999 train_time:794857ms step_avg:345.44ms
step:2312/5100 lr:0.001 train_loss:3.3163 train_time:795287ms step_avg:345.48ms
step:2313/5100 lr:0.001 train_loss:3.5367 train_time:795717ms step_avg:345.51ms
step:2314/5100 lr:0.001 train_loss:3.4985 train_time:796147ms step_avg:345.55ms
step:2315/5100 lr:0.001 train_loss:3.6208 train_time:796577ms step_avg:345.59ms
step:2316/5100 lr:0.001 train_loss:3.3230 train_time:797008ms step_avg:345.62ms
step:2317/5100 lr:0.001 train_loss:3.5163 train_time:797437ms step_avg:345.66ms
step:2318/5100 lr:0.001 train_loss:3.5701 train_time:797867ms step_avg:345.70ms
step:2319/5100 lr:0.001 train_loss:3.5249 train_time:798297ms step_avg:345.73ms
step:2320/5100 lr:0.001 train_loss:3.3955 train_time:798726ms step_avg:345.77ms
step:2321/5100 lr:0.001 train_loss:3.4731 train_time:799156ms step_avg:345.81ms
step:2322/5100 lr:0.001 train_loss:3.3110 train_time:799586ms step_avg:345.84ms
step:2323/5100 lr:0.001 train_loss:3.5069 train_time:800016ms step_avg:345.88ms
step:2324/5100 lr:0.001 train_loss:3.4457 train_time:800445ms step_avg:345.91ms
step:2325/5100 lr:0.001 train_loss:3.1286 train_time:800875ms step_avg:345.95ms
step:2326/5100 lr:0.001 train_loss:3.4238 train_time:801304ms step_avg:345.99ms
step:2327/5100 lr:0.001 train_loss:3.5660 train_time:801734ms step_avg:346.02ms
step:2328/5100 lr:0.001 train_loss:3.4653 train_time:802164ms step_avg:346.06ms
step:2329/5100 lr:0.001 train_loss:3.5080 train_time:802601ms step_avg:346.10ms
step:2330/5100 lr:0.001 train_loss:3.5104 train_time:803031ms step_avg:346.13ms
step:2331/5100 lr:0.001 train_loss:3.5873 train_time:803473ms step_avg:346.18ms
step:2332/5100 lr:0.001 train_loss:3.6044 train_time:803903ms step_avg:346.21ms
step:2333/5100 lr:0.001 train_loss:3.3164 train_time:804332ms step_avg:346.25ms
step:2334/5100 lr:0.001 train_loss:3.4231 train_time:804762ms step_avg:346.28ms
step:2335/5100 lr:0.001 train_loss:3.4089 train_time:805192ms step_avg:346.32ms
step:2336/5100 lr:0.001 train_loss:3.3606 train_time:805622ms step_avg:346.36ms
step:2337/5100 lr:0.001 train_loss:3.1582 train_time:806052ms step_avg:346.39ms
step:2338/5100 lr:0.001 train_loss:3.4667 train_time:806482ms step_avg:346.43ms
step:2339/5100 lr:0.001 train_loss:3.4626 train_time:806911ms step_avg:346.46ms
step:2340/5100 lr:0.001 train_loss:3.5458 train_time:807341ms step_avg:346.50ms
step:2341/5100 lr:0.001 train_loss:3.3302 train_time:807770ms step_avg:346.53ms
step:2342/5100 lr:0.001 train_loss:3.5011 train_time:808200ms step_avg:346.57ms
step:2343/5100 lr:0.001 train_loss:3.4542 train_time:808630ms step_avg:346.61ms
step:2344/5100 lr:0.001 train_loss:3.3822 train_time:809059ms step_avg:346.64ms
step:2345/5100 lr:0.001 train_loss:3.5740 train_time:809489ms step_avg:346.68ms
step:2346/5100 lr:0.001 train_loss:3.4792 train_time:809919ms step_avg:346.71ms
step:2347/5100 lr:0.001 train_loss:3.4464 train_time:810349ms step_avg:346.75ms
step:2348/5100 lr:0.001 train_loss:3.4540 train_time:810779ms step_avg:346.78ms
step:2349/5100 lr:0.001 train_loss:3.5344 train_time:811209ms step_avg:346.82ms
step:2350/5100 lr:0.001 train_loss:3.4559 train_time:811641ms step_avg:346.86ms
step:2351/5100 lr:0.001 train_loss:3.5229 train_time:812071ms step_avg:346.89ms
step:2352/5100 lr:0.001 train_loss:3.5255 train_time:812501ms step_avg:346.93ms
step:2353/5100 lr:0.001 train_loss:3.4728 train_time:812930ms step_avg:346.96ms
step:2354/5100 lr:0.001 train_loss:3.5147 train_time:813360ms step_avg:347.00ms
step:2355/5100 lr:0.001 train_loss:3.3192 train_time:813790ms step_avg:347.03ms
step:2356/5100 lr:0.001 train_loss:3.2985 train_time:814220ms step_avg:347.07ms
step:2357/5100 lr:0.001 train_loss:3.4412 train_time:814650ms step_avg:347.10ms
step:2358/5100 lr:0.001 train_loss:3.4610 train_time:815080ms step_avg:347.14ms
step:2359/5100 lr:0.001 train_loss:3.5474 train_time:815510ms step_avg:347.17ms
step:2360/5100 lr:0.001 train_loss:3.4327 train_time:815940ms step_avg:347.21ms
step:2361/5100 lr:0.001 train_loss:3.2945 train_time:816370ms step_avg:347.24ms
step:2362/5100 lr:0.001 train_loss:3.6064 train_time:816799ms step_avg:347.28ms
step:2363/5100 lr:0.001 train_loss:3.2907 train_time:817229ms step_avg:347.31ms
step:2364/5100 lr:0.001 train_loss:3.3817 train_time:817659ms step_avg:347.35ms
step:2365/5100 lr:0.001 train_loss:3.3155 train_time:818089ms step_avg:347.38ms
step:2366/5100 lr:0.001 train_loss:3.3105 train_time:818519ms step_avg:347.42ms
step:2367/5100 lr:0.001 train_loss:3.4412 train_time:818951ms step_avg:347.45ms
step:2368/5100 lr:0.001 train_loss:3.3050 train_time:819381ms step_avg:347.49ms
step:2369/5100 lr:0.001 train_loss:3.4676 train_time:819814ms step_avg:347.53ms
step:2370/5100 lr:0.001 train_loss:3.4214 train_time:820244ms step_avg:347.56ms
step:2371/5100 lr:0.001 train_loss:3.4797 train_time:820674ms step_avg:347.60ms
step:2372/5100 lr:0.001 train_loss:3.5584 train_time:821104ms step_avg:347.63ms
step:2373/5100 lr:0.001 train_loss:3.4638 train_time:821534ms step_avg:347.67ms
step:2374/5100 lr:0.001 train_loss:3.4739 train_time:821964ms step_avg:347.70ms
step:2375/5100 lr:0.001 train_loss:3.5733 train_time:822394ms step_avg:347.74ms
step:2375/5100 val_loss:3.4741 train_time:822404ms step_avg:347.74ms
step:2376/5100 lr:0.001 train_loss:3.3814 train_time:826651ms step_avg:349.39ms
step:2377/5100 lr:0.001 train_loss:3.6162 train_time:827081ms step_avg:349.42ms
step:2378/5100 lr:0.001 train_loss:3.4441 train_time:827510ms step_avg:349.46ms
step:2379/5100 lr:0.001 train_loss:4.1525 train_time:827942ms step_avg:349.49ms
step:2380/5100 lr:0.001 train_loss:3.4173 train_time:828378ms step_avg:349.53ms
step:2381/5100 lr:0.001 train_loss:3.3544 train_time:828808ms step_avg:349.56ms
step:2382/5100 lr:0.001 train_loss:3.6848 train_time:829239ms step_avg:349.59ms
step:2383/5100 lr:0.001 train_loss:3.5650 train_time:829669ms step_avg:349.63ms
step:2384/5100 lr:0.001 train_loss:3.5968 train_time:830099ms step_avg:349.66ms
step:2385/5100 lr:0.001 train_loss:3.5125 train_time:830536ms step_avg:349.70ms
step:2386/5100 lr:0.001 train_loss:3.3743 train_time:830966ms step_avg:349.73ms
step:2387/5100 lr:0.001 train_loss:3.5354 train_time:831396ms step_avg:349.77ms
step:2388/5100 lr:0.001 train_loss:3.5631 train_time:831826ms step_avg:349.80ms
step:2389/5100 lr:0.001 train_loss:3.4036 train_time:832256ms step_avg:349.83ms
step:2390/5100 lr:0.001 train_loss:3.3549 train_time:832687ms step_avg:349.87ms
step:2391/5100 lr:0.001 train_loss:3.5348 train_time:833116ms step_avg:349.90ms
step:2392/5100 lr:0.001 train_loss:3.5357 train_time:833547ms step_avg:349.94ms
step:2393/5100 lr:0.001 train_loss:3.5796 train_time:833977ms step_avg:349.97ms
step:2394/5100 lr:0.001 train_loss:3.4985 train_time:834407ms step_avg:350.00ms
step:2395/5100 lr:0.001 train_loss:3.5797 train_time:834838ms step_avg:350.04ms
step:2396/5100 lr:0.001 train_loss:3.3956 train_time:835268ms step_avg:350.07ms
step:2397/5100 lr:0.001 train_loss:3.3613 train_time:835698ms step_avg:350.10ms
step:2398/5100 lr:0.001 train_loss:3.6135 train_time:836131ms step_avg:350.14ms
step:2399/5100 lr:0.001 train_loss:3.3841 train_time:836561ms step_avg:350.17ms
step:2400/5100 lr:0.001 train_loss:3.5865 train_time:836990ms step_avg:350.21ms
step:2401/5100 lr:0.001 train_loss:3.6423 train_time:837422ms step_avg:350.24ms
step:2402/5100 lr:0.001 train_loss:3.7883 train_time:837854ms step_avg:350.27ms
step:2403/5100 lr:0.001 train_loss:3.7430 train_time:838284ms step_avg:350.31ms
step:2404/5100 lr:0.001 train_loss:3.5342 train_time:838716ms step_avg:350.34ms
step:2405/5100 lr:0.001 train_loss:3.3706 train_time:839146ms step_avg:350.37ms
step:2406/5100 lr:0.001 train_loss:3.3991 train_time:839576ms step_avg:350.41ms
step:2407/5100 lr:0.001 train_loss:3.5747 train_time:840006ms step_avg:350.44ms
step:2408/5100 lr:0.001 train_loss:3.3807 train_time:840436ms step_avg:350.47ms
step:2409/5100 lr:0.001 train_loss:3.4499 train_time:840866ms step_avg:350.51ms
step:2410/5100 lr:0.001 train_loss:3.7617 train_time:841297ms step_avg:350.54ms
step:2411/5100 lr:0.001 train_loss:3.4132 train_time:841727ms step_avg:350.57ms
step:2412/5100 lr:0.001 train_loss:3.5470 train_time:842157ms step_avg:350.61ms
step:2413/5100 lr:0.001 train_loss:3.4487 train_time:842588ms step_avg:350.64ms
step:2414/5100 lr:0.001 train_loss:3.4921 train_time:843018ms step_avg:350.67ms
step:2415/5100 lr:0.001 train_loss:3.5696 train_time:843448ms step_avg:350.71ms
step:2416/5100 lr:0.001 train_loss:3.4107 train_time:843879ms step_avg:350.74ms
step:2417/5100 lr:0.001 train_loss:3.5842 train_time:844309ms step_avg:350.77ms
step:2418/5100 lr:0.001 train_loss:3.5631 train_time:844739ms step_avg:350.81ms
step:2419/5100 lr:0.001 train_loss:3.4325 train_time:845169ms step_avg:350.84ms
step:2420/5100 lr:0.001 train_loss:3.4100 train_time:845599ms step_avg:350.87ms
step:2421/5100 lr:0.001 train_loss:3.5544 train_time:846037ms step_avg:350.91ms
step:2422/5100 lr:0.001 train_loss:3.3604 train_time:846467ms step_avg:350.94ms
step:2423/5100 lr:0.001 train_loss:3.2993 train_time:846898ms step_avg:350.97ms
step:2424/5100 lr:0.001 train_loss:3.6357 train_time:847330ms step_avg:351.01ms
step:2425/5100 lr:0.001 train_loss:3.4646 train_time:847760ms step_avg:351.04ms
step:2426/5100 lr:0.001 train_loss:3.4632 train_time:848190ms step_avg:351.07ms
step:2427/5100 lr:0.001 train_loss:3.4839 train_time:848621ms step_avg:351.10ms
step:2428/5100 lr:0.001 train_loss:3.6792 train_time:849052ms step_avg:351.14ms
step:2429/5100 lr:0.001 train_loss:3.4807 train_time:849483ms step_avg:351.17ms
step:2430/5100 lr:0.001 train_loss:3.7197 train_time:849913ms step_avg:351.20ms
step:2431/5100 lr:0.001 train_loss:3.5917 train_time:850342ms step_avg:351.24ms
step:2432/5100 lr:0.001 train_loss:3.4770 train_time:850772ms step_avg:351.27ms
step:2433/5100 lr:0.001 train_loss:3.4930 train_time:851202ms step_avg:351.30ms
step:2434/5100 lr:0.001 train_loss:3.4812 train_time:851632ms step_avg:351.33ms
step:2435/5100 lr:0.001 train_loss:3.4945 train_time:852061ms step_avg:351.37ms
step:2436/5100 lr:0.001 train_loss:3.4667 train_time:852491ms step_avg:351.40ms
step:2437/5100 lr:0.001 train_loss:3.4608 train_time:852921ms step_avg:351.43ms
step:2438/5100 lr:0.001 train_loss:3.5050 train_time:853351ms step_avg:351.46ms
step:2439/5100 lr:0.001 train_loss:3.3374 train_time:853781ms step_avg:351.49ms
step:2440/5100 lr:0.001 train_loss:3.2910 train_time:854212ms step_avg:351.53ms
step:2441/5100 lr:0.001 train_loss:3.5109 train_time:854641ms step_avg:351.56ms
step:2442/5100 lr:0.001 train_loss:3.2794 train_time:855071ms step_avg:351.59ms
step:2443/5100 lr:0.001 train_loss:3.4462 train_time:855501ms step_avg:351.62ms
step:2444/5100 lr:0.001 train_loss:3.5514 train_time:855931ms step_avg:351.66ms
step:2445/5100 lr:0.001 train_loss:3.5668 train_time:856362ms step_avg:351.69ms
step:2446/5100 lr:0.001 train_loss:3.4462 train_time:856793ms step_avg:351.72ms
step:2447/5100 lr:0.001 train_loss:3.4145 train_time:857222ms step_avg:351.75ms
step:2448/5100 lr:0.001 train_loss:3.5670 train_time:857652ms step_avg:351.78ms
step:2449/5100 lr:0.001 train_loss:3.3433 train_time:858081ms step_avg:351.82ms
step:2450/5100 lr:0.001 train_loss:3.4446 train_time:858511ms step_avg:351.85ms
step:2451/5100 lr:0.001 train_loss:3.4458 train_time:858941ms step_avg:351.88ms
step:2452/5100 lr:0.001 train_loss:3.4393 train_time:859371ms step_avg:351.91ms
step:2453/5100 lr:0.001 train_loss:3.4420 train_time:859801ms step_avg:351.94ms
step:2454/5100 lr:0.001 train_loss:3.8014 train_time:860230ms step_avg:351.98ms
step:2455/5100 lr:0.001 train_loss:3.4959 train_time:860660ms step_avg:352.01ms
step:2456/5100 lr:0.001 train_loss:3.4141 train_time:861090ms step_avg:352.04ms
step:2457/5100 lr:0.001 train_loss:3.3616 train_time:861521ms step_avg:352.07ms
step:2458/5100 lr:0.001 train_loss:3.7352 train_time:861951ms step_avg:352.10ms
step:2459/5100 lr:0.001 train_loss:3.4176 train_time:862380ms step_avg:352.14ms
step:2460/5100 lr:0.001 train_loss:3.5904 train_time:862810ms step_avg:352.17ms
step:2461/5100 lr:0.001 train_loss:3.5321 train_time:863240ms step_avg:352.20ms
step:2462/5100 lr:0.001 train_loss:3.4562 train_time:863670ms step_avg:352.23ms
step:2463/5100 lr:0.001 train_loss:3.2604 train_time:864100ms step_avg:352.26ms
step:2464/5100 lr:0.001 train_loss:3.4653 train_time:864530ms step_avg:352.29ms
step:2465/5100 lr:0.001 train_loss:3.4321 train_time:864960ms step_avg:352.33ms
step:2466/5100 lr:0.001 train_loss:3.5369 train_time:865390ms step_avg:352.36ms
step:2467/5100 lr:0.001 train_loss:3.3375 train_time:865820ms step_avg:352.39ms
step:2468/5100 lr:0.001 train_loss:3.6933 train_time:866250ms step_avg:352.42ms
step:2469/5100 lr:0.001 train_loss:3.4673 train_time:866681ms step_avg:352.45ms
step:2470/5100 lr:0.001 train_loss:3.5703 train_time:867317ms step_avg:352.57ms
step:2471/5100 lr:0.001 train_loss:3.6730 train_time:867749ms step_avg:352.60ms
step:2472/5100 lr:0.001 train_loss:3.4588 train_time:868180ms step_avg:352.63ms
step:2473/5100 lr:0.001 train_loss:3.4008 train_time:868610ms step_avg:352.66ms
step:2474/5100 lr:0.001 train_loss:3.4741 train_time:869047ms step_avg:352.70ms
step:2475/5100 lr:0.001 train_loss:3.4870 train_time:869477ms step_avg:352.73ms
step:2476/5100 lr:0.001 train_loss:3.4640 train_time:869907ms step_avg:352.76ms
step:2477/5100 lr:0.001 train_loss:3.5741 train_time:870534ms step_avg:352.87ms
step:2478/5100 lr:0.001 train_loss:3.4476 train_time:870964ms step_avg:352.90ms
step:2479/5100 lr:0.001 train_loss:3.3278 train_time:871394ms step_avg:352.93ms
step:2480/5100 lr:0.001 train_loss:3.4037 train_time:871823ms step_avg:352.96ms
step:2481/5100 lr:0.001 train_loss:3.4289 train_time:872253ms step_avg:353.00ms
step:2482/5100 lr:0.001 train_loss:3.4646 train_time:872683ms step_avg:353.03ms
step:2483/5100 lr:0.001 train_loss:3.4856 train_time:873113ms step_avg:353.06ms
step:2484/5100 lr:0.001 train_loss:3.4734 train_time:873542ms step_avg:353.09ms
step:2485/5100 lr:0.001 train_loss:3.6690 train_time:873972ms step_avg:353.12ms
step:2486/5100 lr:0.001 train_loss:3.4790 train_time:874401ms step_avg:353.15ms
step:2487/5100 lr:0.001 train_loss:3.5689 train_time:874831ms step_avg:353.18ms
step:2488/5100 lr:0.001 train_loss:3.7013 train_time:875261ms step_avg:353.21ms
step:2489/5100 lr:0.001 train_loss:3.1319 train_time:875690ms step_avg:353.24ms
step:2490/5100 lr:0.001 train_loss:3.4533 train_time:876120ms step_avg:353.27ms
step:2491/5100 lr:0.001 train_loss:3.4495 train_time:876550ms step_avg:353.31ms
step:2492/5100 lr:0.001 train_loss:3.4841 train_time:876980ms step_avg:353.34ms
step:2493/5100 lr:0.001 train_loss:3.4746 train_time:877410ms step_avg:353.37ms
step:2494/5100 lr:0.001 train_loss:3.5177 train_time:877840ms step_avg:353.40ms
step:2495/5100 lr:0.001 train_loss:3.5716 train_time:878270ms step_avg:353.43ms
step:2496/5100 lr:0.001 train_loss:3.5951 train_time:878700ms step_avg:353.46ms
step:2497/5100 lr:0.001 train_loss:3.6130 train_time:879130ms step_avg:353.49ms
step:2498/5100 lr:0.001 train_loss:3.5559 train_time:879560ms step_avg:353.52ms
step:2499/5100 lr:0.001 train_loss:3.3667 train_time:879990ms step_avg:353.55ms
step:2500/5100 lr:0.001 train_loss:3.5253 train_time:880420ms step_avg:353.58ms
step:2500/5100 val_loss:3.4618 train_time:880430ms step_avg:353.59ms
step:2501/5100 lr:0.001 train_loss:3.5840 train_time:884687ms step_avg:355.15ms
step:2502/5100 lr:0.001 train_loss:3.5477 train_time:885116ms step_avg:355.18ms
step:2503/5100 lr:0.001 train_loss:3.2040 train_time:885546ms step_avg:355.21ms
step:2504/5100 lr:0.001 train_loss:3.6983 train_time:885976ms step_avg:355.24ms
step:2505/5100 lr:0.001 train_loss:3.2998 train_time:886406ms step_avg:355.27ms
step:2506/5100 lr:0.001 train_loss:3.6024 train_time:886836ms step_avg:355.30ms
step:2507/5100 lr:0.001 train_loss:3.3982 train_time:887266ms step_avg:355.33ms
step:2508/5100 lr:0.001 train_loss:3.4438 train_time:887696ms step_avg:355.36ms
step:2509/5100 lr:0.001 train_loss:3.6108 train_time:888125ms step_avg:355.39ms
step:2510/5100 lr:0.001 train_loss:3.5161 train_time:888554ms step_avg:355.42ms
step:2511/5100 lr:0.001 train_loss:3.4738 train_time:888984ms step_avg:355.45ms
step:2512/5100 lr:0.001 train_loss:3.4699 train_time:889413ms step_avg:355.48ms
step:2513/5100 lr:0.001 train_loss:3.3566 train_time:889842ms step_avg:355.51ms
step:2514/5100 lr:0.001 train_loss:3.2622 train_time:890272ms step_avg:355.54ms
step:2515/5100 lr:0.001 train_loss:3.4714 train_time:890701ms step_avg:355.57ms
step:2516/5100 lr:0.001 train_loss:3.7397 train_time:891131ms step_avg:355.60ms
step:2517/5100 lr:0.001 train_loss:3.4214 train_time:891563ms step_avg:355.63ms
step:2518/5100 lr:0.001 train_loss:3.5624 train_time:891992ms step_avg:355.66ms
step:2519/5100 lr:0.001 train_loss:3.4542 train_time:892421ms step_avg:355.69ms
step:2520/5100 lr:0.001 train_loss:3.5556 train_time:892851ms step_avg:355.72ms
step:2521/5100 lr:0.001 train_loss:3.5082 train_time:893281ms step_avg:355.75ms
step:2522/5100 lr:0.001 train_loss:3.4336 train_time:893714ms step_avg:355.78ms
step:2523/5100 lr:0.001 train_loss:3.5010 train_time:894144ms step_avg:355.81ms
step:2524/5100 lr:0.001 train_loss:3.6396 train_time:894573ms step_avg:355.84ms
step:2525/5100 lr:0.001 train_loss:3.4530 train_time:895005ms step_avg:355.87ms
step:2526/5100 lr:0.001 train_loss:3.6630 train_time:895434ms step_avg:355.90ms
step:2527/5100 lr:0.001 train_loss:3.4456 train_time:895864ms step_avg:355.93ms
step:2528/5100 lr:0.001 train_loss:3.3703 train_time:896374ms step_avg:355.99ms
step:2529/5100 lr:0.001 train_loss:3.4517 train_time:896804ms step_avg:356.02ms
step:2530/5100 lr:0.001 train_loss:3.4756 train_time:897234ms step_avg:356.05ms
step:2531/5100 lr:0.001 train_loss:3.5939 train_time:897663ms step_avg:356.07ms
step:2532/5100 lr:0.001 train_loss:3.4065 train_time:898100ms step_avg:356.11ms
step:2533/5100 lr:0.001 train_loss:3.7875 train_time:898530ms step_avg:356.14ms
step:2534/5100 lr:0.001 train_loss:3.4793 train_time:898960ms step_avg:356.16ms
step:2535/5100 lr:0.001 train_loss:3.3091 train_time:899390ms step_avg:356.19ms
step:2536/5100 lr:0.001 train_loss:3.5490 train_time:899820ms step_avg:356.22ms
step:2537/5100 lr:0.001 train_loss:3.5938 train_time:900250ms step_avg:356.25ms
step:2538/5100 lr:0.001 train_loss:3.4106 train_time:900680ms step_avg:356.28ms
step:2539/5100 lr:0.001 train_loss:3.4527 train_time:901111ms step_avg:356.31ms
step:2540/5100 lr:0.001 train_loss:3.5310 train_time:901548ms step_avg:356.34ms
step:2541/5100 lr:0.001 train_loss:3.4176 train_time:901977ms step_avg:356.37ms
step:2542/5100 lr:0.001 train_loss:3.3274 train_time:902407ms step_avg:356.40ms
step:2543/5100 lr:0.001 train_loss:3.4752 train_time:902838ms step_avg:356.43ms
step:2544/5100 lr:0.001 train_loss:3.3094 train_time:903268ms step_avg:356.46ms
step:2545/5100 lr:0.001 train_loss:3.3130 train_time:903699ms step_avg:356.49ms
step:2546/5100 lr:0.001 train_loss:3.5257 train_time:904136ms step_avg:356.52ms
step:2547/5100 lr:0.001 train_loss:3.6470 train_time:904566ms step_avg:356.55ms
step:2548/5100 lr:0.001 train_loss:3.3462 train_time:904996ms step_avg:356.58ms
step:2549/5100 lr:0.001 train_loss:3.5103 train_time:905425ms step_avg:356.61ms
step:2550/5100 lr:0.001 train_loss:3.4951 train_time:905855ms step_avg:356.64ms
step:2551/5100 lr:0.001 train_loss:3.5439 train_time:906286ms step_avg:356.66ms
step:2552/5100 lr:0.001 train_loss:3.4704 train_time:906716ms step_avg:356.69ms
step:2553/5100 lr:0.001 train_loss:3.4271 train_time:907146ms step_avg:356.72ms
step:2554/5100 lr:0.001 train_loss:3.2829 train_time:907576ms step_avg:356.75ms
step:2555/5100 lr:0.001 train_loss:3.2040 train_time:908006ms step_avg:356.78ms
step:2556/5100 lr:0.001 train_loss:3.4412 train_time:908436ms step_avg:356.81ms
step:2557/5100 lr:0.001 train_loss:3.4301 train_time:908866ms step_avg:356.84ms
step:2558/5100 lr:0.001 train_loss:3.3089 train_time:909296ms step_avg:356.87ms
step:2559/5100 lr:0.001 train_loss:3.4600 train_time:909726ms step_avg:356.90ms
step:2560/5100 lr:0.001 train_loss:3.5123 train_time:910156ms step_avg:356.92ms
step:2561/5100 lr:0.001 train_loss:3.4739 train_time:910586ms step_avg:356.95ms
step:2562/5100 lr:0.001 train_loss:3.2954 train_time:911016ms step_avg:356.98ms
step:2563/5100 lr:0.001 train_loss:3.0958 train_time:911446ms step_avg:357.01ms
step:2564/5100 lr:0.001 train_loss:3.4525 train_time:911876ms step_avg:357.04ms
step:2565/5100 lr:0.001 train_loss:3.4723 train_time:912306ms step_avg:357.07ms
step:2566/5100 lr:0.001 train_loss:3.4585 train_time:912741ms step_avg:357.10ms
step:2567/5100 lr:0.001 train_loss:3.2372 train_time:913168ms step_avg:357.12ms
step:2568/5100 lr:0.001 train_loss:3.2259 train_time:913603ms step_avg:357.16ms
step:2569/5100 lr:0.001 train_loss:3.3902 train_time:914033ms step_avg:357.18ms
step:2570/5100 lr:0.001 train_loss:3.5817 train_time:914480ms step_avg:357.22ms
step:2571/5100 lr:0.001 train_loss:3.4628 train_time:914910ms step_avg:357.25ms
step:2572/5100 lr:0.001 train_loss:3.5990 train_time:915349ms step_avg:357.28ms
step:2573/5100 lr:0.001 train_loss:3.3518 train_time:915780ms step_avg:357.31ms
step:2574/5100 lr:0.001 train_loss:3.5481 train_time:916212ms step_avg:357.34ms
step:2575/5100 lr:0.001 train_loss:3.4143 train_time:916642ms step_avg:357.37ms
step:2576/5100 lr:0.001 train_loss:3.4585 train_time:917073ms step_avg:357.39ms
step:2577/5100 lr:0.001 train_loss:3.6724 train_time:917502ms step_avg:357.42ms
step:2578/5100 lr:0.001 train_loss:3.2464 train_time:917933ms step_avg:357.45ms
step:2579/5100 lr:0.001 train_loss:3.3188 train_time:918363ms step_avg:357.48ms
step:2580/5100 lr:0.001 train_loss:3.4822 train_time:918793ms step_avg:357.51ms
step:2581/5100 lr:0.001 train_loss:3.4899 train_time:919223ms step_avg:357.54ms
step:2582/5100 lr:0.001 train_loss:3.3132 train_time:919653ms step_avg:357.56ms
step:2583/5100 lr:0.001 train_loss:3.6201 train_time:920082ms step_avg:357.59ms
step:2584/5100 lr:0.001 train_loss:3.4515 train_time:920512ms step_avg:357.62ms
step:2585/5100 lr:0.001 train_loss:3.4844 train_time:920942ms step_avg:357.65ms
step:2586/5100 lr:0.001 train_loss:3.4173 train_time:921372ms step_avg:357.68ms
step:2587/5100 lr:0.001 train_loss:3.5505 train_time:921801ms step_avg:357.70ms
step:2588/5100 lr:0.001 train_loss:3.4862 train_time:922231ms step_avg:357.73ms
step:2589/5100 lr:0.001 train_loss:3.4310 train_time:922661ms step_avg:357.76ms
step:2590/5100 lr:0.001 train_loss:3.5360 train_time:923092ms step_avg:357.79ms
step:2591/5100 lr:0.001 train_loss:3.4246 train_time:923522ms step_avg:357.82ms
step:2592/5100 lr:0.001 train_loss:3.3233 train_time:923954ms step_avg:357.84ms
step:2593/5100 lr:0.001 train_loss:3.4497 train_time:924385ms step_avg:357.87ms
step:2594/5100 lr:0.001 train_loss:3.4223 train_time:924815ms step_avg:357.90ms
step:2595/5100 lr:0.001 train_loss:3.3886 train_time:925252ms step_avg:357.93ms
step:2596/5100 lr:0.001 train_loss:3.2958 train_time:925681ms step_avg:357.96ms
step:2597/5100 lr:0.001 train_loss:3.4927 train_time:926111ms step_avg:357.99ms
step:2598/5100 lr:0.001 train_loss:3.4116 train_time:926541ms step_avg:358.01ms
step:2599/5100 lr:0.001 train_loss:3.2981 train_time:926971ms step_avg:358.04ms
step:2600/5100 lr:0.001 train_loss:3.6420 train_time:927401ms step_avg:358.07ms
step:2601/5100 lr:0.001 train_loss:3.4590 train_time:927831ms step_avg:358.10ms
step:2602/5100 lr:0.001 train_loss:3.3264 train_time:928261ms step_avg:358.13ms
step:2603/5100 lr:0.001 train_loss:3.4593 train_time:928692ms step_avg:358.15ms
step:2604/5100 lr:0.001 train_loss:3.6213 train_time:929122ms step_avg:358.18ms
step:2605/5100 lr:0.001 train_loss:3.4510 train_time:929552ms step_avg:358.21ms
step:2606/5100 lr:0.001 train_loss:3.1683 train_time:929981ms step_avg:358.24ms
step:2607/5100 lr:0.001 train_loss:3.4811 train_time:930411ms step_avg:358.26ms
step:2608/5100 lr:0.001 train_loss:3.4280 train_time:930849ms step_avg:358.29ms
step:2609/5100 lr:0.001 train_loss:3.4992 train_time:931280ms step_avg:358.32ms
step:2610/5100 lr:0.001 train_loss:3.4002 train_time:931710ms step_avg:358.35ms
step:2611/5100 lr:0.001 train_loss:3.6149 train_time:932140ms step_avg:358.38ms
step:2612/5100 lr:0.001 train_loss:3.3424 train_time:932571ms step_avg:358.41ms
step:2613/5100 lr:0.001 train_loss:3.5868 train_time:933001ms step_avg:358.43ms
step:2614/5100 lr:0.001 train_loss:3.2782 train_time:933431ms step_avg:358.46ms
step:2615/5100 lr:0.001 train_loss:3.3669 train_time:933861ms step_avg:358.49ms
step:2616/5100 lr:0.001 train_loss:3.3767 train_time:934291ms step_avg:358.52ms
step:2617/5100 lr:0.001 train_loss:3.4748 train_time:934722ms step_avg:358.54ms
step:2618/5100 lr:0.001 train_loss:3.5218 train_time:935152ms step_avg:358.57ms
step:2619/5100 lr:0.001 train_loss:3.4271 train_time:935582ms step_avg:358.60ms
step:2620/5100 lr:0.001 train_loss:3.2932 train_time:936011ms step_avg:358.63ms
step:2621/5100 lr:0.001 train_loss:3.6000 train_time:936442ms step_avg:358.65ms
step:2622/5100 lr:0.001 train_loss:3.4034 train_time:936872ms step_avg:358.68ms
step:2623/5100 lr:0.001 train_loss:3.4322 train_time:937302ms step_avg:358.71ms
step:2624/5100 lr:0.001 train_loss:3.6616 train_time:937731ms step_avg:358.73ms
step:2625/5100 lr:0.001 train_loss:3.4550 train_time:938161ms step_avg:358.76ms
step:2625/5100 val_loss:3.4486 train_time:938172ms step_avg:358.77ms
step:2626/5100 lr:0.001 train_loss:3.5186 train_time:942429ms step_avg:360.26ms
step:2627/5100 lr:0.001 train_loss:3.5892 train_time:942859ms step_avg:360.28ms
step:2628/5100 lr:0.001 train_loss:3.2862 train_time:943289ms step_avg:360.31ms
step:2629/5100 lr:0.001 train_loss:3.2934 train_time:943718ms step_avg:360.34ms
step:2630/5100 lr:0.001 train_loss:3.3941 train_time:944149ms step_avg:360.36ms
step:2631/5100 lr:0.001 train_loss:3.4103 train_time:944578ms step_avg:360.39ms
step:2632/5100 lr:0.001 train_loss:3.6228 train_time:945007ms step_avg:360.41ms
step:2633/5100 lr:0.001 train_loss:3.6577 train_time:945437ms step_avg:360.44ms
step:2634/5100 lr:0.001 train_loss:3.6022 train_time:945868ms step_avg:360.47ms
step:2635/5100 lr:0.001 train_loss:3.5033 train_time:946298ms step_avg:360.49ms
step:2636/5100 lr:0.001 train_loss:3.4342 train_time:946728ms step_avg:360.52ms
step:2637/5100 lr:0.001 train_loss:3.4350 train_time:947157ms step_avg:360.55ms
step:2638/5100 lr:0.001 train_loss:3.6630 train_time:947587ms step_avg:360.57ms
step:2639/5100 lr:0.001 train_loss:3.4166 train_time:948016ms step_avg:360.60ms
step:2640/5100 lr:0.001 train_loss:3.3915 train_time:948447ms step_avg:360.63ms
step:2641/5100 lr:0.001 train_loss:3.4420 train_time:948876ms step_avg:360.65ms
step:2642/5100 lr:0.001 train_loss:3.6249 train_time:949306ms step_avg:360.68ms
step:2643/5100 lr:0.001 train_loss:3.6230 train_time:949736ms step_avg:360.70ms
step:2644/5100 lr:0.001 train_loss:3.3378 train_time:950166ms step_avg:360.73ms
step:2645/5100 lr:0.001 train_loss:3.6303 train_time:950596ms step_avg:360.76ms
step:2646/5100 lr:0.001 train_loss:3.4411 train_time:951027ms step_avg:360.78ms
step:2647/5100 lr:0.001 train_loss:3.5486 train_time:951458ms step_avg:360.81ms
step:2648/5100 lr:0.001 train_loss:3.3833 train_time:951887ms step_avg:360.84ms
step:2649/5100 lr:0.001 train_loss:3.3016 train_time:952318ms step_avg:360.86ms
step:2650/5100 lr:0.001 train_loss:3.4462 train_time:952748ms step_avg:360.89ms
step:2651/5100 lr:0.001 train_loss:3.3639 train_time:953178ms step_avg:360.92ms
step:2652/5100 lr:0.001 train_loss:3.4350 train_time:953607ms step_avg:360.94ms
step:2653/5100 lr:0.001 train_loss:3.7458 train_time:954037ms step_avg:360.97ms
step:2654/5100 lr:0.001 train_loss:3.5069 train_time:954466ms step_avg:360.99ms
step:2655/5100 lr:0.001 train_loss:3.3923 train_time:954897ms step_avg:361.02ms
step:2656/5100 lr:0.001 train_loss:3.4219 train_time:955328ms step_avg:361.05ms
step:2657/5100 lr:0.001 train_loss:3.5497 train_time:955758ms step_avg:361.07ms
step:2658/5100 lr:0.001 train_loss:3.3829 train_time:956187ms step_avg:361.10ms
step:2659/5100 lr:0.001 train_loss:3.4583 train_time:956618ms step_avg:361.12ms
step:2660/5100 lr:0.001 train_loss:3.4709 train_time:957256ms step_avg:361.23ms
step:2661/5100 lr:0.001 train_loss:3.5550 train_time:957686ms step_avg:361.25ms
step:2662/5100 lr:0.001 train_loss:3.4970 train_time:958116ms step_avg:361.28ms
step:2663/5100 lr:0.001 train_loss:3.4427 train_time:958546ms step_avg:361.31ms
step:2664/5100 lr:0.001 train_loss:3.5459 train_time:958976ms step_avg:361.33ms
step:2665/5100 lr:0.001 train_loss:3.4524 train_time:959406ms step_avg:361.36ms
step:2666/5100 lr:0.001 train_loss:3.4584 train_time:959836ms step_avg:361.38ms
step:2667/5100 lr:0.001 train_loss:3.5843 train_time:960467ms step_avg:361.49ms
step:2668/5100 lr:0.001 train_loss:3.4140 train_time:960901ms step_avg:361.51ms
step:2669/5100 lr:0.001 train_loss:3.5559 train_time:961332ms step_avg:361.54ms
step:2670/5100 lr:0.001 train_loss:3.4661 train_time:961763ms step_avg:361.56ms
step:2671/5100 lr:0.001 train_loss:3.3614 train_time:962193ms step_avg:361.59ms
step:2672/5100 lr:0.001 train_loss:3.4333 train_time:962624ms step_avg:361.62ms
step:2673/5100 lr:0.001 train_loss:3.3821 train_time:963056ms step_avg:361.64ms
step:2674/5100 lr:0.001 train_loss:3.5392 train_time:963486ms step_avg:361.67ms
step:2675/5100 lr:0.001 train_loss:3.3611 train_time:963916ms step_avg:361.69ms
step:2676/5100 lr:0.001 train_loss:3.5492 train_time:964346ms step_avg:361.72ms
step:2677/5100 lr:0.001 train_loss:3.2929 train_time:964776ms step_avg:361.75ms
step:2678/5100 lr:0.001 train_loss:3.3413 train_time:965205ms step_avg:361.77ms
step:2679/5100 lr:0.001 train_loss:3.4023 train_time:965637ms step_avg:361.80ms
step:2680/5100 lr:0.001 train_loss:3.5026 train_time:966066ms step_avg:361.82ms
step:2681/5100 lr:0.001 train_loss:3.4154 train_time:966496ms step_avg:361.85ms
step:2682/5100 lr:0.001 train_loss:3.4495 train_time:966926ms step_avg:361.87ms
step:2683/5100 lr:0.001 train_loss:3.3905 train_time:967356ms step_avg:361.90ms
step:2684/5100 lr:0.001 train_loss:3.5083 train_time:967786ms step_avg:361.92ms
step:2685/5100 lr:0.001 train_loss:3.5333 train_time:968216ms step_avg:361.95ms
step:2686/5100 lr:0.001 train_loss:3.3406 train_time:968646ms step_avg:361.98ms
step:2687/5100 lr:0.001 train_loss:3.2756 train_time:969083ms step_avg:362.00ms
step:2688/5100 lr:0.001 train_loss:3.3000 train_time:969513ms step_avg:362.03ms
step:2689/5100 lr:0.001 train_loss:3.4153 train_time:969944ms step_avg:362.05ms
step:2690/5100 lr:0.001 train_loss:3.5277 train_time:970375ms step_avg:362.08ms
step:2691/5100 lr:0.001 train_loss:3.5999 train_time:970806ms step_avg:362.11ms
step:2692/5100 lr:0.001 train_loss:3.4596 train_time:971236ms step_avg:362.13ms
step:2693/5100 lr:0.001 train_loss:3.4197 train_time:971666ms step_avg:362.16ms
step:2694/5100 lr:0.001 train_loss:3.7587 train_time:972096ms step_avg:362.18ms
step:2695/5100 lr:0.001 train_loss:3.4638 train_time:972525ms step_avg:362.21ms
step:2696/5100 lr:0.001 train_loss:3.4269 train_time:972955ms step_avg:362.23ms
step:2697/5100 lr:0.001 train_loss:3.3630 train_time:973385ms step_avg:362.26ms
step:2698/5100 lr:0.001 train_loss:3.4499 train_time:973815ms step_avg:362.28ms
step:2699/5100 lr:0.001 train_loss:3.2943 train_time:974245ms step_avg:362.31ms
step:2700/5100 lr:0.001 train_loss:3.9178 train_time:974676ms step_avg:362.33ms
step:2701/5100 lr:0.001 train_loss:3.5116 train_time:975106ms step_avg:362.36ms
step:2702/5100 lr:0.001 train_loss:3.4001 train_time:975536ms step_avg:362.38ms
step:2703/5100 lr:0.001 train_loss:3.4998 train_time:975966ms step_avg:362.41ms
step:2704/5100 lr:0.001 train_loss:3.3926 train_time:976396ms step_avg:362.43ms
step:2705/5100 lr:0.001 train_loss:3.5373 train_time:976826ms step_avg:362.46ms
step:2706/5100 lr:0.001 train_loss:3.6297 train_time:977256ms step_avg:362.48ms
step:2707/5100 lr:0.001 train_loss:3.4202 train_time:977686ms step_avg:362.51ms
step:2708/5100 lr:0.001 train_loss:3.3646 train_time:978115ms step_avg:362.53ms
step:2709/5100 lr:0.001 train_loss:3.3283 train_time:978545ms step_avg:362.56ms
step:2710/5100 lr:0.001 train_loss:3.3629 train_time:978976ms step_avg:362.58ms
step:2711/5100 lr:0.001 train_loss:3.3650 train_time:979406ms step_avg:362.61ms
step:2712/5100 lr:0.001 train_loss:3.6439 train_time:979836ms step_avg:362.63ms
step:2713/5100 lr:0.001 train_loss:3.4837 train_time:980272ms step_avg:362.66ms
step:2714/5100 lr:0.001 train_loss:3.4779 train_time:980702ms step_avg:362.69ms
step:2715/5100 lr:0.001 train_loss:3.5189 train_time:981145ms step_avg:362.72ms
step:2716/5100 lr:0.001 train_loss:3.6249 train_time:981576ms step_avg:362.74ms
step:2717/5100 lr:0.001 train_loss:3.4639 train_time:982008ms step_avg:362.77ms
step:2718/5100 lr:0.001 train_loss:3.4902 train_time:982438ms step_avg:362.79ms
step:2719/5100 lr:0.001 train_loss:3.2676 train_time:982876ms step_avg:362.82ms
step:2720/5100 lr:0.001 train_loss:3.5620 train_time:983305ms step_avg:362.84ms
step:2721/5100 lr:0.001 train_loss:3.2865 train_time:983736ms step_avg:362.87ms
step:2722/5100 lr:0.001 train_loss:3.2666 train_time:984165ms step_avg:362.89ms
step:2723/5100 lr:0.001 train_loss:3.6736 train_time:984596ms step_avg:362.92ms
step:2724/5100 lr:0.001 train_loss:3.3998 train_time:985026ms step_avg:362.94ms
step:2725/5100 lr:0.001 train_loss:3.4530 train_time:985455ms step_avg:362.97ms
step:2726/5100 lr:0.001 train_loss:3.3007 train_time:985886ms step_avg:362.99ms
step:2727/5100 lr:0.001 train_loss:3.5099 train_time:986324ms step_avg:363.02ms
step:2728/5100 lr:0.001 train_loss:3.6364 train_time:986755ms step_avg:363.04ms
step:2729/5100 lr:0.001 train_loss:3.3427 train_time:987185ms step_avg:363.07ms
step:2730/5100 lr:0.001 train_loss:3.4223 train_time:987615ms step_avg:363.09ms
step:2731/5100 lr:0.001 train_loss:3.5511 train_time:988045ms step_avg:363.12ms
step:2732/5100 lr:0.001 train_loss:3.4046 train_time:988475ms step_avg:363.14ms
step:2733/5100 lr:0.001 train_loss:3.4440 train_time:988906ms step_avg:363.17ms
step:2734/5100 lr:0.001 train_loss:3.6150 train_time:989335ms step_avg:363.19ms
step:2735/5100 lr:0.001 train_loss:3.5366 train_time:989765ms step_avg:363.22ms
step:2736/5100 lr:0.001 train_loss:3.3461 train_time:990196ms step_avg:363.24ms
step:2737/5100 lr:0.001 train_loss:3.4142 train_time:990626ms step_avg:363.27ms
step:2738/5100 lr:0.001 train_loss:3.3165 train_time:991060ms step_avg:363.29ms
step:2739/5100 lr:0.001 train_loss:3.3408 train_time:991491ms step_avg:363.32ms
step:2740/5100 lr:0.001 train_loss:3.3447 train_time:991921ms step_avg:363.34ms
step:2741/5100 lr:0.001 train_loss:3.3666 train_time:992350ms step_avg:363.37ms
step:2742/5100 lr:0.001 train_loss:3.2362 train_time:992781ms step_avg:363.39ms
step:2743/5100 lr:0.001 train_loss:3.4881 train_time:993214ms step_avg:363.42ms
step:2744/5100 lr:0.001 train_loss:3.4290 train_time:993643ms step_avg:363.44ms
step:2745/5100 lr:0.001 train_loss:3.7700 train_time:994079ms step_avg:363.47ms
step:2746/5100 lr:0.001 train_loss:3.4741 train_time:994508ms step_avg:363.49ms
step:2747/5100 lr:0.001 train_loss:3.4377 train_time:994938ms step_avg:363.51ms
step:2748/5100 lr:0.001 train_loss:3.3803 train_time:995367ms step_avg:363.54ms
step:2749/5100 lr:0.001 train_loss:3.4096 train_time:995797ms step_avg:363.56ms
step:2750/5100 lr:0.001 train_loss:3.3490 train_time:996227ms step_avg:363.59ms
step:2750/5100 val_loss:3.4379 train_time:996238ms step_avg:363.59ms
step:2751/5100 lr:0.001 train_loss:3.3896 train_time:1000533ms step_avg:365.02ms
step:2752/5100 lr:0.001 train_loss:3.2497 train_time:1000963ms step_avg:365.05ms
step:2753/5100 lr:0.001 train_loss:3.3411 train_time:1001393ms step_avg:365.07ms
step:2754/5100 lr:0.001 train_loss:3.5047 train_time:1001822ms step_avg:365.10ms
step:2755/5100 lr:0.001 train_loss:3.4547 train_time:1002252ms step_avg:365.12ms
step:2756/5100 lr:0.001 train_loss:3.5303 train_time:1002681ms step_avg:365.14ms
step:2757/5100 lr:0.001 train_loss:3.5459 train_time:1003111ms step_avg:365.17ms
step:2758/5100 lr:0.001 train_loss:3.5291 train_time:1003541ms step_avg:365.19ms
step:2759/5100 lr:0.001 train_loss:3.5983 train_time:1003970ms step_avg:365.21ms
step:2760/5100 lr:0.001 train_loss:3.3526 train_time:1004399ms step_avg:365.24ms
step:2761/5100 lr:0.001 train_loss:3.4192 train_time:1004829ms step_avg:365.26ms
step:2762/5100 lr:0.001 train_loss:3.5364 train_time:1005258ms step_avg:365.28ms
step:2763/5100 lr:0.001 train_loss:3.4603 train_time:1005688ms step_avg:365.31ms
step:2764/5100 lr:0.001 train_loss:3.1007 train_time:1006118ms step_avg:365.33ms
step:2765/5100 lr:0.001 train_loss:3.4229 train_time:1006548ms step_avg:365.35ms
step:2766/5100 lr:0.001 train_loss:3.4585 train_time:1006978ms step_avg:365.38ms
step:2767/5100 lr:0.001 train_loss:3.5212 train_time:1007408ms step_avg:365.40ms
step:2768/5100 lr:0.001 train_loss:3.4622 train_time:1007837ms step_avg:365.42ms
step:2769/5100 lr:0.001 train_loss:3.3464 train_time:1008268ms step_avg:365.45ms
step:2770/5100 lr:0.001 train_loss:3.4167 train_time:1008698ms step_avg:365.47ms
step:2771/5100 lr:0.001 train_loss:3.4802 train_time:1009128ms step_avg:365.49ms
step:2772/5100 lr:0.001 train_loss:3.2511 train_time:1009558ms step_avg:365.52ms
step:2773/5100 lr:0.001 train_loss:3.4473 train_time:1009988ms step_avg:365.54ms
step:2774/5100 lr:0.001 train_loss:3.5473 train_time:1010418ms step_avg:365.56ms
step:2775/5100 lr:0.001 train_loss:3.2893 train_time:1010847ms step_avg:365.59ms
step:2776/5100 lr:0.001 train_loss:3.5320 train_time:1011277ms step_avg:365.61ms
step:2777/5100 lr:0.001 train_loss:3.5438 train_time:1011707ms step_avg:365.63ms
step:2778/5100 lr:0.001 train_loss:3.3926 train_time:1012137ms step_avg:365.66ms
step:2779/5100 lr:0.001 train_loss:3.2357 train_time:1012568ms step_avg:365.68ms
step:2780/5100 lr:0.001 train_loss:3.3892 train_time:1012997ms step_avg:365.70ms
step:2781/5100 lr:0.001 train_loss:3.6272 train_time:1013428ms step_avg:365.73ms
step:2782/5100 lr:0.001 train_loss:3.4433 train_time:1013858ms step_avg:365.75ms
step:2783/5100 lr:0.001 train_loss:3.5695 train_time:1014287ms step_avg:365.77ms
step:2784/5100 lr:0.001 train_loss:3.4575 train_time:1014724ms step_avg:365.80ms
step:2785/5100 lr:0.001 train_loss:3.3434 train_time:1015153ms step_avg:365.82ms
step:2786/5100 lr:0.001 train_loss:3.2876 train_time:1015583ms step_avg:365.84ms
step:2787/5100 lr:0.001 train_loss:3.3862 train_time:1016012ms step_avg:365.87ms
step:2788/5100 lr:0.001 train_loss:3.4348 train_time:1016442ms step_avg:365.89ms
step:2789/5100 lr:0.001 train_loss:3.4475 train_time:1016870ms step_avg:365.91ms
step:2790/5100 lr:0.001 train_loss:3.4550 train_time:1017299ms step_avg:365.94ms
step:2791/5100 lr:0.001 train_loss:3.4377 train_time:1017732ms step_avg:365.96ms
step:2792/5100 lr:0.001 train_loss:3.4173 train_time:1018159ms step_avg:365.98ms
step:2793/5100 lr:0.001 train_loss:3.3494 train_time:1018589ms step_avg:366.00ms
step:2794/5100 lr:0.001 train_loss:3.5466 train_time:1019019ms step_avg:366.03ms
step:2795/5100 lr:0.001 train_loss:3.4620 train_time:1019448ms step_avg:366.05ms
step:2796/5100 lr:0.001 train_loss:3.4069 train_time:1019877ms step_avg:366.07ms
step:2797/5100 lr:0.001 train_loss:3.4209 train_time:1020307ms step_avg:366.10ms
step:2798/5100 lr:0.001 train_loss:3.3513 train_time:1020737ms step_avg:366.12ms
step:2799/5100 lr:0.001 train_loss:3.3675 train_time:1021166ms step_avg:366.14ms
step:2800/5100 lr:0.001 train_loss:3.5072 train_time:1021596ms step_avg:366.16ms
step:2801/5100 lr:0.001 train_loss:3.3177 train_time:1022026ms step_avg:366.19ms
step:2802/5100 lr:0.001 train_loss:3.5200 train_time:1022455ms step_avg:366.21ms
step:2803/5100 lr:0.001 train_loss:3.3952 train_time:1022885ms step_avg:366.23ms
step:2804/5100 lr:0.001 train_loss:3.4220 train_time:1023314ms step_avg:366.25ms
step:2805/5100 lr:0.001 train_loss:3.2590 train_time:1023743ms step_avg:366.28ms
step:2806/5100 lr:0.001 train_loss:3.6727 train_time:1024172ms step_avg:366.30ms
step:2807/5100 lr:0.001 train_loss:3.5562 train_time:1024601ms step_avg:366.32ms
step:2808/5100 lr:0.001 train_loss:3.6561 train_time:1025030ms step_avg:366.34ms
step:2809/5100 lr:0.001 train_loss:3.3489 train_time:1025460ms step_avg:366.37ms
step:2810/5100 lr:0.001 train_loss:3.5115 train_time:1025889ms step_avg:366.39ms
step:2811/5100 lr:0.001 train_loss:3.4985 train_time:1026319ms step_avg:366.41ms
step:2812/5100 lr:0.001 train_loss:3.2397 train_time:1026748ms step_avg:366.43ms
step:2813/5100 lr:0.001 train_loss:3.6984 train_time:1027178ms step_avg:366.46ms
step:2814/5100 lr:0.001 train_loss:3.4048 train_time:1027608ms step_avg:366.48ms
step:2815/5100 lr:0.001 train_loss:3.3839 train_time:1028037ms step_avg:366.50ms
step:2816/5100 lr:0.001 train_loss:3.6906 train_time:1028467ms step_avg:366.52ms
step:2817/5100 lr:0.001 train_loss:3.4006 train_time:1028898ms step_avg:366.55ms
step:2818/5100 lr:0.001 train_loss:3.4654 train_time:1029327ms step_avg:366.57ms
step:2819/5100 lr:0.001 train_loss:3.2954 train_time:1029757ms step_avg:366.59ms
step:2820/5100 lr:0.001 train_loss:3.5170 train_time:1030187ms step_avg:366.61ms
step:2821/5100 lr:0.001 train_loss:3.4465 train_time:1030617ms step_avg:366.64ms
step:2822/5100 lr:0.001 train_loss:3.4445 train_time:1031046ms step_avg:366.66ms
step:2823/5100 lr:0.001 train_loss:2.8021 train_time:1031477ms step_avg:366.68ms
step:2824/5100 lr:0.001 train_loss:3.4195 train_time:1031908ms step_avg:366.70ms
step:2825/5100 lr:0.001 train_loss:3.3240 train_time:1032338ms step_avg:366.73ms
step:2826/5100 lr:0.001 train_loss:3.5993 train_time:1032768ms step_avg:366.75ms
step:2827/5100 lr:0.001 train_loss:3.5767 train_time:1033198ms step_avg:366.77ms
step:2828/5100 lr:0.001 train_loss:3.4707 train_time:1033628ms step_avg:366.79ms
step:2829/5100 lr:0.001 train_loss:3.5789 train_time:1034057ms step_avg:366.82ms
step:2830/5100 lr:0.001 train_loss:3.5140 train_time:1034487ms step_avg:366.84ms
step:2831/5100 lr:0.001 train_loss:3.1726 train_time:1034916ms step_avg:366.86ms
step:2832/5100 lr:0.001 train_loss:3.5068 train_time:1035346ms step_avg:366.88ms
step:2833/5100 lr:0.001 train_loss:3.5759 train_time:1035776ms step_avg:366.91ms
step:2834/5100 lr:0.001 train_loss:3.1513 train_time:1036205ms step_avg:366.93ms
step:2835/5100 lr:0.001 train_loss:3.4207 train_time:1036635ms step_avg:366.95ms
step:2836/5100 lr:0.001 train_loss:3.4692 train_time:1037065ms step_avg:366.97ms
step:2837/5100 lr:0.001 train_loss:3.3772 train_time:1037495ms step_avg:366.99ms
step:2838/5100 lr:0.001 train_loss:3.5028 train_time:1037925ms step_avg:367.02ms
step:2839/5100 lr:0.001 train_loss:3.3894 train_time:1038355ms step_avg:367.04ms
step:2840/5100 lr:0.001 train_loss:3.3759 train_time:1038785ms step_avg:367.06ms
step:2841/5100 lr:0.001 train_loss:3.1359 train_time:1039214ms step_avg:367.08ms
step:2842/5100 lr:0.001 train_loss:3.6178 train_time:1039643ms step_avg:367.11ms
step:2843/5100 lr:0.001 train_loss:3.4878 train_time:1040072ms step_avg:367.13ms
step:2844/5100 lr:0.001 train_loss:3.4099 train_time:1040501ms step_avg:367.15ms
step:2845/5100 lr:0.001 train_loss:3.3490 train_time:1040930ms step_avg:367.17ms
step:2846/5100 lr:0.001 train_loss:3.3623 train_time:1041360ms step_avg:367.19ms
step:2847/5100 lr:0.001 train_loss:3.4953 train_time:1041791ms step_avg:367.22ms
step:2848/5100 lr:0.001 train_loss:3.3512 train_time:1042220ms step_avg:367.24ms
step:2849/5100 lr:0.001 train_loss:3.4522 train_time:1042650ms step_avg:367.26ms
step:2850/5100 lr:0.001 train_loss:3.5320 train_time:1043284ms step_avg:367.35ms
step:2851/5100 lr:0.001 train_loss:3.4160 train_time:1043714ms step_avg:367.38ms
step:2852/5100 lr:0.001 train_loss:3.3646 train_time:1044145ms step_avg:367.40ms
step:2853/5100 lr:0.001 train_loss:3.3825 train_time:1044574ms step_avg:367.42ms
step:2854/5100 lr:0.001 train_loss:3.8452 train_time:1045004ms step_avg:367.44ms
step:2855/5100 lr:0.001 train_loss:3.3905 train_time:1045433ms step_avg:367.46ms
step:2856/5100 lr:0.001 train_loss:3.3733 train_time:1045863ms step_avg:367.49ms
step:2857/5100 lr:0.001 train_loss:3.5043 train_time:1046292ms step_avg:367.51ms
step:2858/5100 lr:0.001 train_loss:3.3916 train_time:1046919ms step_avg:367.60ms
step:2859/5100 lr:0.001 train_loss:3.4589 train_time:1047349ms step_avg:367.62ms
step:2860/5100 lr:0.001 train_loss:3.4742 train_time:1047780ms step_avg:367.64ms
step:2861/5100 lr:0.001 train_loss:3.4364 train_time:1048216ms step_avg:367.67ms
step:2862/5100 lr:0.001 train_loss:3.5215 train_time:1048647ms step_avg:367.69ms
step:2863/5100 lr:0.001 train_loss:3.5061 train_time:1049076ms step_avg:367.71ms
step:2864/5100 lr:0.001 train_loss:3.4348 train_time:1049507ms step_avg:367.73ms
step:2865/5100 lr:0.001 train_loss:3.5088 train_time:1049937ms step_avg:367.75ms
step:2866/5100 lr:0.001 train_loss:3.3478 train_time:1050379ms step_avg:367.78ms
step:2867/5100 lr:0.001 train_loss:3.3704 train_time:1050810ms step_avg:367.80ms
step:2868/5100 lr:0.001 train_loss:3.3001 train_time:1051241ms step_avg:367.82ms
step:2869/5100 lr:0.001 train_loss:3.5027 train_time:1051671ms step_avg:367.85ms
step:2870/5100 lr:0.001 train_loss:3.3808 train_time:1052101ms step_avg:367.87ms
step:2871/5100 lr:0.001 train_loss:3.4242 train_time:1052530ms step_avg:367.89ms
step:2872/5100 lr:0.001 train_loss:3.5018 train_time:1052960ms step_avg:367.91ms
step:2873/5100 lr:0.001 train_loss:3.4145 train_time:1053391ms step_avg:367.93ms
step:2874/5100 lr:0.001 train_loss:3.3585 train_time:1053820ms step_avg:367.95ms
step:2875/5100 lr:0.001 train_loss:3.4992 train_time:1054250ms step_avg:367.98ms
step:2875/5100 val_loss:3.4263 train_time:1054260ms step_avg:367.98ms
step:2876/5100 lr:0.001 train_loss:3.2156 train_time:1058561ms step_avg:369.35ms
step:2877/5100 lr:0.001 train_loss:3.4098 train_time:1058991ms step_avg:369.37ms
step:2878/5100 lr:0.001 train_loss:3.3155 train_time:1059420ms step_avg:369.39ms
step:2879/5100 lr:0.001 train_loss:3.4410 train_time:1059850ms step_avg:369.41ms
step:2880/5100 lr:0.001 train_loss:3.4316 train_time:1060282ms step_avg:369.44ms
step:2881/5100 lr:0.001 train_loss:3.6610 train_time:1060712ms step_avg:369.46ms
step:2882/5100 lr:0.001 train_loss:3.4990 train_time:1061142ms step_avg:369.48ms
step:2883/5100 lr:0.001 train_loss:3.4905 train_time:1061572ms step_avg:369.50ms
step:2884/5100 lr:0.001 train_loss:3.4780 train_time:1062002ms step_avg:369.52ms
step:2885/5100 lr:0.001 train_loss:3.2886 train_time:1062431ms step_avg:369.54ms
step:2886/5100 lr:0.001 train_loss:3.8570 train_time:1062867ms step_avg:369.56ms
step:2887/5100 lr:0.001 train_loss:3.5154 train_time:1063298ms step_avg:369.59ms
step:2888/5100 lr:0.001 train_loss:3.4441 train_time:1063728ms step_avg:369.61ms
step:2889/5100 lr:0.001 train_loss:3.3023 train_time:1064173ms step_avg:369.63ms
step:2890/5100 lr:0.001 train_loss:3.4311 train_time:1064603ms step_avg:369.65ms
step:2891/5100 lr:0.001 train_loss:3.5063 train_time:1065035ms step_avg:369.68ms
step:2892/5100 lr:0.001 train_loss:3.3001 train_time:1065465ms step_avg:369.70ms
step:2893/5100 lr:0.001 train_loss:3.5450 train_time:1065895ms step_avg:369.72ms
step:2894/5100 lr:0.001 train_loss:3.4536 train_time:1066325ms step_avg:369.74ms
step:2895/5100 lr:0.001 train_loss:3.4786 train_time:1066754ms step_avg:369.76ms
step:2896/5100 lr:0.001 train_loss:3.4083 train_time:1067185ms step_avg:369.78ms
step:2897/5100 lr:0.001 train_loss:3.5193 train_time:1067615ms step_avg:369.80ms
step:2898/5100 lr:0.001 train_loss:3.3108 train_time:1068045ms step_avg:369.82ms
step:2899/5100 lr:0.001 train_loss:3.5682 train_time:1068475ms step_avg:369.84ms
step:2900/5100 lr:0.001 train_loss:3.2519 train_time:1068905ms step_avg:369.86ms
step:2901/5100 lr:0.001 train_loss:3.3459 train_time:1069335ms step_avg:369.88ms
step:2902/5100 lr:0.001 train_loss:3.2417 train_time:1069765ms step_avg:369.90ms
step:2903/5100 lr:0.001 train_loss:3.4723 train_time:1070195ms step_avg:369.93ms
step:2904/5100 lr:0.001 train_loss:3.2823 train_time:1070625ms step_avg:369.95ms
step:2905/5100 lr:0.001 train_loss:3.2896 train_time:1071055ms step_avg:369.97ms
step:2906/5100 lr:0.001 train_loss:4.8540 train_time:1072068ms step_avg:370.19ms
step:2907/5100 lr:0.001 train_loss:3.4276 train_time:1072499ms step_avg:370.21ms
step:2908/5100 lr:0.001 train_loss:3.2308 train_time:1072929ms step_avg:370.23ms
step:2909/5100 lr:0.001 train_loss:3.3172 train_time:1073365ms step_avg:370.25ms
step:2910/5100 lr:0.001 train_loss:3.4750 train_time:1073795ms step_avg:370.27ms
step:2911/5100 lr:0.001 train_loss:3.3424 train_time:1074226ms step_avg:370.29ms
step:2912/5100 lr:0.001 train_loss:3.5012 train_time:1074656ms step_avg:370.32ms
step:2913/5100 lr:0.001 train_loss:3.3892 train_time:1075086ms step_avg:370.34ms
step:2914/5100 lr:0.001 train_loss:3.3266 train_time:1075516ms step_avg:370.36ms
step:2915/5100 lr:0.001 train_loss:3.5293 train_time:1075946ms step_avg:370.38ms
step:2916/5100 lr:0.001 train_loss:3.4448 train_time:1076382ms step_avg:370.40ms
step:2917/5100 lr:0.001 train_loss:3.4158 train_time:1076812ms step_avg:370.42ms
step:2918/5100 lr:0.001 train_loss:3.3639 train_time:1077241ms step_avg:370.44ms
step:2919/5100 lr:0.001 train_loss:3.5281 train_time:1077671ms step_avg:370.46ms
step:2920/5100 lr:0.001 train_loss:3.5087 train_time:1078101ms step_avg:370.48ms
step:2921/5100 lr:0.001 train_loss:3.3911 train_time:1078530ms step_avg:370.50ms
step:2922/5100 lr:0.001 train_loss:3.6263 train_time:1078960ms step_avg:370.52ms
step:2923/5100 lr:0.001 train_loss:3.5590 train_time:1079390ms step_avg:370.54ms
step:2924/5100 lr:0.001 train_loss:3.4198 train_time:1079821ms step_avg:370.56ms
step:2925/5100 lr:0.001 train_loss:3.5049 train_time:1080252ms step_avg:370.58ms
step:2926/5100 lr:0.001 train_loss:3.3305 train_time:1080682ms step_avg:370.60ms
step:2927/5100 lr:0.001 train_loss:3.3867 train_time:1081112ms step_avg:370.62ms
step:2928/5100 lr:0.001 train_loss:3.3426 train_time:1081542ms step_avg:370.64ms
step:2929/5100 lr:0.001 train_loss:3.4066 train_time:1081972ms step_avg:370.67ms
step:2930/5100 lr:0.001 train_loss:3.6142 train_time:1082401ms step_avg:370.69ms
step:2931/5100 lr:0.001 train_loss:3.3931 train_time:1082831ms step_avg:370.71ms
step:2932/5100 lr:0.001 train_loss:3.4063 train_time:1083261ms step_avg:370.73ms
step:2933/5100 lr:0.001 train_loss:3.9949 train_time:1083691ms step_avg:370.75ms
step:2934/5100 lr:0.001 train_loss:3.4775 train_time:1084121ms step_avg:370.77ms
step:2935/5100 lr:0.001 train_loss:3.4096 train_time:1084551ms step_avg:370.79ms
step:2936/5100 lr:0.001 train_loss:3.4504 train_time:1084981ms step_avg:370.81ms
step:2937/5100 lr:0.001 train_loss:3.3185 train_time:1085411ms step_avg:370.83ms
step:2938/5100 lr:0.001 train_loss:3.4290 train_time:1085841ms step_avg:370.85ms
step:2939/5100 lr:0.001 train_loss:3.7028 train_time:1086271ms step_avg:370.87ms
step:2940/5100 lr:0.001 train_loss:3.3493 train_time:1086701ms step_avg:370.89ms
step:2941/5100 lr:0.001 train_loss:3.3954 train_time:1087131ms step_avg:370.91ms
step:2942/5100 lr:0.001 train_loss:3.5492 train_time:1087561ms step_avg:370.93ms
step:2943/5100 lr:0.001 train_loss:3.6224 train_time:1087991ms step_avg:370.95ms
step:2944/5100 lr:0.001 train_loss:3.3914 train_time:1088421ms step_avg:370.97ms
step:2945/5100 lr:0.001 train_loss:3.4456 train_time:1088851ms step_avg:370.99ms
step:2946/5100 lr:0.001 train_loss:3.4573 train_time:1089282ms step_avg:371.01ms
step:2947/5100 lr:0.001 train_loss:3.4440 train_time:1089712ms step_avg:371.03ms
step:2948/5100 lr:0.001 train_loss:3.2989 train_time:1090142ms step_avg:371.05ms
step:2949/5100 lr:0.001 train_loss:3.7180 train_time:1090578ms step_avg:371.07ms
step:2950/5100 lr:0.001 train_loss:3.3070 train_time:1091008ms step_avg:371.09ms
step:2951/5100 lr:0.001 train_loss:3.6240 train_time:1091438ms step_avg:371.11ms
step:2952/5100 lr:0.001 train_loss:3.3272 train_time:1091868ms step_avg:371.13ms
step:2953/5100 lr:0.001 train_loss:3.3229 train_time:1092299ms step_avg:371.15ms
step:2954/5100 lr:0.001 train_loss:3.1412 train_time:1092730ms step_avg:371.17ms
step:2955/5100 lr:0.001 train_loss:3.4239 train_time:1093160ms step_avg:371.19ms
step:2956/5100 lr:0.001 train_loss:3.3760 train_time:1093590ms step_avg:371.21ms
step:2957/5100 lr:0.001 train_loss:3.5187 train_time:1094020ms step_avg:371.23ms
step:2958/5100 lr:0.001 train_loss:3.2456 train_time:1094450ms step_avg:371.25ms
step:2959/5100 lr:0.001 train_loss:3.3628 train_time:1094881ms step_avg:371.27ms
step:2960/5100 lr:0.001 train_loss:3.3425 train_time:1095311ms step_avg:371.29ms
step:2961/5100 lr:0.001 train_loss:3.4472 train_time:1095741ms step_avg:371.31ms
step:2962/5100 lr:0.001 train_loss:3.4353 train_time:1096171ms step_avg:371.33ms
step:2963/5100 lr:0.001 train_loss:3.3444 train_time:1096601ms step_avg:371.35ms
step:2964/5100 lr:0.001 train_loss:3.4775 train_time:1097031ms step_avg:371.37ms
step:2965/5100 lr:0.001 train_loss:3.4137 train_time:1097461ms step_avg:371.39ms
step:2966/5100 lr:0.001 train_loss:3.5973 train_time:1097890ms step_avg:371.41ms
step:2967/5100 lr:0.001 train_loss:3.3636 train_time:1098320ms step_avg:371.43ms
step:2968/5100 lr:0.001 train_loss:3.3084 train_time:1098750ms step_avg:371.45ms
step:2969/5100 lr:0.001 train_loss:3.1502 train_time:1099180ms step_avg:371.47ms
step:2970/5100 lr:0.001 train_loss:3.4204 train_time:1099610ms step_avg:371.49ms
step:2971/5100 lr:0.001 train_loss:3.6095 train_time:1100040ms step_avg:371.51ms
step:2972/5100 lr:0.001 train_loss:3.3243 train_time:1100480ms step_avg:371.53ms
step:2973/5100 lr:0.001 train_loss:3.4977 train_time:1100910ms step_avg:371.55ms
step:2974/5100 lr:0.001 train_loss:3.3762 train_time:1101340ms step_avg:371.57ms
step:2975/5100 lr:0.001 train_loss:3.3487 train_time:1101769ms step_avg:371.59ms
step:2976/5100 lr:0.001 train_loss:3.2956 train_time:1102199ms step_avg:371.61ms
step:2977/5100 lr:0.001 train_loss:3.3553 train_time:1102629ms step_avg:371.63ms
step:2978/5100 lr:0.001 train_loss:3.2358 train_time:1103059ms step_avg:371.65ms
step:2979/5100 lr:0.001 train_loss:3.3825 train_time:1103496ms step_avg:371.67ms
step:2980/5100 lr:0.001 train_loss:3.3267 train_time:1103926ms step_avg:371.69ms
step:2981/5100 lr:0.001 train_loss:3.5481 train_time:1104356ms step_avg:371.71ms
step:2982/5100 lr:0.001 train_loss:3.3225 train_time:1104788ms step_avg:371.73ms
step:2983/5100 lr:0.001 train_loss:3.3523 train_time:1105218ms step_avg:371.75ms
step:2984/5100 lr:0.001 train_loss:3.4251 train_time:1105651ms step_avg:371.77ms
step:2985/5100 lr:0.001 train_loss:3.4376 train_time:1106082ms step_avg:371.79ms
step:2986/5100 lr:0.001 train_loss:3.4641 train_time:1106511ms step_avg:371.81ms
step:2987/5100 lr:0.001 train_loss:3.5109 train_time:1106941ms step_avg:371.83ms
step:2988/5100 lr:0.001 train_loss:3.3549 train_time:1107371ms step_avg:371.85ms
step:2989/5100 lr:0.001 train_loss:3.3632 train_time:1107802ms step_avg:371.87ms
step:2990/5100 lr:0.001 train_loss:3.5254 train_time:1108232ms step_avg:371.89ms
step:2991/5100 lr:0.001 train_loss:3.6731 train_time:1108662ms step_avg:371.91ms
step:2992/5100 lr:0.001 train_loss:3.5790 train_time:1109092ms step_avg:371.93ms
step:2993/5100 lr:0.001 train_loss:3.5268 train_time:1109522ms step_avg:371.95ms
step:2994/5100 lr:0.001 train_loss:3.3951 train_time:1109952ms step_avg:371.97ms
step:2995/5100 lr:0.001 train_loss:3.2959 train_time:1110381ms step_avg:371.99ms
step:2996/5100 lr:0.001 train_loss:3.2873 train_time:1110811ms step_avg:372.01ms
step:2997/5100 lr:0.001 train_loss:3.4830 train_time:1111241ms step_avg:372.03ms
step:2998/5100 lr:0.001 train_loss:3.3798 train_time:1111671ms step_avg:372.05ms
step:2999/5100 lr:0.001 train_loss:3.5210 train_time:1112101ms step_avg:372.06ms
step:3000/5100 lr:0.001 train_loss:3.3347 train_time:1112531ms step_avg:372.08ms
step:3000/5100 val_loss:3.4175 train_time:1112541ms step_avg:372.09ms
step:3001/5100 lr:0.001 train_loss:3.2944 train_time:1116812ms step_avg:373.39ms
step:3002/5100 lr:0.001 train_loss:3.4053 train_time:1117242ms step_avg:373.41ms
step:3003/5100 lr:0.001 train_loss:3.3671 train_time:1117672ms step_avg:373.43ms
step:3004/5100 lr:0.001 train_loss:3.2216 train_time:1118108ms step_avg:373.45ms
step:3005/5100 lr:0.001 train_loss:3.2931 train_time:1118538ms step_avg:373.47ms
step:3006/5100 lr:0.001 train_loss:3.4823 train_time:1118967ms step_avg:373.49ms
step:3007/5100 lr:0.001 train_loss:3.7613 train_time:1119397ms step_avg:373.51ms
step:3008/5100 lr:0.001 train_loss:3.4326 train_time:1119827ms step_avg:373.52ms
step:3009/5100 lr:0.001 train_loss:3.3719 train_time:1120257ms step_avg:373.54ms
step:3010/5100 lr:0.001 train_loss:3.3620 train_time:1121233ms step_avg:373.74ms
step:3011/5100 lr:0.001 train_loss:3.4915 train_time:1121722ms step_avg:373.78ms
step:3012/5100 lr:0.001 train_loss:3.3918 train_time:1122154ms step_avg:373.80ms
step:3013/5100 lr:0.001 train_loss:3.2787 train_time:1122584ms step_avg:373.82ms
step:3014/5100 lr:0.001 train_loss:3.3953 train_time:1123014ms step_avg:373.84ms
step:3015/5100 lr:0.001 train_loss:3.5570 train_time:1123458ms step_avg:373.86ms
step:3016/5100 lr:0.001 train_loss:3.2544 train_time:1123888ms step_avg:373.88ms
step:3017/5100 lr:0.001 train_loss:3.4058 train_time:1124319ms step_avg:373.90ms
step:3018/5100 lr:0.001 train_loss:3.4008 train_time:1124750ms step_avg:373.92ms
step:3019/5100 lr:0.001 train_loss:3.4245 train_time:1125179ms step_avg:373.94ms
step:3020/5100 lr:0.001 train_loss:3.5536 train_time:1125609ms step_avg:373.96ms
step:3021/5100 lr:0.001 train_loss:3.3118 train_time:1126039ms step_avg:373.98ms
step:3022/5100 lr:0.001 train_loss:3.4995 train_time:1126469ms step_avg:373.99ms
step:3023/5100 lr:0.001 train_loss:3.4117 train_time:1126899ms step_avg:374.01ms
step:3024/5100 lr:0.001 train_loss:3.3728 train_time:1127329ms step_avg:374.03ms
step:3025/5100 lr:0.001 train_loss:3.4204 train_time:1127759ms step_avg:374.05ms
step:3026/5100 lr:0.001 train_loss:2.9802 train_time:1128189ms step_avg:374.07ms
step:3027/5100 lr:0.001 train_loss:4.2981 train_time:1128618ms step_avg:374.09ms
step:3028/5100 lr:0.001 train_loss:3.4508 train_time:1129048ms step_avg:374.10ms
step:3029/5100 lr:0.001 train_loss:3.3673 train_time:1129478ms step_avg:374.12ms
step:3030/5100 lr:0.001 train_loss:3.4094 train_time:1129908ms step_avg:374.14ms
step:3031/5100 lr:0.001 train_loss:3.3678 train_time:1130337ms step_avg:374.16ms
step:3032/5100 lr:0.001 train_loss:3.4212 train_time:1130768ms step_avg:374.18ms
step:3033/5100 lr:0.001 train_loss:3.4345 train_time:1131202ms step_avg:374.20ms
step:3034/5100 lr:0.001 train_loss:3.4709 train_time:1131632ms step_avg:374.22ms
step:3035/5100 lr:0.001 train_loss:3.2991 train_time:1132067ms step_avg:374.24ms
step:3036/5100 lr:0.001 train_loss:3.3864 train_time:1132497ms step_avg:374.26ms
step:3037/5100 lr:0.001 train_loss:3.5196 train_time:1132932ms step_avg:374.28ms
step:3038/5100 lr:0.001 train_loss:3.3578 train_time:1133366ms step_avg:374.30ms
step:3039/5100 lr:0.001 train_loss:3.3136 train_time:1133796ms step_avg:374.31ms
step:3040/5100 lr:0.001 train_loss:3.5032 train_time:1134426ms step_avg:374.40ms
step:3041/5100 lr:0.001 train_loss:3.5560 train_time:1134856ms step_avg:374.42ms
step:3042/5100 lr:0.001 train_loss:3.3330 train_time:1135286ms step_avg:374.43ms
step:3043/5100 lr:0.001 train_loss:3.2851 train_time:1135717ms step_avg:374.45ms
step:3044/5100 lr:0.001 train_loss:3.3337 train_time:1136147ms step_avg:374.47ms
step:3045/5100 lr:0.001 train_loss:3.2505 train_time:1136577ms step_avg:374.49ms
step:3046/5100 lr:0.001 train_loss:3.4152 train_time:1137007ms step_avg:374.51ms
step:3047/5100 lr:0.001 train_loss:3.3158 train_time:1137438ms step_avg:374.53ms
step:3048/5100 lr:0.001 train_loss:3.8518 train_time:1138066ms step_avg:374.61ms
step:3049/5100 lr:0.001 train_loss:3.0526 train_time:1139025ms step_avg:374.80ms
step:3050/5100 lr:0.001 train_loss:3.4179 train_time:1139455ms step_avg:374.82ms
step:3051/5100 lr:0.001 train_loss:3.3876 train_time:1139885ms step_avg:374.84ms
step:3052/5100 lr:0.001 train_loss:3.4499 train_time:1140315ms step_avg:374.86ms
step:3053/5100 lr:0.001 train_loss:3.5803 train_time:1140746ms step_avg:374.88ms
step:3054/5100 lr:0.001 train_loss:3.3540 train_time:1141176ms step_avg:374.89ms
step:3055/5100 lr:0.001 train_loss:3.4341 train_time:1141606ms step_avg:374.91ms
step:3056/5100 lr:0.001 train_loss:3.4688 train_time:1142041ms step_avg:374.93ms
step:3057/5100 lr:0.001 train_loss:3.4130 train_time:1142471ms step_avg:374.95ms
step:3058/5100 lr:0.001 train_loss:3.4523 train_time:1142901ms step_avg:374.97ms
step:3059/5100 lr:0.001 train_loss:3.3204 train_time:1143333ms step_avg:374.99ms
step:3060/5100 lr:0.001 train_loss:3.3580 train_time:1143763ms step_avg:375.00ms
step:3061/5100 lr:0.001 train_loss:3.5914 train_time:1144193ms step_avg:375.02ms
step:3062/5100 lr:0.001 train_loss:3.5244 train_time:1144622ms step_avg:375.04ms
step:3063/5100 lr:0.001 train_loss:3.4961 train_time:1145052ms step_avg:375.06ms
step:3064/5100 lr:0.001 train_loss:3.3472 train_time:1145482ms step_avg:375.08ms
step:3065/5100 lr:0.001 train_loss:3.3455 train_time:1145912ms step_avg:375.09ms
step:3066/5100 lr:0.001 train_loss:3.5546 train_time:1146343ms step_avg:375.11ms
step:3067/5100 lr:0.001 train_loss:3.3373 train_time:1147315ms step_avg:375.31ms
step:3068/5100 lr:0.001 train_loss:3.4684 train_time:1147744ms step_avg:375.33ms
step:3069/5100 lr:0.001 train_loss:3.4875 train_time:1148174ms step_avg:375.34ms
step:3070/5100 lr:0.001 train_loss:3.3834 train_time:1148603ms step_avg:375.36ms
step:3071/5100 lr:0.001 train_loss:3.4051 train_time:1149033ms step_avg:375.38ms
step:3072/5100 lr:0.001 train_loss:3.4560 train_time:1149462ms step_avg:375.40ms
step:3073/5100 lr:0.001 train_loss:3.3705 train_time:1149893ms step_avg:375.41ms
step:3074/5100 lr:0.001 train_loss:3.2604 train_time:1150322ms step_avg:375.43ms
step:3075/5100 lr:0.001 train_loss:3.3876 train_time:1150751ms step_avg:375.45ms
step:3076/5100 lr:0.001 train_loss:3.3221 train_time:1151180ms step_avg:375.47ms
step:3077/5100 lr:0.001 train_loss:3.3048 train_time:1151615ms step_avg:375.49ms
step:3078/5100 lr:0.001 train_loss:3.4420 train_time:1152045ms step_avg:375.50ms
step:3079/5100 lr:0.001 train_loss:3.4578 train_time:1153016ms step_avg:375.70ms
step:3080/5100 lr:0.001 train_loss:3.3298 train_time:1153449ms step_avg:375.72ms
step:3081/5100 lr:0.001 train_loss:3.3680 train_time:1153879ms step_avg:375.73ms
step:3082/5100 lr:0.001 train_loss:3.3445 train_time:1154309ms step_avg:375.75ms
step:3083/5100 lr:0.001 train_loss:3.3553 train_time:1154743ms step_avg:375.77ms
step:3084/5100 lr:0.001 train_loss:3.5628 train_time:1155173ms step_avg:375.79ms
step:3085/5100 lr:0.001 train_loss:3.2423 train_time:1155603ms step_avg:375.81ms
step:3086/5100 lr:0.001 train_loss:4.2335 train_time:1156033ms step_avg:375.82ms
step:3087/5100 lr:0.001 train_loss:3.3391 train_time:1156463ms step_avg:375.84ms
step:3088/5100 lr:0.001 train_loss:3.4506 train_time:1156897ms step_avg:375.86ms
step:3089/5100 lr:0.001 train_loss:3.5686 train_time:1157328ms step_avg:375.88ms
step:3090/5100 lr:0.001 train_loss:3.2914 train_time:1157758ms step_avg:375.90ms
step:3091/5100 lr:0.001 train_loss:3.3665 train_time:1158730ms step_avg:376.09ms
step:3092/5100 lr:0.001 train_loss:3.3630 train_time:1159159ms step_avg:376.11ms
step:3093/5100 lr:0.001 train_loss:3.4105 train_time:1159589ms step_avg:376.12ms
step:3094/5100 lr:0.001 train_loss:3.4108 train_time:1160019ms step_avg:376.14ms
step:3095/5100 lr:0.001 train_loss:3.2390 train_time:1160449ms step_avg:376.16ms
step:3096/5100 lr:0.001 train_loss:3.4565 train_time:1160878ms step_avg:376.18ms
step:3097/5100 lr:0.001 train_loss:3.3584 train_time:1161308ms step_avg:376.19ms
step:3098/5100 lr:0.001 train_loss:3.6330 train_time:1161741ms step_avg:376.21ms
step:3099/5100 lr:0.001 train_loss:3.4095 train_time:1162170ms step_avg:376.23ms
step:3100/5100 lr:0.001 train_loss:3.3482 train_time:1162600ms step_avg:376.25ms
step:3101/5100 lr:0.0009995000000000002 train_loss:3.4083 train_time:1163030ms step_avg:376.26ms
step:3102/5100 lr:0.000999 train_loss:3.3589 train_time:1163459ms step_avg:376.28ms
step:3103/5100 lr:0.0009985 train_loss:3.3560 train_time:1163889ms step_avg:376.30ms
step:3104/5100 lr:0.000998 train_loss:3.8071 train_time:1164319ms step_avg:376.32ms
step:3105/5100 lr:0.0009975000000000001 train_loss:3.3590 train_time:1164750ms step_avg:376.33ms
step:3106/5100 lr:0.000997 train_loss:3.4307 train_time:1165180ms step_avg:376.35ms
step:3107/5100 lr:0.0009965 train_loss:3.5052 train_time:1165609ms step_avg:376.37ms
step:3108/5100 lr:0.000996 train_loss:3.4231 train_time:1166039ms step_avg:376.38ms
step:3109/5100 lr:0.0009955 train_loss:3.5013 train_time:1166468ms step_avg:376.40ms
step:3110/5100 lr:0.000995 train_loss:3.3552 train_time:1166899ms step_avg:376.42ms
step:3111/5100 lr:0.0009945000000000002 train_loss:3.8985 train_time:1167329ms step_avg:376.44ms
step:3112/5100 lr:0.000994 train_loss:3.5477 train_time:1167758ms step_avg:376.45ms
step:3113/5100 lr:0.0009935 train_loss:3.0422 train_time:1168188ms step_avg:376.47ms
step:3114/5100 lr:0.000993 train_loss:3.3134 train_time:1168618ms step_avg:376.49ms
step:3115/5100 lr:0.0009925000000000001 train_loss:3.1507 train_time:1169047ms step_avg:376.50ms
step:3116/5100 lr:0.000992 train_loss:3.5937 train_time:1169477ms step_avg:376.52ms
step:3117/5100 lr:0.0009915 train_loss:3.4138 train_time:1169907ms step_avg:376.54ms
step:3118/5100 lr:0.000991 train_loss:3.5839 train_time:1170338ms step_avg:376.56ms
step:3119/5100 lr:0.0009905 train_loss:3.4156 train_time:1170768ms step_avg:376.57ms
step:3120/5100 lr:0.00099 train_loss:3.5233 train_time:1171198ms step_avg:376.59ms
step:3121/5100 lr:0.0009895000000000001 train_loss:3.5059 train_time:1171628ms step_avg:376.61ms
step:3122/5100 lr:0.000989 train_loss:3.4433 train_time:1172058ms step_avg:376.63ms
step:3123/5100 lr:0.0009885 train_loss:3.3163 train_time:1172488ms step_avg:376.64ms
step:3124/5100 lr:0.000988 train_loss:3.3163 train_time:1172918ms step_avg:376.66ms
step:3125/5100 lr:0.0009875 train_loss:3.4063 train_time:1173349ms step_avg:376.68ms
step:3125/5100 val_loss:3.4060 train_time:1173359ms step_avg:376.68ms
step:3126/5100 lr:0.000987 train_loss:3.8357 train_time:1177593ms step_avg:377.92ms
step:3127/5100 lr:0.0009865 train_loss:3.4265 train_time:1178023ms step_avg:377.93ms
step:3128/5100 lr:0.0009860000000000001 train_loss:3.3388 train_time:1178453ms step_avg:377.95ms
step:3129/5100 lr:0.0009855 train_loss:3.5102 train_time:1178883ms step_avg:377.97ms
step:3130/5100 lr:0.000985 train_loss:3.5460 train_time:1179315ms step_avg:377.99ms
step:3131/5100 lr:0.0009845000000000001 train_loss:3.5294 train_time:1179746ms step_avg:378.00ms
step:3132/5100 lr:0.000984 train_loss:3.2557 train_time:1180175ms step_avg:378.02ms
step:3133/5100 lr:0.0009835 train_loss:3.4076 train_time:1180605ms step_avg:378.04ms
step:3134/5100 lr:0.000983 train_loss:3.4023 train_time:1181034ms step_avg:378.05ms
step:3135/5100 lr:0.0009825 train_loss:3.4931 train_time:1181466ms step_avg:378.07ms
step:3136/5100 lr:0.000982 train_loss:3.4342 train_time:1181895ms step_avg:378.09ms
step:3137/5100 lr:0.0009815000000000002 train_loss:3.2048 train_time:1182325ms step_avg:378.10ms
step:3138/5100 lr:0.000981 train_loss:3.2688 train_time:1182754ms step_avg:378.12ms
step:3139/5100 lr:0.0009805 train_loss:3.4409 train_time:1183183ms step_avg:378.13ms
step:3140/5100 lr:0.00098 train_loss:3.4462 train_time:1183612ms step_avg:378.15ms
step:3141/5100 lr:0.0009795000000000001 train_loss:3.2562 train_time:1184042ms step_avg:378.17ms
step:3142/5100 lr:0.000979 train_loss:3.4500 train_time:1184471ms step_avg:378.18ms
step:3143/5100 lr:0.0009785 train_loss:3.2511 train_time:1184901ms step_avg:378.20ms
step:3144/5100 lr:0.000978 train_loss:3.6130 train_time:1185331ms step_avg:378.22ms
step:3145/5100 lr:0.0009775 train_loss:3.8510 train_time:1185760ms step_avg:378.23ms
step:3146/5100 lr:0.000977 train_loss:3.6804 train_time:1186190ms step_avg:378.25ms
step:3147/5100 lr:0.0009765 train_loss:3.3644 train_time:1186619ms step_avg:378.27ms
step:3148/5100 lr:0.000976 train_loss:3.4192 train_time:1187048ms step_avg:378.28ms
step:3149/5100 lr:0.0009755 train_loss:3.3277 train_time:1187478ms step_avg:378.30ms
step:3150/5100 lr:0.000975 train_loss:3.5198 train_time:1187907ms step_avg:378.31ms
step:3151/5100 lr:0.0009745000000000001 train_loss:3.2255 train_time:1188336ms step_avg:378.33ms
step:3152/5100 lr:0.000974 train_loss:3.4567 train_time:1188766ms step_avg:378.35ms
step:3153/5100 lr:0.0009735000000000001 train_loss:3.5644 train_time:1189195ms step_avg:378.36ms
step:3154/5100 lr:0.000973 train_loss:3.3799 train_time:1189624ms step_avg:378.38ms
step:3155/5100 lr:0.0009725000000000001 train_loss:3.5819 train_time:1190053ms step_avg:378.40ms
step:3156/5100 lr:0.000972 train_loss:3.9989 train_time:1190483ms step_avg:378.41ms
step:3157/5100 lr:0.0009715 train_loss:3.3156 train_time:1190913ms step_avg:378.43ms
step:3158/5100 lr:0.000971 train_loss:3.3915 train_time:1191343ms step_avg:378.44ms
step:3159/5100 lr:0.0009705 train_loss:3.5209 train_time:1191773ms step_avg:378.46ms
step:3160/5100 lr:0.0009699999999999999 train_loss:3.3303 train_time:1192205ms step_avg:378.48ms
step:3161/5100 lr:0.0009695000000000001 train_loss:3.4613 train_time:1192635ms step_avg:378.49ms
step:3162/5100 lr:0.000969 train_loss:3.2327 train_time:1193064ms step_avg:378.51ms
step:3163/5100 lr:0.0009685000000000001 train_loss:3.3360 train_time:1193493ms step_avg:378.53ms
step:3164/5100 lr:0.000968 train_loss:3.4432 train_time:1193922ms step_avg:378.54ms
step:3165/5100 lr:0.0009675 train_loss:3.4896 train_time:1194352ms step_avg:378.56ms
step:3166/5100 lr:0.000967 train_loss:3.3971 train_time:1194782ms step_avg:378.57ms
step:3167/5100 lr:0.0009665 train_loss:3.3440 train_time:1195212ms step_avg:378.59ms
step:3168/5100 lr:0.000966 train_loss:3.4628 train_time:1195642ms step_avg:378.61ms
step:3169/5100 lr:0.0009655 train_loss:3.6902 train_time:1196684ms step_avg:378.82ms
step:3170/5100 lr:0.000965 train_loss:3.6199 train_time:1197113ms step_avg:378.83ms
step:3171/5100 lr:0.0009645000000000001 train_loss:3.4914 train_time:1197543ms step_avg:378.85ms
step:3172/5100 lr:0.000964 train_loss:3.4576 train_time:1197974ms step_avg:378.87ms
step:3173/5100 lr:0.0009635000000000001 train_loss:3.4108 train_time:1198404ms step_avg:378.88ms
step:3174/5100 lr:0.000963 train_loss:3.2710 train_time:1198834ms step_avg:378.90ms
step:3175/5100 lr:0.0009625 train_loss:3.1983 train_time:1199266ms step_avg:378.91ms
step:3176/5100 lr:0.000962 train_loss:3.2257 train_time:1199696ms step_avg:378.93ms
step:3177/5100 lr:0.0009615 train_loss:3.4189 train_time:1200126ms step_avg:378.95ms
step:3178/5100 lr:0.0009609999999999999 train_loss:3.1818 train_time:1200555ms step_avg:378.96ms
step:3179/5100 lr:0.0009605000000000001 train_loss:3.3832 train_time:1200985ms step_avg:378.98ms
step:3180/5100 lr:0.00096 train_loss:3.5184 train_time:1201418ms step_avg:379.00ms
step:3181/5100 lr:0.0009595000000000001 train_loss:3.4158 train_time:1201848ms step_avg:379.01ms
step:3182/5100 lr:0.000959 train_loss:3.4420 train_time:1202277ms step_avg:379.03ms
step:3183/5100 lr:0.0009585 train_loss:3.4616 train_time:1202707ms step_avg:379.04ms
step:3184/5100 lr:0.000958 train_loss:3.2818 train_time:1203138ms step_avg:379.06ms
step:3185/5100 lr:0.0009575 train_loss:3.3986 train_time:1203567ms step_avg:379.08ms
step:3186/5100 lr:0.000957 train_loss:3.6206 train_time:1203997ms step_avg:379.09ms
step:3187/5100 lr:0.0009565 train_loss:3.3967 train_time:1204427ms step_avg:379.11ms
step:3188/5100 lr:0.0009559999999999999 train_loss:3.3715 train_time:1204857ms step_avg:379.12ms
step:3189/5100 lr:0.0009555000000000001 train_loss:3.3410 train_time:1205296ms step_avg:379.14ms
step:3190/5100 lr:0.000955 train_loss:3.5233 train_time:1205726ms step_avg:379.16ms
step:3191/5100 lr:0.0009545 train_loss:3.4676 train_time:1206155ms step_avg:379.17ms
step:3192/5100 lr:0.000954 train_loss:3.3672 train_time:1206585ms step_avg:379.19ms
step:3193/5100 lr:0.0009535 train_loss:3.5736 train_time:1207014ms step_avg:379.21ms
step:3194/5100 lr:0.000953 train_loss:3.5037 train_time:1207444ms step_avg:379.22ms
step:3195/5100 lr:0.0009525 train_loss:3.3038 train_time:1207874ms step_avg:379.24ms
step:3196/5100 lr:0.0009519999999999999 train_loss:3.5917 train_time:1208304ms step_avg:379.25ms
step:3197/5100 lr:0.0009515 train_loss:3.3775 train_time:1208734ms step_avg:379.27ms
step:3198/5100 lr:0.000951 train_loss:3.3130 train_time:1209164ms step_avg:379.29ms
step:3199/5100 lr:0.0009505000000000001 train_loss:3.3516 train_time:1209605ms step_avg:379.31ms
step:3200/5100 lr:0.00095 train_loss:3.2946 train_time:1210035ms step_avg:379.32ms
step:3201/5100 lr:0.0009495 train_loss:4.0309 train_time:1210466ms step_avg:379.34ms
step:3202/5100 lr:0.000949 train_loss:3.4128 train_time:1210897ms step_avg:379.35ms
step:3203/5100 lr:0.0009485 train_loss:3.2031 train_time:1211326ms step_avg:379.37ms
step:3204/5100 lr:0.000948 train_loss:3.3836 train_time:1211758ms step_avg:379.39ms
step:3205/5100 lr:0.0009475 train_loss:3.2023 train_time:1212187ms step_avg:379.40ms
step:3206/5100 lr:0.0009469999999999999 train_loss:3.2318 train_time:1212617ms step_avg:379.42ms
step:3207/5100 lr:0.0009465000000000001 train_loss:3.1930 train_time:1213047ms step_avg:379.43ms
step:3208/5100 lr:0.000946 train_loss:3.3602 train_time:1213477ms step_avg:379.45ms
step:3209/5100 lr:0.0009455 train_loss:3.4194 train_time:1213908ms step_avg:379.46ms
step:3210/5100 lr:0.000945 train_loss:3.3048 train_time:1214338ms step_avg:379.48ms
step:3211/5100 lr:0.0009445 train_loss:3.3276 train_time:1214768ms step_avg:379.50ms
step:3212/5100 lr:0.000944 train_loss:3.3941 train_time:1215197ms step_avg:379.51ms
step:3213/5100 lr:0.0009435 train_loss:3.6429 train_time:1215627ms step_avg:379.53ms
step:3214/5100 lr:0.0009429999999999999 train_loss:3.1460 train_time:1216057ms step_avg:379.54ms
step:3215/5100 lr:0.0009425 train_loss:3.5573 train_time:1216486ms step_avg:379.56ms
step:3216/5100 lr:0.000942 train_loss:3.4993 train_time:1216916ms step_avg:379.57ms
step:3217/5100 lr:0.0009415000000000001 train_loss:3.5517 train_time:1217346ms step_avg:379.59ms
step:3218/5100 lr:0.000941 train_loss:3.2652 train_time:1217776ms step_avg:379.61ms
step:3219/5100 lr:0.0009405 train_loss:3.2281 train_time:1218205ms step_avg:379.62ms
step:3220/5100 lr:0.00094 train_loss:3.2841 train_time:1218635ms step_avg:379.64ms
step:3221/5100 lr:0.0009395 train_loss:3.7036 train_time:1219065ms step_avg:379.65ms
step:3222/5100 lr:0.000939 train_loss:3.1721 train_time:1219495ms step_avg:379.67ms
step:3223/5100 lr:0.0009385 train_loss:3.3757 train_time:1219925ms step_avg:379.68ms
step:3224/5100 lr:0.0009379999999999999 train_loss:3.2940 train_time:1220355ms step_avg:379.70ms
step:3225/5100 lr:0.0009375 train_loss:3.3451 train_time:1220785ms step_avg:379.72ms
step:3226/5100 lr:0.0009370000000000001 train_loss:3.3677 train_time:1221215ms step_avg:379.73ms
step:3227/5100 lr:0.0009365 train_loss:3.5523 train_time:1221644ms step_avg:379.75ms
step:3228/5100 lr:0.0009360000000000001 train_loss:3.4720 train_time:1222074ms step_avg:379.76ms
step:3229/5100 lr:0.0009355 train_loss:3.3655 train_time:1222504ms step_avg:379.78ms
step:3230/5100 lr:0.0009350000000000001 train_loss:3.3086 train_time:1223175ms step_avg:379.87ms
step:3231/5100 lr:0.0009345 train_loss:3.2719 train_time:1223605ms step_avg:379.88ms
step:3232/5100 lr:0.000934 train_loss:3.2376 train_time:1224035ms step_avg:379.90ms
step:3233/5100 lr:0.0009335 train_loss:3.3845 train_time:1224465ms step_avg:379.91ms
step:3234/5100 lr:0.000933 train_loss:3.2280 train_time:1224896ms step_avg:379.93ms
step:3235/5100 lr:0.0009325000000000001 train_loss:3.3008 train_time:1225326ms step_avg:379.95ms
step:3236/5100 lr:0.0009320000000000001 train_loss:3.4106 train_time:1225755ms step_avg:379.96ms
step:3237/5100 lr:0.0009315 train_loss:3.2174 train_time:1226185ms step_avg:379.98ms
step:3238/5100 lr:0.0009310000000000001 train_loss:3.1452 train_time:1226615ms step_avg:379.99ms
step:3239/5100 lr:0.0009305 train_loss:3.4562 train_time:1227244ms step_avg:380.07ms
step:3240/5100 lr:0.00093 train_loss:4.0553 train_time:1227674ms step_avg:380.08ms
step:3241/5100 lr:0.0009295 train_loss:3.4315 train_time:1228104ms step_avg:380.10ms
step:3242/5100 lr:0.000929 train_loss:3.2615 train_time:1228533ms step_avg:380.12ms
step:3243/5100 lr:0.0009285 train_loss:3.3786 train_time:1228963ms step_avg:380.13ms
step:3244/5100 lr:0.0009280000000000001 train_loss:3.3972 train_time:1229393ms step_avg:380.15ms
step:3245/5100 lr:0.0009275 train_loss:3.4467 train_time:1229823ms step_avg:380.16ms
step:3246/5100 lr:0.0009270000000000001 train_loss:3.4441 train_time:1230253ms step_avg:380.18ms
step:3247/5100 lr:0.0009265 train_loss:3.2277 train_time:1230683ms step_avg:380.19ms
step:3248/5100 lr:0.0009260000000000001 train_loss:2.9554 train_time:1231113ms step_avg:380.21ms
step:3249/5100 lr:0.0009255 train_loss:3.4799 train_time:1231544ms step_avg:380.22ms
step:3250/5100 lr:0.000925 train_loss:3.2292 train_time:1231974ms step_avg:380.24ms
step:3250/5100 val_loss:3.3894 train_time:1231984ms step_avg:380.24ms
step:3251/5100 lr:0.0009245 train_loss:3.4213 train_time:1236233ms step_avg:381.44ms
step:3252/5100 lr:0.000924 train_loss:3.3932 train_time:1236663ms step_avg:381.45ms
step:3253/5100 lr:0.0009235000000000001 train_loss:3.4722 train_time:1237105ms step_avg:381.47ms
step:3254/5100 lr:0.0009230000000000001 train_loss:3.3474 train_time:1237534ms step_avg:381.48ms
step:3255/5100 lr:0.0009225 train_loss:3.5300 train_time:1237965ms step_avg:381.50ms
step:3256/5100 lr:0.0009220000000000001 train_loss:3.2663 train_time:1238395ms step_avg:381.51ms
step:3257/5100 lr:0.0009215 train_loss:3.4576 train_time:1238825ms step_avg:381.53ms
step:3258/5100 lr:0.000921 train_loss:3.5428 train_time:1239255ms step_avg:381.54ms
step:3259/5100 lr:0.0009205 train_loss:3.4424 train_time:1239688ms step_avg:381.56ms
step:3260/5100 lr:0.00092 train_loss:3.3972 train_time:1240117ms step_avg:381.57ms
step:3261/5100 lr:0.0009195 train_loss:3.3973 train_time:1240547ms step_avg:381.59ms
step:3262/5100 lr:0.0009190000000000001 train_loss:3.3884 train_time:1240977ms step_avg:381.60ms
step:3263/5100 lr:0.0009185 train_loss:3.5682 train_time:1241408ms step_avg:381.62ms
step:3264/5100 lr:0.0009180000000000001 train_loss:3.3513 train_time:1241837ms step_avg:381.63ms
step:3265/5100 lr:0.0009175 train_loss:3.3821 train_time:1242267ms step_avg:381.65ms
step:3266/5100 lr:0.0009170000000000001 train_loss:3.3946 train_time:1242714ms step_avg:381.67ms
step:3267/5100 lr:0.0009165 train_loss:3.3023 train_time:1243143ms step_avg:381.68ms
step:3268/5100 lr:0.000916 train_loss:3.3033 train_time:1243574ms step_avg:381.70ms
step:3269/5100 lr:0.0009155 train_loss:3.4821 train_time:1244004ms step_avg:381.71ms
step:3270/5100 lr:0.000915 train_loss:3.4605 train_time:1244434ms step_avg:381.73ms
step:3271/5100 lr:0.0009145 train_loss:3.2434 train_time:1244864ms step_avg:381.74ms
step:3272/5100 lr:0.0009140000000000001 train_loss:3.4305 train_time:1245294ms step_avg:381.76ms
step:3273/5100 lr:0.0009135 train_loss:3.4666 train_time:1245724ms step_avg:381.77ms
step:3274/5100 lr:0.0009130000000000001 train_loss:3.5418 train_time:1246154ms step_avg:381.79ms
step:3275/5100 lr:0.0009125 train_loss:3.1368 train_time:1246584ms step_avg:381.80ms
step:3276/5100 lr:0.000912 train_loss:3.3063 train_time:1247015ms step_avg:381.82ms
step:3277/5100 lr:0.0009115 train_loss:3.4981 train_time:1247445ms step_avg:381.83ms
step:3278/5100 lr:0.000911 train_loss:3.3758 train_time:1247875ms step_avg:381.85ms
step:3279/5100 lr:0.0009105 train_loss:3.3161 train_time:1248305ms step_avg:381.86ms
step:3280/5100 lr:0.00091 train_loss:3.6057 train_time:1248735ms step_avg:381.88ms
step:3281/5100 lr:0.0009095 train_loss:3.4005 train_time:1249165ms step_avg:381.89ms
step:3282/5100 lr:0.0009090000000000001 train_loss:3.5520 train_time:1249602ms step_avg:381.91ms
step:3283/5100 lr:0.0009085 train_loss:3.2066 train_time:1250033ms step_avg:381.92ms
step:3284/5100 lr:0.0009080000000000001 train_loss:3.2941 train_time:1250463ms step_avg:381.94ms
step:3285/5100 lr:0.0009075 train_loss:3.2323 train_time:1250893ms step_avg:381.95ms
step:3286/5100 lr:0.000907 train_loss:3.2868 train_time:1251324ms step_avg:381.97ms
step:3287/5100 lr:0.0009065 train_loss:3.2851 train_time:1251769ms step_avg:381.99ms
step:3288/5100 lr:0.000906 train_loss:3.5193 train_time:1252199ms step_avg:382.00ms
step:3289/5100 lr:0.0009055 train_loss:3.1494 train_time:1252629ms step_avg:382.02ms
step:3290/5100 lr:0.0009050000000000001 train_loss:3.2920 train_time:1253059ms step_avg:382.03ms
step:3291/5100 lr:0.0009045 train_loss:3.3540 train_time:1253488ms step_avg:382.04ms
step:3292/5100 lr:0.0009040000000000001 train_loss:3.6743 train_time:1253918ms step_avg:382.06ms
step:3293/5100 lr:0.0009035 train_loss:2.9728 train_time:1254348ms step_avg:382.07ms
step:3294/5100 lr:0.000903 train_loss:3.6964 train_time:1254777ms step_avg:382.09ms
step:3295/5100 lr:0.0009025 train_loss:3.2957 train_time:1255206ms step_avg:382.10ms
step:3296/5100 lr:0.000902 train_loss:3.1638 train_time:1255636ms step_avg:382.12ms
step:3297/5100 lr:0.0009015 train_loss:3.5591 train_time:1256068ms step_avg:382.13ms
step:3298/5100 lr:0.000901 train_loss:3.5620 train_time:1256497ms step_avg:382.15ms
step:3299/5100 lr:0.0009004999999999999 train_loss:3.3228 train_time:1256927ms step_avg:382.16ms
step:3300/5100 lr:0.0009000000000000001 train_loss:3.5004 train_time:1257357ms step_avg:382.18ms
step:3301/5100 lr:0.0008995 train_loss:3.3433 train_time:1257787ms step_avg:382.19ms
step:3302/5100 lr:0.0008990000000000001 train_loss:3.3836 train_time:1258216ms step_avg:382.20ms
step:3303/5100 lr:0.0008985 train_loss:3.3553 train_time:1258647ms step_avg:382.22ms
step:3304/5100 lr:0.000898 train_loss:3.2633 train_time:1259077ms step_avg:382.23ms
step:3305/5100 lr:0.0008975 train_loss:3.3536 train_time:1259507ms step_avg:382.25ms
step:3306/5100 lr:0.000897 train_loss:3.5388 train_time:1259937ms step_avg:382.26ms
step:3307/5100 lr:0.0008964999999999999 train_loss:3.4242 train_time:1260367ms step_avg:382.28ms
step:3308/5100 lr:0.000896 train_loss:3.3981 train_time:1260799ms step_avg:382.29ms
step:3309/5100 lr:0.0008955 train_loss:3.3169 train_time:1261229ms step_avg:382.31ms
step:3310/5100 lr:0.0008950000000000001 train_loss:3.4121 train_time:1261659ms step_avg:382.32ms
step:3311/5100 lr:0.0008945 train_loss:3.3153 train_time:1262089ms step_avg:382.34ms
step:3312/5100 lr:0.000894 train_loss:3.4564 train_time:1262519ms step_avg:382.35ms
step:3313/5100 lr:0.0008935 train_loss:3.5290 train_time:1262948ms step_avg:382.36ms
step:3314/5100 lr:0.000893 train_loss:3.4103 train_time:1263378ms step_avg:382.38ms
step:3315/5100 lr:0.0008925 train_loss:3.3063 train_time:1263808ms step_avg:382.39ms
step:3316/5100 lr:0.000892 train_loss:3.3475 train_time:1264237ms step_avg:382.41ms
step:3317/5100 lr:0.0008914999999999999 train_loss:3.3653 train_time:1264667ms step_avg:382.42ms
step:3318/5100 lr:0.0008910000000000001 train_loss:3.3481 train_time:1265097ms step_avg:382.44ms
step:3319/5100 lr:0.0008905 train_loss:3.2663 train_time:1265526ms step_avg:382.45ms
step:3320/5100 lr:0.0008900000000000001 train_loss:3.9237 train_time:1265956ms step_avg:382.46ms
step:3321/5100 lr:0.0008895 train_loss:3.3443 train_time:1266389ms step_avg:382.48ms
step:3322/5100 lr:0.000889 train_loss:3.4247 train_time:1266819ms step_avg:382.49ms
step:3323/5100 lr:0.0008885 train_loss:3.1349 train_time:1267249ms step_avg:382.51ms
step:3324/5100 lr:0.000888 train_loss:3.3005 train_time:1267678ms step_avg:382.52ms
step:3325/5100 lr:0.0008874999999999999 train_loss:3.6092 train_time:1268107ms step_avg:382.54ms
step:3326/5100 lr:0.000887 train_loss:3.1752 train_time:1268537ms step_avg:382.55ms
step:3327/5100 lr:0.0008865 train_loss:3.6198 train_time:1268967ms step_avg:382.56ms
step:3328/5100 lr:0.0008860000000000001 train_loss:3.3907 train_time:1269402ms step_avg:382.58ms
step:3329/5100 lr:0.0008855 train_loss:3.3316 train_time:1269832ms step_avg:382.59ms
step:3330/5100 lr:0.000885 train_loss:3.4742 train_time:1270262ms step_avg:382.61ms
step:3331/5100 lr:0.0008845 train_loss:3.2720 train_time:1270694ms step_avg:382.62ms
step:3332/5100 lr:0.000884 train_loss:3.2285 train_time:1271124ms step_avg:382.64ms
step:3333/5100 lr:0.0008835 train_loss:3.3568 train_time:1271554ms step_avg:382.65ms
step:3334/5100 lr:0.000883 train_loss:3.3761 train_time:1271984ms step_avg:382.67ms
step:3335/5100 lr:0.0008824999999999999 train_loss:3.4774 train_time:1272414ms step_avg:382.68ms
step:3336/5100 lr:0.000882 train_loss:3.4861 train_time:1272843ms step_avg:382.69ms
step:3337/5100 lr:0.0008815 train_loss:3.8019 train_time:1273273ms step_avg:382.71ms
step:3338/5100 lr:0.0008810000000000001 train_loss:3.3145 train_time:1273704ms step_avg:382.72ms
step:3339/5100 lr:0.0008805 train_loss:3.3195 train_time:1274134ms step_avg:382.74ms
step:3340/5100 lr:0.00088 train_loss:3.4325 train_time:1274564ms step_avg:382.75ms
step:3341/5100 lr:0.0008795 train_loss:3.3834 train_time:1274994ms step_avg:382.77ms
step:3342/5100 lr:0.000879 train_loss:3.2535 train_time:1275424ms step_avg:382.78ms
step:3343/5100 lr:0.0008784999999999999 train_loss:3.2822 train_time:1275854ms step_avg:382.79ms
step:3344/5100 lr:0.000878 train_loss:3.5149 train_time:1276284ms step_avg:382.81ms
step:3345/5100 lr:0.0008774999999999999 train_loss:3.3226 train_time:1276715ms step_avg:382.82ms
step:3346/5100 lr:0.0008770000000000001 train_loss:3.3554 train_time:1277145ms step_avg:382.84ms
step:3347/5100 lr:0.0008765 train_loss:3.4012 train_time:1277575ms step_avg:382.85ms
step:3348/5100 lr:0.000876 train_loss:3.4409 train_time:1278005ms step_avg:382.87ms
step:3349/5100 lr:0.0008755 train_loss:3.4284 train_time:1278435ms step_avg:382.88ms
step:3350/5100 lr:0.000875 train_loss:3.2824 train_time:1278865ms step_avg:382.89ms
step:3351/5100 lr:0.0008745000000000001 train_loss:3.3619 train_time:1279296ms step_avg:382.91ms
step:3352/5100 lr:0.000874 train_loss:3.3638 train_time:1279726ms step_avg:382.92ms
step:3353/5100 lr:0.0008735 train_loss:3.3416 train_time:1280156ms step_avg:382.94ms
step:3354/5100 lr:0.000873 train_loss:3.5308 train_time:1280586ms step_avg:382.95ms
step:3355/5100 lr:0.0008725000000000001 train_loss:3.3660 train_time:1281016ms step_avg:382.96ms
step:3356/5100 lr:0.000872 train_loss:3.4616 train_time:1281446ms step_avg:382.98ms
step:3357/5100 lr:0.0008715000000000001 train_loss:3.4039 train_time:1281876ms step_avg:382.99ms
step:3358/5100 lr:0.000871 train_loss:3.2627 train_time:1282305ms step_avg:383.01ms
step:3359/5100 lr:0.0008705000000000001 train_loss:3.3815 train_time:1282735ms step_avg:383.02ms
step:3360/5100 lr:0.00087 train_loss:3.4041 train_time:1283165ms step_avg:383.03ms
step:3361/5100 lr:0.0008695 train_loss:3.5997 train_time:1283595ms step_avg:383.05ms
step:3362/5100 lr:0.000869 train_loss:3.3957 train_time:1284024ms step_avg:383.06ms
step:3363/5100 lr:0.0008685 train_loss:3.2964 train_time:1284454ms step_avg:383.08ms
step:3364/5100 lr:0.0008680000000000001 train_loss:3.3220 train_time:1284884ms step_avg:383.09ms
step:3365/5100 lr:0.0008675000000000001 train_loss:3.3356 train_time:1285314ms step_avg:383.10ms
step:3366/5100 lr:0.000867 train_loss:3.3879 train_time:1285744ms step_avg:383.12ms
step:3367/5100 lr:0.0008665000000000001 train_loss:3.5380 train_time:1286175ms step_avg:383.13ms
step:3368/5100 lr:0.000866 train_loss:3.1062 train_time:1286608ms step_avg:383.15ms
step:3369/5100 lr:0.0008655000000000001 train_loss:3.4239 train_time:1287037ms step_avg:383.16ms
step:3370/5100 lr:0.000865 train_loss:3.3002 train_time:1287467ms step_avg:383.17ms
step:3371/5100 lr:0.0008645 train_loss:3.3438 train_time:1287896ms step_avg:383.19ms
step:3372/5100 lr:0.000864 train_loss:3.3809 train_time:1288328ms step_avg:383.20ms
step:3373/5100 lr:0.0008635 train_loss:4.0160 train_time:1288758ms step_avg:383.22ms
step:3374/5100 lr:0.000863 train_loss:3.5804 train_time:1289187ms step_avg:383.23ms
step:3375/5100 lr:0.0008625000000000001 train_loss:3.4917 train_time:1289617ms step_avg:383.24ms
step:3375/5100 val_loss:3.3761 train_time:1289627ms step_avg:383.25ms
step:3376/5100 lr:0.000862 train_loss:3.3104 train_time:1293882ms step_avg:384.40ms
step:3377/5100 lr:0.0008615000000000001 train_loss:3.4587 train_time:1294315ms step_avg:384.41ms
step:3378/5100 lr:0.000861 train_loss:3.4659 train_time:1294750ms step_avg:384.43ms
step:3379/5100 lr:0.0008605 train_loss:3.3952 train_time:1295180ms step_avg:384.44ms
step:3380/5100 lr:0.00086 train_loss:3.4259 train_time:1295612ms step_avg:384.45ms
step:3381/5100 lr:0.0008595 train_loss:3.3940 train_time:1296042ms step_avg:384.47ms
step:3382/5100 lr:0.000859 train_loss:3.2780 train_time:1296472ms step_avg:384.48ms
step:3383/5100 lr:0.0008585000000000001 train_loss:3.3938 train_time:1296901ms step_avg:384.49ms
step:3384/5100 lr:0.000858 train_loss:3.3687 train_time:1297330ms step_avg:384.51ms
step:3385/5100 lr:0.0008575000000000001 train_loss:3.4165 train_time:1297760ms step_avg:384.52ms
step:3386/5100 lr:0.000857 train_loss:3.4071 train_time:1298188ms step_avg:384.53ms
step:3387/5100 lr:0.0008565000000000001 train_loss:3.2454 train_time:1298631ms step_avg:384.55ms
step:3388/5100 lr:0.000856 train_loss:3.3949 train_time:1299059ms step_avg:384.56ms
step:3389/5100 lr:0.0008555 train_loss:3.3321 train_time:1299492ms step_avg:384.58ms
step:3390/5100 lr:0.000855 train_loss:3.3625 train_time:1299922ms step_avg:384.59ms
step:3391/5100 lr:0.0008545 train_loss:3.2869 train_time:1300350ms step_avg:384.61ms
step:3392/5100 lr:0.000854 train_loss:3.4521 train_time:1300779ms step_avg:384.62ms
step:3393/5100 lr:0.0008535000000000001 train_loss:3.2858 train_time:1301208ms step_avg:384.63ms
step:3394/5100 lr:0.000853 train_loss:3.2369 train_time:1301637ms step_avg:384.64ms
step:3395/5100 lr:0.0008525000000000001 train_loss:3.3737 train_time:1302067ms step_avg:384.66ms
step:3396/5100 lr:0.000852 train_loss:3.4222 train_time:1302496ms step_avg:384.67ms
step:3397/5100 lr:0.0008515 train_loss:3.4483 train_time:1302926ms step_avg:384.68ms
step:3398/5100 lr:0.000851 train_loss:3.4203 train_time:1303356ms step_avg:384.70ms
step:3399/5100 lr:0.0008505 train_loss:3.2983 train_time:1303785ms step_avg:384.71ms
step:3400/5100 lr:0.00085 train_loss:3.3708 train_time:1304216ms step_avg:384.72ms
step:3401/5100 lr:0.0008495000000000001 train_loss:3.5792 train_time:1304645ms step_avg:384.74ms
step:3402/5100 lr:0.000849 train_loss:4.0083 train_time:1305076ms step_avg:384.75ms
step:3403/5100 lr:0.0008485000000000001 train_loss:3.5249 train_time:1305506ms step_avg:384.76ms
step:3404/5100 lr:0.000848 train_loss:3.1833 train_time:1305936ms step_avg:384.78ms
step:3405/5100 lr:0.0008475000000000001 train_loss:3.6083 train_time:1306366ms step_avg:384.79ms
step:3406/5100 lr:0.000847 train_loss:3.2397 train_time:1306795ms step_avg:384.80ms
step:3407/5100 lr:0.0008465 train_loss:3.4249 train_time:1307225ms step_avg:384.82ms
step:3408/5100 lr:0.000846 train_loss:3.2659 train_time:1307654ms step_avg:384.83ms
step:3409/5100 lr:0.0008455 train_loss:3.3234 train_time:1308083ms step_avg:384.84ms
step:3410/5100 lr:0.0008449999999999999 train_loss:3.2633 train_time:1308515ms step_avg:384.86ms
step:3411/5100 lr:0.0008445000000000001 train_loss:3.4672 train_time:1308944ms step_avg:384.87ms
step:3412/5100 lr:0.000844 train_loss:3.2810 train_time:1309374ms step_avg:384.88ms
step:3413/5100 lr:0.0008435000000000001 train_loss:3.4949 train_time:1309804ms step_avg:384.90ms
step:3414/5100 lr:0.000843 train_loss:3.3085 train_time:1310235ms step_avg:384.91ms
step:3415/5100 lr:0.0008425 train_loss:3.3939 train_time:1310664ms step_avg:384.92ms
step:3416/5100 lr:0.000842 train_loss:3.3086 train_time:1311093ms step_avg:384.94ms
step:3417/5100 lr:0.0008415 train_loss:3.4593 train_time:1311524ms step_avg:384.95ms
step:3418/5100 lr:0.000841 train_loss:3.3275 train_time:1311954ms step_avg:384.96ms
step:3419/5100 lr:0.0008405 train_loss:3.0414 train_time:1312383ms step_avg:384.98ms
step:3420/5100 lr:0.00084 train_loss:3.2718 train_time:1313021ms step_avg:385.05ms
step:3421/5100 lr:0.0008395000000000001 train_loss:3.4121 train_time:1313451ms step_avg:385.06ms
step:3422/5100 lr:0.000839 train_loss:3.3089 train_time:1313880ms step_avg:385.08ms
step:3423/5100 lr:0.0008385 train_loss:3.3661 train_time:1314311ms step_avg:385.09ms
step:3424/5100 lr:0.000838 train_loss:3.3905 train_time:1314741ms step_avg:385.10ms
step:3425/5100 lr:0.0008375 train_loss:3.5593 train_time:1315171ms step_avg:385.12ms
step:3426/5100 lr:0.000837 train_loss:3.3162 train_time:1315600ms step_avg:385.13ms
step:3427/5100 lr:0.0008365 train_loss:3.3665 train_time:1316030ms step_avg:385.14ms
step:3428/5100 lr:0.0008359999999999999 train_loss:3.2979 train_time:1316459ms step_avg:385.15ms
step:3429/5100 lr:0.0008355000000000001 train_loss:3.4077 train_time:1317089ms step_avg:385.23ms
step:3430/5100 lr:0.000835 train_loss:3.3422 train_time:1317520ms step_avg:385.24ms
step:3431/5100 lr:0.0008345000000000001 train_loss:3.2556 train_time:1317950ms step_avg:385.25ms
step:3432/5100 lr:0.000834 train_loss:3.5343 train_time:1318379ms step_avg:385.27ms
step:3433/5100 lr:0.0008335 train_loss:3.6733 train_time:1318809ms step_avg:385.28ms
step:3434/5100 lr:0.000833 train_loss:3.3942 train_time:1319238ms step_avg:385.29ms
step:3435/5100 lr:0.0008325 train_loss:3.3804 train_time:1319668ms step_avg:385.30ms
step:3436/5100 lr:0.000832 train_loss:3.3619 train_time:1320097ms step_avg:385.32ms
step:3437/5100 lr:0.0008315 train_loss:3.2607 train_time:1320528ms step_avg:385.33ms
step:3438/5100 lr:0.0008309999999999999 train_loss:3.3163 train_time:1320958ms step_avg:385.34ms
step:3439/5100 lr:0.0008305000000000001 train_loss:3.4381 train_time:1321388ms step_avg:385.36ms
step:3440/5100 lr:0.00083 train_loss:3.5779 train_time:1321818ms step_avg:385.37ms
step:3441/5100 lr:0.0008295 train_loss:3.2788 train_time:1322247ms step_avg:385.38ms
step:3442/5100 lr:0.000829 train_loss:3.6411 train_time:1322678ms step_avg:385.40ms
step:3443/5100 lr:0.0008285 train_loss:3.4374 train_time:1323112ms step_avg:385.41ms
step:3444/5100 lr:0.000828 train_loss:3.2653 train_time:1323542ms step_avg:385.42ms
step:3445/5100 lr:0.0008275 train_loss:3.2928 train_time:1323972ms step_avg:385.44ms
step:3446/5100 lr:0.0008269999999999999 train_loss:3.3550 train_time:1324401ms step_avg:385.45ms
step:3447/5100 lr:0.0008265 train_loss:3.4986 train_time:1324831ms step_avg:385.46ms
step:3448/5100 lr:0.000826 train_loss:3.2450 train_time:1325261ms step_avg:385.47ms
step:3449/5100 lr:0.0008255000000000001 train_loss:3.4876 train_time:1325691ms step_avg:385.49ms
step:3450/5100 lr:0.000825 train_loss:3.3496 train_time:1326121ms step_avg:385.50ms
step:3451/5100 lr:0.0008245 train_loss:3.5210 train_time:1326550ms step_avg:385.51ms
step:3452/5100 lr:0.000824 train_loss:3.4609 train_time:1326980ms step_avg:385.53ms
step:3453/5100 lr:0.0008235 train_loss:3.3562 train_time:1327409ms step_avg:385.54ms
step:3454/5100 lr:0.000823 train_loss:3.2588 train_time:1327841ms step_avg:385.55ms
step:3455/5100 lr:0.0008225 train_loss:3.6316 train_time:1328271ms step_avg:385.56ms
step:3456/5100 lr:0.0008219999999999999 train_loss:3.3970 train_time:1328700ms step_avg:385.58ms
step:3457/5100 lr:0.0008215000000000001 train_loss:3.2465 train_time:1329130ms step_avg:385.59ms
step:3458/5100 lr:0.000821 train_loss:3.5526 train_time:1329559ms step_avg:385.60ms
step:3459/5100 lr:0.0008205 train_loss:3.5201 train_time:1329988ms step_avg:385.62ms
step:3460/5100 lr:0.00082 train_loss:3.4567 train_time:1330418ms step_avg:385.63ms
step:3461/5100 lr:0.0008195 train_loss:3.2814 train_time:1330848ms step_avg:385.64ms
step:3462/5100 lr:0.000819 train_loss:3.6005 train_time:1331278ms step_avg:385.65ms
step:3463/5100 lr:0.0008185 train_loss:3.1835 train_time:1331707ms step_avg:385.67ms
step:3464/5100 lr:0.0008179999999999999 train_loss:3.5236 train_time:1332137ms step_avg:385.68ms
step:3465/5100 lr:0.0008175 train_loss:3.3153 train_time:1332567ms step_avg:385.69ms
step:3466/5100 lr:0.000817 train_loss:3.4105 train_time:1332997ms step_avg:385.71ms
step:3467/5100 lr:0.0008165000000000001 train_loss:3.4504 train_time:1333428ms step_avg:385.72ms
step:3468/5100 lr:0.000816 train_loss:3.2965 train_time:1334448ms step_avg:385.90ms
step:3469/5100 lr:0.0008155 train_loss:3.3816 train_time:1334878ms step_avg:385.91ms
step:3470/5100 lr:0.000815 train_loss:3.3688 train_time:1335311ms step_avg:385.93ms
step:3471/5100 lr:0.0008145 train_loss:3.3214 train_time:1335740ms step_avg:385.94ms
step:3472/5100 lr:0.0008139999999999999 train_loss:3.3304 train_time:1336170ms step_avg:385.95ms
step:3473/5100 lr:0.0008135 train_loss:3.2547 train_time:1336599ms step_avg:385.97ms
step:3474/5100 lr:0.0008129999999999999 train_loss:3.3428 train_time:1337028ms step_avg:385.98ms
step:3475/5100 lr:0.0008125000000000001 train_loss:3.4366 train_time:1337458ms step_avg:385.99ms
step:3476/5100 lr:0.0008120000000000001 train_loss:3.4073 train_time:1337887ms step_avg:386.00ms
step:3477/5100 lr:0.0008115 train_loss:3.4112 train_time:1338316ms step_avg:386.02ms
step:3478/5100 lr:0.0008110000000000001 train_loss:3.4373 train_time:1338746ms step_avg:386.03ms
step:3479/5100 lr:0.0008105 train_loss:3.2861 train_time:1339176ms step_avg:386.04ms
step:3480/5100 lr:0.0008100000000000001 train_loss:3.5690 train_time:1339606ms step_avg:386.05ms
step:3481/5100 lr:0.0008095 train_loss:4.2089 train_time:1340043ms step_avg:386.07ms
step:3482/5100 lr:0.000809 train_loss:3.4190 train_time:1340473ms step_avg:386.08ms
step:3483/5100 lr:0.0008085 train_loss:3.4160 train_time:1340902ms step_avg:386.09ms
step:3484/5100 lr:0.000808 train_loss:3.3810 train_time:1341331ms step_avg:386.11ms
step:3485/5100 lr:0.0008075000000000001 train_loss:3.3841 train_time:1341760ms step_avg:386.12ms
step:3486/5100 lr:0.0008070000000000001 train_loss:3.2256 train_time:1342189ms step_avg:386.13ms
step:3487/5100 lr:0.0008065 train_loss:3.3566 train_time:1342619ms step_avg:386.14ms
step:3488/5100 lr:0.0008060000000000001 train_loss:3.1090 train_time:1343050ms step_avg:386.16ms
step:3489/5100 lr:0.0008055 train_loss:3.5606 train_time:1343482ms step_avg:386.17ms
step:3490/5100 lr:0.000805 train_loss:3.3509 train_time:1343908ms step_avg:386.18ms
step:3491/5100 lr:0.0008045 train_loss:3.3727 train_time:1344338ms step_avg:386.19ms
step:3492/5100 lr:0.000804 train_loss:3.3978 train_time:1344772ms step_avg:386.21ms
step:3493/5100 lr:0.0008035 train_loss:3.3780 train_time:1345202ms step_avg:386.22ms
step:3494/5100 lr:0.0008030000000000001 train_loss:3.3990 train_time:1345630ms step_avg:386.23ms
step:3495/5100 lr:0.0008025 train_loss:3.6339 train_time:1346061ms step_avg:386.24ms
step:3496/5100 lr:0.0008020000000000001 train_loss:3.3593 train_time:1346490ms step_avg:386.26ms
step:3497/5100 lr:0.0008015 train_loss:3.3027 train_time:1346919ms step_avg:386.27ms
step:3498/5100 lr:0.0008010000000000001 train_loss:3.5649 train_time:1347348ms step_avg:386.28ms
step:3499/5100 lr:0.0008005 train_loss:3.4449 train_time:1347777ms step_avg:386.29ms
step:3500/5100 lr:0.0008 train_loss:3.3313 train_time:1348207ms step_avg:386.31ms
step:3500/5100 val_loss:3.3597 train_time:1348217ms step_avg:386.31ms
step:3501/5100 lr:0.0007995 train_loss:3.1705 train_time:1352501ms step_avg:387.43ms
step:3502/5100 lr:0.000799 train_loss:3.5676 train_time:1352930ms step_avg:387.44ms
step:3503/5100 lr:0.0007985000000000001 train_loss:3.3679 train_time:1353360ms step_avg:387.45ms
step:3504/5100 lr:0.0007980000000000001 train_loss:3.4456 train_time:1353789ms step_avg:387.46ms
step:3505/5100 lr:0.0007975 train_loss:3.4747 train_time:1354221ms step_avg:387.47ms
step:3506/5100 lr:0.0007970000000000001 train_loss:3.2911 train_time:1354651ms step_avg:387.49ms
step:3507/5100 lr:0.0007965 train_loss:3.4724 train_time:1355081ms step_avg:387.50ms
step:3508/5100 lr:0.000796 train_loss:3.3604 train_time:1355511ms step_avg:387.51ms
step:3509/5100 lr:0.0007955 train_loss:3.3334 train_time:1355941ms step_avg:387.52ms
step:3510/5100 lr:0.000795 train_loss:3.5431 train_time:1356373ms step_avg:387.54ms
step:3511/5100 lr:0.0007945 train_loss:3.2831 train_time:1356803ms step_avg:387.55ms
step:3512/5100 lr:0.0007940000000000001 train_loss:3.3501 train_time:1357232ms step_avg:387.56ms
step:3513/5100 lr:0.0007935 train_loss:3.4253 train_time:1357661ms step_avg:387.57ms
step:3514/5100 lr:0.0007930000000000001 train_loss:3.5118 train_time:1358091ms step_avg:387.58ms
step:3515/5100 lr:0.0007925 train_loss:3.2189 train_time:1358520ms step_avg:387.59ms
step:3516/5100 lr:0.0007920000000000001 train_loss:3.3838 train_time:1358949ms step_avg:387.61ms
step:3517/5100 lr:0.0007915 train_loss:3.2421 train_time:1359379ms step_avg:387.62ms
step:3518/5100 lr:0.000791 train_loss:3.6838 train_time:1359808ms step_avg:387.63ms
step:3519/5100 lr:0.0007905 train_loss:3.3110 train_time:1360237ms step_avg:387.64ms
step:3520/5100 lr:0.00079 train_loss:3.2090 train_time:1360666ms step_avg:387.65ms
step:3521/5100 lr:0.0007894999999999999 train_loss:3.3850 train_time:1361097ms step_avg:387.67ms
step:3522/5100 lr:0.0007890000000000001 train_loss:3.2323 train_time:1361526ms step_avg:387.68ms
step:3523/5100 lr:0.0007885 train_loss:3.2704 train_time:1361957ms step_avg:387.69ms
step:3524/5100 lr:0.0007880000000000001 train_loss:3.3634 train_time:1362463ms step_avg:387.72ms
step:3525/5100 lr:0.0007875 train_loss:3.3180 train_time:1362893ms step_avg:387.74ms
step:3526/5100 lr:0.000787 train_loss:3.4366 train_time:1363324ms step_avg:387.75ms
step:3527/5100 lr:0.0007865 train_loss:3.2885 train_time:1363754ms step_avg:387.76ms
step:3528/5100 lr:0.000786 train_loss:3.2257 train_time:1364183ms step_avg:387.77ms
step:3529/5100 lr:0.0007855 train_loss:3.5700 train_time:1364613ms step_avg:387.78ms
step:3530/5100 lr:0.000785 train_loss:3.4872 train_time:1365043ms step_avg:387.80ms
step:3531/5100 lr:0.0007845 train_loss:3.3365 train_time:1365472ms step_avg:387.81ms
step:3532/5100 lr:0.0007840000000000001 train_loss:3.2569 train_time:1365913ms step_avg:387.82ms
step:3533/5100 lr:0.0007835 train_loss:3.4373 train_time:1366343ms step_avg:387.84ms
step:3534/5100 lr:0.0007830000000000001 train_loss:3.2781 train_time:1366774ms step_avg:387.85ms
step:3535/5100 lr:0.0007825 train_loss:3.4963 train_time:1367204ms step_avg:387.86ms
step:3536/5100 lr:0.000782 train_loss:3.3662 train_time:1367633ms step_avg:387.87ms
step:3537/5100 lr:0.0007815 train_loss:3.0776 train_time:1368063ms step_avg:387.88ms
step:3538/5100 lr:0.000781 train_loss:3.5199 train_time:1368493ms step_avg:387.89ms
step:3539/5100 lr:0.0007804999999999999 train_loss:3.3206 train_time:1368923ms step_avg:387.91ms
step:3540/5100 lr:0.0007800000000000001 train_loss:3.1689 train_time:1369353ms step_avg:387.92ms
step:3541/5100 lr:0.0007795 train_loss:3.2183 train_time:1369783ms step_avg:387.93ms
step:3542/5100 lr:0.0007790000000000001 train_loss:3.2689 train_time:1370213ms step_avg:387.94ms
step:3543/5100 lr:0.0007785 train_loss:3.2496 train_time:1370643ms step_avg:387.95ms
step:3544/5100 lr:0.000778 train_loss:3.2036 train_time:1371074ms step_avg:387.97ms
step:3545/5100 lr:0.0007775 train_loss:3.4667 train_time:1371503ms step_avg:387.98ms
step:3546/5100 lr:0.000777 train_loss:3.3885 train_time:1371935ms step_avg:387.99ms
step:3547/5100 lr:0.0007765 train_loss:3.2881 train_time:1372365ms step_avg:388.00ms
step:3548/5100 lr:0.000776 train_loss:3.2939 train_time:1372795ms step_avg:388.01ms
step:3549/5100 lr:0.0007754999999999999 train_loss:3.5486 train_time:1373225ms step_avg:388.03ms
step:3550/5100 lr:0.0007750000000000001 train_loss:3.2864 train_time:1373655ms step_avg:388.04ms
step:3551/5100 lr:0.0007745 train_loss:3.4503 train_time:1374085ms step_avg:388.05ms
step:3552/5100 lr:0.0007740000000000001 train_loss:3.5443 train_time:1374517ms step_avg:388.06ms
step:3553/5100 lr:0.0007735 train_loss:3.5014 train_time:1374946ms step_avg:388.07ms
step:3554/5100 lr:0.000773 train_loss:3.4557 train_time:1375376ms step_avg:388.09ms
step:3555/5100 lr:0.0007725 train_loss:3.2600 train_time:1375805ms step_avg:388.10ms
step:3556/5100 lr:0.000772 train_loss:3.2740 train_time:1376235ms step_avg:388.11ms
step:3557/5100 lr:0.0007714999999999999 train_loss:3.3884 train_time:1376665ms step_avg:388.12ms
step:3558/5100 lr:0.000771 train_loss:3.5027 train_time:1377095ms step_avg:388.13ms
step:3559/5100 lr:0.0007705 train_loss:3.2705 train_time:1377524ms step_avg:388.14ms
step:3560/5100 lr:0.0007700000000000001 train_loss:3.1872 train_time:1377954ms step_avg:388.16ms
step:3561/5100 lr:0.0007695 train_loss:3.3620 train_time:1378384ms step_avg:388.17ms
step:3562/5100 lr:0.000769 train_loss:3.4676 train_time:1378814ms step_avg:388.18ms
step:3563/5100 lr:0.0007685 train_loss:3.3921 train_time:1379245ms step_avg:388.19ms
step:3564/5100 lr:0.000768 train_loss:3.3209 train_time:1379675ms step_avg:388.20ms
step:3565/5100 lr:0.0007675 train_loss:3.1674 train_time:1380105ms step_avg:388.22ms
step:3566/5100 lr:0.000767 train_loss:3.2311 train_time:1380536ms step_avg:388.23ms
step:3567/5100 lr:0.0007664999999999999 train_loss:3.4192 train_time:1380965ms step_avg:388.24ms
step:3568/5100 lr:0.0007660000000000001 train_loss:3.9120 train_time:1381395ms step_avg:388.25ms
step:3569/5100 lr:0.0007655 train_loss:3.4254 train_time:1381825ms step_avg:388.26ms
step:3570/5100 lr:0.0007650000000000001 train_loss:3.3869 train_time:1382255ms step_avg:388.27ms
step:3571/5100 lr:0.0007645 train_loss:3.2104 train_time:1382685ms step_avg:388.29ms
step:3572/5100 lr:0.000764 train_loss:3.6181 train_time:1383114ms step_avg:388.30ms
step:3573/5100 lr:0.0007635 train_loss:3.2636 train_time:1383544ms step_avg:388.31ms
step:3574/5100 lr:0.000763 train_loss:3.1135 train_time:1383974ms step_avg:388.32ms
step:3575/5100 lr:0.0007624999999999999 train_loss:3.3544 train_time:1384404ms step_avg:388.33ms
step:3576/5100 lr:0.000762 train_loss:3.5287 train_time:1384834ms step_avg:388.34ms
step:3577/5100 lr:0.0007615 train_loss:3.3673 train_time:1385264ms step_avg:388.36ms
step:3578/5100 lr:0.0007610000000000001 train_loss:3.3662 train_time:1385694ms step_avg:388.37ms
step:3579/5100 lr:0.0007605 train_loss:3.4830 train_time:1386124ms step_avg:388.38ms
step:3580/5100 lr:0.00076 train_loss:3.6688 train_time:1386554ms step_avg:388.39ms
step:3581/5100 lr:0.0007595 train_loss:3.1809 train_time:1386984ms step_avg:388.40ms
step:3582/5100 lr:0.000759 train_loss:3.3831 train_time:1387414ms step_avg:388.41ms
step:3583/5100 lr:0.0007585 train_loss:3.5593 train_time:1387849ms step_avg:388.43ms
step:3584/5100 lr:0.000758 train_loss:3.5511 train_time:1388279ms step_avg:388.44ms
step:3585/5100 lr:0.0007574999999999999 train_loss:3.3077 train_time:1388708ms step_avg:388.45ms
step:3586/5100 lr:0.000757 train_loss:3.2976 train_time:1389137ms step_avg:388.46ms
step:3587/5100 lr:0.0007565 train_loss:3.4295 train_time:1389567ms step_avg:388.47ms
step:3588/5100 lr:0.000756 train_loss:3.3762 train_time:1389997ms step_avg:388.48ms
step:3589/5100 lr:0.0007555 train_loss:3.3021 train_time:1390426ms step_avg:388.50ms
step:3590/5100 lr:0.000755 train_loss:3.2862 train_time:1390856ms step_avg:388.51ms
step:3591/5100 lr:0.0007545 train_loss:3.2235 train_time:1391286ms step_avg:388.52ms
step:3592/5100 lr:0.000754 train_loss:3.3037 train_time:1391715ms step_avg:388.53ms
step:3593/5100 lr:0.0007534999999999999 train_loss:3.4181 train_time:1392145ms step_avg:388.54ms
step:3594/5100 lr:0.000753 train_loss:3.3188 train_time:1392575ms step_avg:388.55ms
step:3595/5100 lr:0.0007524999999999999 train_loss:3.2978 train_time:1393005ms step_avg:388.56ms
step:3596/5100 lr:0.0007520000000000001 train_loss:3.3003 train_time:1393435ms step_avg:388.58ms
step:3597/5100 lr:0.0007515 train_loss:3.2896 train_time:1393865ms step_avg:388.59ms
step:3598/5100 lr:0.000751 train_loss:3.4518 train_time:1394295ms step_avg:388.60ms
step:3599/5100 lr:0.0007505 train_loss:3.6524 train_time:1394725ms step_avg:388.61ms
step:3600/5100 lr:0.00075 train_loss:3.4134 train_time:1395155ms step_avg:388.62ms
step:3601/5100 lr:0.0007495000000000001 train_loss:3.4615 train_time:1395586ms step_avg:388.63ms
step:3602/5100 lr:0.000749 train_loss:3.3593 train_time:1396016ms step_avg:388.65ms
step:3603/5100 lr:0.0007485 train_loss:3.4075 train_time:1396446ms step_avg:388.66ms
step:3604/5100 lr:0.000748 train_loss:3.1295 train_time:1396875ms step_avg:388.67ms
step:3605/5100 lr:0.0007475000000000001 train_loss:3.3054 train_time:1397305ms step_avg:388.68ms
step:3606/5100 lr:0.000747 train_loss:3.6702 train_time:1397735ms step_avg:388.69ms
step:3607/5100 lr:0.0007465000000000001 train_loss:3.3723 train_time:1398165ms step_avg:388.70ms
step:3608/5100 lr:0.000746 train_loss:3.1797 train_time:1398595ms step_avg:388.71ms
step:3609/5100 lr:0.0007455000000000001 train_loss:3.3591 train_time:1399024ms step_avg:388.73ms
step:3610/5100 lr:0.000745 train_loss:3.4853 train_time:1399658ms step_avg:388.79ms
step:3611/5100 lr:0.0007445 train_loss:3.3876 train_time:1400088ms step_avg:388.81ms
step:3612/5100 lr:0.000744 train_loss:3.3663 train_time:1400517ms step_avg:388.82ms
step:3613/5100 lr:0.0007435 train_loss:3.6472 train_time:1400949ms step_avg:388.83ms
step:3614/5100 lr:0.0007430000000000001 train_loss:3.2421 train_time:1401378ms step_avg:388.84ms
step:3615/5100 lr:0.0007425000000000001 train_loss:3.2409 train_time:1401808ms step_avg:388.85ms
step:3616/5100 lr:0.000742 train_loss:3.7593 train_time:1402237ms step_avg:388.86ms
step:3617/5100 lr:0.0007415000000000001 train_loss:3.2898 train_time:1402667ms step_avg:388.87ms
step:3618/5100 lr:0.000741 train_loss:3.2699 train_time:1403099ms step_avg:388.89ms
step:3619/5100 lr:0.0007405000000000001 train_loss:3.1857 train_time:1403529ms step_avg:388.90ms
step:3620/5100 lr:0.00074 train_loss:3.3513 train_time:1404158ms step_avg:388.96ms
step:3621/5100 lr:0.0007395 train_loss:3.2354 train_time:1404587ms step_avg:388.97ms
step:3622/5100 lr:0.000739 train_loss:3.4762 train_time:1405017ms step_avg:388.99ms
step:3623/5100 lr:0.0007385 train_loss:3.2034 train_time:1405447ms step_avg:389.00ms
step:3624/5100 lr:0.000738 train_loss:3.3050 train_time:1405877ms step_avg:389.01ms
step:3625/5100 lr:0.0007375000000000001 train_loss:3.6464 train_time:1406307ms step_avg:389.02ms
step:3625/5100 val_loss:3.3471 train_time:1406317ms step_avg:389.02ms
step:3626/5100 lr:0.000737 train_loss:3.4663 train_time:1410584ms step_avg:390.10ms
step:3627/5100 lr:0.0007365000000000001 train_loss:3.2156 train_time:1411014ms step_avg:390.11ms
step:3628/5100 lr:0.000736 train_loss:3.3664 train_time:1411443ms step_avg:390.12ms
step:3629/5100 lr:0.0007355 train_loss:3.9488 train_time:1411873ms step_avg:390.13ms
step:3630/5100 lr:0.000735 train_loss:3.5461 train_time:1412302ms step_avg:390.14ms
step:3631/5100 lr:0.0007345 train_loss:3.2156 train_time:1412731ms step_avg:390.15ms
step:3632/5100 lr:0.000734 train_loss:3.3637 train_time:1413161ms step_avg:390.16ms
step:3633/5100 lr:0.0007335000000000001 train_loss:3.6200 train_time:1413590ms step_avg:390.17ms
step:3634/5100 lr:0.000733 train_loss:3.3397 train_time:1414019ms step_avg:390.18ms
step:3635/5100 lr:0.0007325000000000001 train_loss:3.3308 train_time:1414448ms step_avg:390.19ms
step:3636/5100 lr:0.000732 train_loss:3.3627 train_time:1414878ms step_avg:390.20ms
step:3637/5100 lr:0.0007315 train_loss:3.0655 train_time:1415307ms step_avg:390.21ms
step:3638/5100 lr:0.000731 train_loss:3.4195 train_time:1415737ms step_avg:390.23ms
step:3639/5100 lr:0.0007305 train_loss:3.4987 train_time:1416167ms step_avg:390.24ms
step:3640/5100 lr:0.00073 train_loss:3.4511 train_time:1416596ms step_avg:390.25ms
step:3641/5100 lr:0.0007295 train_loss:3.4360 train_time:1417026ms step_avg:390.26ms
step:3642/5100 lr:0.000729 train_loss:3.2683 train_time:1417455ms step_avg:390.27ms
step:3643/5100 lr:0.0007285000000000001 train_loss:3.2281 train_time:1417884ms step_avg:390.28ms
step:3644/5100 lr:0.000728 train_loss:3.3210 train_time:1418313ms step_avg:390.29ms
step:3645/5100 lr:0.0007275000000000001 train_loss:3.5375 train_time:1418745ms step_avg:390.30ms
step:3646/5100 lr:0.000727 train_loss:3.3356 train_time:1419179ms step_avg:390.31ms
step:3647/5100 lr:0.0007265 train_loss:3.2874 train_time:1419608ms step_avg:390.32ms
step:3648/5100 lr:0.000726 train_loss:3.4482 train_time:1420038ms step_avg:390.33ms
step:3649/5100 lr:0.0007255 train_loss:3.3163 train_time:1420467ms step_avg:390.35ms
step:3650/5100 lr:0.000725 train_loss:3.3169 train_time:1420897ms step_avg:390.36ms
step:3651/5100 lr:0.0007245000000000001 train_loss:3.3460 train_time:1421327ms step_avg:390.37ms
step:3652/5100 lr:0.000724 train_loss:3.2808 train_time:1421757ms step_avg:390.38ms
step:3653/5100 lr:0.0007235000000000001 train_loss:3.0914 train_time:1422186ms step_avg:390.39ms
step:3654/5100 lr:0.000723 train_loss:3.3646 train_time:1422616ms step_avg:390.40ms
step:3655/5100 lr:0.0007225 train_loss:3.2746 train_time:1423046ms step_avg:390.41ms
step:3656/5100 lr:0.000722 train_loss:3.3827 train_time:1423475ms step_avg:390.42ms
step:3657/5100 lr:0.0007215 train_loss:3.1671 train_time:1423904ms step_avg:390.43ms
step:3658/5100 lr:0.000721 train_loss:3.4613 train_time:1424333ms step_avg:390.44ms
step:3659/5100 lr:0.0007205 train_loss:3.2814 train_time:1424762ms step_avg:390.45ms
step:3660/5100 lr:0.0007199999999999999 train_loss:3.0482 train_time:1425191ms step_avg:390.46ms
step:3661/5100 lr:0.0007195000000000001 train_loss:3.4337 train_time:1425620ms step_avg:390.47ms
step:3662/5100 lr:0.000719 train_loss:3.2629 train_time:1426050ms step_avg:390.48ms
step:3663/5100 lr:0.0007185000000000001 train_loss:3.5055 train_time:1426479ms step_avg:390.50ms
step:3664/5100 lr:0.000718 train_loss:3.4012 train_time:1426909ms step_avg:390.51ms
step:3665/5100 lr:0.0007175 train_loss:3.3564 train_time:1427338ms step_avg:390.52ms
step:3666/5100 lr:0.000717 train_loss:3.2769 train_time:1427769ms step_avg:390.53ms
step:3667/5100 lr:0.0007165 train_loss:3.3353 train_time:1428199ms step_avg:390.54ms
step:3668/5100 lr:0.000716 train_loss:3.4289 train_time:1428629ms step_avg:390.55ms
step:3669/5100 lr:0.0007155 train_loss:3.3644 train_time:1429064ms step_avg:390.56ms
step:3670/5100 lr:0.000715 train_loss:3.2339 train_time:1429488ms step_avg:390.57ms
step:3671/5100 lr:0.0007145000000000001 train_loss:3.3314 train_time:1429918ms step_avg:390.58ms
step:3672/5100 lr:0.000714 train_loss:3.3098 train_time:1430351ms step_avg:390.59ms
step:3673/5100 lr:0.0007135 train_loss:3.5049 train_time:1430780ms step_avg:390.60ms
step:3674/5100 lr:0.000713 train_loss:3.3395 train_time:1431210ms step_avg:390.61ms
step:3675/5100 lr:0.0007125 train_loss:3.2599 train_time:1431639ms step_avg:390.62ms
step:3676/5100 lr:0.000712 train_loss:3.3039 train_time:1432069ms step_avg:390.64ms
step:3677/5100 lr:0.0007115 train_loss:3.3640 train_time:1432498ms step_avg:390.65ms
step:3678/5100 lr:0.0007109999999999999 train_loss:3.5361 train_time:1432928ms step_avg:390.66ms
step:3679/5100 lr:0.0007105000000000001 train_loss:3.3789 train_time:1433358ms step_avg:390.67ms
step:3680/5100 lr:0.00071 train_loss:3.3971 train_time:1433788ms step_avg:390.68ms
step:3681/5100 lr:0.0007095000000000001 train_loss:3.6398 train_time:1434218ms step_avg:390.69ms
step:3682/5100 lr:0.000709 train_loss:3.3388 train_time:1434648ms step_avg:390.70ms
step:3683/5100 lr:0.0007085 train_loss:3.4455 train_time:1435078ms step_avg:390.71ms
step:3684/5100 lr:0.000708 train_loss:3.2543 train_time:1435507ms step_avg:390.72ms
step:3685/5100 lr:0.0007075 train_loss:3.3452 train_time:1435937ms step_avg:390.73ms
step:3686/5100 lr:0.000707 train_loss:3.2447 train_time:1436367ms step_avg:390.74ms
step:3687/5100 lr:0.0007065 train_loss:3.3773 train_time:1436797ms step_avg:390.75ms
step:3688/5100 lr:0.0007059999999999999 train_loss:3.4505 train_time:1437227ms step_avg:390.76ms
step:3689/5100 lr:0.0007055000000000001 train_loss:3.2758 train_time:1437657ms step_avg:390.77ms
step:3690/5100 lr:0.000705 train_loss:3.3253 train_time:1438089ms step_avg:390.78ms
step:3691/5100 lr:0.0007045 train_loss:3.3161 train_time:1438518ms step_avg:390.80ms
step:3692/5100 lr:0.000704 train_loss:3.2472 train_time:1438965ms step_avg:390.81ms
step:3693/5100 lr:0.0007035 train_loss:3.5567 train_time:1439394ms step_avg:390.82ms
step:3694/5100 lr:0.000703 train_loss:3.3051 train_time:1439823ms step_avg:390.83ms
step:3695/5100 lr:0.0007025 train_loss:3.3262 train_time:1440255ms step_avg:390.84ms
step:3696/5100 lr:0.0007019999999999999 train_loss:3.3135 train_time:1440684ms step_avg:390.85ms
step:3697/5100 lr:0.0007015 train_loss:3.2718 train_time:1441113ms step_avg:390.86ms
step:3698/5100 lr:0.000701 train_loss:3.4071 train_time:1441542ms step_avg:390.87ms
step:3699/5100 lr:0.0007005000000000001 train_loss:3.4694 train_time:1441971ms step_avg:390.88ms
step:3700/5100 lr:0.0007 train_loss:3.3496 train_time:1442400ms step_avg:390.89ms
step:3701/5100 lr:0.0006995 train_loss:3.2957 train_time:1442829ms step_avg:390.90ms
step:3702/5100 lr:0.000699 train_loss:3.3303 train_time:1443259ms step_avg:390.92ms
step:3703/5100 lr:0.0006985 train_loss:3.3245 train_time:1443689ms step_avg:390.93ms
step:3704/5100 lr:0.0006979999999999999 train_loss:3.1713 train_time:1444119ms step_avg:390.94ms
step:3705/5100 lr:0.0006975 train_loss:3.4593 train_time:1444549ms step_avg:390.95ms
step:3706/5100 lr:0.0006969999999999999 train_loss:3.4875 train_time:1444978ms step_avg:390.96ms
step:3707/5100 lr:0.0006965000000000001 train_loss:3.2029 train_time:1445408ms step_avg:390.97ms
step:3708/5100 lr:0.000696 train_loss:3.4284 train_time:1445838ms step_avg:390.98ms
step:3709/5100 lr:0.0006955 train_loss:3.2964 train_time:1446268ms step_avg:390.99ms
step:3710/5100 lr:0.000695 train_loss:3.5869 train_time:1446697ms step_avg:391.00ms
step:3711/5100 lr:0.0006945 train_loss:3.3554 train_time:1447127ms step_avg:391.01ms
step:3712/5100 lr:0.000694 train_loss:3.1620 train_time:1447558ms step_avg:391.02ms
step:3713/5100 lr:0.0006935 train_loss:3.3878 train_time:1447988ms step_avg:391.03ms
step:3714/5100 lr:0.0006929999999999999 train_loss:3.2850 train_time:1448418ms step_avg:391.04ms
step:3715/5100 lr:0.0006925 train_loss:3.5992 train_time:1448848ms step_avg:391.05ms
step:3716/5100 lr:0.000692 train_loss:3.2192 train_time:1449278ms step_avg:391.06ms
step:3717/5100 lr:0.0006915000000000001 train_loss:3.1091 train_time:1449708ms step_avg:391.07ms
step:3718/5100 lr:0.000691 train_loss:3.1480 train_time:1450138ms step_avg:391.08ms
step:3719/5100 lr:0.0006905 train_loss:3.4314 train_time:1450570ms step_avg:391.09ms
step:3720/5100 lr:0.00069 train_loss:3.3886 train_time:1451000ms step_avg:391.11ms
step:3721/5100 lr:0.0006895 train_loss:3.2510 train_time:1451430ms step_avg:391.12ms
step:3722/5100 lr:0.0006889999999999999 train_loss:3.4253 train_time:1451860ms step_avg:391.13ms
step:3723/5100 lr:0.0006885 train_loss:3.1510 train_time:1452289ms step_avg:391.14ms
step:3724/5100 lr:0.0006879999999999999 train_loss:3.2320 train_time:1452719ms step_avg:391.15ms
step:3725/5100 lr:0.0006875 train_loss:3.3715 train_time:1453149ms step_avg:391.16ms
step:3726/5100 lr:0.0006870000000000001 train_loss:3.3216 train_time:1453579ms step_avg:391.17ms
step:3727/5100 lr:0.0006865 train_loss:3.3615 train_time:1454009ms step_avg:391.18ms
step:3728/5100 lr:0.0006860000000000001 train_loss:3.2326 train_time:1454438ms step_avg:391.19ms
step:3729/5100 lr:0.0006855 train_loss:3.3649 train_time:1454867ms step_avg:391.20ms
step:3730/5100 lr:0.0006850000000000001 train_loss:3.5378 train_time:1455297ms step_avg:391.21ms
step:3731/5100 lr:0.0006845 train_loss:3.3048 train_time:1455727ms step_avg:391.22ms
step:3732/5100 lr:0.000684 train_loss:3.5410 train_time:1456158ms step_avg:391.23ms
step:3733/5100 lr:0.0006835 train_loss:3.1011 train_time:1456587ms step_avg:391.24ms
step:3734/5100 lr:0.000683 train_loss:3.2137 train_time:1457017ms step_avg:391.25ms
step:3735/5100 lr:0.0006825000000000001 train_loss:3.3893 train_time:1457448ms step_avg:391.26ms
step:3736/5100 lr:0.0006820000000000001 train_loss:3.3655 train_time:1457878ms step_avg:391.27ms
step:3737/5100 lr:0.0006815 train_loss:3.3939 train_time:1458307ms step_avg:391.28ms
step:3738/5100 lr:0.0006810000000000001 train_loss:3.3934 train_time:1458737ms step_avg:391.29ms
step:3739/5100 lr:0.0006805 train_loss:3.2789 train_time:1459167ms step_avg:391.30ms
step:3740/5100 lr:0.00068 train_loss:3.2875 train_time:1459597ms step_avg:391.31ms
step:3741/5100 lr:0.0006795 train_loss:3.4852 train_time:1460028ms step_avg:391.32ms
step:3742/5100 lr:0.000679 train_loss:3.6493 train_time:1460458ms step_avg:391.33ms
step:3743/5100 lr:0.0006785 train_loss:3.2277 train_time:1460888ms step_avg:391.34ms
step:3744/5100 lr:0.0006780000000000001 train_loss:3.0751 train_time:1461317ms step_avg:391.35ms
step:3745/5100 lr:0.0006775 train_loss:3.2238 train_time:1461747ms step_avg:391.36ms
step:3746/5100 lr:0.0006770000000000001 train_loss:3.3589 train_time:1462178ms step_avg:391.38ms
step:3747/5100 lr:0.0006765 train_loss:3.3668 train_time:1462607ms step_avg:391.39ms
step:3748/5100 lr:0.0006760000000000001 train_loss:3.3422 train_time:1463036ms step_avg:391.40ms
step:3749/5100 lr:0.0006755 train_loss:3.3285 train_time:1463466ms step_avg:391.41ms
step:3750/5100 lr:0.000675 train_loss:3.4269 train_time:1463897ms step_avg:391.42ms
step:3750/5100 val_loss:3.3326 train_time:1463907ms step_avg:391.42ms
step:3751/5100 lr:0.0006745 train_loss:3.3530 train_time:1468189ms step_avg:392.46ms
step:3752/5100 lr:0.000674 train_loss:3.4561 train_time:1468618ms step_avg:392.47ms
step:3753/5100 lr:0.0006735 train_loss:3.4572 train_time:1469047ms step_avg:392.48ms
step:3754/5100 lr:0.0006730000000000001 train_loss:3.4729 train_time:1469477ms step_avg:392.49ms
step:3755/5100 lr:0.0006725 train_loss:3.2900 train_time:1469914ms step_avg:392.50ms
step:3756/5100 lr:0.0006720000000000001 train_loss:3.4871 train_time:1470344ms step_avg:392.51ms
step:3757/5100 lr:0.0006715 train_loss:3.3122 train_time:1470774ms step_avg:392.52ms
step:3758/5100 lr:0.000671 train_loss:3.3769 train_time:1471204ms step_avg:392.53ms
step:3759/5100 lr:0.0006705 train_loss:3.4566 train_time:1471634ms step_avg:392.54ms
step:3760/5100 lr:0.00067 train_loss:3.2669 train_time:1472064ms step_avg:392.55ms
step:3761/5100 lr:0.0006695 train_loss:3.3388 train_time:1472494ms step_avg:392.56ms
step:3762/5100 lr:0.0006690000000000001 train_loss:3.4407 train_time:1472924ms step_avg:392.57ms
step:3763/5100 lr:0.0006685 train_loss:3.3295 train_time:1473354ms step_avg:392.58ms
step:3764/5100 lr:0.0006680000000000001 train_loss:3.2875 train_time:1473784ms step_avg:392.59ms
step:3765/5100 lr:0.0006675 train_loss:3.2902 train_time:1474215ms step_avg:392.60ms
step:3766/5100 lr:0.0006670000000000001 train_loss:3.5008 train_time:1474646ms step_avg:392.61ms
step:3767/5100 lr:0.0006665 train_loss:3.4766 train_time:1475076ms step_avg:392.62ms
step:3768/5100 lr:0.000666 train_loss:3.1580 train_time:1475505ms step_avg:392.63ms
step:3769/5100 lr:0.0006655 train_loss:3.5581 train_time:1475935ms step_avg:392.64ms
step:3770/5100 lr:0.000665 train_loss:3.2843 train_time:1476364ms step_avg:392.65ms
step:3771/5100 lr:0.0006644999999999999 train_loss:3.5301 train_time:1476794ms step_avg:392.66ms
step:3772/5100 lr:0.0006640000000000001 train_loss:3.3192 train_time:1477224ms step_avg:392.67ms
step:3773/5100 lr:0.0006635 train_loss:3.3341 train_time:1477656ms step_avg:392.68ms
step:3774/5100 lr:0.0006630000000000001 train_loss:3.3203 train_time:1478086ms step_avg:392.69ms
step:3775/5100 lr:0.0006625 train_loss:3.1767 train_time:1478515ms step_avg:392.70ms
step:3776/5100 lr:0.000662 train_loss:3.3745 train_time:1478944ms step_avg:392.71ms
step:3777/5100 lr:0.0006615 train_loss:3.2950 train_time:1479375ms step_avg:392.72ms
step:3778/5100 lr:0.000661 train_loss:3.2849 train_time:1479806ms step_avg:392.73ms
step:3779/5100 lr:0.0006605 train_loss:3.3807 train_time:1480236ms step_avg:392.74ms
step:3780/5100 lr:0.00066 train_loss:3.3399 train_time:1480666ms step_avg:392.75ms
step:3781/5100 lr:0.0006595 train_loss:3.2300 train_time:1481095ms step_avg:392.76ms
step:3782/5100 lr:0.0006590000000000001 train_loss:3.5744 train_time:1481525ms step_avg:392.77ms
step:3783/5100 lr:0.0006585 train_loss:3.5011 train_time:1481955ms step_avg:392.78ms
step:3784/5100 lr:0.0006580000000000001 train_loss:3.5410 train_time:1482384ms step_avg:392.79ms
step:3785/5100 lr:0.0006575 train_loss:3.4793 train_time:1482814ms step_avg:392.80ms
step:3786/5100 lr:0.000657 train_loss:3.4005 train_time:1483244ms step_avg:392.81ms
step:3787/5100 lr:0.0006565 train_loss:3.0310 train_time:1483674ms step_avg:392.82ms
step:3788/5100 lr:0.000656 train_loss:3.3056 train_time:1484103ms step_avg:392.83ms
step:3789/5100 lr:0.0006554999999999999 train_loss:3.4837 train_time:1484533ms step_avg:392.84ms
step:3790/5100 lr:0.0006550000000000001 train_loss:3.3404 train_time:1484962ms step_avg:392.85ms
step:3791/5100 lr:0.0006545 train_loss:3.3879 train_time:1485392ms step_avg:392.86ms
step:3792/5100 lr:0.0006540000000000001 train_loss:3.3732 train_time:1485822ms step_avg:392.87ms
step:3793/5100 lr:0.0006535 train_loss:3.4745 train_time:1486251ms step_avg:392.88ms
step:3794/5100 lr:0.000653 train_loss:3.3830 train_time:1486684ms step_avg:392.89ms
step:3795/5100 lr:0.0006525 train_loss:3.2627 train_time:1487113ms step_avg:392.90ms
step:3796/5100 lr:0.000652 train_loss:3.3630 train_time:1487543ms step_avg:392.91ms
step:3797/5100 lr:0.0006515 train_loss:3.3853 train_time:1487973ms step_avg:392.92ms
step:3798/5100 lr:0.000651 train_loss:3.2868 train_time:1488403ms step_avg:392.93ms
step:3799/5100 lr:0.0006504999999999999 train_loss:3.2511 train_time:1488832ms step_avg:392.94ms
step:3800/5100 lr:0.0006500000000000001 train_loss:3.4724 train_time:1489469ms step_avg:393.00ms
step:3801/5100 lr:0.0006495 train_loss:3.2867 train_time:1489899ms step_avg:393.01ms
step:3802/5100 lr:0.0006490000000000001 train_loss:3.2970 train_time:1490328ms step_avg:393.02ms
step:3803/5100 lr:0.0006485 train_loss:3.4047 train_time:1490756ms step_avg:393.03ms
step:3804/5100 lr:0.000648 train_loss:3.4057 train_time:1491186ms step_avg:393.04ms
step:3805/5100 lr:0.0006475 train_loss:3.6446 train_time:1491621ms step_avg:393.05ms
step:3806/5100 lr:0.000647 train_loss:3.3222 train_time:1492050ms step_avg:393.06ms
step:3807/5100 lr:0.0006464999999999999 train_loss:3.3690 train_time:1492479ms step_avg:393.07ms
step:3808/5100 lr:0.000646 train_loss:3.4049 train_time:1492908ms step_avg:393.08ms
step:3809/5100 lr:0.0006455 train_loss:3.2526 train_time:1493338ms step_avg:393.09ms
step:3810/5100 lr:0.0006450000000000001 train_loss:3.3435 train_time:1493967ms step_avg:393.15ms
step:3811/5100 lr:0.0006445 train_loss:3.2204 train_time:1494396ms step_avg:393.16ms
step:3812/5100 lr:0.000644 train_loss:3.4295 train_time:1494825ms step_avg:393.17ms
step:3813/5100 lr:0.0006435 train_loss:3.4462 train_time:1495255ms step_avg:393.18ms
step:3814/5100 lr:0.000643 train_loss:3.2691 train_time:1495685ms step_avg:393.19ms
step:3815/5100 lr:0.0006425 train_loss:3.4564 train_time:1496115ms step_avg:393.20ms
step:3816/5100 lr:0.000642 train_loss:3.4799 train_time:1496545ms step_avg:393.21ms
step:3817/5100 lr:0.0006414999999999999 train_loss:3.3439 train_time:1496974ms step_avg:393.22ms
step:3818/5100 lr:0.0006410000000000001 train_loss:3.2127 train_time:1497404ms step_avg:393.23ms
step:3819/5100 lr:0.0006405 train_loss:3.3032 train_time:1497838ms step_avg:393.24ms
step:3820/5100 lr:0.00064 train_loss:3.3969 train_time:1498267ms step_avg:393.25ms
step:3821/5100 lr:0.0006395 train_loss:3.2041 train_time:1498696ms step_avg:393.26ms
step:3822/5100 lr:0.000639 train_loss:3.5307 train_time:1499126ms step_avg:393.26ms
step:3823/5100 lr:0.0006385 train_loss:3.3569 train_time:1499556ms step_avg:393.27ms
step:3824/5100 lr:0.000638 train_loss:3.2532 train_time:1499986ms step_avg:393.28ms
step:3825/5100 lr:0.0006374999999999999 train_loss:3.6035 train_time:1500424ms step_avg:393.30ms
step:3826/5100 lr:0.000637 train_loss:3.4059 train_time:1500853ms step_avg:393.31ms
step:3827/5100 lr:0.0006365 train_loss:3.4219 train_time:1501283ms step_avg:393.31ms
step:3828/5100 lr:0.0006360000000000001 train_loss:3.2306 train_time:1501712ms step_avg:393.32ms
step:3829/5100 lr:0.0006355 train_loss:3.2937 train_time:1502142ms step_avg:393.33ms
step:3830/5100 lr:0.000635 train_loss:3.2823 train_time:1502571ms step_avg:393.34ms
step:3831/5100 lr:0.0006345 train_loss:3.3791 train_time:1503007ms step_avg:393.35ms
step:3832/5100 lr:0.000634 train_loss:3.1803 train_time:1503436ms step_avg:393.36ms
step:3833/5100 lr:0.0006335 train_loss:3.3028 train_time:1503866ms step_avg:393.37ms
step:3834/5100 lr:0.000633 train_loss:3.3075 train_time:1504306ms step_avg:393.39ms
step:3835/5100 lr:0.0006324999999999999 train_loss:3.5186 train_time:1504745ms step_avg:393.40ms
step:3836/5100 lr:0.000632 train_loss:3.3655 train_time:1505175ms step_avg:393.41ms
step:3837/5100 lr:0.0006315 train_loss:3.9422 train_time:1505605ms step_avg:393.42ms
step:3838/5100 lr:0.000631 train_loss:3.3929 train_time:1506035ms step_avg:393.43ms
step:3839/5100 lr:0.0006305 train_loss:3.2703 train_time:1506465ms step_avg:393.44ms
step:3840/5100 lr:0.00063 train_loss:3.3108 train_time:1506894ms step_avg:393.44ms
step:3841/5100 lr:0.0006295 train_loss:3.5690 train_time:1507329ms step_avg:393.46ms
step:3842/5100 lr:0.000629 train_loss:3.2375 train_time:1507758ms step_avg:393.47ms
step:3843/5100 lr:0.0006284999999999999 train_loss:3.3807 train_time:1508188ms step_avg:393.47ms
step:3844/5100 lr:0.000628 train_loss:3.2816 train_time:1508617ms step_avg:393.48ms
step:3845/5100 lr:0.0006274999999999999 train_loss:3.0542 train_time:1509046ms step_avg:393.49ms
step:3846/5100 lr:0.0006270000000000001 train_loss:3.5144 train_time:1509475ms step_avg:393.50ms
step:3847/5100 lr:0.0006265 train_loss:3.4122 train_time:1509905ms step_avg:393.51ms
step:3848/5100 lr:0.000626 train_loss:3.3172 train_time:1510335ms step_avg:393.52ms
step:3849/5100 lr:0.0006255 train_loss:3.4034 train_time:1510764ms step_avg:393.53ms
step:3850/5100 lr:0.000625 train_loss:3.4354 train_time:1511194ms step_avg:393.54ms
step:3851/5100 lr:0.0006245000000000001 train_loss:3.2824 train_time:1511623ms step_avg:393.55ms
step:3852/5100 lr:0.000624 train_loss:3.2463 train_time:1512054ms step_avg:393.56ms
step:3853/5100 lr:0.0006235 train_loss:3.5364 train_time:1512483ms step_avg:393.57ms
step:3854/5100 lr:0.000623 train_loss:3.2867 train_time:1512913ms step_avg:393.58ms
step:3855/5100 lr:0.0006225000000000001 train_loss:3.1030 train_time:1513343ms step_avg:393.59ms
step:3856/5100 lr:0.000622 train_loss:3.4645 train_time:1513773ms step_avg:393.60ms
step:3857/5100 lr:0.0006215000000000001 train_loss:3.2733 train_time:1514202ms step_avg:393.61ms
step:3858/5100 lr:0.000621 train_loss:3.3353 train_time:1514631ms step_avg:393.62ms
step:3859/5100 lr:0.0006205000000000001 train_loss:3.3414 train_time:1515061ms step_avg:393.62ms
step:3860/5100 lr:0.00062 train_loss:3.2702 train_time:1515490ms step_avg:393.63ms
step:3861/5100 lr:0.0006195 train_loss:3.3929 train_time:1515926ms step_avg:393.64ms
step:3862/5100 lr:0.000619 train_loss:3.1377 train_time:1516355ms step_avg:393.65ms
step:3863/5100 lr:0.0006185 train_loss:3.1218 train_time:1516784ms step_avg:393.66ms
step:3864/5100 lr:0.0006180000000000001 train_loss:3.3319 train_time:1517218ms step_avg:393.67ms
step:3865/5100 lr:0.0006175000000000001 train_loss:3.3254 train_time:1517646ms step_avg:393.68ms
step:3866/5100 lr:0.000617 train_loss:3.2679 train_time:1518075ms step_avg:393.69ms
step:3867/5100 lr:0.0006165000000000001 train_loss:3.3415 train_time:1518505ms step_avg:393.70ms
step:3868/5100 lr:0.000616 train_loss:3.2805 train_time:1518935ms step_avg:393.71ms
step:3869/5100 lr:0.0006155 train_loss:3.3935 train_time:1519364ms step_avg:393.72ms
step:3870/5100 lr:0.000615 train_loss:3.5774 train_time:1519803ms step_avg:393.73ms
step:3871/5100 lr:0.0006145 train_loss:3.3943 train_time:1520233ms step_avg:393.74ms
step:3872/5100 lr:0.000614 train_loss:3.3976 train_time:1520662ms step_avg:393.75ms
step:3873/5100 lr:0.0006135 train_loss:3.4041 train_time:1521092ms step_avg:393.76ms
step:3874/5100 lr:0.000613 train_loss:3.3570 train_time:1521522ms step_avg:393.77ms
step:3875/5100 lr:0.0006125000000000001 train_loss:3.4468 train_time:1521951ms step_avg:393.78ms
step:3875/5100 val_loss:3.3203 train_time:1521962ms step_avg:393.78ms
step:3876/5100 lr:0.000612 train_loss:3.2710 train_time:1526253ms step_avg:394.79ms
step:3877/5100 lr:0.0006115000000000001 train_loss:3.4277 train_time:1526683ms step_avg:394.80ms
step:3878/5100 lr:0.000611 train_loss:3.6464 train_time:1527113ms step_avg:394.81ms
step:3879/5100 lr:0.0006105 train_loss:3.4465 train_time:1527544ms step_avg:394.82ms
step:3880/5100 lr:0.00061 train_loss:3.3151 train_time:1527974ms step_avg:394.83ms
step:3881/5100 lr:0.0006095 train_loss:3.4225 train_time:1528405ms step_avg:394.83ms
step:3882/5100 lr:0.000609 train_loss:3.3374 train_time:1528834ms step_avg:394.84ms
step:3883/5100 lr:0.0006085000000000001 train_loss:3.4809 train_time:1529263ms step_avg:394.85ms
step:3884/5100 lr:0.000608 train_loss:3.3527 train_time:1529693ms step_avg:394.86ms
step:3885/5100 lr:0.0006075000000000001 train_loss:3.3999 train_time:1530123ms step_avg:394.87ms
step:3886/5100 lr:0.000607 train_loss:3.3398 train_time:1530552ms step_avg:394.88ms
step:3887/5100 lr:0.0006065 train_loss:3.3865 train_time:1530981ms step_avg:394.89ms
step:3888/5100 lr:0.000606 train_loss:3.3070 train_time:1531411ms step_avg:394.90ms
step:3889/5100 lr:0.0006055 train_loss:3.2671 train_time:1531841ms step_avg:394.91ms
step:3890/5100 lr:0.000605 train_loss:3.2894 train_time:1532274ms step_avg:394.92ms
step:3891/5100 lr:0.0006045 train_loss:3.2657 train_time:1532704ms step_avg:394.92ms
step:3892/5100 lr:0.000604 train_loss:3.2442 train_time:1533133ms step_avg:394.93ms
step:3893/5100 lr:0.0006035000000000001 train_loss:3.2504 train_time:1533563ms step_avg:394.94ms
step:3894/5100 lr:0.000603 train_loss:3.2279 train_time:1533993ms step_avg:394.95ms
step:3895/5100 lr:0.0006025000000000001 train_loss:3.2122 train_time:1534423ms step_avg:394.96ms
step:3896/5100 lr:0.000602 train_loss:3.2992 train_time:1534853ms step_avg:394.97ms
step:3897/5100 lr:0.0006015 train_loss:3.3151 train_time:1535283ms step_avg:394.98ms
step:3898/5100 lr:0.000601 train_loss:3.3524 train_time:1535733ms step_avg:394.99ms
step:3899/5100 lr:0.0006005 train_loss:3.1611 train_time:1536163ms step_avg:395.00ms
step:3900/5100 lr:0.0006 train_loss:3.4227 train_time:1536593ms step_avg:395.01ms
step:3901/5100 lr:0.0005995000000000001 train_loss:3.3420 train_time:1537023ms step_avg:395.02ms
step:3902/5100 lr:0.000599 train_loss:3.7489 train_time:1537453ms step_avg:395.03ms
step:3903/5100 lr:0.0005985000000000001 train_loss:3.2315 train_time:1537883ms step_avg:395.04ms
step:3904/5100 lr:0.000598 train_loss:3.3582 train_time:1538313ms step_avg:395.05ms
step:3905/5100 lr:0.0005975 train_loss:3.4867 train_time:1538742ms step_avg:395.06ms
step:3906/5100 lr:0.000597 train_loss:3.8719 train_time:1539171ms step_avg:395.06ms
step:3907/5100 lr:0.0005965 train_loss:3.1008 train_time:1539601ms step_avg:395.07ms
step:3908/5100 lr:0.000596 train_loss:3.3757 train_time:1540030ms step_avg:395.08ms
step:3909/5100 lr:0.0005955 train_loss:3.5137 train_time:1540459ms step_avg:395.09ms
step:3910/5100 lr:0.0005949999999999999 train_loss:3.4025 train_time:1540888ms step_avg:395.10ms
step:3911/5100 lr:0.0005945000000000001 train_loss:3.5002 train_time:1541319ms step_avg:395.11ms
step:3912/5100 lr:0.000594 train_loss:3.3059 train_time:1541747ms step_avg:395.12ms
step:3913/5100 lr:0.0005935000000000001 train_loss:3.2991 train_time:1542176ms step_avg:395.13ms
step:3914/5100 lr:0.000593 train_loss:3.2429 train_time:1542607ms step_avg:395.13ms
step:3915/5100 lr:0.0005925 train_loss:3.2918 train_time:1543036ms step_avg:395.14ms
step:3916/5100 lr:0.000592 train_loss:3.4245 train_time:1543465ms step_avg:395.15ms
step:3917/5100 lr:0.0005915 train_loss:3.3851 train_time:1543895ms step_avg:395.16ms
step:3918/5100 lr:0.0005909999999999999 train_loss:3.3678 train_time:1544325ms step_avg:395.17ms
step:3919/5100 lr:0.0005905 train_loss:3.3260 train_time:1544755ms step_avg:395.18ms
step:3920/5100 lr:0.00059 train_loss:3.2432 train_time:1545184ms step_avg:395.19ms
step:3921/5100 lr:0.0005895000000000001 train_loss:3.2578 train_time:1545614ms step_avg:395.20ms
step:3922/5100 lr:0.000589 train_loss:3.2770 train_time:1546045ms step_avg:395.21ms
step:3923/5100 lr:0.0005885 train_loss:3.5566 train_time:1546475ms step_avg:395.21ms
step:3924/5100 lr:0.000588 train_loss:3.2691 train_time:1546905ms step_avg:395.22ms
step:3925/5100 lr:0.0005875 train_loss:3.1784 train_time:1547334ms step_avg:395.23ms
step:3926/5100 lr:0.000587 train_loss:3.2101 train_time:1547764ms step_avg:395.24ms
step:3927/5100 lr:0.0005865 train_loss:3.3587 train_time:1548194ms step_avg:395.25ms
step:3928/5100 lr:0.0005859999999999999 train_loss:3.6109 train_time:1548624ms step_avg:395.26ms
step:3929/5100 lr:0.0005855000000000001 train_loss:3.2535 train_time:1549054ms step_avg:395.27ms
step:3930/5100 lr:0.000585 train_loss:3.1948 train_time:1549484ms step_avg:395.28ms
step:3931/5100 lr:0.0005845000000000001 train_loss:3.3927 train_time:1549914ms step_avg:395.29ms
step:3932/5100 lr:0.000584 train_loss:3.2691 train_time:1550345ms step_avg:395.29ms
step:3933/5100 lr:0.0005835 train_loss:3.3515 train_time:1550774ms step_avg:395.30ms
step:3934/5100 lr:0.000583 train_loss:3.4051 train_time:1551204ms step_avg:395.31ms
step:3935/5100 lr:0.0005825 train_loss:3.4326 train_time:1551641ms step_avg:395.32ms
step:3936/5100 lr:0.0005819999999999999 train_loss:3.2934 train_time:1552071ms step_avg:395.33ms
step:3937/5100 lr:0.0005815 train_loss:3.3845 train_time:1552501ms step_avg:395.34ms
step:3938/5100 lr:0.0005809999999999999 train_loss:3.2900 train_time:1552930ms step_avg:395.35ms
step:3939/5100 lr:0.0005805000000000001 train_loss:3.6089 train_time:1553360ms step_avg:395.36ms
step:3940/5100 lr:0.00058 train_loss:3.3554 train_time:1553789ms step_avg:395.37ms
step:3941/5100 lr:0.0005795 train_loss:3.4241 train_time:1554219ms step_avg:395.38ms
step:3942/5100 lr:0.000579 train_loss:3.3343 train_time:1554649ms step_avg:395.38ms
step:3943/5100 lr:0.0005785 train_loss:3.3438 train_time:1555078ms step_avg:395.39ms
step:3944/5100 lr:0.000578 train_loss:3.3976 train_time:1555512ms step_avg:395.40ms
step:3945/5100 lr:0.0005775 train_loss:3.4394 train_time:1555938ms step_avg:395.41ms
step:3946/5100 lr:0.0005769999999999999 train_loss:3.3939 train_time:1556367ms step_avg:395.42ms
step:3947/5100 lr:0.0005765 train_loss:3.4237 train_time:1556796ms step_avg:395.43ms
step:3948/5100 lr:0.000576 train_loss:3.3212 train_time:1557226ms step_avg:395.44ms
step:3949/5100 lr:0.0005755000000000001 train_loss:3.2741 train_time:1557656ms step_avg:395.44ms
step:3950/5100 lr:0.000575 train_loss:3.2577 train_time:1558086ms step_avg:395.45ms
step:3951/5100 lr:0.0005745 train_loss:3.3819 train_time:1558515ms step_avg:395.46ms
step:3952/5100 lr:0.000574 train_loss:3.5748 train_time:1558944ms step_avg:395.47ms
step:3953/5100 lr:0.0005735 train_loss:3.3889 train_time:1559374ms step_avg:395.48ms
step:3954/5100 lr:0.0005729999999999999 train_loss:3.0781 train_time:1559803ms step_avg:395.49ms
step:3955/5100 lr:0.0005725 train_loss:3.3566 train_time:1560233ms step_avg:395.50ms
step:3956/5100 lr:0.0005719999999999999 train_loss:3.1820 train_time:1560663ms step_avg:395.51ms
step:3957/5100 lr:0.0005715000000000001 train_loss:3.2565 train_time:1561093ms step_avg:395.51ms
step:3958/5100 lr:0.000571 train_loss:3.1822 train_time:1561523ms step_avg:395.52ms
step:3959/5100 lr:0.0005705 train_loss:3.3941 train_time:1561953ms step_avg:395.53ms
step:3960/5100 lr:0.00057 train_loss:3.3356 train_time:1562383ms step_avg:395.54ms
step:3961/5100 lr:0.0005695 train_loss:3.0322 train_time:1562813ms step_avg:395.55ms
step:3962/5100 lr:0.000569 train_loss:3.1946 train_time:1563251ms step_avg:395.56ms
step:3963/5100 lr:0.0005685 train_loss:3.4023 train_time:1563680ms step_avg:395.57ms
step:3964/5100 lr:0.0005679999999999999 train_loss:3.2891 train_time:1564110ms step_avg:395.58ms
step:3965/5100 lr:0.0005675 train_loss:3.2239 train_time:1564539ms step_avg:395.59ms
step:3966/5100 lr:0.000567 train_loss:3.2740 train_time:1564968ms step_avg:395.59ms
step:3967/5100 lr:0.0005665000000000001 train_loss:3.0139 train_time:1565397ms step_avg:395.60ms
step:3968/5100 lr:0.000566 train_loss:3.3380 train_time:1565826ms step_avg:395.61ms
step:3969/5100 lr:0.0005655 train_loss:3.4119 train_time:1566255ms step_avg:395.62ms
step:3970/5100 lr:0.000565 train_loss:3.2604 train_time:1566685ms step_avg:395.63ms
step:3971/5100 lr:0.0005645 train_loss:3.3701 train_time:1567115ms step_avg:395.64ms
step:3972/5100 lr:0.0005639999999999999 train_loss:3.4483 train_time:1567545ms step_avg:395.64ms
step:3973/5100 lr:0.0005635 train_loss:3.3681 train_time:1567974ms step_avg:395.65ms
step:3974/5100 lr:0.0005629999999999999 train_loss:3.2050 train_time:1568404ms step_avg:395.66ms
step:3975/5100 lr:0.0005625000000000001 train_loss:3.3931 train_time:1568833ms step_avg:395.67ms
step:3976/5100 lr:0.0005620000000000001 train_loss:3.4004 train_time:1569263ms step_avg:395.68ms
step:3977/5100 lr:0.0005615 train_loss:3.2311 train_time:1569693ms step_avg:395.69ms
step:3978/5100 lr:0.0005610000000000001 train_loss:3.3560 train_time:1570124ms step_avg:395.70ms
step:3979/5100 lr:0.0005605 train_loss:3.2950 train_time:1570553ms step_avg:395.71ms
step:3980/5100 lr:0.0005600000000000001 train_loss:3.5333 train_time:1570984ms step_avg:395.71ms
step:3981/5100 lr:0.0005595 train_loss:3.3459 train_time:1571414ms step_avg:395.72ms
step:3982/5100 lr:0.000559 train_loss:3.4106 train_time:1571844ms step_avg:395.73ms
step:3983/5100 lr:0.0005585 train_loss:3.3801 train_time:1572273ms step_avg:395.74ms
step:3984/5100 lr:0.000558 train_loss:3.3154 train_time:1572704ms step_avg:395.75ms
step:3985/5100 lr:0.0005575 train_loss:3.4349 train_time:1573134ms step_avg:395.76ms
step:3986/5100 lr:0.0005570000000000001 train_loss:3.2101 train_time:1573564ms step_avg:395.77ms
step:3987/5100 lr:0.0005565 train_loss:3.3511 train_time:1573997ms step_avg:395.78ms
step:3988/5100 lr:0.0005560000000000001 train_loss:3.4381 train_time:1574425ms step_avg:395.78ms
step:3989/5100 lr:0.0005555 train_loss:3.3420 train_time:1574855ms step_avg:395.79ms
step:3990/5100 lr:0.000555 train_loss:3.3565 train_time:1575484ms step_avg:395.85ms
step:3991/5100 lr:0.0005545 train_loss:3.7504 train_time:1575914ms step_avg:395.86ms
step:3992/5100 lr:0.000554 train_loss:3.2550 train_time:1576344ms step_avg:395.87ms
step:3993/5100 lr:0.0005535 train_loss:3.3594 train_time:1576773ms step_avg:395.88ms
step:3994/5100 lr:0.0005530000000000001 train_loss:3.2931 train_time:1577204ms step_avg:395.88ms
step:3995/5100 lr:0.0005525 train_loss:3.4180 train_time:1577633ms step_avg:395.89ms
step:3996/5100 lr:0.0005520000000000001 train_loss:3.2735 train_time:1578063ms step_avg:395.90ms
step:3997/5100 lr:0.0005515 train_loss:3.3578 train_time:1578493ms step_avg:395.91ms
step:3998/5100 lr:0.0005510000000000001 train_loss:2.5337 train_time:1578923ms step_avg:395.92ms
step:3999/5100 lr:0.0005505 train_loss:3.2846 train_time:1579353ms step_avg:395.93ms
step:4000/5100 lr:0.00055 train_loss:3.3185 train_time:1579784ms step_avg:395.94ms
step:4000/5100 val_loss:3.3089 train_time:1579794ms step_avg:395.94ms
step:4001/5100 lr:0.0005495 train_loss:3.1810 train_time:1584305ms step_avg:396.97ms
step:4002/5100 lr:0.000549 train_loss:3.3945 train_time:1584734ms step_avg:396.98ms
step:4003/5100 lr:0.0005485 train_loss:3.2357 train_time:1585164ms step_avg:396.99ms
step:4004/5100 lr:0.0005480000000000001 train_loss:3.3328 train_time:1585593ms step_avg:396.99ms
step:4005/5100 lr:0.0005475 train_loss:3.3066 train_time:1586022ms step_avg:397.00ms
step:4006/5100 lr:0.0005470000000000001 train_loss:3.0433 train_time:1586451ms step_avg:397.01ms
step:4007/5100 lr:0.0005465 train_loss:3.3621 train_time:1586880ms step_avg:397.02ms
step:4008/5100 lr:0.000546 train_loss:3.3712 train_time:1587310ms step_avg:397.03ms
step:4009/5100 lr:0.0005455 train_loss:3.1765 train_time:1587739ms step_avg:397.03ms
step:4010/5100 lr:0.000545 train_loss:3.3763 train_time:1588170ms step_avg:397.04ms
step:4011/5100 lr:0.0005445 train_loss:3.2925 train_time:1588600ms step_avg:397.05ms
step:4012/5100 lr:0.0005440000000000001 train_loss:3.2783 train_time:1589036ms step_avg:397.06ms
step:4013/5100 lr:0.0005435 train_loss:3.3652 train_time:1589466ms step_avg:397.07ms
step:4014/5100 lr:0.0005430000000000001 train_loss:3.1062 train_time:1589896ms step_avg:397.08ms
step:4015/5100 lr:0.0005425 train_loss:3.3470 train_time:1590359ms step_avg:397.09ms
step:4016/5100 lr:0.0005420000000000001 train_loss:2.4794 train_time:1590791ms step_avg:397.10ms
step:4017/5100 lr:0.0005415 train_loss:3.3029 train_time:1591221ms step_avg:397.11ms
step:4018/5100 lr:0.000541 train_loss:3.3795 train_time:1591651ms step_avg:397.12ms
step:4019/5100 lr:0.0005405 train_loss:3.3551 train_time:1592081ms step_avg:397.13ms
step:4020/5100 lr:0.00054 train_loss:3.1788 train_time:1592512ms step_avg:397.14ms
step:4021/5100 lr:0.0005394999999999999 train_loss:3.1820 train_time:1592942ms step_avg:397.14ms
step:4022/5100 lr:0.0005390000000000001 train_loss:3.2339 train_time:1593371ms step_avg:397.15ms
step:4023/5100 lr:0.0005385 train_loss:3.5983 train_time:1593801ms step_avg:397.16ms
step:4024/5100 lr:0.0005380000000000001 train_loss:3.3458 train_time:1594231ms step_avg:397.17ms
step:4025/5100 lr:0.0005375 train_loss:3.3171 train_time:1594669ms step_avg:397.18ms
step:4026/5100 lr:0.000537 train_loss:3.3767 train_time:1595098ms step_avg:397.19ms
step:4027/5100 lr:0.0005365 train_loss:3.3343 train_time:1595529ms step_avg:397.19ms
step:4028/5100 lr:0.000536 train_loss:3.3340 train_time:1595959ms step_avg:397.20ms
step:4029/5100 lr:0.0005355 train_loss:3.2496 train_time:1596389ms step_avg:397.21ms
step:4030/5100 lr:0.000535 train_loss:3.3981 train_time:1596820ms step_avg:397.22ms
step:4031/5100 lr:0.0005345 train_loss:3.4515 train_time:1597250ms step_avg:397.23ms
step:4032/5100 lr:0.0005340000000000001 train_loss:3.5744 train_time:1597680ms step_avg:397.24ms
step:4033/5100 lr:0.0005335 train_loss:3.3781 train_time:1598109ms step_avg:397.24ms
step:4034/5100 lr:0.000533 train_loss:3.1034 train_time:1598544ms step_avg:397.25ms
step:4035/5100 lr:0.0005325 train_loss:3.3638 train_time:1598971ms step_avg:397.26ms
step:4036/5100 lr:0.000532 train_loss:3.3833 train_time:1599400ms step_avg:397.27ms
step:4037/5100 lr:0.0005315 train_loss:3.3532 train_time:1599830ms step_avg:397.28ms
step:4038/5100 lr:0.000531 train_loss:3.4217 train_time:1600261ms step_avg:397.28ms
step:4039/5100 lr:0.0005304999999999999 train_loss:3.3395 train_time:1600705ms step_avg:397.30ms
step:4040/5100 lr:0.0005300000000000001 train_loss:3.2808 train_time:1601135ms step_avg:397.30ms
step:4041/5100 lr:0.0005295 train_loss:3.3100 train_time:1601566ms step_avg:397.31ms
step:4042/5100 lr:0.0005290000000000001 train_loss:3.3018 train_time:1602001ms step_avg:397.32ms
step:4043/5100 lr:0.0005285 train_loss:3.1999 train_time:1602431ms step_avg:397.33ms
step:4044/5100 lr:0.000528 train_loss:3.3522 train_time:1602861ms step_avg:397.34ms
step:4045/5100 lr:0.0005275 train_loss:3.2064 train_time:1603291ms step_avg:397.35ms
step:4046/5100 lr:0.000527 train_loss:3.3714 train_time:1603720ms step_avg:397.35ms
step:4047/5100 lr:0.0005265 train_loss:3.1044 train_time:1604150ms step_avg:397.36ms
step:4048/5100 lr:0.000526 train_loss:3.3650 train_time:1604581ms step_avg:397.37ms
step:4049/5100 lr:0.0005254999999999999 train_loss:3.1781 train_time:1605011ms step_avg:397.38ms
step:4050/5100 lr:0.0005250000000000001 train_loss:3.3411 train_time:1605441ms step_avg:397.39ms
step:4051/5100 lr:0.0005245 train_loss:3.2722 train_time:1605871ms step_avg:397.39ms
step:4052/5100 lr:0.000524 train_loss:3.0765 train_time:1606300ms step_avg:397.40ms
step:4053/5100 lr:0.0005235 train_loss:3.3140 train_time:1606731ms step_avg:397.41ms
step:4054/5100 lr:0.000523 train_loss:3.4259 train_time:1607161ms step_avg:397.42ms
step:4055/5100 lr:0.0005225 train_loss:3.4092 train_time:1607594ms step_avg:397.43ms
step:4056/5100 lr:0.000522 train_loss:3.4668 train_time:1608022ms step_avg:397.44ms
step:4057/5100 lr:0.0005214999999999999 train_loss:3.4698 train_time:1608452ms step_avg:397.44ms
step:4058/5100 lr:0.000521 train_loss:3.3858 train_time:1608882ms step_avg:397.45ms
step:4059/5100 lr:0.0005205 train_loss:3.2918 train_time:1609312ms step_avg:397.46ms
step:4060/5100 lr:0.0005200000000000001 train_loss:3.1937 train_time:1609741ms step_avg:397.47ms
step:4061/5100 lr:0.0005195 train_loss:3.2041 train_time:1610171ms step_avg:397.47ms
step:4062/5100 lr:0.000519 train_loss:3.3346 train_time:1610600ms step_avg:397.48ms
step:4063/5100 lr:0.0005185 train_loss:3.2152 train_time:1611030ms step_avg:397.49ms
step:4064/5100 lr:0.000518 train_loss:3.4230 train_time:1611460ms step_avg:397.50ms
step:4065/5100 lr:0.0005175 train_loss:3.3956 train_time:1611890ms step_avg:397.51ms
step:4066/5100 lr:0.000517 train_loss:3.3310 train_time:1612320ms step_avg:397.51ms
step:4067/5100 lr:0.0005164999999999999 train_loss:3.2522 train_time:1612750ms step_avg:397.52ms
step:4068/5100 lr:0.0005160000000000001 train_loss:3.3269 train_time:1613180ms step_avg:397.53ms
step:4069/5100 lr:0.0005155 train_loss:3.2403 train_time:1613610ms step_avg:397.54ms
step:4070/5100 lr:0.000515 train_loss:3.2516 train_time:1614041ms step_avg:397.55ms
step:4071/5100 lr:0.0005145 train_loss:3.1849 train_time:1614471ms step_avg:397.56ms
step:4072/5100 lr:0.000514 train_loss:3.4347 train_time:1614901ms step_avg:397.56ms
step:4073/5100 lr:0.0005135 train_loss:3.2890 train_time:1615330ms step_avg:397.57ms
step:4074/5100 lr:0.000513 train_loss:3.3066 train_time:1615760ms step_avg:397.58ms
step:4075/5100 lr:0.0005124999999999999 train_loss:3.2734 train_time:1616190ms step_avg:397.59ms
step:4076/5100 lr:0.000512 train_loss:3.6620 train_time:1616624ms step_avg:397.60ms
step:4077/5100 lr:0.0005115 train_loss:3.1561 train_time:1617053ms step_avg:397.60ms
step:4078/5100 lr:0.0005110000000000001 train_loss:3.3150 train_time:1617484ms step_avg:397.61ms
step:4079/5100 lr:0.0005105 train_loss:3.1898 train_time:1617913ms step_avg:397.62ms
step:4080/5100 lr:0.00051 train_loss:3.2861 train_time:1618345ms step_avg:397.63ms
step:4081/5100 lr:0.0005095 train_loss:3.2020 train_time:1618775ms step_avg:397.64ms
step:4082/5100 lr:0.000509 train_loss:3.3122 train_time:1619205ms step_avg:397.64ms
step:4083/5100 lr:0.0005085 train_loss:3.2458 train_time:1619635ms step_avg:397.65ms
step:4084/5100 lr:0.000508 train_loss:3.4796 train_time:1620065ms step_avg:397.66ms
step:4085/5100 lr:0.0005074999999999999 train_loss:3.4777 train_time:1620495ms step_avg:397.67ms
step:4086/5100 lr:0.000507 train_loss:3.3948 train_time:1620926ms step_avg:397.68ms
step:4087/5100 lr:0.0005065 train_loss:3.3378 train_time:1621356ms step_avg:397.68ms
step:4088/5100 lr:0.000506 train_loss:3.1910 train_time:1621796ms step_avg:397.69ms
step:4089/5100 lr:0.0005055 train_loss:3.2539 train_time:1622226ms step_avg:397.70ms
step:4090/5100 lr:0.000505 train_loss:3.2949 train_time:1622658ms step_avg:397.71ms
step:4091/5100 lr:0.0005045 train_loss:3.6171 train_time:1623088ms step_avg:397.72ms
step:4092/5100 lr:0.000504 train_loss:3.1497 train_time:1623518ms step_avg:397.73ms
step:4093/5100 lr:0.0005034999999999999 train_loss:3.4705 train_time:1623948ms step_avg:397.73ms
step:4094/5100 lr:0.000503 train_loss:3.2730 train_time:1624377ms step_avg:397.74ms
step:4095/5100 lr:0.0005024999999999999 train_loss:3.3650 train_time:1624807ms step_avg:397.75ms
step:4096/5100 lr:0.0005020000000000001 train_loss:3.4384 train_time:1625238ms step_avg:397.76ms
step:4097/5100 lr:0.0005015 train_loss:3.3168 train_time:1625667ms step_avg:397.77ms
step:4098/5100 lr:0.000501 train_loss:3.2686 train_time:1626097ms step_avg:397.77ms
step:4099/5100 lr:0.0005005 train_loss:3.2090 train_time:1626528ms step_avg:397.78ms
step:4100/5100 lr:0.0005 train_loss:3.3181 train_time:1626958ms step_avg:397.79ms
step:4101/5100 lr:0.0004995 train_loss:3.2837 train_time:1627388ms step_avg:397.80ms
step:4102/5100 lr:0.000499 train_loss:3.3204 train_time:1627817ms step_avg:397.80ms
step:4103/5100 lr:0.0004985 train_loss:3.3173 train_time:1628248ms step_avg:397.81ms
step:4104/5100 lr:0.000498 train_loss:3.4068 train_time:1628678ms step_avg:397.82ms
step:4105/5100 lr:0.0004975 train_loss:3.4530 train_time:1629112ms step_avg:397.83ms
step:4106/5100 lr:0.000497 train_loss:3.1958 train_time:1629542ms step_avg:397.84ms
step:4107/5100 lr:0.0004965 train_loss:3.3357 train_time:1629971ms step_avg:397.85ms
step:4108/5100 lr:0.000496 train_loss:3.4818 train_time:1630409ms step_avg:397.85ms
step:4109/5100 lr:0.0004955 train_loss:3.4017 train_time:1630840ms step_avg:397.86ms
step:4110/5100 lr:0.000495 train_loss:3.3024 train_time:1631269ms step_avg:397.87ms
step:4111/5100 lr:0.0004945 train_loss:3.3616 train_time:1631699ms step_avg:397.88ms
step:4112/5100 lr:0.000494 train_loss:2.8072 train_time:1632129ms step_avg:397.89ms
step:4113/5100 lr:0.0004935 train_loss:3.3453 train_time:1632560ms step_avg:397.89ms
step:4114/5100 lr:0.0004930000000000001 train_loss:3.2668 train_time:1632990ms step_avg:397.90ms
step:4115/5100 lr:0.0004925 train_loss:3.3561 train_time:1633420ms step_avg:397.91ms
step:4116/5100 lr:0.000492 train_loss:3.2805 train_time:1633850ms step_avg:397.92ms
step:4117/5100 lr:0.0004915 train_loss:3.3081 train_time:1634281ms step_avg:397.93ms
step:4118/5100 lr:0.000491 train_loss:3.3907 train_time:1634711ms step_avg:397.93ms
step:4119/5100 lr:0.0004905 train_loss:3.2907 train_time:1635140ms step_avg:397.94ms
step:4120/5100 lr:0.00049 train_loss:3.9906 train_time:1635570ms step_avg:397.95ms
step:4121/5100 lr:0.0004895 train_loss:3.2310 train_time:1636000ms step_avg:397.96ms
step:4122/5100 lr:0.000489 train_loss:3.2539 train_time:1636430ms step_avg:397.96ms
step:4123/5100 lr:0.0004885 train_loss:3.4431 train_time:1636860ms step_avg:397.97ms
step:4124/5100 lr:0.000488 train_loss:3.2453 train_time:1637290ms step_avg:397.98ms
step:4125/5100 lr:0.0004875 train_loss:3.3477 train_time:1637720ms step_avg:397.99ms
step:4125/5100 val_loss:3.2952 train_time:1637731ms step_avg:397.99ms
step:4126/5100 lr:0.000487 train_loss:3.4654 train_time:1642007ms step_avg:398.93ms
step:4127/5100 lr:0.0004865 train_loss:3.2260 train_time:1642436ms step_avg:398.94ms
step:4128/5100 lr:0.000486 train_loss:3.1974 train_time:1642866ms step_avg:398.95ms
step:4129/5100 lr:0.0004855 train_loss:3.3073 train_time:1643296ms step_avg:398.96ms
step:4130/5100 lr:0.00048499999999999997 train_loss:3.5417 train_time:1643730ms step_avg:398.96ms
step:4131/5100 lr:0.0004845 train_loss:3.4290 train_time:1644159ms step_avg:398.97ms
step:4132/5100 lr:0.000484 train_loss:3.3703 train_time:1644589ms step_avg:398.98ms
step:4133/5100 lr:0.0004835 train_loss:3.3200 train_time:1645019ms step_avg:398.99ms
step:4134/5100 lr:0.000483 train_loss:3.2950 train_time:1645450ms step_avg:398.99ms
step:4135/5100 lr:0.0004825 train_loss:3.3658 train_time:1645881ms step_avg:399.00ms
step:4136/5100 lr:0.000482 train_loss:3.3606 train_time:1646317ms step_avg:399.01ms
step:4137/5100 lr:0.0004815 train_loss:3.4286 train_time:1646746ms step_avg:399.02ms
step:4138/5100 lr:0.000481 train_loss:3.2487 train_time:1647176ms step_avg:399.03ms
step:4139/5100 lr:0.00048049999999999997 train_loss:3.2901 train_time:1647608ms step_avg:399.03ms
step:4140/5100 lr:0.00048 train_loss:3.2975 train_time:1648037ms step_avg:399.04ms
step:4141/5100 lr:0.0004795 train_loss:3.3087 train_time:1648467ms step_avg:399.05ms
step:4142/5100 lr:0.000479 train_loss:3.2963 train_time:1648897ms step_avg:399.06ms
step:4143/5100 lr:0.0004785 train_loss:3.2769 train_time:1649327ms step_avg:399.06ms
step:4144/5100 lr:0.00047799999999999996 train_loss:3.2184 train_time:1649757ms step_avg:399.07ms
step:4145/5100 lr:0.0004775 train_loss:3.5461 train_time:1650186ms step_avg:399.08ms
step:4146/5100 lr:0.000477 train_loss:3.4368 train_time:1650616ms step_avg:399.09ms
step:4147/5100 lr:0.0004765 train_loss:3.2483 train_time:1651045ms step_avg:399.09ms
step:4148/5100 lr:0.00047599999999999997 train_loss:3.3661 train_time:1651474ms step_avg:399.10ms
step:4149/5100 lr:0.0004755 train_loss:3.4128 train_time:1651903ms step_avg:399.11ms
step:4150/5100 lr:0.000475 train_loss:3.4081 train_time:1652333ms step_avg:399.11ms
step:4151/5100 lr:0.0004745 train_loss:3.3342 train_time:1652763ms step_avg:399.12ms
step:4152/5100 lr:0.000474 train_loss:3.5823 train_time:1653193ms step_avg:399.13ms
step:4153/5100 lr:0.00047349999999999996 train_loss:3.7946 train_time:1653622ms step_avg:399.14ms
step:4154/5100 lr:0.000473 train_loss:3.2883 train_time:1654052ms step_avg:399.14ms
step:4155/5100 lr:0.0004725 train_loss:3.1602 train_time:1654481ms step_avg:399.15ms
step:4156/5100 lr:0.000472 train_loss:3.3050 train_time:1654919ms step_avg:399.16ms
step:4157/5100 lr:0.00047149999999999997 train_loss:3.5275 train_time:1655349ms step_avg:399.17ms
step:4158/5100 lr:0.000471 train_loss:3.1947 train_time:1655779ms step_avg:399.18ms
step:4159/5100 lr:0.0004705 train_loss:3.0798 train_time:1656209ms step_avg:399.18ms
step:4160/5100 lr:0.00047 train_loss:3.4294 train_time:1656640ms step_avg:399.19ms
step:4161/5100 lr:0.0004695 train_loss:3.3740 train_time:1657071ms step_avg:399.20ms
step:4162/5100 lr:0.00046899999999999996 train_loss:3.4317 train_time:1657503ms step_avg:399.21ms
step:4163/5100 lr:0.00046850000000000006 train_loss:2.9949 train_time:1657933ms step_avg:399.21ms
step:4164/5100 lr:0.00046800000000000005 train_loss:3.4025 train_time:1658363ms step_avg:399.22ms
step:4165/5100 lr:0.00046750000000000003 train_loss:3.3023 train_time:1658792ms step_avg:399.23ms
step:4166/5100 lr:0.000467 train_loss:3.2171 train_time:1659222ms step_avg:399.24ms
step:4167/5100 lr:0.0004665 train_loss:3.1871 train_time:1659652ms step_avg:399.24ms
step:4168/5100 lr:0.00046600000000000005 train_loss:3.4436 train_time:1660081ms step_avg:399.25ms
step:4169/5100 lr:0.00046550000000000004 train_loss:3.2980 train_time:1660511ms step_avg:399.26ms
step:4170/5100 lr:0.000465 train_loss:3.3331 train_time:1660941ms step_avg:399.26ms
step:4171/5100 lr:0.0004645 train_loss:3.4081 train_time:1661371ms step_avg:399.27ms
step:4172/5100 lr:0.00046400000000000006 train_loss:3.5229 train_time:1661801ms step_avg:399.28ms
step:4173/5100 lr:0.00046350000000000004 train_loss:3.0307 train_time:1662233ms step_avg:399.29ms
step:4174/5100 lr:0.00046300000000000003 train_loss:3.2215 train_time:1662663ms step_avg:399.29ms
step:4175/5100 lr:0.0004625 train_loss:3.3398 train_time:1663092ms step_avg:399.30ms
step:4176/5100 lr:0.000462 train_loss:3.3999 train_time:1663522ms step_avg:399.31ms
step:4177/5100 lr:0.00046150000000000005 train_loss:3.3466 train_time:1663951ms step_avg:399.32ms
step:4178/5100 lr:0.00046100000000000004 train_loss:3.2256 train_time:1664381ms step_avg:399.32ms
step:4179/5100 lr:0.0004605 train_loss:3.2468 train_time:1664811ms step_avg:399.33ms
step:4180/5100 lr:0.00046 train_loss:3.2724 train_time:1665439ms step_avg:399.39ms
step:4181/5100 lr:0.00045950000000000006 train_loss:3.1548 train_time:1665866ms step_avg:399.39ms
step:4182/5100 lr:0.00045900000000000004 train_loss:3.6134 train_time:1666297ms step_avg:399.40ms
step:4183/5100 lr:0.00045850000000000003 train_loss:3.2394 train_time:1666727ms step_avg:399.41ms
step:4184/5100 lr:0.000458 train_loss:3.3590 train_time:1667157ms step_avg:399.41ms
step:4185/5100 lr:0.0004575 train_loss:3.4259 train_time:1667586ms step_avg:399.42ms
step:4186/5100 lr:0.00045700000000000005 train_loss:3.6414 train_time:1668016ms step_avg:399.43ms
step:4187/5100 lr:0.00045650000000000004 train_loss:3.2969 train_time:1668446ms step_avg:399.44ms
step:4188/5100 lr:0.000456 train_loss:3.3132 train_time:1668876ms step_avg:399.44ms
step:4189/5100 lr:0.0004555 train_loss:3.1908 train_time:1669306ms step_avg:399.45ms
step:4190/5100 lr:0.000455 train_loss:3.1937 train_time:1669735ms step_avg:399.46ms
step:4191/5100 lr:0.00045450000000000004 train_loss:3.2424 train_time:1670362ms step_avg:399.51ms
step:4192/5100 lr:0.00045400000000000003 train_loss:3.3203 train_time:1670792ms step_avg:399.52ms
step:4193/5100 lr:0.0004535 train_loss:3.3545 train_time:1671222ms step_avg:399.53ms
step:4194/5100 lr:0.000453 train_loss:3.6217 train_time:1671653ms step_avg:399.53ms
step:4195/5100 lr:0.00045250000000000005 train_loss:3.3275 train_time:1672083ms step_avg:399.54ms
step:4196/5100 lr:0.00045200000000000004 train_loss:3.1745 train_time:1672512ms step_avg:399.55ms
step:4197/5100 lr:0.0004515 train_loss:3.3510 train_time:1672942ms step_avg:399.56ms
step:4198/5100 lr:0.000451 train_loss:3.3479 train_time:1673372ms step_avg:399.56ms
step:4199/5100 lr:0.0004505 train_loss:3.2983 train_time:1673802ms step_avg:399.57ms
step:4200/5100 lr:0.00045000000000000004 train_loss:3.1658 train_time:1674232ms step_avg:399.58ms
step:4201/5100 lr:0.00044950000000000003 train_loss:3.4245 train_time:1674662ms step_avg:399.59ms
step:4202/5100 lr:0.000449 train_loss:3.2797 train_time:1675092ms step_avg:399.59ms
step:4203/5100 lr:0.0004485 train_loss:3.3041 train_time:1675527ms step_avg:399.60ms
step:4204/5100 lr:0.000448 train_loss:3.4356 train_time:1675957ms step_avg:399.61ms
step:4205/5100 lr:0.00044750000000000004 train_loss:3.1997 train_time:1676387ms step_avg:399.62ms
step:4206/5100 lr:0.000447 train_loss:3.3219 train_time:1676817ms step_avg:399.62ms
step:4207/5100 lr:0.0004465 train_loss:3.7563 train_time:1677247ms step_avg:399.63ms
step:4208/5100 lr:0.000446 train_loss:2.7841 train_time:1677685ms step_avg:399.64ms
step:4209/5100 lr:0.00044550000000000004 train_loss:3.5301 train_time:1678115ms step_avg:399.65ms
step:4210/5100 lr:0.00044500000000000003 train_loss:3.4334 train_time:1678544ms step_avg:399.65ms
step:4211/5100 lr:0.0004445 train_loss:3.1556 train_time:1678973ms step_avg:399.66ms
step:4212/5100 lr:0.000444 train_loss:3.3028 train_time:1679403ms step_avg:399.67ms
step:4213/5100 lr:0.0004435 train_loss:3.3124 train_time:1679833ms step_avg:399.67ms
step:4214/5100 lr:0.00044300000000000003 train_loss:3.1495 train_time:1680263ms step_avg:399.68ms
step:4215/5100 lr:0.0004425 train_loss:3.2218 train_time:1680693ms step_avg:399.69ms
step:4216/5100 lr:0.000442 train_loss:3.2592 train_time:1681123ms step_avg:399.70ms
step:4217/5100 lr:0.0004415 train_loss:4.0434 train_time:1681553ms step_avg:399.70ms
step:4218/5100 lr:0.000441 train_loss:3.3714 train_time:1681983ms step_avg:399.71ms
step:4219/5100 lr:0.00044050000000000003 train_loss:3.4666 train_time:1682413ms step_avg:399.72ms
step:4220/5100 lr:0.00044 train_loss:3.3161 train_time:1682843ms step_avg:399.73ms
step:4221/5100 lr:0.0004395 train_loss:3.5930 train_time:1683272ms step_avg:399.73ms
step:4222/5100 lr:0.000439 train_loss:3.3460 train_time:1683702ms step_avg:399.74ms
step:4223/5100 lr:0.00043850000000000003 train_loss:3.4073 train_time:1684132ms step_avg:399.75ms
step:4224/5100 lr:0.000438 train_loss:3.1399 train_time:1684561ms step_avg:399.75ms
step:4225/5100 lr:0.0004375 train_loss:3.2279 train_time:1684992ms step_avg:399.76ms
step:4226/5100 lr:0.000437 train_loss:3.4007 train_time:1685422ms step_avg:399.77ms
step:4227/5100 lr:0.0004365 train_loss:3.2033 train_time:1685856ms step_avg:399.78ms
step:4228/5100 lr:0.000436 train_loss:3.2976 train_time:1686286ms step_avg:399.78ms
step:4229/5100 lr:0.0004355 train_loss:3.4055 train_time:1686716ms step_avg:399.79ms
step:4230/5100 lr:0.000435 train_loss:3.1404 train_time:1687145ms step_avg:399.80ms
step:4231/5100 lr:0.0004345 train_loss:3.2578 train_time:1687576ms step_avg:399.80ms
step:4232/5100 lr:0.00043400000000000003 train_loss:3.3853 train_time:1688006ms step_avg:399.81ms
step:4233/5100 lr:0.0004335 train_loss:3.3228 train_time:1688439ms step_avg:399.82ms
step:4234/5100 lr:0.000433 train_loss:3.5432 train_time:1688869ms step_avg:399.83ms
step:4235/5100 lr:0.0004325 train_loss:3.2704 train_time:1689299ms step_avg:399.83ms
step:4236/5100 lr:0.000432 train_loss:3.6886 train_time:1689730ms step_avg:399.84ms
step:4237/5100 lr:0.0004315 train_loss:3.3929 train_time:1690160ms step_avg:399.85ms
step:4238/5100 lr:0.000431 train_loss:3.3273 train_time:1690590ms step_avg:399.86ms
step:4239/5100 lr:0.0004305 train_loss:3.2705 train_time:1691021ms step_avg:399.86ms
step:4240/5100 lr:0.00043 train_loss:3.2288 train_time:1691451ms step_avg:399.87ms
step:4241/5100 lr:0.0004295 train_loss:3.3958 train_time:1691882ms step_avg:399.88ms
step:4242/5100 lr:0.000429 train_loss:3.2500 train_time:1692311ms step_avg:399.88ms
step:4243/5100 lr:0.0004285 train_loss:3.3767 train_time:1692742ms step_avg:399.89ms
step:4244/5100 lr:0.000428 train_loss:3.4599 train_time:1693172ms step_avg:399.90ms
step:4245/5100 lr:0.0004275 train_loss:3.3731 train_time:1693602ms step_avg:399.91ms
step:4246/5100 lr:0.000427 train_loss:3.2485 train_time:1694032ms step_avg:399.91ms
step:4247/5100 lr:0.0004265 train_loss:3.3675 train_time:1694462ms step_avg:399.92ms
step:4248/5100 lr:0.000426 train_loss:3.2539 train_time:1694893ms step_avg:399.93ms
step:4249/5100 lr:0.0004255 train_loss:3.2776 train_time:1695323ms step_avg:399.93ms
step:4250/5100 lr:0.000425 train_loss:3.3304 train_time:1695752ms step_avg:399.94ms
step:4250/5100 val_loss:3.2827 train_time:1695763ms step_avg:399.94ms
step:4251/5100 lr:0.0004245 train_loss:3.3729 train_time:1700178ms step_avg:400.89ms
step:4252/5100 lr:0.000424 train_loss:3.2561 train_time:1700608ms step_avg:400.90ms
step:4253/5100 lr:0.0004235 train_loss:3.4181 train_time:1701038ms step_avg:400.90ms
step:4254/5100 lr:0.000423 train_loss:3.2308 train_time:1701467ms step_avg:400.91ms
step:4255/5100 lr:0.00042249999999999997 train_loss:3.1884 train_time:1701896ms step_avg:400.92ms
step:4256/5100 lr:0.000422 train_loss:3.5545 train_time:1702326ms step_avg:400.92ms
step:4257/5100 lr:0.0004215 train_loss:3.0621 train_time:1702755ms step_avg:400.93ms
step:4258/5100 lr:0.000421 train_loss:3.0697 train_time:1703186ms step_avg:400.94ms
step:4259/5100 lr:0.0004205 train_loss:3.3163 train_time:1703616ms step_avg:400.95ms
step:4260/5100 lr:0.00042 train_loss:3.7892 train_time:1704046ms step_avg:400.95ms
step:4261/5100 lr:0.0004195 train_loss:3.2134 train_time:1704476ms step_avg:400.96ms
step:4262/5100 lr:0.000419 train_loss:3.6007 train_time:1704906ms step_avg:400.97ms
step:4263/5100 lr:0.0004185 train_loss:3.3297 train_time:1705336ms step_avg:400.97ms
step:4264/5100 lr:0.00041799999999999997 train_loss:3.1518 train_time:1705770ms step_avg:400.98ms
step:4265/5100 lr:0.0004175 train_loss:3.2365 train_time:1706196ms step_avg:400.99ms
step:4266/5100 lr:0.000417 train_loss:3.1426 train_time:1706626ms step_avg:400.99ms
step:4267/5100 lr:0.0004165 train_loss:3.4233 train_time:1707056ms step_avg:401.00ms
step:4268/5100 lr:0.000416 train_loss:3.3928 train_time:1707486ms step_avg:401.01ms
step:4269/5100 lr:0.00041549999999999996 train_loss:3.3256 train_time:1707915ms step_avg:401.01ms
step:4270/5100 lr:0.000415 train_loss:3.4007 train_time:1708345ms step_avg:401.02ms
step:4271/5100 lr:0.0004145 train_loss:3.3438 train_time:1708775ms step_avg:401.03ms
step:4272/5100 lr:0.000414 train_loss:3.2919 train_time:1709205ms step_avg:401.03ms
step:4273/5100 lr:0.00041349999999999997 train_loss:3.2889 train_time:1709635ms step_avg:401.04ms
step:4274/5100 lr:0.000413 train_loss:3.4680 train_time:1710064ms step_avg:401.05ms
step:4275/5100 lr:0.0004125 train_loss:3.1524 train_time:1710493ms step_avg:401.05ms
step:4276/5100 lr:0.000412 train_loss:3.2394 train_time:1710923ms step_avg:401.06ms
step:4277/5100 lr:0.0004115 train_loss:3.2438 train_time:1711353ms step_avg:401.07ms
step:4278/5100 lr:0.00041099999999999996 train_loss:3.2197 train_time:1711783ms step_avg:401.07ms
step:4279/5100 lr:0.0004105 train_loss:3.9701 train_time:1712213ms step_avg:401.08ms
step:4280/5100 lr:0.00041 train_loss:3.2086 train_time:1712643ms step_avg:401.09ms
step:4281/5100 lr:0.0004095 train_loss:3.3026 train_time:1713077ms step_avg:401.09ms
step:4282/5100 lr:0.00040899999999999997 train_loss:3.3356 train_time:1713508ms step_avg:401.10ms
step:4283/5100 lr:0.0004085 train_loss:3.4487 train_time:1713938ms step_avg:401.11ms
step:4284/5100 lr:0.000408 train_loss:3.4522 train_time:1714370ms step_avg:401.12ms
step:4285/5100 lr:0.0004075 train_loss:3.3091 train_time:1714802ms step_avg:401.12ms
step:4286/5100 lr:0.00040699999999999997 train_loss:3.4836 train_time:1715237ms step_avg:401.13ms
step:4287/5100 lr:0.00040649999999999996 train_loss:3.1876 train_time:1715666ms step_avg:401.14ms
step:4288/5100 lr:0.00040600000000000006 train_loss:3.2149 train_time:1716099ms step_avg:401.15ms
step:4289/5100 lr:0.00040550000000000004 train_loss:3.1515 train_time:1716528ms step_avg:401.15ms
step:4290/5100 lr:0.00040500000000000003 train_loss:3.2464 train_time:1716957ms step_avg:401.16ms
step:4291/5100 lr:0.0004045 train_loss:3.4004 train_time:1717386ms step_avg:401.16ms
step:4292/5100 lr:0.000404 train_loss:3.3880 train_time:1717816ms step_avg:401.17ms
step:4293/5100 lr:0.00040350000000000005 train_loss:3.3030 train_time:1718245ms step_avg:401.18ms
step:4294/5100 lr:0.00040300000000000004 train_loss:3.3858 train_time:1718675ms step_avg:401.18ms
step:4295/5100 lr:0.0004025 train_loss:3.3491 train_time:1719104ms step_avg:401.19ms
step:4296/5100 lr:0.000402 train_loss:3.3236 train_time:1719534ms step_avg:401.20ms
step:4297/5100 lr:0.00040150000000000006 train_loss:3.1776 train_time:1719964ms step_avg:401.20ms
step:4298/5100 lr:0.00040100000000000004 train_loss:3.3781 train_time:1720393ms step_avg:401.21ms
step:4299/5100 lr:0.00040050000000000003 train_loss:3.3166 train_time:1720824ms step_avg:401.22ms
step:4300/5100 lr:0.0004 train_loss:3.3491 train_time:1721253ms step_avg:401.22ms
step:4301/5100 lr:0.0003995 train_loss:3.2431 train_time:1721683ms step_avg:401.23ms
step:4302/5100 lr:0.00039900000000000005 train_loss:3.3435 train_time:1722113ms step_avg:401.24ms
step:4303/5100 lr:0.00039850000000000004 train_loss:3.3046 train_time:1722545ms step_avg:401.24ms
step:4304/5100 lr:0.000398 train_loss:3.1769 train_time:1722975ms step_avg:401.25ms
step:4305/5100 lr:0.0003975 train_loss:3.4571 train_time:1723408ms step_avg:401.26ms
step:4306/5100 lr:0.00039700000000000005 train_loss:3.3300 train_time:1723837ms step_avg:401.27ms
step:4307/5100 lr:0.00039650000000000004 train_loss:3.2623 train_time:1724270ms step_avg:401.27ms
step:4308/5100 lr:0.00039600000000000003 train_loss:3.3279 train_time:1724700ms step_avg:401.28ms
step:4309/5100 lr:0.0003955 train_loss:3.4583 train_time:1725129ms step_avg:401.29ms
step:4310/5100 lr:0.000395 train_loss:3.1878 train_time:1725559ms step_avg:401.29ms
step:4311/5100 lr:0.00039450000000000005 train_loss:3.1710 train_time:1725989ms step_avg:401.30ms
step:4312/5100 lr:0.00039400000000000004 train_loss:3.2741 train_time:1726417ms step_avg:401.31ms
step:4313/5100 lr:0.0003935 train_loss:3.2462 train_time:1726846ms step_avg:401.31ms
step:4314/5100 lr:0.000393 train_loss:3.2558 train_time:1727276ms step_avg:401.32ms
step:4315/5100 lr:0.0003925 train_loss:3.3734 train_time:1727716ms step_avg:401.33ms
step:4316/5100 lr:0.00039200000000000004 train_loss:3.2021 train_time:1728145ms step_avg:401.33ms
step:4317/5100 lr:0.00039150000000000003 train_loss:4.1713 train_time:1728574ms step_avg:401.34ms
step:4318/5100 lr:0.000391 train_loss:3.3101 train_time:1729004ms step_avg:401.35ms
step:4319/5100 lr:0.0003905 train_loss:3.3058 train_time:1729434ms step_avg:401.35ms
step:4320/5100 lr:0.00039000000000000005 train_loss:3.4051 train_time:1729863ms step_avg:401.36ms
step:4321/5100 lr:0.00038950000000000003 train_loss:3.5889 train_time:1730293ms step_avg:401.37ms
step:4322/5100 lr:0.000389 train_loss:3.2353 train_time:1730724ms step_avg:401.37ms
step:4323/5100 lr:0.0003885 train_loss:3.1335 train_time:1731153ms step_avg:401.38ms
step:4324/5100 lr:0.000388 train_loss:3.4394 train_time:1731583ms step_avg:401.39ms
step:4325/5100 lr:0.00038750000000000004 train_loss:3.2682 train_time:1732012ms step_avg:401.39ms
step:4326/5100 lr:0.00038700000000000003 train_loss:3.3227 train_time:1732445ms step_avg:401.40ms
step:4327/5100 lr:0.0003865 train_loss:3.2179 train_time:1732874ms step_avg:401.41ms
step:4328/5100 lr:0.000386 train_loss:3.1947 train_time:1733308ms step_avg:401.41ms
step:4329/5100 lr:0.0003855 train_loss:3.4467 train_time:1733738ms step_avg:401.42ms
step:4330/5100 lr:0.00038500000000000003 train_loss:3.4498 train_time:1734168ms step_avg:401.43ms
step:4331/5100 lr:0.0003845 train_loss:3.2444 train_time:1734598ms step_avg:401.43ms
step:4332/5100 lr:0.000384 train_loss:3.3441 train_time:1735029ms step_avg:401.44ms
step:4333/5100 lr:0.0003835 train_loss:3.3387 train_time:1735459ms step_avg:401.45ms
step:4334/5100 lr:0.00038300000000000004 train_loss:3.1672 train_time:1735888ms step_avg:401.45ms
step:4335/5100 lr:0.00038250000000000003 train_loss:3.0261 train_time:1736317ms step_avg:401.46ms
step:4336/5100 lr:0.000382 train_loss:3.1356 train_time:1736746ms step_avg:401.47ms
step:4337/5100 lr:0.0003815 train_loss:3.1170 train_time:1737175ms step_avg:401.47ms
step:4338/5100 lr:0.000381 train_loss:3.2455 train_time:1737605ms step_avg:401.48ms
step:4339/5100 lr:0.00038050000000000003 train_loss:3.1810 train_time:1738034ms step_avg:401.49ms
step:4340/5100 lr:0.00038 train_loss:3.1184 train_time:1738464ms step_avg:401.49ms
step:4341/5100 lr:0.0003795 train_loss:3.3805 train_time:1738893ms step_avg:401.50ms
step:4342/5100 lr:0.000379 train_loss:3.2499 train_time:1739323ms step_avg:401.51ms
step:4343/5100 lr:0.0003785 train_loss:3.4534 train_time:1739752ms step_avg:401.51ms
step:4344/5100 lr:0.000378 train_loss:4.0548 train_time:1740182ms step_avg:401.52ms
step:4345/5100 lr:0.0003775 train_loss:3.2617 train_time:1740613ms step_avg:401.53ms
step:4346/5100 lr:0.000377 train_loss:3.3746 train_time:1741043ms step_avg:401.53ms
step:4347/5100 lr:0.0003765 train_loss:3.4722 train_time:1741473ms step_avg:401.54ms
step:4348/5100 lr:0.00037600000000000003 train_loss:3.1838 train_time:1741903ms step_avg:401.55ms
step:4349/5100 lr:0.0003755 train_loss:3.2877 train_time:1742333ms step_avg:401.55ms
step:4350/5100 lr:0.000375 train_loss:3.0567 train_time:1742763ms step_avg:401.56ms
step:4351/5100 lr:0.0003745 train_loss:3.2385 train_time:1743194ms step_avg:401.57ms
step:4352/5100 lr:0.000374 train_loss:3.3604 train_time:1743624ms step_avg:401.57ms
step:4353/5100 lr:0.0003735 train_loss:3.4070 train_time:1744054ms step_avg:401.58ms
step:4354/5100 lr:0.000373 train_loss:3.3394 train_time:1744487ms step_avg:401.59ms
step:4355/5100 lr:0.0003725 train_loss:3.3553 train_time:1744917ms step_avg:401.59ms
step:4356/5100 lr:0.000372 train_loss:3.3625 train_time:1745350ms step_avg:401.60ms
step:4357/5100 lr:0.00037150000000000003 train_loss:3.1114 train_time:1745777ms step_avg:401.61ms
step:4358/5100 lr:0.000371 train_loss:3.1932 train_time:1746206ms step_avg:401.61ms
step:4359/5100 lr:0.0003705 train_loss:2.9959 train_time:1746635ms step_avg:401.62ms
step:4360/5100 lr:0.00037 train_loss:3.2535 train_time:1747064ms step_avg:401.62ms
step:4361/5100 lr:0.0003695 train_loss:3.3048 train_time:1747493ms step_avg:401.63ms
step:4362/5100 lr:0.000369 train_loss:3.2168 train_time:1747923ms step_avg:401.64ms
step:4363/5100 lr:0.0003685 train_loss:3.4481 train_time:1748353ms step_avg:401.64ms
step:4364/5100 lr:0.000368 train_loss:3.3909 train_time:1748783ms step_avg:401.65ms
step:4365/5100 lr:0.0003675 train_loss:3.0918 train_time:1749213ms step_avg:401.66ms
step:4366/5100 lr:0.000367 train_loss:3.0551 train_time:1749643ms step_avg:401.66ms
step:4367/5100 lr:0.0003665 train_loss:3.1726 train_time:1750072ms step_avg:401.67ms
step:4368/5100 lr:0.000366 train_loss:3.2810 train_time:1750502ms step_avg:401.68ms
step:4369/5100 lr:0.0003655 train_loss:3.3999 train_time:1750932ms step_avg:401.68ms
step:4370/5100 lr:0.000365 train_loss:3.3940 train_time:1751567ms step_avg:401.74ms
step:4371/5100 lr:0.0003645 train_loss:3.4124 train_time:1751997ms step_avg:401.74ms
step:4372/5100 lr:0.000364 train_loss:3.6525 train_time:1752426ms step_avg:401.75ms
step:4373/5100 lr:0.0003635 train_loss:3.3676 train_time:1752854ms step_avg:401.75ms
step:4374/5100 lr:0.000363 train_loss:3.3560 train_time:1753285ms step_avg:401.76ms
step:4375/5100 lr:0.0003625 train_loss:3.3984 train_time:1753715ms step_avg:401.77ms
step:4375/5100 val_loss:3.2722 train_time:1753726ms step_avg:401.77ms
step:4376/5100 lr:0.000362 train_loss:3.2602 train_time:1757978ms step_avg:402.65ms
step:4377/5100 lr:0.0003615 train_loss:3.2668 train_time:1758407ms step_avg:402.66ms
step:4378/5100 lr:0.000361 train_loss:3.2532 train_time:1758837ms step_avg:402.66ms
step:4379/5100 lr:0.0003605 train_loss:3.4380 train_time:1759268ms step_avg:402.67ms
step:4380/5100 lr:0.00035999999999999997 train_loss:3.3686 train_time:1759700ms step_avg:402.68ms
step:4381/5100 lr:0.0003595 train_loss:3.5180 train_time:1760133ms step_avg:402.68ms
step:4382/5100 lr:0.000359 train_loss:3.2115 train_time:1760757ms step_avg:402.73ms
step:4383/5100 lr:0.0003585 train_loss:3.2356 train_time:1761190ms step_avg:402.74ms
step:4384/5100 lr:0.000358 train_loss:3.1882 train_time:1761619ms step_avg:402.75ms
step:4385/5100 lr:0.0003575 train_loss:2.9775 train_time:1762050ms step_avg:402.75ms
step:4386/5100 lr:0.000357 train_loss:3.0387 train_time:1762482ms step_avg:402.76ms
step:4387/5100 lr:0.0003565 train_loss:3.2472 train_time:1762914ms step_avg:402.77ms
step:4388/5100 lr:0.000356 train_loss:3.3863 train_time:1763345ms step_avg:402.77ms
step:4389/5100 lr:0.00035549999999999997 train_loss:3.8754 train_time:1763776ms step_avg:402.78ms
step:4390/5100 lr:0.000355 train_loss:3.2182 train_time:1764206ms step_avg:402.79ms
step:4391/5100 lr:0.0003545 train_loss:3.2829 train_time:1764636ms step_avg:402.79ms
step:4392/5100 lr:0.000354 train_loss:3.2599 train_time:1765066ms step_avg:402.80ms
step:4393/5100 lr:0.0003535 train_loss:3.1357 train_time:1765496ms step_avg:402.81ms
step:4394/5100 lr:0.00035299999999999996 train_loss:3.3276 train_time:1765928ms step_avg:402.81ms
step:4395/5100 lr:0.0003525 train_loss:3.2973 train_time:1766358ms step_avg:402.82ms
step:4396/5100 lr:0.000352 train_loss:3.2875 train_time:1766789ms step_avg:402.82ms
step:4397/5100 lr:0.0003515 train_loss:3.1759 train_time:1767219ms step_avg:402.83ms
step:4398/5100 lr:0.00035099999999999997 train_loss:3.4755 train_time:1767650ms step_avg:402.84ms
step:4399/5100 lr:0.0003505 train_loss:3.3306 train_time:1768081ms step_avg:402.84ms
step:4400/5100 lr:0.00035 train_loss:3.2283 train_time:1768513ms step_avg:402.85ms
step:4401/5100 lr:0.0003495 train_loss:3.3136 train_time:1768944ms step_avg:402.86ms
step:4402/5100 lr:0.00034899999999999997 train_loss:3.1496 train_time:1769373ms step_avg:402.86ms
step:4403/5100 lr:0.00034849999999999996 train_loss:3.2711 train_time:1769804ms step_avg:402.87ms
step:4404/5100 lr:0.000348 train_loss:3.2676 train_time:1770235ms step_avg:402.88ms
step:4405/5100 lr:0.0003475 train_loss:3.1897 train_time:1770669ms step_avg:402.88ms
step:4406/5100 lr:0.000347 train_loss:3.2036 train_time:1771096ms step_avg:402.89ms
step:4407/5100 lr:0.00034649999999999997 train_loss:3.0866 train_time:1771527ms step_avg:402.89ms
step:4408/5100 lr:0.000346 train_loss:3.1740 train_time:1771960ms step_avg:402.90ms
step:4409/5100 lr:0.0003455 train_loss:3.6724 train_time:1772391ms step_avg:402.91ms
step:4410/5100 lr:0.000345 train_loss:3.1766 train_time:1772821ms step_avg:402.91ms
step:4411/5100 lr:0.00034449999999999997 train_loss:3.2921 train_time:1773253ms step_avg:402.92ms
step:4412/5100 lr:0.00034399999999999996 train_loss:3.2235 train_time:1773688ms step_avg:402.93ms
step:4413/5100 lr:0.00034350000000000006 train_loss:3.1867 train_time:1774119ms step_avg:402.93ms
step:4414/5100 lr:0.00034300000000000004 train_loss:3.4083 train_time:1774549ms step_avg:402.94ms
step:4415/5100 lr:0.00034250000000000003 train_loss:3.3685 train_time:1774980ms step_avg:402.95ms
step:4416/5100 lr:0.000342 train_loss:3.2954 train_time:1775411ms step_avg:402.95ms
step:4417/5100 lr:0.0003415 train_loss:3.5746 train_time:1775841ms step_avg:402.96ms
step:4418/5100 lr:0.00034100000000000005 train_loss:3.3784 train_time:1776271ms step_avg:402.97ms
step:4419/5100 lr:0.00034050000000000004 train_loss:3.3689 train_time:1776702ms step_avg:402.97ms
step:4420/5100 lr:0.00034 train_loss:3.5793 train_time:1777132ms step_avg:402.98ms
step:4421/5100 lr:0.0003395 train_loss:3.2946 train_time:1777563ms step_avg:402.98ms
step:4422/5100 lr:0.00033900000000000005 train_loss:3.2541 train_time:1777993ms step_avg:402.99ms
step:4423/5100 lr:0.00033850000000000004 train_loss:3.3137 train_time:1778427ms step_avg:403.00ms
step:4424/5100 lr:0.00033800000000000003 train_loss:3.3735 train_time:1778857ms step_avg:403.00ms
step:4425/5100 lr:0.0003375 train_loss:3.1764 train_time:1779288ms step_avg:403.01ms
step:4426/5100 lr:0.000337 train_loss:3.0882 train_time:1779718ms step_avg:403.02ms
step:4427/5100 lr:0.00033650000000000005 train_loss:3.2974 train_time:1780149ms step_avg:403.02ms
step:4428/5100 lr:0.00033600000000000004 train_loss:3.6144 train_time:1780582ms step_avg:403.03ms
step:4429/5100 lr:0.0003355 train_loss:3.2390 train_time:1781014ms step_avg:403.04ms
step:4430/5100 lr:0.000335 train_loss:3.1828 train_time:1781444ms step_avg:403.04ms
step:4431/5100 lr:0.00033450000000000005 train_loss:3.1944 train_time:1781880ms step_avg:403.05ms
step:4432/5100 lr:0.00033400000000000004 train_loss:3.3421 train_time:1782310ms step_avg:403.06ms
step:4433/5100 lr:0.00033350000000000003 train_loss:3.2770 train_time:1782741ms step_avg:403.06ms
step:4434/5100 lr:0.000333 train_loss:3.3801 train_time:1783171ms step_avg:403.07ms
step:4435/5100 lr:0.0003325 train_loss:3.2951 train_time:1783601ms step_avg:403.07ms
step:4436/5100 lr:0.00033200000000000005 train_loss:3.1887 train_time:1784032ms step_avg:403.08ms
step:4437/5100 lr:0.00033150000000000003 train_loss:3.2522 train_time:1784463ms step_avg:403.09ms
step:4438/5100 lr:0.000331 train_loss:3.1351 train_time:1784894ms step_avg:403.09ms
step:4439/5100 lr:0.0003305 train_loss:3.1256 train_time:1785324ms step_avg:403.10ms
step:4440/5100 lr:0.00033 train_loss:3.3043 train_time:1785754ms step_avg:403.10ms
step:4441/5100 lr:0.00032950000000000004 train_loss:3.4349 train_time:1786183ms step_avg:403.11ms
step:4442/5100 lr:0.00032900000000000003 train_loss:3.2486 train_time:1786614ms step_avg:403.12ms
step:4443/5100 lr:0.0003285 train_loss:3.1039 train_time:1787043ms step_avg:403.12ms
step:4444/5100 lr:0.000328 train_loss:3.2918 train_time:1787474ms step_avg:403.13ms
step:4445/5100 lr:0.00032750000000000005 train_loss:3.0936 train_time:1787905ms step_avg:403.14ms
step:4446/5100 lr:0.00032700000000000003 train_loss:3.2826 train_time:1788335ms step_avg:403.14ms
step:4447/5100 lr:0.0003265 train_loss:3.2067 train_time:1788764ms step_avg:403.15ms
step:4448/5100 lr:0.000326 train_loss:3.2713 train_time:1789194ms step_avg:403.15ms
step:4449/5100 lr:0.0003255 train_loss:3.0714 train_time:1789624ms step_avg:403.16ms
step:4450/5100 lr:0.00032500000000000004 train_loss:3.1822 train_time:1790058ms step_avg:403.17ms
step:4451/5100 lr:0.00032450000000000003 train_loss:3.1021 train_time:1790489ms step_avg:403.17ms
step:4452/5100 lr:0.000324 train_loss:3.1844 train_time:1790919ms step_avg:403.18ms
step:4453/5100 lr:0.0003235 train_loss:3.1757 train_time:1791350ms step_avg:403.18ms
step:4454/5100 lr:0.000323 train_loss:3.2624 train_time:1791780ms step_avg:403.19ms
step:4455/5100 lr:0.00032250000000000003 train_loss:3.4677 train_time:1792216ms step_avg:403.20ms
step:4456/5100 lr:0.000322 train_loss:3.2706 train_time:1792646ms step_avg:403.20ms
step:4457/5100 lr:0.0003215 train_loss:3.3418 train_time:1793076ms step_avg:403.21ms
step:4458/5100 lr:0.000321 train_loss:3.2186 train_time:1793505ms step_avg:403.22ms
step:4459/5100 lr:0.00032050000000000004 train_loss:3.1875 train_time:1793935ms step_avg:403.22ms
step:4460/5100 lr:0.00032 train_loss:3.1635 train_time:1794365ms step_avg:403.23ms
step:4461/5100 lr:0.0003195 train_loss:2.9953 train_time:1794795ms step_avg:403.23ms
step:4462/5100 lr:0.000319 train_loss:3.3449 train_time:1795225ms step_avg:403.24ms
step:4463/5100 lr:0.0003185 train_loss:3.3638 train_time:1795656ms step_avg:403.25ms
step:4464/5100 lr:0.00031800000000000003 train_loss:3.1945 train_time:1796086ms step_avg:403.25ms
step:4465/5100 lr:0.0003175 train_loss:3.2648 train_time:1796516ms step_avg:403.26ms
step:4466/5100 lr:0.000317 train_loss:3.2705 train_time:1796946ms step_avg:403.26ms
step:4467/5100 lr:0.0003165 train_loss:3.2289 train_time:1797376ms step_avg:403.27ms
step:4468/5100 lr:0.000316 train_loss:3.2293 train_time:1797806ms step_avg:403.28ms
step:4469/5100 lr:0.0003155 train_loss:3.2724 train_time:1798235ms step_avg:403.28ms
step:4470/5100 lr:0.000315 train_loss:3.2841 train_time:1798664ms step_avg:403.29ms
step:4471/5100 lr:0.0003145 train_loss:3.5819 train_time:1799094ms step_avg:403.29ms
step:4472/5100 lr:0.000314 train_loss:3.2627 train_time:1799540ms step_avg:403.30ms
step:4473/5100 lr:0.00031350000000000003 train_loss:3.2322 train_time:1799970ms step_avg:403.31ms
step:4474/5100 lr:0.000313 train_loss:2.9963 train_time:1800406ms step_avg:403.32ms
step:4475/5100 lr:0.0003125 train_loss:3.4155 train_time:1800836ms step_avg:403.32ms
step:4476/5100 lr:0.000312 train_loss:3.0784 train_time:1801266ms step_avg:403.33ms
step:4477/5100 lr:0.0003115 train_loss:3.0233 train_time:1801699ms step_avg:403.34ms
step:4478/5100 lr:0.000311 train_loss:3.3075 train_time:1802129ms step_avg:403.34ms
step:4479/5100 lr:0.0003105 train_loss:2.8031 train_time:1802560ms step_avg:403.35ms
step:4480/5100 lr:0.00031 train_loss:3.2547 train_time:1802991ms step_avg:403.35ms
step:4481/5100 lr:0.0003095 train_loss:3.3257 train_time:1803421ms step_avg:403.36ms
step:4482/5100 lr:0.00030900000000000003 train_loss:3.2326 train_time:1803852ms step_avg:403.37ms
step:4483/5100 lr:0.0003085 train_loss:3.2519 train_time:1804286ms step_avg:403.37ms
step:4484/5100 lr:0.000308 train_loss:3.2992 train_time:1804716ms step_avg:403.38ms
step:4485/5100 lr:0.0003075 train_loss:3.3273 train_time:1805146ms step_avg:403.38ms
step:4486/5100 lr:0.000307 train_loss:3.1721 train_time:1805575ms step_avg:403.39ms
step:4487/5100 lr:0.0003065 train_loss:3.4781 train_time:1806004ms step_avg:403.40ms
step:4488/5100 lr:0.000306 train_loss:3.3483 train_time:1806434ms step_avg:403.40ms
step:4489/5100 lr:0.0003055 train_loss:3.3275 train_time:1806864ms step_avg:403.41ms
step:4490/5100 lr:0.000305 train_loss:3.1048 train_time:1807293ms step_avg:403.41ms
step:4491/5100 lr:0.0003045 train_loss:3.2353 train_time:1807722ms step_avg:403.42ms
step:4492/5100 lr:0.000304 train_loss:3.3172 train_time:1808151ms step_avg:403.43ms
step:4493/5100 lr:0.0003035 train_loss:3.1192 train_time:1808580ms step_avg:403.43ms
step:4494/5100 lr:0.000303 train_loss:3.1409 train_time:1809010ms step_avg:403.44ms
step:4495/5100 lr:0.0003025 train_loss:3.0446 train_time:1809439ms step_avg:403.44ms
step:4496/5100 lr:0.000302 train_loss:3.2453 train_time:1809869ms step_avg:403.45ms
step:4497/5100 lr:0.0003015 train_loss:2.8850 train_time:1810303ms step_avg:403.46ms
step:4498/5100 lr:0.000301 train_loss:3.4835 train_time:1810728ms step_avg:403.46ms
step:4499/5100 lr:0.0003005 train_loss:3.2574 train_time:1811162ms step_avg:403.47ms
step:4500/5100 lr:0.0003 train_loss:3.3141 train_time:1811591ms step_avg:403.47ms
step:4500/5100 val_loss:3.2618 train_time:1811602ms step_avg:403.47ms
step:4501/5100 lr:0.0002995 train_loss:3.6461 train_time:1815850ms step_avg:404.33ms
step:4502/5100 lr:0.000299 train_loss:3.0035 train_time:1816280ms step_avg:404.34ms
step:4503/5100 lr:0.0002985 train_loss:3.4375 train_time:1816710ms step_avg:404.34ms
step:4504/5100 lr:0.000298 train_loss:3.0919 train_time:1817140ms step_avg:404.35ms
step:4505/5100 lr:0.00029749999999999997 train_loss:3.4385 train_time:1817574ms step_avg:404.35ms
step:4506/5100 lr:0.000297 train_loss:3.2388 train_time:1818003ms step_avg:404.36ms
step:4507/5100 lr:0.0002965 train_loss:3.2809 train_time:1818434ms step_avg:404.37ms
step:4508/5100 lr:0.000296 train_loss:3.3044 train_time:1818868ms step_avg:404.37ms
step:4509/5100 lr:0.00029549999999999997 train_loss:3.4251 train_time:1819298ms step_avg:404.38ms
step:4510/5100 lr:0.000295 train_loss:3.1997 train_time:1819730ms step_avg:404.38ms
step:4511/5100 lr:0.0002945 train_loss:3.2329 train_time:1820160ms step_avg:404.39ms
step:4512/5100 lr:0.000294 train_loss:3.5782 train_time:1820589ms step_avg:404.40ms
step:4513/5100 lr:0.0002935 train_loss:3.5754 train_time:1821019ms step_avg:404.40ms
step:4514/5100 lr:0.00029299999999999997 train_loss:3.2964 train_time:1821449ms step_avg:404.41ms
step:4515/5100 lr:0.0002925 train_loss:3.1623 train_time:1821878ms step_avg:404.41ms
step:4516/5100 lr:0.000292 train_loss:3.3275 train_time:1822307ms step_avg:404.42ms
step:4517/5100 lr:0.0002915 train_loss:3.3286 train_time:1822744ms step_avg:404.43ms
step:4518/5100 lr:0.00029099999999999997 train_loss:3.3335 train_time:1823174ms step_avg:404.43ms
step:4519/5100 lr:0.00029049999999999996 train_loss:3.3529 train_time:1823603ms step_avg:404.44ms
step:4520/5100 lr:0.00029 train_loss:3.3125 train_time:1824031ms step_avg:404.44ms
step:4521/5100 lr:0.0002895 train_loss:3.3286 train_time:1824460ms step_avg:404.45ms
step:4522/5100 lr:0.000289 train_loss:3.1942 train_time:1824889ms step_avg:404.45ms
step:4523/5100 lr:0.00028849999999999997 train_loss:3.3696 train_time:1825319ms step_avg:404.46ms
step:4524/5100 lr:0.000288 train_loss:3.2220 train_time:1825748ms step_avg:404.46ms
step:4525/5100 lr:0.0002875 train_loss:3.3334 train_time:1826177ms step_avg:404.47ms
step:4526/5100 lr:0.000287 train_loss:3.2978 train_time:1826607ms step_avg:404.47ms
step:4527/5100 lr:0.00028649999999999997 train_loss:3.0920 train_time:1827038ms step_avg:404.48ms
step:4528/5100 lr:0.00028599999999999996 train_loss:3.2088 train_time:1827468ms step_avg:404.49ms
step:4529/5100 lr:0.0002855 train_loss:3.4967 train_time:1827901ms step_avg:404.49ms
step:4530/5100 lr:0.000285 train_loss:3.3520 train_time:1828332ms step_avg:404.50ms
step:4531/5100 lr:0.0002845 train_loss:3.3908 train_time:1828764ms step_avg:404.50ms
step:4532/5100 lr:0.00028399999999999996 train_loss:3.1655 train_time:1829193ms step_avg:404.51ms
step:4533/5100 lr:0.0002835 train_loss:3.2710 train_time:1829623ms step_avg:404.52ms
step:4534/5100 lr:0.000283 train_loss:3.3001 train_time:1830052ms step_avg:404.52ms
step:4535/5100 lr:0.0002825 train_loss:3.1999 train_time:1830484ms step_avg:404.53ms
step:4536/5100 lr:0.00028199999999999997 train_loss:3.1646 train_time:1830915ms step_avg:404.53ms
step:4537/5100 lr:0.00028149999999999996 train_loss:3.2065 train_time:1831346ms step_avg:404.54ms
step:4538/5100 lr:0.00028100000000000005 train_loss:3.4236 train_time:1831777ms step_avg:404.54ms
step:4539/5100 lr:0.00028050000000000004 train_loss:3.1283 train_time:1832208ms step_avg:404.55ms
step:4540/5100 lr:0.00028000000000000003 train_loss:3.2847 train_time:1832639ms step_avg:404.56ms
step:4541/5100 lr:0.0002795 train_loss:3.3341 train_time:1833069ms step_avg:404.56ms
step:4542/5100 lr:0.000279 train_loss:3.3851 train_time:1833499ms step_avg:404.57ms
step:4543/5100 lr:0.00027850000000000005 train_loss:3.3774 train_time:1833927ms step_avg:404.57ms
step:4544/5100 lr:0.00027800000000000004 train_loss:3.1923 train_time:1834362ms step_avg:404.58ms
step:4545/5100 lr:0.0002775 train_loss:3.2791 train_time:1834790ms step_avg:404.58ms
step:4546/5100 lr:0.000277 train_loss:3.0938 train_time:1835219ms step_avg:404.59ms
step:4547/5100 lr:0.00027650000000000005 train_loss:3.1232 train_time:1835648ms step_avg:404.60ms
step:4548/5100 lr:0.00027600000000000004 train_loss:3.3681 train_time:1836077ms step_avg:404.60ms
step:4549/5100 lr:0.00027550000000000003 train_loss:3.1876 train_time:1836506ms step_avg:404.61ms
step:4550/5100 lr:0.000275 train_loss:3.1322 train_time:1836936ms step_avg:404.61ms
step:4551/5100 lr:0.0002745 train_loss:3.1082 train_time:1837369ms step_avg:404.62ms
step:4552/5100 lr:0.00027400000000000005 train_loss:3.0897 train_time:1837798ms step_avg:404.62ms
step:4553/5100 lr:0.00027350000000000003 train_loss:3.2882 train_time:1838227ms step_avg:404.63ms
step:4554/5100 lr:0.000273 train_loss:3.1866 train_time:1838661ms step_avg:404.63ms
step:4555/5100 lr:0.0002725 train_loss:3.2459 train_time:1839090ms step_avg:404.64ms
step:4556/5100 lr:0.00027200000000000005 train_loss:2.9872 train_time:1839521ms step_avg:404.65ms
step:4557/5100 lr:0.00027150000000000004 train_loss:3.3142 train_time:1839951ms step_avg:404.65ms
step:4558/5100 lr:0.00027100000000000003 train_loss:3.0927 train_time:1840380ms step_avg:404.66ms
step:4559/5100 lr:0.0002705 train_loss:3.2498 train_time:1840809ms step_avg:404.66ms
step:4560/5100 lr:0.00027 train_loss:3.3010 train_time:1841436ms step_avg:404.71ms
step:4561/5100 lr:0.00026950000000000005 train_loss:3.3913 train_time:1841866ms step_avg:404.72ms
step:4562/5100 lr:0.00026900000000000003 train_loss:3.2878 train_time:1842297ms step_avg:404.72ms
step:4563/5100 lr:0.0002685 train_loss:3.2084 train_time:1842728ms step_avg:404.73ms
step:4564/5100 lr:0.000268 train_loss:3.5372 train_time:1843158ms step_avg:404.73ms
step:4565/5100 lr:0.0002675 train_loss:3.4493 train_time:1843587ms step_avg:404.74ms
step:4566/5100 lr:0.00026700000000000004 train_loss:3.4785 train_time:1844017ms step_avg:404.74ms
step:4567/5100 lr:0.0002665 train_loss:3.4074 train_time:1844447ms step_avg:404.75ms
step:4568/5100 lr:0.000266 train_loss:3.1769 train_time:1844877ms step_avg:404.76ms
step:4569/5100 lr:0.0002655 train_loss:3.2987 train_time:1845307ms step_avg:404.76ms
step:4570/5100 lr:0.00026500000000000004 train_loss:3.2849 train_time:1845737ms step_avg:404.77ms
step:4571/5100 lr:0.00026450000000000003 train_loss:3.1998 train_time:1846167ms step_avg:404.77ms
step:4572/5100 lr:0.000264 train_loss:3.3344 train_time:1846793ms step_avg:404.82ms
step:4573/5100 lr:0.0002635 train_loss:3.3501 train_time:1847224ms step_avg:404.83ms
step:4574/5100 lr:0.000263 train_loss:3.2139 train_time:1847655ms step_avg:404.83ms
step:4575/5100 lr:0.00026250000000000004 train_loss:3.2547 train_time:1848086ms step_avg:404.84ms
step:4576/5100 lr:0.000262 train_loss:3.3837 train_time:1848519ms step_avg:404.84ms
step:4577/5100 lr:0.0002615 train_loss:3.4919 train_time:1848949ms step_avg:404.85ms
step:4578/5100 lr:0.000261 train_loss:3.3137 train_time:1849380ms step_avg:404.86ms
step:4579/5100 lr:0.0002605 train_loss:3.2447 train_time:1849811ms step_avg:404.86ms
step:4580/5100 lr:0.00026000000000000003 train_loss:3.4397 train_time:1850242ms step_avg:404.87ms
step:4581/5100 lr:0.0002595 train_loss:3.1557 train_time:1850672ms step_avg:404.87ms
step:4582/5100 lr:0.000259 train_loss:3.1299 train_time:1851103ms step_avg:404.88ms
step:4583/5100 lr:0.0002585 train_loss:3.4544 train_time:1851534ms step_avg:404.88ms
step:4584/5100 lr:0.00025800000000000004 train_loss:3.0960 train_time:1851965ms step_avg:404.89ms
step:4585/5100 lr:0.0002575 train_loss:3.1812 train_time:1852398ms step_avg:404.90ms
step:4586/5100 lr:0.000257 train_loss:3.3206 train_time:1852828ms step_avg:404.90ms
step:4587/5100 lr:0.0002565 train_loss:3.3250 train_time:1853259ms step_avg:404.91ms
step:4588/5100 lr:0.000256 train_loss:3.2866 train_time:1853689ms step_avg:404.91ms
step:4589/5100 lr:0.00025550000000000003 train_loss:3.2090 train_time:1854120ms step_avg:404.92ms
step:4590/5100 lr:0.000255 train_loss:3.2730 train_time:1854550ms step_avg:404.92ms
step:4591/5100 lr:0.0002545 train_loss:3.2632 train_time:1854980ms step_avg:404.93ms
step:4592/5100 lr:0.000254 train_loss:3.2019 train_time:1855410ms step_avg:404.93ms
step:4593/5100 lr:0.0002535 train_loss:3.2772 train_time:1855839ms step_avg:404.94ms
step:4594/5100 lr:0.000253 train_loss:3.1545 train_time:1856271ms step_avg:404.95ms
step:4595/5100 lr:0.0002525 train_loss:3.1774 train_time:1856701ms step_avg:404.95ms
step:4596/5100 lr:0.000252 train_loss:3.3527 train_time:1857132ms step_avg:404.96ms
step:4597/5100 lr:0.0002515 train_loss:3.3977 train_time:1857567ms step_avg:404.96ms
step:4598/5100 lr:0.00025100000000000003 train_loss:3.1714 train_time:1857997ms step_avg:404.97ms
step:4599/5100 lr:0.0002505 train_loss:3.1165 train_time:1858428ms step_avg:404.97ms
step:4600/5100 lr:0.00025 train_loss:3.2075 train_time:1858862ms step_avg:404.98ms
step:4601/5100 lr:0.0002495 train_loss:3.3862 train_time:1859289ms step_avg:404.99ms
step:4602/5100 lr:0.000249 train_loss:3.4024 train_time:1859725ms step_avg:404.99ms
step:4603/5100 lr:0.0002485 train_loss:3.3177 train_time:1860156ms step_avg:405.00ms
step:4604/5100 lr:0.000248 train_loss:3.2748 train_time:1860587ms step_avg:405.00ms
step:4605/5100 lr:0.0002475 train_loss:3.4621 train_time:1861017ms step_avg:405.01ms
step:4606/5100 lr:0.000247 train_loss:3.2761 train_time:1861448ms step_avg:405.01ms
step:4607/5100 lr:0.00024650000000000003 train_loss:3.0319 train_time:1861878ms step_avg:405.02ms
step:4608/5100 lr:0.000246 train_loss:3.3461 train_time:1862308ms step_avg:405.03ms
step:4609/5100 lr:0.0002455 train_loss:3.2191 train_time:1862738ms step_avg:405.03ms
step:4610/5100 lr:0.000245 train_loss:3.3428 train_time:1863168ms step_avg:405.04ms
step:4611/5100 lr:0.0002445 train_loss:3.3508 train_time:1863598ms step_avg:405.04ms
step:4612/5100 lr:0.000244 train_loss:3.2488 train_time:1864028ms step_avg:405.05ms
step:4613/5100 lr:0.0002435 train_loss:3.1938 train_time:1864458ms step_avg:405.05ms
step:4614/5100 lr:0.000243 train_loss:3.2079 train_time:1864888ms step_avg:405.06ms
step:4615/5100 lr:0.00024249999999999999 train_loss:3.1636 train_time:1865319ms step_avg:405.06ms
step:4616/5100 lr:0.000242 train_loss:3.3048 train_time:1865749ms step_avg:405.07ms
step:4617/5100 lr:0.0002415 train_loss:3.2652 train_time:1866180ms step_avg:405.07ms
step:4618/5100 lr:0.000241 train_loss:3.3272 train_time:1866610ms step_avg:405.08ms
step:4619/5100 lr:0.0002405 train_loss:3.3132 train_time:1867040ms step_avg:405.09ms
step:4620/5100 lr:0.00024 train_loss:3.3665 train_time:1867471ms step_avg:405.09ms
step:4621/5100 lr:0.0002395 train_loss:3.1899 train_time:1867901ms step_avg:405.10ms
step:4622/5100 lr:0.00023899999999999998 train_loss:3.2722 train_time:1868331ms step_avg:405.10ms
step:4623/5100 lr:0.0002385 train_loss:3.4997 train_time:1868762ms step_avg:405.11ms
step:4624/5100 lr:0.00023799999999999998 train_loss:3.2290 train_time:1869193ms step_avg:405.11ms
step:4625/5100 lr:0.0002375 train_loss:2.9980 train_time:1869624ms step_avg:405.12ms
step:4625/5100 val_loss:3.2512 train_time:1869635ms step_avg:405.12ms
step:4626/5100 lr:0.000237 train_loss:3.2541 train_time:1873895ms step_avg:405.96ms
step:4627/5100 lr:0.0002365 train_loss:3.1302 train_time:1874324ms step_avg:405.96ms
step:4628/5100 lr:0.000236 train_loss:3.3582 train_time:1874755ms step_avg:405.97ms
step:4629/5100 lr:0.0002355 train_loss:3.1544 train_time:1875185ms step_avg:405.97ms
step:4630/5100 lr:0.000235 train_loss:3.3416 train_time:1875615ms step_avg:405.98ms
step:4631/5100 lr:0.00023449999999999998 train_loss:3.4020 train_time:1876045ms step_avg:405.98ms
step:4632/5100 lr:0.00023400000000000002 train_loss:3.4606 train_time:1876475ms step_avg:405.99ms
step:4633/5100 lr:0.0002335 train_loss:2.9897 train_time:1876907ms step_avg:405.99ms
step:4634/5100 lr:0.00023300000000000003 train_loss:3.2622 train_time:1877336ms step_avg:406.00ms
step:4635/5100 lr:0.0002325 train_loss:3.2586 train_time:1877766ms step_avg:406.00ms
step:4636/5100 lr:0.00023200000000000003 train_loss:3.0969 train_time:1878197ms step_avg:406.01ms
step:4637/5100 lr:0.00023150000000000002 train_loss:3.3339 train_time:1878627ms step_avg:406.01ms
step:4638/5100 lr:0.000231 train_loss:3.2645 train_time:1879057ms step_avg:406.02ms
step:4639/5100 lr:0.00023050000000000002 train_loss:3.0598 train_time:1879489ms step_avg:406.02ms
step:4640/5100 lr:0.00023 train_loss:3.2115 train_time:1879920ms step_avg:406.03ms
step:4641/5100 lr:0.00022950000000000002 train_loss:3.3222 train_time:1880351ms step_avg:406.04ms
step:4642/5100 lr:0.000229 train_loss:3.5075 train_time:1880781ms step_avg:406.04ms
step:4643/5100 lr:0.00022850000000000002 train_loss:3.1279 train_time:1881210ms step_avg:406.05ms
step:4644/5100 lr:0.000228 train_loss:3.4194 train_time:1881680ms step_avg:406.06ms
step:4645/5100 lr:0.0002275 train_loss:3.2350 train_time:1882110ms step_avg:406.06ms
step:4646/5100 lr:0.00022700000000000002 train_loss:3.1896 train_time:1882540ms step_avg:406.07ms
step:4647/5100 lr:0.0002265 train_loss:3.3393 train_time:1882970ms step_avg:406.07ms
step:4648/5100 lr:0.00022600000000000002 train_loss:3.1246 train_time:1883400ms step_avg:406.08ms
step:4649/5100 lr:0.0002255 train_loss:3.3545 train_time:1883829ms step_avg:406.09ms
step:4650/5100 lr:0.00022500000000000002 train_loss:3.2462 train_time:1884261ms step_avg:406.09ms
step:4651/5100 lr:0.0002245 train_loss:3.2448 train_time:1884692ms step_avg:406.10ms
step:4652/5100 lr:0.000224 train_loss:3.1078 train_time:1885121ms step_avg:406.10ms
step:4653/5100 lr:0.0002235 train_loss:3.2119 train_time:1885553ms step_avg:406.11ms
step:4654/5100 lr:0.000223 train_loss:3.2118 train_time:1885983ms step_avg:406.11ms
step:4655/5100 lr:0.00022250000000000001 train_loss:3.5454 train_time:1886412ms step_avg:406.12ms
step:4656/5100 lr:0.000222 train_loss:3.2669 train_time:1886841ms step_avg:406.12ms
step:4657/5100 lr:0.00022150000000000002 train_loss:3.2169 train_time:1887270ms step_avg:406.13ms
step:4658/5100 lr:0.000221 train_loss:3.2153 train_time:1887701ms step_avg:406.13ms
step:4659/5100 lr:0.0002205 train_loss:3.3848 train_time:1888130ms step_avg:406.14ms
step:4660/5100 lr:0.00022 train_loss:3.3654 train_time:1888560ms step_avg:406.14ms
step:4661/5100 lr:0.0002195 train_loss:3.2937 train_time:1888989ms step_avg:406.15ms
step:4662/5100 lr:0.000219 train_loss:3.1650 train_time:1889419ms step_avg:406.15ms
step:4663/5100 lr:0.0002185 train_loss:3.4230 train_time:1889849ms step_avg:406.16ms
step:4664/5100 lr:0.000218 train_loss:3.4743 train_time:1890279ms step_avg:406.16ms
step:4665/5100 lr:0.0002175 train_loss:3.2761 train_time:1890708ms step_avg:406.17ms
step:4666/5100 lr:0.00021700000000000002 train_loss:3.1961 train_time:1891139ms step_avg:406.17ms
step:4667/5100 lr:0.0002165 train_loss:3.3742 train_time:1891710ms step_avg:406.21ms
step:4668/5100 lr:0.000216 train_loss:3.1584 train_time:1892140ms step_avg:406.21ms
step:4669/5100 lr:0.0002155 train_loss:3.0758 train_time:1892570ms step_avg:406.22ms
step:4670/5100 lr:0.000215 train_loss:3.1883 train_time:1893000ms step_avg:406.22ms
step:4671/5100 lr:0.0002145 train_loss:3.1255 train_time:1893430ms step_avg:406.23ms
step:4672/5100 lr:0.000214 train_loss:3.1648 train_time:1893861ms step_avg:406.23ms
step:4673/5100 lr:0.0002135 train_loss:3.1330 train_time:1894293ms step_avg:406.24ms
step:4674/5100 lr:0.000213 train_loss:3.3361 train_time:1894724ms step_avg:406.24ms
step:4675/5100 lr:0.0002125 train_loss:3.1890 train_time:1895153ms step_avg:406.25ms
step:4676/5100 lr:0.000212 train_loss:3.1490 train_time:1895583ms step_avg:406.25ms
step:4677/5100 lr:0.0002115 train_loss:3.3635 train_time:1896013ms step_avg:406.26ms
step:4678/5100 lr:0.000211 train_loss:3.2385 train_time:1896442ms step_avg:406.26ms
step:4679/5100 lr:0.0002105 train_loss:3.2494 train_time:1896872ms step_avg:406.27ms
step:4680/5100 lr:0.00021 train_loss:3.2580 train_time:1897301ms step_avg:406.27ms
step:4681/5100 lr:0.0002095 train_loss:3.3214 train_time:1897734ms step_avg:406.28ms
step:4682/5100 lr:0.00020899999999999998 train_loss:3.3820 train_time:1898164ms step_avg:406.29ms
step:4683/5100 lr:0.0002085 train_loss:3.2698 train_time:1898594ms step_avg:406.29ms
step:4684/5100 lr:0.000208 train_loss:3.3067 train_time:1899024ms step_avg:406.30ms
step:4685/5100 lr:0.0002075 train_loss:3.3153 train_time:1899454ms step_avg:406.30ms
step:4686/5100 lr:0.000207 train_loss:3.1904 train_time:1899884ms step_avg:406.31ms
step:4687/5100 lr:0.0002065 train_loss:3.4511 train_time:1900314ms step_avg:406.31ms
step:4688/5100 lr:0.000206 train_loss:3.0528 train_time:1900744ms step_avg:406.32ms
step:4689/5100 lr:0.00020549999999999998 train_loss:3.1131 train_time:1901174ms step_avg:406.32ms
step:4690/5100 lr:0.000205 train_loss:3.3167 train_time:1901603ms step_avg:406.33ms
step:4691/5100 lr:0.00020449999999999998 train_loss:3.1487 train_time:1902033ms step_avg:406.33ms
step:4692/5100 lr:0.000204 train_loss:3.1564 train_time:1902462ms step_avg:406.34ms
step:4693/5100 lr:0.00020349999999999999 train_loss:3.2040 train_time:1902894ms step_avg:406.34ms
step:4694/5100 lr:0.00020300000000000003 train_loss:3.0966 train_time:1903324ms step_avg:406.35ms
step:4695/5100 lr:0.00020250000000000002 train_loss:3.1995 train_time:1903753ms step_avg:406.35ms
step:4696/5100 lr:0.000202 train_loss:3.4557 train_time:1904184ms step_avg:406.36ms
step:4697/5100 lr:0.00020150000000000002 train_loss:3.5055 train_time:1904614ms step_avg:406.36ms
step:4698/5100 lr:0.000201 train_loss:3.2101 train_time:1905044ms step_avg:406.37ms
step:4699/5100 lr:0.00020050000000000002 train_loss:3.1213 train_time:1905473ms step_avg:406.37ms
step:4700/5100 lr:0.0002 train_loss:3.4671 train_time:1905903ms step_avg:406.38ms
step:4701/5100 lr:0.00019950000000000002 train_loss:3.1319 train_time:1906333ms step_avg:406.38ms
step:4702/5100 lr:0.000199 train_loss:3.0052 train_time:1906763ms step_avg:406.39ms
step:4703/5100 lr:0.00019850000000000003 train_loss:3.2192 train_time:1907194ms step_avg:406.39ms
step:4704/5100 lr:0.00019800000000000002 train_loss:3.1426 train_time:1907624ms step_avg:406.40ms
step:4705/5100 lr:0.0001975 train_loss:3.1820 train_time:1908054ms step_avg:406.40ms
step:4706/5100 lr:0.00019700000000000002 train_loss:3.2105 train_time:1908484ms step_avg:406.41ms
step:4707/5100 lr:0.0001965 train_loss:3.2661 train_time:1908914ms step_avg:406.41ms
step:4708/5100 lr:0.00019600000000000002 train_loss:3.3917 train_time:1909344ms step_avg:406.42ms
step:4709/5100 lr:0.0001955 train_loss:3.1792 train_time:1909774ms step_avg:406.42ms
step:4710/5100 lr:0.00019500000000000002 train_loss:3.3256 train_time:1910206ms step_avg:406.43ms
step:4711/5100 lr:0.0001945 train_loss:3.2967 train_time:1910636ms step_avg:406.43ms
step:4712/5100 lr:0.000194 train_loss:3.2564 train_time:1911066ms step_avg:406.44ms
step:4713/5100 lr:0.00019350000000000001 train_loss:3.2711 train_time:1911497ms step_avg:406.44ms
step:4714/5100 lr:0.000193 train_loss:3.2553 train_time:1911927ms step_avg:406.45ms
step:4715/5100 lr:0.00019250000000000002 train_loss:3.3210 train_time:1912357ms step_avg:406.45ms
step:4716/5100 lr:0.000192 train_loss:3.2007 train_time:1912788ms step_avg:406.46ms
step:4717/5100 lr:0.00019150000000000002 train_loss:3.1409 train_time:1913218ms step_avg:406.46ms
step:4718/5100 lr:0.000191 train_loss:3.3122 train_time:1913649ms step_avg:406.47ms
step:4719/5100 lr:0.0001905 train_loss:3.2362 train_time:1914079ms step_avg:406.47ms
step:4720/5100 lr:0.00019 train_loss:3.2476 train_time:1914509ms step_avg:406.48ms
step:4721/5100 lr:0.0001895 train_loss:3.2046 train_time:1914939ms step_avg:406.48ms
step:4722/5100 lr:0.000189 train_loss:3.1556 train_time:1915369ms step_avg:406.49ms
step:4723/5100 lr:0.0001885 train_loss:3.2940 train_time:1915802ms step_avg:406.49ms
step:4724/5100 lr:0.00018800000000000002 train_loss:3.2827 train_time:1916232ms step_avg:406.50ms
step:4725/5100 lr:0.0001875 train_loss:3.1758 train_time:1916672ms step_avg:406.51ms
step:4726/5100 lr:0.000187 train_loss:3.3556 train_time:1917102ms step_avg:406.51ms
step:4727/5100 lr:0.0001865 train_loss:3.3363 train_time:1917531ms step_avg:406.52ms
step:4728/5100 lr:0.000186 train_loss:3.2669 train_time:1917961ms step_avg:406.52ms
step:4729/5100 lr:0.0001855 train_loss:3.1383 train_time:1918391ms step_avg:406.52ms
step:4730/5100 lr:0.000185 train_loss:3.1141 train_time:1918821ms step_avg:406.53ms
step:4731/5100 lr:0.0001845 train_loss:3.2261 train_time:1919250ms step_avg:406.53ms
step:4732/5100 lr:0.000184 train_loss:3.3179 train_time:1919680ms step_avg:406.54ms
step:4733/5100 lr:0.0001835 train_loss:3.2267 train_time:1920110ms step_avg:406.54ms
step:4734/5100 lr:0.000183 train_loss:3.1302 train_time:1920541ms step_avg:406.55ms
step:4735/5100 lr:0.0001825 train_loss:3.2502 train_time:1920971ms step_avg:406.55ms
step:4736/5100 lr:0.000182 train_loss:3.1963 train_time:1921401ms step_avg:406.56ms
step:4737/5100 lr:0.0001815 train_loss:3.6084 train_time:1921831ms step_avg:406.56ms
step:4738/5100 lr:0.000181 train_loss:3.2077 train_time:1922260ms step_avg:406.57ms
step:4739/5100 lr:0.0001805 train_loss:3.3241 train_time:1922691ms step_avg:406.57ms
step:4740/5100 lr:0.00017999999999999998 train_loss:3.0264 train_time:1923121ms step_avg:406.58ms
step:4741/5100 lr:0.0001795 train_loss:3.2879 train_time:1923552ms step_avg:406.58ms
step:4742/5100 lr:0.000179 train_loss:3.1084 train_time:1923981ms step_avg:406.59ms
step:4743/5100 lr:0.0001785 train_loss:3.2139 train_time:1924411ms step_avg:406.59ms
step:4744/5100 lr:0.000178 train_loss:3.1520 train_time:1924841ms step_avg:406.60ms
step:4745/5100 lr:0.0001775 train_loss:3.1682 train_time:1925272ms step_avg:406.60ms
step:4746/5100 lr:0.000177 train_loss:3.3550 train_time:1925703ms step_avg:406.61ms
step:4747/5100 lr:0.00017649999999999998 train_loss:3.2591 train_time:1926132ms step_avg:406.61ms
step:4748/5100 lr:0.000176 train_loss:3.4388 train_time:1926565ms step_avg:406.62ms
step:4749/5100 lr:0.00017549999999999998 train_loss:3.3578 train_time:1926995ms step_avg:406.62ms
step:4750/5100 lr:0.000175 train_loss:3.1439 train_time:1927623ms step_avg:406.67ms
step:4750/5100 val_loss:3.2411 train_time:1927633ms step_avg:406.67ms
step:4751/5100 lr:0.00017449999999999999 train_loss:3.2269 train_time:1931886ms step_avg:407.48ms
step:4752/5100 lr:0.000174 train_loss:3.3076 train_time:1932316ms step_avg:407.49ms
step:4753/5100 lr:0.0001735 train_loss:3.1986 train_time:1932745ms step_avg:407.49ms
step:4754/5100 lr:0.000173 train_loss:3.1126 train_time:1933176ms step_avg:407.50ms
step:4755/5100 lr:0.0001725 train_loss:3.1899 train_time:1933606ms step_avg:407.50ms
step:4756/5100 lr:0.00017199999999999998 train_loss:3.2127 train_time:1934036ms step_avg:407.51ms
step:4757/5100 lr:0.00017150000000000002 train_loss:3.1811 train_time:1934466ms step_avg:407.51ms
step:4758/5100 lr:0.000171 train_loss:3.1849 train_time:1934896ms step_avg:407.52ms
step:4759/5100 lr:0.00017050000000000002 train_loss:3.4087 train_time:1935326ms step_avg:407.52ms
step:4760/5100 lr:0.00017 train_loss:3.1432 train_time:1935756ms step_avg:407.53ms
step:4761/5100 lr:0.00016950000000000003 train_loss:3.2145 train_time:1936186ms step_avg:407.53ms
step:4762/5100 lr:0.00016900000000000002 train_loss:3.1107 train_time:1936615ms step_avg:407.54ms
step:4763/5100 lr:0.0001685 train_loss:3.0959 train_time:1937241ms step_avg:407.58ms
step:4764/5100 lr:0.00016800000000000002 train_loss:3.2255 train_time:1937670ms step_avg:407.59ms
step:4765/5100 lr:0.0001675 train_loss:3.2963 train_time:1938101ms step_avg:407.59ms
step:4766/5100 lr:0.00016700000000000002 train_loss:3.3442 train_time:1938530ms step_avg:407.60ms
step:4767/5100 lr:0.0001665 train_loss:3.2144 train_time:1938960ms step_avg:407.60ms
step:4768/5100 lr:0.00016600000000000002 train_loss:3.2694 train_time:1939390ms step_avg:407.61ms
step:4769/5100 lr:0.0001655 train_loss:3.1207 train_time:1939820ms step_avg:407.61ms
step:4770/5100 lr:0.000165 train_loss:3.2186 train_time:1940249ms step_avg:407.62ms
step:4771/5100 lr:0.00016450000000000001 train_loss:3.2429 train_time:1940679ms step_avg:407.62ms
step:4772/5100 lr:0.000164 train_loss:3.4701 train_time:1941109ms step_avg:407.62ms
step:4773/5100 lr:0.00016350000000000002 train_loss:3.3027 train_time:1941541ms step_avg:407.63ms
step:4774/5100 lr:0.000163 train_loss:3.1409 train_time:1941971ms step_avg:407.63ms
step:4775/5100 lr:0.00016250000000000002 train_loss:3.1642 train_time:1942402ms step_avg:407.64ms
step:4776/5100 lr:0.000162 train_loss:3.3064 train_time:1942834ms step_avg:407.64ms
step:4777/5100 lr:0.0001615 train_loss:3.1687 train_time:1943268ms step_avg:407.65ms
step:4778/5100 lr:0.000161 train_loss:3.3224 train_time:1943695ms step_avg:407.65ms
step:4779/5100 lr:0.0001605 train_loss:3.2566 train_time:1944175ms step_avg:407.67ms
step:4780/5100 lr:0.00016 train_loss:3.1986 train_time:1944605ms step_avg:407.67ms
step:4781/5100 lr:0.0001595 train_loss:3.2486 train_time:1945035ms step_avg:407.68ms
step:4782/5100 lr:0.00015900000000000002 train_loss:3.2877 train_time:1945465ms step_avg:407.68ms
step:4783/5100 lr:0.0001585 train_loss:3.3027 train_time:1945895ms step_avg:407.69ms
step:4784/5100 lr:0.000158 train_loss:3.1684 train_time:1946325ms step_avg:407.69ms
step:4785/5100 lr:0.0001575 train_loss:3.1970 train_time:1946756ms step_avg:407.70ms
step:4786/5100 lr:0.000157 train_loss:3.1308 train_time:1947185ms step_avg:407.70ms
step:4787/5100 lr:0.0001565 train_loss:3.4311 train_time:1947616ms step_avg:407.71ms
step:4788/5100 lr:0.000156 train_loss:3.1957 train_time:1948046ms step_avg:407.71ms
step:4789/5100 lr:0.0001555 train_loss:3.2087 train_time:1948477ms step_avg:407.72ms
step:4790/5100 lr:0.000155 train_loss:3.2464 train_time:1948907ms step_avg:407.72ms
step:4791/5100 lr:0.00015450000000000001 train_loss:3.2836 train_time:1949337ms step_avg:407.73ms
step:4792/5100 lr:0.000154 train_loss:3.1620 train_time:1949767ms step_avg:407.73ms
step:4793/5100 lr:0.0001535 train_loss:3.1701 train_time:1950197ms step_avg:407.74ms
step:4794/5100 lr:0.000153 train_loss:3.2774 train_time:1950626ms step_avg:407.74ms
step:4795/5100 lr:0.0001525 train_loss:3.4148 train_time:1951056ms step_avg:407.74ms
step:4796/5100 lr:0.000152 train_loss:3.2379 train_time:1951486ms step_avg:407.75ms
step:4797/5100 lr:0.0001515 train_loss:3.2202 train_time:1951917ms step_avg:407.75ms
step:4798/5100 lr:0.000151 train_loss:3.2686 train_time:1952347ms step_avg:407.76ms
step:4799/5100 lr:0.0001505 train_loss:3.2601 train_time:1952777ms step_avg:407.76ms
step:4800/5100 lr:0.00015 train_loss:3.2410 train_time:1953207ms step_avg:407.77ms
step:4801/5100 lr:0.0001495 train_loss:3.2804 train_time:1953640ms step_avg:407.77ms
step:4802/5100 lr:0.000149 train_loss:3.2495 train_time:1954069ms step_avg:407.78ms
step:4803/5100 lr:0.0001485 train_loss:3.2266 train_time:1954499ms step_avg:407.78ms
step:4804/5100 lr:0.000148 train_loss:3.5149 train_time:1954932ms step_avg:407.79ms
step:4805/5100 lr:0.0001475 train_loss:3.4786 train_time:1955362ms step_avg:407.79ms
step:4806/5100 lr:0.000147 train_loss:3.2680 train_time:1955792ms step_avg:407.80ms
step:4807/5100 lr:0.00014649999999999998 train_loss:3.2356 train_time:1956222ms step_avg:407.80ms
step:4808/5100 lr:0.000146 train_loss:3.2778 train_time:1956652ms step_avg:407.81ms
step:4809/5100 lr:0.00014549999999999999 train_loss:3.1913 train_time:1957082ms step_avg:407.81ms
step:4810/5100 lr:0.000145 train_loss:3.1649 train_time:1957512ms step_avg:407.82ms
step:4811/5100 lr:0.0001445 train_loss:3.2525 train_time:1957943ms step_avg:407.82ms
step:4812/5100 lr:0.000144 train_loss:3.0521 train_time:1958372ms step_avg:407.82ms
step:4813/5100 lr:0.0001435 train_loss:3.4189 train_time:1958802ms step_avg:407.83ms
step:4814/5100 lr:0.00014299999999999998 train_loss:3.1741 train_time:1959232ms step_avg:407.83ms
step:4815/5100 lr:0.0001425 train_loss:3.2810 train_time:1959662ms step_avg:407.84ms
step:4816/5100 lr:0.00014199999999999998 train_loss:3.2146 train_time:1960092ms step_avg:407.84ms
step:4817/5100 lr:0.0001415 train_loss:3.2987 train_time:1960521ms step_avg:407.85ms
step:4818/5100 lr:0.00014099999999999998 train_loss:3.1831 train_time:1960951ms step_avg:407.85ms
step:4819/5100 lr:0.00014050000000000003 train_loss:3.2686 train_time:1961382ms step_avg:407.86ms
step:4820/5100 lr:0.00014000000000000001 train_loss:3.2321 train_time:1961813ms step_avg:407.86ms
step:4821/5100 lr:0.0001395 train_loss:2.9329 train_time:1962243ms step_avg:407.87ms
step:4822/5100 lr:0.00013900000000000002 train_loss:3.1885 train_time:1962674ms step_avg:407.87ms
step:4823/5100 lr:0.0001385 train_loss:3.2007 train_time:1963106ms step_avg:407.88ms
step:4824/5100 lr:0.00013800000000000002 train_loss:3.2573 train_time:1963542ms step_avg:407.88ms
step:4825/5100 lr:0.0001375 train_loss:3.0935 train_time:1963972ms step_avg:407.89ms
step:4826/5100 lr:0.00013700000000000002 train_loss:3.1627 train_time:1964402ms step_avg:407.89ms
step:4827/5100 lr:0.0001365 train_loss:2.9168 train_time:1964832ms step_avg:407.90ms
step:4828/5100 lr:0.00013600000000000003 train_loss:3.3131 train_time:1965262ms step_avg:407.90ms
step:4829/5100 lr:0.00013550000000000001 train_loss:3.2425 train_time:1965692ms step_avg:407.90ms
step:4830/5100 lr:0.000135 train_loss:3.3894 train_time:1966121ms step_avg:407.91ms
step:4831/5100 lr:0.00013450000000000002 train_loss:3.1086 train_time:1966551ms step_avg:407.91ms
step:4832/5100 lr:0.000134 train_loss:3.1708 train_time:1966980ms step_avg:407.92ms
step:4833/5100 lr:0.00013350000000000002 train_loss:3.2384 train_time:1967410ms step_avg:407.92ms
step:4834/5100 lr:0.000133 train_loss:3.3137 train_time:1967840ms step_avg:407.93ms
step:4835/5100 lr:0.00013250000000000002 train_loss:3.0079 train_time:1968269ms step_avg:407.93ms
step:4836/5100 lr:0.000132 train_loss:3.1250 train_time:1968700ms step_avg:407.94ms
step:4837/5100 lr:0.0001315 train_loss:3.2253 train_time:1969130ms step_avg:407.94ms
step:4838/5100 lr:0.000131 train_loss:3.1712 train_time:1969559ms step_avg:407.95ms
step:4839/5100 lr:0.0001305 train_loss:3.0379 train_time:1969989ms step_avg:407.95ms
step:4840/5100 lr:0.00013000000000000002 train_loss:3.4124 train_time:1970425ms step_avg:407.96ms
step:4841/5100 lr:0.0001295 train_loss:3.1916 train_time:1970855ms step_avg:407.96ms
step:4842/5100 lr:0.00012900000000000002 train_loss:3.1708 train_time:1971286ms step_avg:407.96ms
step:4843/5100 lr:0.0001285 train_loss:3.1710 train_time:1971715ms step_avg:407.97ms
step:4844/5100 lr:0.000128 train_loss:2.9413 train_time:1972145ms step_avg:407.97ms
step:4845/5100 lr:0.0001275 train_loss:3.2836 train_time:1972576ms step_avg:407.98ms
step:4846/5100 lr:0.000127 train_loss:3.1371 train_time:1973006ms step_avg:407.98ms
step:4847/5100 lr:0.0001265 train_loss:3.1438 train_time:1973436ms step_avg:407.99ms
step:4848/5100 lr:0.000126 train_loss:3.0627 train_time:1973866ms step_avg:407.99ms
step:4849/5100 lr:0.00012550000000000001 train_loss:3.1419 train_time:1974296ms step_avg:408.00ms
step:4850/5100 lr:0.000125 train_loss:3.2533 train_time:1974727ms step_avg:408.00ms
step:4851/5100 lr:0.0001245 train_loss:3.1118 train_time:1975157ms step_avg:408.01ms
step:4852/5100 lr:0.000124 train_loss:3.3207 train_time:1975588ms step_avg:408.01ms
step:4853/5100 lr:0.0001235 train_loss:3.0857 train_time:1976017ms step_avg:408.02ms
step:4854/5100 lr:0.000123 train_loss:3.1516 train_time:1976447ms step_avg:408.02ms
step:4855/5100 lr:0.0001225 train_loss:3.3868 train_time:1976877ms step_avg:408.02ms
step:4856/5100 lr:0.000122 train_loss:3.2726 train_time:1977307ms step_avg:408.03ms
step:4857/5100 lr:0.0001215 train_loss:3.3850 train_time:1977737ms step_avg:408.03ms
step:4858/5100 lr:0.000121 train_loss:3.2452 train_time:1978166ms step_avg:408.04ms
step:4859/5100 lr:0.0001205 train_loss:3.2159 train_time:1978596ms step_avg:408.04ms
step:4860/5100 lr:0.00012 train_loss:3.2792 train_time:1979026ms step_avg:408.05ms
step:4861/5100 lr:0.00011949999999999999 train_loss:3.2482 train_time:1979456ms step_avg:408.05ms
step:4862/5100 lr:0.00011899999999999999 train_loss:3.3139 train_time:1979887ms step_avg:408.06ms
step:4863/5100 lr:0.0001185 train_loss:3.2814 train_time:1980317ms step_avg:408.06ms
step:4864/5100 lr:0.000118 train_loss:3.1223 train_time:1980747ms step_avg:408.06ms
step:4865/5100 lr:0.0001175 train_loss:2.9919 train_time:1981178ms step_avg:408.07ms
step:4866/5100 lr:0.00011700000000000001 train_loss:3.2073 train_time:1981609ms step_avg:408.07ms
step:4867/5100 lr:0.00011650000000000001 train_loss:3.2505 train_time:1982039ms step_avg:408.08ms
step:4868/5100 lr:0.00011600000000000001 train_loss:3.1938 train_time:1982469ms step_avg:408.08ms
step:4869/5100 lr:0.0001155 train_loss:3.2700 train_time:1982899ms step_avg:408.09ms
step:4870/5100 lr:0.000115 train_loss:3.1526 train_time:1983328ms step_avg:408.09ms
step:4871/5100 lr:0.0001145 train_loss:3.1025 train_time:1983761ms step_avg:408.10ms
step:4872/5100 lr:0.000114 train_loss:3.2581 train_time:1984191ms step_avg:408.10ms
step:4873/5100 lr:0.00011350000000000001 train_loss:3.1547 train_time:1984622ms step_avg:408.11ms
step:4874/5100 lr:0.00011300000000000001 train_loss:3.2700 train_time:1985052ms step_avg:408.11ms
step:4875/5100 lr:0.00011250000000000001 train_loss:3.4589 train_time:1985482ms step_avg:408.12ms
step:4875/5100 val_loss:3.2325 train_time:1985493ms step_avg:408.12ms
step:4876/5100 lr:0.000112 train_loss:3.2653 train_time:1989745ms step_avg:408.91ms
step:4877/5100 lr:0.0001115 train_loss:3.1729 train_time:1990175ms step_avg:408.91ms
step:4878/5100 lr:0.000111 train_loss:3.1615 train_time:1990605ms step_avg:408.92ms
step:4879/5100 lr:0.0001105 train_loss:3.1517 train_time:1991035ms step_avg:408.92ms
step:4880/5100 lr:0.00011 train_loss:3.1025 train_time:1991471ms step_avg:408.93ms
step:4881/5100 lr:0.0001095 train_loss:3.3166 train_time:1991902ms step_avg:408.93ms
step:4882/5100 lr:0.000109 train_loss:3.1733 train_time:1992332ms step_avg:408.94ms
step:4883/5100 lr:0.00010850000000000001 train_loss:3.2742 train_time:1992762ms step_avg:408.94ms
step:4884/5100 lr:0.000108 train_loss:3.1413 train_time:1993192ms step_avg:408.94ms
step:4885/5100 lr:0.0001075 train_loss:3.2389 train_time:1993622ms step_avg:408.95ms
step:4886/5100 lr:0.000107 train_loss:3.1472 train_time:1994053ms step_avg:408.95ms
step:4887/5100 lr:0.0001065 train_loss:3.3050 train_time:1994483ms step_avg:408.96ms
step:4888/5100 lr:0.000106 train_loss:3.1975 train_time:1994913ms step_avg:408.96ms
step:4889/5100 lr:0.0001055 train_loss:3.1549 train_time:1995342ms step_avg:408.97ms
step:4890/5100 lr:0.000105 train_loss:3.3290 train_time:1995773ms step_avg:408.97ms
step:4891/5100 lr:0.00010449999999999999 train_loss:3.2535 train_time:1996203ms step_avg:408.97ms
step:4892/5100 lr:0.000104 train_loss:3.0638 train_time:1996633ms step_avg:408.98ms
step:4893/5100 lr:0.0001035 train_loss:3.2194 train_time:1997063ms step_avg:408.98ms
step:4894/5100 lr:0.000103 train_loss:3.1963 train_time:1997493ms step_avg:408.99ms
step:4895/5100 lr:0.0001025 train_loss:3.3334 train_time:1997923ms step_avg:408.99ms
step:4896/5100 lr:0.000102 train_loss:3.2428 train_time:1998353ms step_avg:409.00ms
step:4897/5100 lr:0.00010150000000000001 train_loss:3.3397 train_time:1998784ms step_avg:409.00ms
step:4898/5100 lr:0.000101 train_loss:3.1698 train_time:1999215ms step_avg:409.00ms
step:4899/5100 lr:0.0001005 train_loss:3.2318 train_time:1999645ms step_avg:409.01ms
step:4900/5100 lr:0.0001 train_loss:3.3742 train_time:2000075ms step_avg:409.01ms
step:4901/5100 lr:9.95e-05 train_loss:3.0937 train_time:2000504ms step_avg:409.02ms
step:4902/5100 lr:9.900000000000001e-05 train_loss:3.2135 train_time:2000934ms step_avg:409.02ms
step:4903/5100 lr:9.850000000000001e-05 train_loss:3.1031 train_time:2001371ms step_avg:409.03ms
step:4904/5100 lr:9.800000000000001e-05 train_loss:3.2597 train_time:2001802ms step_avg:409.03ms
step:4905/5100 lr:9.750000000000001e-05 train_loss:3.3743 train_time:2002232ms step_avg:409.04ms
step:4906/5100 lr:9.7e-05 train_loss:3.1836 train_time:2002662ms step_avg:409.04ms
step:4907/5100 lr:9.65e-05 train_loss:3.1978 train_time:2003092ms step_avg:409.04ms
step:4908/5100 lr:9.6e-05 train_loss:3.3471 train_time:2003523ms step_avg:409.05ms
step:4909/5100 lr:9.55e-05 train_loss:3.4038 train_time:2003955ms step_avg:409.05ms
step:4910/5100 lr:9.5e-05 train_loss:3.2456 train_time:2004385ms step_avg:409.06ms
step:4911/5100 lr:9.45e-05 train_loss:3.1893 train_time:2004815ms step_avg:409.06ms
step:4912/5100 lr:9.400000000000001e-05 train_loss:3.2520 train_time:2005244ms step_avg:409.07ms
step:4913/5100 lr:9.35e-05 train_loss:3.2218 train_time:2005674ms step_avg:409.07ms
step:4914/5100 lr:9.3e-05 train_loss:3.1358 train_time:2006104ms step_avg:409.08ms
step:4915/5100 lr:9.25e-05 train_loss:3.3457 train_time:2006534ms step_avg:409.08ms
step:4916/5100 lr:9.2e-05 train_loss:3.0959 train_time:2006964ms step_avg:409.08ms
step:4917/5100 lr:9.15e-05 train_loss:3.3346 train_time:2007394ms step_avg:409.09ms
step:4918/5100 lr:9.1e-05 train_loss:3.2894 train_time:2007824ms step_avg:409.09ms
step:4919/5100 lr:9.05e-05 train_loss:3.2921 train_time:2008254ms step_avg:409.10ms
step:4920/5100 lr:8.999999999999999e-05 train_loss:3.1133 train_time:2008684ms step_avg:409.10ms
step:4921/5100 lr:8.95e-05 train_loss:3.2924 train_time:2009113ms step_avg:409.10ms
step:4922/5100 lr:8.9e-05 train_loss:3.1199 train_time:2009544ms step_avg:409.11ms
step:4923/5100 lr:8.85e-05 train_loss:3.2261 train_time:2009975ms step_avg:409.11ms
step:4924/5100 lr:8.8e-05 train_loss:3.2873 train_time:2010404ms step_avg:409.12ms
step:4925/5100 lr:8.75e-05 train_loss:3.8170 train_time:2010834ms step_avg:409.12ms
step:4926/5100 lr:8.7e-05 train_loss:3.1875 train_time:2011264ms step_avg:409.13ms
step:4927/5100 lr:8.65e-05 train_loss:3.2753 train_time:2011694ms step_avg:409.13ms
step:4928/5100 lr:8.599999999999999e-05 train_loss:3.1091 train_time:2012124ms step_avg:409.13ms
step:4929/5100 lr:8.55e-05 train_loss:3.2583 train_time:2012553ms step_avg:409.14ms
step:4930/5100 lr:8.5e-05 train_loss:3.2631 train_time:2012983ms step_avg:409.14ms
step:4931/5100 lr:8.450000000000001e-05 train_loss:3.3205 train_time:2013413ms step_avg:409.15ms
step:4932/5100 lr:8.400000000000001e-05 train_loss:3.1584 train_time:2013843ms step_avg:409.15ms
step:4933/5100 lr:8.350000000000001e-05 train_loss:3.5059 train_time:2014273ms step_avg:409.16ms
step:4934/5100 lr:8.300000000000001e-05 train_loss:3.3773 train_time:2014703ms step_avg:409.16ms
step:4935/5100 lr:8.25e-05 train_loss:3.2548 train_time:2015133ms step_avg:409.16ms
step:4936/5100 lr:8.2e-05 train_loss:3.2027 train_time:2015564ms step_avg:409.17ms
step:4937/5100 lr:8.15e-05 train_loss:3.1633 train_time:2015995ms step_avg:409.17ms
step:4938/5100 lr:8.1e-05 train_loss:3.2192 train_time:2016423ms step_avg:409.18ms
step:4939/5100 lr:8.05e-05 train_loss:2.9911 train_time:2016853ms step_avg:409.18ms
step:4940/5100 lr:8e-05 train_loss:3.2334 train_time:2017479ms step_avg:409.22ms
step:4941/5100 lr:7.950000000000001e-05 train_loss:3.3563 train_time:2017908ms step_avg:409.23ms
step:4942/5100 lr:7.9e-05 train_loss:3.2560 train_time:2018339ms step_avg:409.23ms
step:4943/5100 lr:7.85e-05 train_loss:3.2079 train_time:2018770ms step_avg:409.24ms
step:4944/5100 lr:7.8e-05 train_loss:3.1582 train_time:2019200ms step_avg:409.24ms
step:4945/5100 lr:7.75e-05 train_loss:3.0758 train_time:2019631ms step_avg:409.25ms
step:4946/5100 lr:7.7e-05 train_loss:3.1772 train_time:2020061ms step_avg:409.25ms
step:4947/5100 lr:7.65e-05 train_loss:3.1725 train_time:2020492ms step_avg:409.26ms
step:4948/5100 lr:7.6e-05 train_loss:3.0948 train_time:2020923ms step_avg:409.26ms
step:4949/5100 lr:7.55e-05 train_loss:3.0881 train_time:2021353ms step_avg:409.26ms
step:4950/5100 lr:7.5e-05 train_loss:3.2502 train_time:2021783ms step_avg:409.27ms
step:4951/5100 lr:7.45e-05 train_loss:3.0247 train_time:2022214ms step_avg:409.27ms
step:4952/5100 lr:7.4e-05 train_loss:3.1852 train_time:2022644ms step_avg:409.28ms
step:4953/5100 lr:7.35e-05 train_loss:3.3320 train_time:2023271ms step_avg:409.32ms
step:4954/5100 lr:7.3e-05 train_loss:3.3191 train_time:2023701ms step_avg:409.32ms
step:4955/5100 lr:7.25e-05 train_loss:2.9365 train_time:2024131ms step_avg:409.33ms
step:4956/5100 lr:7.2e-05 train_loss:3.3120 train_time:2024562ms step_avg:409.33ms
step:4957/5100 lr:7.149999999999999e-05 train_loss:3.7485 train_time:2024993ms step_avg:409.34ms
step:4958/5100 lr:7.099999999999999e-05 train_loss:3.1159 train_time:2025422ms step_avg:409.34ms
step:4959/5100 lr:7.049999999999999e-05 train_loss:3.1533 train_time:2025852ms step_avg:409.35ms
step:4960/5100 lr:7.000000000000001e-05 train_loss:3.3696 train_time:2026283ms step_avg:409.35ms
step:4961/5100 lr:6.950000000000001e-05 train_loss:3.0429 train_time:2026713ms step_avg:409.35ms
step:4962/5100 lr:6.900000000000001e-05 train_loss:3.3403 train_time:2027144ms step_avg:409.36ms
step:4963/5100 lr:6.850000000000001e-05 train_loss:3.1537 train_time:2027575ms step_avg:409.36ms
step:4964/5100 lr:6.800000000000001e-05 train_loss:3.3370 train_time:2028007ms step_avg:409.37ms
step:4965/5100 lr:6.75e-05 train_loss:3.1430 train_time:2028437ms step_avg:409.37ms
step:4966/5100 lr:6.7e-05 train_loss:3.1670 train_time:2028867ms step_avg:409.38ms
step:4967/5100 lr:6.65e-05 train_loss:3.1206 train_time:2029297ms step_avg:409.38ms
step:4968/5100 lr:6.6e-05 train_loss:3.0851 train_time:2029727ms step_avg:409.38ms
step:4969/5100 lr:6.55e-05 train_loss:3.2979 train_time:2030157ms step_avg:409.39ms
step:4970/5100 lr:6.500000000000001e-05 train_loss:3.1348 train_time:2030588ms step_avg:409.39ms
step:4971/5100 lr:6.450000000000001e-05 train_loss:3.1456 train_time:2031019ms step_avg:409.40ms
step:4972/5100 lr:6.4e-05 train_loss:3.2714 train_time:2031450ms step_avg:409.40ms
step:4973/5100 lr:6.35e-05 train_loss:3.5441 train_time:2031881ms step_avg:409.41ms
step:4974/5100 lr:6.3e-05 train_loss:3.1335 train_time:2032311ms step_avg:409.41ms
step:4975/5100 lr:6.25e-05 train_loss:3.2794 train_time:2032742ms step_avg:409.41ms
step:4976/5100 lr:6.2e-05 train_loss:3.1299 train_time:2033172ms step_avg:409.42ms
step:4977/5100 lr:6.15e-05 train_loss:4.3255 train_time:2033603ms step_avg:409.42ms
step:4978/5100 lr:6.1e-05 train_loss:3.1685 train_time:2034033ms step_avg:409.43ms
step:4979/5100 lr:6.05e-05 train_loss:3.2512 train_time:2034464ms step_avg:409.43ms
step:4980/5100 lr:6e-05 train_loss:3.2785 train_time:2034894ms step_avg:409.44ms
step:4981/5100 lr:5.9499999999999996e-05 train_loss:4.3423 train_time:2035323ms step_avg:409.44ms
step:4982/5100 lr:5.9e-05 train_loss:3.4242 train_time:2035753ms step_avg:409.44ms
step:4983/5100 lr:5.8500000000000006e-05 train_loss:3.3174 train_time:2036182ms step_avg:409.45ms
step:4984/5100 lr:5.800000000000001e-05 train_loss:3.2857 train_time:2036612ms step_avg:409.45ms
step:4985/5100 lr:5.75e-05 train_loss:3.3126 train_time:2037043ms step_avg:409.46ms
step:4986/5100 lr:5.7e-05 train_loss:3.1849 train_time:2037473ms step_avg:409.46ms
step:4987/5100 lr:5.6500000000000005e-05 train_loss:3.2097 train_time:2037903ms step_avg:409.46ms
step:4988/5100 lr:5.6e-05 train_loss:3.3119 train_time:2038333ms step_avg:409.47ms
step:4989/5100 lr:5.55e-05 train_loss:3.1616 train_time:2038764ms step_avg:409.47ms
step:4990/5100 lr:5.5e-05 train_loss:3.1277 train_time:2039194ms step_avg:409.48ms
step:4991/5100 lr:5.45e-05 train_loss:3.2725 train_time:2039624ms step_avg:409.48ms
step:4992/5100 lr:5.4e-05 train_loss:3.1500 train_time:2040055ms step_avg:409.49ms
step:4993/5100 lr:5.35e-05 train_loss:3.3945 train_time:2040485ms step_avg:409.49ms
step:4994/5100 lr:5.3e-05 train_loss:3.3467 train_time:2040914ms step_avg:409.49ms
step:4995/5100 lr:5.25e-05 train_loss:3.0457 train_time:2041344ms step_avg:409.50ms
step:4996/5100 lr:5.2e-05 train_loss:2.9289 train_time:2041774ms step_avg:409.50ms
step:4997/5100 lr:5.15e-05 train_loss:3.6201 train_time:2042204ms step_avg:409.51ms
step:4998/5100 lr:5.1e-05 train_loss:3.5075 train_time:2042634ms step_avg:409.51ms
step:4999/5100 lr:5.05e-05 train_loss:3.2211 train_time:2043064ms step_avg:409.51ms
step:5000/5100 lr:5e-05 train_loss:3.2834 train_time:2043494ms step_avg:409.52ms
step:5000/5100 val_loss:3.2258 train_time:2043505ms step_avg:409.52ms
step:5001/5100 lr:4.9500000000000004e-05 train_loss:3.2909 train_time:2047778ms step_avg:410.29ms
step:5002/5100 lr:4.9000000000000005e-05 train_loss:3.1837 train_time:2048208ms step_avg:410.30ms
step:5003/5100 lr:4.85e-05 train_loss:3.1859 train_time:2048637ms step_avg:410.30ms
step:5004/5100 lr:4.8e-05 train_loss:3.3354 train_time:2049066ms step_avg:410.31ms
step:5005/5100 lr:4.75e-05 train_loss:3.0047 train_time:2049496ms step_avg:410.31ms
step:5006/5100 lr:4.7000000000000004e-05 train_loss:3.2379 train_time:2049925ms step_avg:410.31ms
step:5007/5100 lr:4.65e-05 train_loss:3.1764 train_time:2050354ms step_avg:410.32ms
step:5008/5100 lr:4.6e-05 train_loss:3.4309 train_time:2050784ms step_avg:410.32ms
step:5009/5100 lr:4.55e-05 train_loss:3.2726 train_time:2051214ms step_avg:410.32ms
step:5010/5100 lr:4.4999999999999996e-05 train_loss:3.2859 train_time:2051644ms step_avg:410.33ms
step:5011/5100 lr:4.45e-05 train_loss:3.3191 train_time:2052074ms step_avg:410.33ms
step:5012/5100 lr:4.4e-05 train_loss:3.4520 train_time:2052504ms step_avg:410.34ms
step:5013/5100 lr:4.35e-05 train_loss:3.2827 train_time:2052934ms step_avg:410.34ms
step:5014/5100 lr:4.2999999999999995e-05 train_loss:3.2551 train_time:2053369ms step_avg:410.35ms
step:5015/5100 lr:4.25e-05 train_loss:3.2516 train_time:2053800ms step_avg:410.35ms
step:5016/5100 lr:4.2000000000000004e-05 train_loss:3.3420 train_time:2054230ms step_avg:410.35ms
step:5017/5100 lr:4.1500000000000006e-05 train_loss:3.1336 train_time:2054661ms step_avg:410.36ms
step:5018/5100 lr:4.1e-05 train_loss:3.0111 train_time:2055092ms step_avg:410.36ms
step:5019/5100 lr:4.05e-05 train_loss:3.1952 train_time:2055522ms step_avg:410.37ms
step:5020/5100 lr:4e-05 train_loss:3.2750 train_time:2055957ms step_avg:410.37ms
step:5021/5100 lr:3.95e-05 train_loss:3.0423 train_time:2056387ms step_avg:410.37ms
step:5022/5100 lr:3.9e-05 train_loss:3.2075 train_time:2056817ms step_avg:410.38ms
step:5023/5100 lr:3.85e-05 train_loss:3.5711 train_time:2057246ms step_avg:410.38ms
step:5024/5100 lr:3.8e-05 train_loss:3.1684 train_time:2057676ms step_avg:410.39ms
step:5025/5100 lr:3.75e-05 train_loss:3.2454 train_time:2058106ms step_avg:410.39ms
step:5026/5100 lr:3.7e-05 train_loss:3.0170 train_time:2058536ms step_avg:410.39ms
step:5027/5100 lr:3.65e-05 train_loss:3.2678 train_time:2058966ms step_avg:410.40ms
step:5028/5100 lr:3.6e-05 train_loss:3.1711 train_time:2059396ms step_avg:410.40ms
step:5029/5100 lr:3.5499999999999996e-05 train_loss:3.1145 train_time:2059826ms step_avg:410.41ms
step:5030/5100 lr:3.5000000000000004e-05 train_loss:3.1917 train_time:2060256ms step_avg:410.41ms
step:5031/5100 lr:3.4500000000000005e-05 train_loss:3.2171 train_time:2060692ms step_avg:410.41ms
step:5032/5100 lr:3.4000000000000007e-05 train_loss:3.8981 train_time:2061122ms step_avg:410.42ms
step:5033/5100 lr:3.35e-05 train_loss:3.1244 train_time:2061552ms step_avg:410.42ms
step:5034/5100 lr:3.3e-05 train_loss:3.1836 train_time:2061982ms step_avg:410.43ms
step:5035/5100 lr:3.2500000000000004e-05 train_loss:3.2444 train_time:2062412ms step_avg:410.43ms
step:5036/5100 lr:3.2e-05 train_loss:3.3786 train_time:2062842ms step_avg:410.43ms
step:5037/5100 lr:3.15e-05 train_loss:3.1419 train_time:2063280ms step_avg:410.44ms
step:5038/5100 lr:3.1e-05 train_loss:3.5124 train_time:2063710ms step_avg:410.44ms
step:5039/5100 lr:3.05e-05 train_loss:3.1452 train_time:2064139ms step_avg:410.45ms
step:5040/5100 lr:3e-05 train_loss:3.2731 train_time:2064569ms step_avg:410.45ms
step:5041/5100 lr:2.95e-05 train_loss:3.3730 train_time:2065000ms step_avg:410.46ms
step:5042/5100 lr:2.9000000000000004e-05 train_loss:3.3379 train_time:2065430ms step_avg:410.46ms
step:5043/5100 lr:2.85e-05 train_loss:3.1481 train_time:2065859ms step_avg:410.46ms
step:5044/5100 lr:2.8e-05 train_loss:3.2255 train_time:2066288ms step_avg:410.47ms
step:5045/5100 lr:2.75e-05 train_loss:3.0355 train_time:2066717ms step_avg:410.47ms
step:5046/5100 lr:2.7e-05 train_loss:3.3283 train_time:2067146ms step_avg:410.47ms
step:5047/5100 lr:2.65e-05 train_loss:3.3765 train_time:2067575ms step_avg:410.48ms
step:5048/5100 lr:2.6e-05 train_loss:3.1281 train_time:2068005ms step_avg:410.48ms
step:5049/5100 lr:2.55e-05 train_loss:3.1481 train_time:2068434ms step_avg:410.49ms
step:5050/5100 lr:2.5e-05 train_loss:3.1195 train_time:2068864ms step_avg:410.49ms
step:5051/5100 lr:2.4500000000000003e-05 train_loss:3.2153 train_time:2069293ms step_avg:410.49ms
step:5052/5100 lr:2.4e-05 train_loss:3.1296 train_time:2069723ms step_avg:410.50ms
step:5053/5100 lr:2.3500000000000002e-05 train_loss:3.3951 train_time:2070153ms step_avg:410.50ms
step:5054/5100 lr:2.3e-05 train_loss:3.1951 train_time:2070583ms step_avg:410.50ms
step:5055/5100 lr:2.2499999999999998e-05 train_loss:3.3065 train_time:2071013ms step_avg:410.51ms
step:5056/5100 lr:2.2e-05 train_loss:3.2017 train_time:2071443ms step_avg:410.51ms
step:5057/5100 lr:2.1499999999999997e-05 train_loss:3.4180 train_time:2071881ms step_avg:410.52ms
step:5058/5100 lr:2.1000000000000002e-05 train_loss:3.0843 train_time:2072310ms step_avg:410.52ms
step:5059/5100 lr:2.05e-05 train_loss:3.2244 train_time:2072739ms step_avg:410.52ms
step:5060/5100 lr:2e-05 train_loss:2.8095 train_time:2073168ms step_avg:410.53ms
step:5061/5100 lr:1.95e-05 train_loss:3.3092 train_time:2073597ms step_avg:410.53ms
step:5062/5100 lr:1.9e-05 train_loss:3.2179 train_time:2074026ms step_avg:410.54ms
step:5063/5100 lr:1.85e-05 train_loss:3.1445 train_time:2074458ms step_avg:410.54ms
step:5064/5100 lr:1.8e-05 train_loss:3.2087 train_time:2074887ms step_avg:410.54ms
step:5065/5100 lr:1.7500000000000002e-05 train_loss:3.1735 train_time:2075319ms step_avg:410.55ms
step:5066/5100 lr:1.7000000000000003e-05 train_loss:3.3398 train_time:2075748ms step_avg:410.55ms
step:5067/5100 lr:1.65e-05 train_loss:3.4735 train_time:2076178ms step_avg:410.56ms
step:5068/5100 lr:1.6e-05 train_loss:3.2503 train_time:2076607ms step_avg:410.56ms
step:5069/5100 lr:1.55e-05 train_loss:3.1944 train_time:2077035ms step_avg:410.56ms
step:5070/5100 lr:1.5e-05 train_loss:3.1047 train_time:2077465ms step_avg:410.57ms
step:5071/5100 lr:1.4500000000000002e-05 train_loss:2.8761 train_time:2077894ms step_avg:410.57ms
step:5072/5100 lr:1.4e-05 train_loss:3.2050 train_time:2078324ms step_avg:410.57ms
step:5073/5100 lr:1.35e-05 train_loss:3.1939 train_time:2078754ms step_avg:410.58ms
step:5074/5100 lr:1.3e-05 train_loss:3.2041 train_time:2079184ms step_avg:410.58ms
step:5075/5100 lr:1.25e-05 train_loss:3.4263 train_time:2079613ms step_avg:410.59ms
step:5076/5100 lr:1.2e-05 train_loss:3.2994 train_time:2080043ms step_avg:410.59ms
step:5077/5100 lr:1.15e-05 train_loss:3.2611 train_time:2080473ms step_avg:410.59ms
step:5078/5100 lr:1.1e-05 train_loss:3.3006 train_time:2080902ms step_avg:410.60ms
step:5079/5100 lr:1.0500000000000001e-05 train_loss:3.7821 train_time:2081332ms step_avg:410.60ms
step:5080/5100 lr:1e-05 train_loss:3.1892 train_time:2081762ms step_avg:410.60ms
step:5081/5100 lr:9.5e-06 train_loss:3.4671 train_time:2082191ms step_avg:410.61ms
step:5082/5100 lr:9e-06 train_loss:3.2833 train_time:2082635ms step_avg:410.61ms
step:5083/5100 lr:8.500000000000002e-06 train_loss:3.3980 train_time:2083065ms step_avg:410.62ms
step:5084/5100 lr:8e-06 train_loss:3.2174 train_time:2083494ms step_avg:410.62ms
step:5085/5100 lr:7.5e-06 train_loss:3.3425 train_time:2083924ms step_avg:410.63ms
step:5086/5100 lr:7e-06 train_loss:3.3957 train_time:2084354ms step_avg:410.63ms
step:5087/5100 lr:6.5e-06 train_loss:3.2933 train_time:2084791ms step_avg:410.63ms
step:5088/5100 lr:6e-06 train_loss:3.1916 train_time:2085221ms step_avg:410.64ms
step:5089/5100 lr:5.5e-06 train_loss:3.1240 train_time:2085651ms step_avg:410.64ms
step:5090/5100 lr:5e-06 train_loss:3.2969 train_time:2086080ms step_avg:410.65ms
step:5091/5100 lr:4.5e-06 train_loss:3.4551 train_time:2086510ms step_avg:410.65ms
step:5092/5100 lr:4e-06 train_loss:3.4001 train_time:2086939ms step_avg:410.65ms
step:5093/5100 lr:3.5e-06 train_loss:3.2416 train_time:2087368ms step_avg:410.66ms
step:5094/5100 lr:3e-06 train_loss:3.3199 train_time:2087797ms step_avg:410.66ms
step:5095/5100 lr:2.5e-06 train_loss:3.1092 train_time:2088227ms step_avg:410.66ms
step:5096/5100 lr:2e-06 train_loss:3.2103 train_time:2088657ms step_avg:410.67ms
step:5097/5100 lr:1.5e-06 train_loss:3.1098 train_time:2089086ms step_avg:410.67ms
step:5098/5100 lr:1e-06 train_loss:3.3885 train_time:2089515ms step_avg:410.68ms
step:5099/5100 lr:5e-07 train_loss:3.2833 train_time:2089945ms step_avg:410.68ms
step:5100/5100 lr:0.0 train_loss:3.1937 train_time:2090374ms step_avg:410.68ms
step:5100/5100 val_loss:3.2230 train_time:2090385ms step_avg:410.68ms
peak memory consumption: 50023 MiB
