/opt/conda/lib/python3.11/site-packages/torch/cuda/__init__.py:63: FutureWarning: The pynvml package is deprecated. Please install nvidia-ml-py instead. If you did not install pynvml directly, please report this to the maintainers of the package that installed pynvml for you.
  import pynvml  # type: ignore[import]
W0712 02:24:26.480000 2862611 site-packages/torch/distributed/run.py:774] 
W0712 02:24:26.480000 2862611 site-packages/torch/distributed/run.py:774] *****************************************
W0712 02:24:26.480000 2862611 site-packages/torch/distributed/run.py:774] Setting OMP_NUM_THREADS environment variable for each process to be 1 in default, to avoid your system being overloaded, please further tune the variable for optimal performance in your application as needed. 
W0712 02:24:26.480000 2862611 site-packages/torch/distributed/run.py:774] *****************************************
/opt/conda/lib/python3.11/site-packages/torch/cuda/__init__.py:63: FutureWarning: The pynvml package is deprecated. Please install nvidia-ml-py instead. If you did not install pynvml directly, please report this to the maintainers of the package that installed pynvml for you.
  import pynvml  # type: ignore[import]
/opt/conda/lib/python3.11/site-packages/torch/cuda/__init__.py:63: FutureWarning: The pynvml package is deprecated. Please install nvidia-ml-py instead. If you did not install pynvml directly, please report this to the maintainers of the package that installed pynvml for you.
  import pynvml  # type: ignore[import]
/opt/conda/lib/python3.11/site-packages/torch/cuda/__init__.py:63: FutureWarning: The pynvml package is deprecated. Please install nvidia-ml-py instead. If you did not install pynvml directly, please report this to the maintainers of the package that installed pynvml for you.
  import pynvml  # type: ignore[import]
/opt/conda/lib/python3.11/site-packages/torch/cuda/__init__.py:63: FutureWarning: The pynvml package is deprecated. Please install nvidia-ml-py instead. If you did not install pynvml directly, please report this to the maintainers of the package that installed pynvml for you.
  import pynvml  # type: ignore[import]
/opt/conda/lib/python3.11/site-packages/torch/cuda/__init__.py:63: FutureWarning: The pynvml package is deprecated. Please install nvidia-ml-py instead. If you did not install pynvml directly, please report this to the maintainers of the package that installed pynvml for you.
  import pynvml  # type: ignore[import]
/opt/conda/lib/python3.11/site-packages/torch/cuda/__init__.py:63: FutureWarning: The pynvml package is deprecated. Please install nvidia-ml-py instead. If you did not install pynvml directly, please report this to the maintainers of the package that installed pynvml for you.
  import pynvml  # type: ignore[import]
/opt/conda/lib/python3.11/site-packages/torch/cuda/__init__.py:63: FutureWarning: The pynvml package is deprecated. Please install nvidia-ml-py instead. If you did not install pynvml directly, please report this to the maintainers of the package that installed pynvml for you.
  import pynvml  # type: ignore[import]
/opt/conda/lib/python3.11/site-packages/torch/cuda/__init__.py:63: FutureWarning: The pynvml package is deprecated. Please install nvidia-ml-py instead. If you did not install pynvml directly, please report this to the maintainers of the package that installed pynvml for you.
  import pynvml  # type: ignore[import]
using device: cuda:7
using device: cuda:3
using device: cuda:0
Accumulation steps: 2
using device: cuda:4
Training DataLoader: total number of tokens: 2900000000 across 29 files
Validation DataLoader: total number of tokens: 100000000 across 1 files
using device: cuda:5
using device: cuda:6
using device: cuda:2
using device: cuda:1
number of parameters: 373.43M
number of parameters: 373.43M
number of parameters: 373.43M
number of parameters: 373.43M
Model size: 1424.53 MB
Number of parameters: 373432185
Number of trainable parameters: 373432185
number of parameters: 373.43M
number of parameters: 373.43M
number of parameters: 373.43M
number of parameters: 373.43M
Logging run in logs/ar_full_F74_0/
====================================================================================================
import datetime
import os
import sys

from coqpit import Coqpit
from optimizers import get_optimizer
from utils import get_model

with open(sys.argv[0]) as f:
    code = f.read()  # read the code of this file ASAP, for logging
import glob
import time
from dataclasses import dataclass, field

import numpy as np
import torch
import torch.distributed as dist
from torch.nn.parallel import DistributedDataParallel as DDP

os.environ["TORCH_NCCL_ASYNC_ERROR_HANDLING"] = "1"
os.environ["NCCL_TIMEOUT"] = "1800"

torch._dynamo.config.optimize_ddp = False
torch.set_float32_matmul_precision("high")


class TeeLogger:
    def __init__(self, filename):
        self.terminal = sys.stdout
        self.log = open(filename, "a")

    def write(self, message):
        self.terminal.write(message)
        self.log.write(message)
        self.log.flush()

    def flush(self):
        self.terminal.flush()

    def isatty(self):
        return hasattr(self.terminal, "isatty") and self.terminal.isatty()

    def fileno(self):
        return self.terminal.fileno()


# -----------------------------------------------------------------------------
# Our own simple Distributed Data Loader


def _peek_data_shard(filename):
    # only reads the header, returns header data
    with open(filename, "rb") as f:
        # first read the header, which is 256 int32 integers (4 bytes each)
        header = np.frombuffer(f.read(256 * 4), dtype=np.int32)
    if header[0] != 20240520:
        print("ERROR: magic number mismatch in the data .bin file!")
        print("---> HINT: Are you passing in a correct file with --input_bin?")
        print(
            "---> HINT: Dataset encoding changed recently, re-run data prepro or refer again to README"
        )
        print(
            "---> HINT: For example re-run: `python dev/data/tinyshakespeare.py`, then re-try"
        )
        exit(1)
    assert header[1] == 1, "unsupported version"
    ntok = header[2]  # number of tokens (claimed)
    return ntok  # for now just return the number of tokens


def _load_data_shard(filename):
    with open(filename, "rb") as f:
        # first read the header, which is 256 int32 integers (4 bytes each)
        header = np.frombuffer(f.read(256 * 4), dtype=np.int32)
        assert header[0] == 20240520, "magic number mismatch in the data .bin file"
        assert header[1] == 1, "unsupported version"
        ntok = header[2]  # number of tokens (claimed)
        # the rest of it are tokens, stored as uint16
        tokens = np.frombuffer(f.read(), dtype=np.uint16)
    assert len(tokens) == ntok, "number of tokens read does not match header?"
    return tokens


class DistributedDataLoader:
    def __init__(self, filename_pattern, B, T, process_rank, num_processes):
        self.process_rank = process_rank
        self.num_processes = num_processes
        self.B = B
        self.T = T

        # glob files that match the pattern
        self.files = sorted(glob.glob(filename_pattern))
        assert (
            len(self.files) > 0
        ), f"did not find any files that match the pattern {filename_pattern}"

        # load and validate all data shards, count number of tokens in total
        ntok_total = 0
        for fname in self.files:
            shard_ntok = _peek_data_shard(fname)
            assert shard_ntok >= num_processes * B * T + 1
            ntok_total += int(shard_ntok)
        self.ntok_total = ntok_total

        # kick things off
        self.reset()

    def reset(self):
        self.current_shard = 0
        self.current_position = self.process_rank * self.B * self.T
        self.tokens = _load_data_shard(self.files[self.current_shard])

    def advance(self):  # advance to next data shard
        self.current_shard = (self.current_shard + 1) % len(self.files)
        self.current_position = self.process_rank * self.B * self.T
        self.tokens = _load_data_shard(self.files[self.current_shard])

    def next_batch(self):
        B = self.B
        T = self.T
        buf = self.tokens[self.current_position : self.current_position + B * T + 1]
        buf = torch.tensor(buf.astype(np.int32), dtype=torch.long)
        x = (buf[:-1]).view(B, T)  # inputs
        y = (buf[1:]).view(B, T)  # targets
        # advance current position and load next shard if necessary
        self.current_position += B * T * self.num_processes
        if self.current_position + (B * T * self.num_processes + 1) > len(self.tokens):
            self.advance()
        return x.cuda(), y.cuda()


# -----------------------------------------------------------------------------
# Hyperparameters


@dataclass
class Hyperparameters(Coqpit):
    run_name: str = "nano_gpt+rms_norm+geglu+gqa+softcap"
    compile_model: bool = True
    # data hyperparams
    input_bin: str = "../data/fineweb10B/fineweb_train_*.bin"  # input .bin to train on
    input_val_bin: str = (
        "../data/fineweb10B/fineweb_val_*.bin"  # input .bin to eval validation loss on
    )

    # training
    batch_size: int = 8 * 64  # batch size, in sequences, across all devices
    device_batch_size: int = 32  # batch size, in sequences, per device, grad_accum_steps = batch_size // num_devices /// device_batch_size
    sequence_length: int = 1024  # sequence length, in tokens
    num_iterations: int = 5100  # number of iterations to run

    # optimizer
    optimizer_name: str = "Adam"
    optimizer_args: dict = field(
        default_factory=lambda: {
            "betas": (0.9, 0.95),
            "eps": 1e-8,
            "weight_decay": 0.0,
            "use_cautious_weight_decay": False,
        }
    )
    learning_rate: float = 0.001
    warmup_iters: int = 250
    warmdown_iters: int = 2000  # number of iterations of linear warmup/warmdown for triangular or trapezoidal schedule

    # evaluation and logging hyperparams
    val_loss_every: int = (
        125  # every how many steps to evaluate val loss? 0 for only at the end
    )
    val_tokens: int = 10485760  # how many tokens of validation data? it's important to keep this fixed for consistent comparisons
    save_every: int = (
        5000  # every how many steps to save the checkpoint? 0 for only at the end
    )

    # checkpoint params
    keep_last_n_checkpoints: int = 1  # number of checkpoints to keep
    save_best_model: bool = True  # whether to save best model based on val loss


# -----------------------------------------------------------------------------
# int main

if __name__ == "__main__":
    from argparse import ArgumentParser

    parser = ArgumentParser()
    parser.add_argument("--config", type=str, default=None)
    parser.add_argument("--run_name", type=str, default=None)
    parser.add_argument("--model_name", type=str, default="bla_gpt")
    cli_args = parser.parse_args()

    args = Hyperparameters()
    model_config, model = get_model(cli_args.model_name)

    if cli_args.config:
        model_config.load_json(cli_args.config)

    # Apply model-config values to matching training hyperparameters after
    # loading overrides (e.g. warmup_iters in a full-training recipe).
    for key, value in model_config.to_dict().items():
        if hasattr(args, key):
            setattr(args, key, value)

    if cli_args.run_name:
        args.run_name = cli_args.run_name

    # set up DDP (distributed data parallel). torchrun sets this env variable
    assert torch.cuda.is_available()
    dist.init_process_group(
        backend="nccl", init_method="env://", timeout=datetime.timedelta(minutes=30)
    )
    ddp_rank = int(os.environ["RANK"])
    ddp_local_rank = int(os.environ["LOCAL_RANK"])
    ddp_world_size = int(os.environ["WORLD_SIZE"])
    device = f"cuda:{ddp_local_rank}"
    torch.cuda.set_device(device)
    print(f"using device: {device}")
    master_process = ddp_rank == 0  # this process will do logging, checkpointing etc.

    # convenience variables
    B, T = args.device_batch_size, args.sequence_length
    # calculate the number of steps to take in the val loop.
    assert args.val_tokens % (B * T * ddp_world_size) == 0
    val_steps = args.val_tokens // (B * T * ddp_world_size)
    # calculate the steps of gradient accumulation required to attain the desired global batch size.
    assert args.batch_size % (B * ddp_world_size) == 0
    train_accumulation_steps = args.batch_size // (B * ddp_world_size)
    if master_process:
        print(f"Accumulation steps: {train_accumulation_steps}")

    # load tokens
    train_loader = DistributedDataLoader(args.input_bin, B, T, ddp_rank, ddp_world_size)
    val_loader = DistributedDataLoader(
        args.input_val_bin, B, T, ddp_rank, ddp_world_size
    )
    if master_process:
        print(
            f"Training DataLoader: total number of tokens: {train_loader.ntok_total} across {len(train_loader.files)} files"
        )
        print(
            f"Validation DataLoader: total number of tokens: {val_loader.ntok_total} across {len(val_loader.files)} files"
        )
    x, y = train_loader.next_batch()

    # there are only 50257 unique GPT-2 tokens; we extend to nearest multiple of 128 for efficiency. suggested to me by @Grad62304977.
    # this originates from Karpathy's experiments.
    torch.cuda.empty_cache()
    model = model(model_config)
    model = model.cuda()

    if args.compile_model:
        model = torch.compile(model)

    model_size = (
        sum(p.numel() for p in model.parameters()) * 4 / (1024**2)
    )  # size in MB

    num_parameters = sum(p.numel() for p in model.parameters())
    num_trainable_parameters = sum(
        p.numel() for p in model.parameters() if p.requires_grad
    )

    if master_process:
        print(f"Model size: {model_size:.2f} MB")
        print(f"Number of parameters: {num_parameters}")
        print(f"Number of trainable parameters: {num_trainable_parameters}")

    # here we wrap model into DDP container
    model = DDP(
        model,
        device_ids=[ddp_local_rank],
        find_unused_parameters=True,
        broadcast_buffers=False,
        gradient_as_bucket_view=True,
    )
    raw_model = model.module  # always contains the "raw" unwrapped model
    ctx = torch.amp.autocast(device_type="cuda", dtype=torch.bfloat16)

    # init the optimizer(s)
    # foreach == false to save VRAM

    optimizer1 = get_optimizer(
        args.optimizer_name, args.optimizer_args, args.learning_rate, raw_model
    )

    optimizers = [
        optimizer1,
    ]

    # learning rate decay scheduler (linear warmup and warmdown)
    def get_lr(it):
        assert it <= args.num_iterations
        # 1) linear warmup for warmup_iters steps
        if it < args.warmup_iters:
            return (it + 1) / args.warmup_iters
        # 2) constant lr for a while
        elif it < args.num_iterations - args.warmdown_iters:
            return 1.0
        # 3) linear warmdown
        else:
            decay_ratio = (args.num_iterations - it) / args.warmdown_iters
            return decay_ratio

    schedulers = [torch.optim.lr_scheduler.LambdaLR(opt, get_lr) for opt in optimizers]

    # begin logging
    if master_process:
        run_num = 0
        run_id = f"{args.run_name}_{run_num}"
        logdir = "logs/%s/" % run_id
        while os.path.exists(logdir):
            run_num += 1
            run_id = f"{args.run_name}_{run_num}"
            logdir = "logs/%s/" % run_id
        os.makedirs(logdir, exist_ok=True)
        logfile = "logs/%s.txt" % run_id
        print(f"Logging run in {logdir}")
        # create the log file and set up TeeLogger
        sys.stdout = TeeLogger(logfile)
        # begin the log by printing this file (the Python code)
        print("=" * 100)
        print(code)
        print("=" * 100)
        # log information about the hardware/software environment this is running on
        # and print the full `nvidia-smi` to file
        print(
            f"Running pytorch {torch.version.__version__} compiled for CUDA {torch.version.cuda}\nnvidia-smi:"
        )
        import subprocess

        result = subprocess.run(
            ["nvidia-smi"],
            stdout=subprocess.PIPE,
            stderr=subprocess.PIPE,
            text=True,
        )
        print(f"{result.stdout}")
        print("=" * 100)

    training_time_ms = 0
    best_val_loss = float("inf")
    # start the clock
    torch.cuda.synchronize()
    t0 = time.time()
    # begin training
    train_loader.reset()
    for step in range(args.num_iterations + 1):
        last_step = step == args.num_iterations
        # This effectively ignores timing first 10 steps, which are slower for weird reasons.
        # Alternately, and slightly more correctly in terms of benchmarking, we could do 10
        # steps with dummy data first, and then re-initialize the model and reset the loader.
        if step == 10:
            training_time_ms = 0
            t0 = time.time()
        timed_steps = (
            float("nan") if step <= 11 else (step - 10) + 1
        )  # <= 11 to avoid bug in val

        # once in a while evaluate the validation dataset
        if last_step or (args.val_loss_every > 0 and step % args.val_loss_every == 0):
            # stop the clock
            torch.cuda.synchronize()
            training_time_ms += 1000 * (time.time() - t0)
            # run validation batches
            model.eval()
            val_loader.reset()
            val_loss = 0.0
            with torch.no_grad():
                for _ in range(val_steps):
                    x_val, y_val = val_loader.next_batch()
                    with ctx:  # of course, we'd like to use no_grad() here too, but that creates a torch.compile error for some reason
                        _, loss = model(x_val, y_val)
                        metrics = None
                        if type(loss) is dict:
                            metrics = {k: v for k, v in loss.items() if k != "total"}
                            loss = loss["total"]
                        val_loss += loss.detach()
                        del loss
            dist.all_reduce(val_loss, op=dist.ReduceOp.AVG)
            val_loss /= val_steps
            # log val loss to console and to logfile
            if master_process:
                if metrics is None:
                    print(
                        f"step:{step}/{args.num_iterations} val_loss:{val_loss:.4f} train_time:{training_time_ms:.0f}ms step_avg:{training_time_ms/(timed_steps-1):.2f}ms"
                    )
                else:
                    print(
                        f"step:{step}/{args.num_iterations} val_loss:{val_loss:.4f} train_time:{training_time_ms:.0f}ms step_avg:{training_time_ms/(timed_steps-1):.2f}ms {metrics}"
                    )
                with open(logfile, "a") as f:
                    f.write(
                        f"step:{step}/{args.num_iterations} val_loss:{val_loss:.4f} train_time:{training_time_ms:.0f}ms step_avg:{training_time_ms/(timed_steps-1):.2f}ms\n"
                    )
            # start the clock again
            torch.cuda.synchronize()
            torch.cuda.empty_cache()
            t0 = time.time()

            # Save best model if validation loss improved
            if master_process and (args.save_best_model and val_loss < best_val_loss):
                best_val_loss = val_loss
                log = dict(
                    step=step,
                    code=code,
                    model_config=model_config.to_dict(),
                    train_config=args.to_dict(),
                    model=raw_model.state_dict(),
                    optimizers=[opt.state_dict() for opt in optimizers],
                    val_loss=val_loss,
                )
                best_model_path = f"logs/{run_id}/best_model_{step}.pt"
                torch.save(log, best_model_path)

                # Remove previous best model if exists
                for f in glob.glob(f"logs/{run_id}/best_model_*.pt"):
                    if f != best_model_path:
                        os.remove(f)

        if master_process and (
            last_step or (args.save_every > 0 and step % args.save_every == 0)
        ):
            # stop the clock
            torch.cuda.synchronize()
            training_time_ms += 1000 * (time.time() - t0)
            # save the state of the training process
            log = dict(
                step=step,
                code=code,
                model_config=model_config.to_dict(),
                train_config=args.to_dict(),
                model=raw_model.state_dict(),
                optimizers=[opt.state_dict() for opt in optimizers],
            )
            torch.save(log, "logs/%s/state_step%06d.pt" % (run_id, step))

            # Cleanup old checkpoints
            if args.keep_last_n_checkpoints > 0:
                checkpoints = sorted(glob.glob(f"logs/{run_id}/state_step*.pt"))
                if len(checkpoints) > args.keep_last_n_checkpoints:
                    for checkpoint in checkpoints[: -args.keep_last_n_checkpoints]:
                        os.remove(checkpoint)

            # start the clock again
            torch.cuda.synchronize()
            t0 = time.time()

        # bit confusing: we want to make sure to eval on 0th iteration
        # but also after the very last iteration. so we loop for step <= num_iterations
        # instead of just < num_iterations (one extra due to <=), only to do
        # the validation/sampling one last time, and then we break right here as we're done.
        if last_step:
            break

        # --------------- TRAINING SECTION BEGIN -----------------
        model.train()
        # Optional sequence-length curriculum from the model recipe. Data and
        # validation remain unchanged; only early train forwards use a prefix.
        curriculum_steps = getattr(model_config, "seq_curriculum_steps", 0)
        curriculum_len = getattr(model_config, "seq_curriculum_len", T)
        use_short_sequence = curriculum_steps > 0 and step < curriculum_steps
        for i in range(1, train_accumulation_steps + 1):
            # forward pass
            with ctx:
                if use_short_sequence:
                    _, loss = model(
                        x[:, :curriculum_len].contiguous(),
                        y[:, :curriculum_len].contiguous(),
                    )
                else:
                    _, loss = model(x, y)
                metrics = None
                if type(loss) is dict:
                    metrics = {k: v for k, v in loss.items() if k != "total"}
                    loss = loss["total"]
                train_loss = loss.detach()

            # advance the dataset for the next batch
            x, y = train_loader.next_batch()
            # backward pass
            if i < train_accumulation_steps:
                with (
                    model.no_sync()
                ):  # there's no need to sync gradients every accumulation step
                    loss.backward()
            else:
                loss.backward()  # just sync on the last step
        for p in model.parameters():
            if p.grad is not None:
                p.grad /= train_accumulation_steps
        # step the optimizers and schedulers
        for opt, sched in zip(optimizers, schedulers):
            opt.step()
            sched.step()
        # null the gradients
        model.zero_grad(set_to_none=True)
        # --------------- TRAINING SECTION END -------------------
        # everything that follows now is just diagnostics, prints, logging, etc.

        # dist.all_reduce(train_loss, op=dist.ReduceOp.AVG) # all-reducing the training loss would be more correct in terms of logging, but slower
        if master_process:
            approx_time = training_time_ms + 1000 * (time.time() - t0)
            lr = optimizers[0].param_groups[0]["lr"]
            if metrics is None:
                print(
                    f"step:{step+1}/{args.num_iterations} lr:{lr} train_loss:{train_loss.item():.4f} train_time:{approx_time:.0f}ms step_avg:{approx_time/timed_steps:.2f}ms"
                )
            else:
                print(
                    f"step:{step+1}/{args.num_iterations} lr:{lr} train_loss:{train_loss.item():.4f} train_time:{approx_time:.0f}ms step_avg:{approx_time/timed_steps:.2f}ms {metrics}"
                )

    if master_process:
        print(
            f"peak memory consumption: {torch.cuda.max_memory_allocated() // 1024 // 1024} MiB"
        )

    # -------------------------------------------------------------------------
    # clean up nice
    dist.destroy_process_group()

====================================================================================================
Running pytorch 2.8.0+cu129 compiled for CUDA 12.9
nvidia-smi:
Sun Jul 12 02:24:44 2026       
+-----------------------------------------------------------------------------------------+
| NVIDIA-SMI 590.48.01              Driver Version: 590.48.01      CUDA Version: 13.1     |
+-----------------------------------------+------------------------+----------------------+
| GPU  Name                 Persistence-M | Bus-Id          Disp.A | Volatile Uncorr. ECC |
| Fan  Temp   Perf          Pwr:Usage/Cap |           Memory-Usage | GPU-Util  Compute M. |
|                                         |                        |               MIG M. |
|=========================================+========================+======================|
|   0  NVIDIA H100 80GB HBM3          On  |   00000000:19:00.0 Off |                    0 |
| N/A   29C    P0            118W /  700W |    4660MiB /  81559MiB |      4%      Default |
|                                         |                        |             Disabled |
+-----------------------------------------+------------------------+----------------------+
|   1  NVIDIA H100 80GB HBM3          On  |   00000000:3B:00.0 Off |                    0 |
| N/A   28C    P0            121W /  700W |    4660MiB /  81559MiB |      0%      Default |
|                                         |                        |             Disabled |
+-----------------------------------------+------------------------+----------------------+
|   2  NVIDIA H100 80GB HBM3          On  |   00000000:4C:00.0 Off |                    0 |
| N/A   26C    P0            115W /  700W |    4660MiB /  81559MiB |      4%      Default |
|                                         |                        |             Disabled |
+-----------------------------------------+------------------------+----------------------+
|   3  NVIDIA H100 80GB HBM3          On  |   00000000:5D:00.0 Off |                    0 |
| N/A   28C    P0            118W /  700W |    4660MiB /  81559MiB |     13%      Default |
|                                         |                        |             Disabled |
+-----------------------------------------+------------------------+----------------------+
|   4  NVIDIA H100 80GB HBM3          On  |   00000000:9B:00.0 Off |                    0 |
| N/A   30C    P0            116W /  700W |    4660MiB /  81559MiB |     11%      Default |
|                                         |                        |             Disabled |
+-----------------------------------------+------------------------+----------------------+
|   5  NVIDIA H100 80GB HBM3          On  |   00000000:BB:00.0 Off |                    0 |
| N/A   27C    P0            120W /  700W |    4660MiB /  81559MiB |      0%      Default |
|                                         |                        |             Disabled |
+-----------------------------------------+------------------------+----------------------+
|   6  NVIDIA H100 80GB HBM3          On  |   00000000:CB:00.0 Off |                    0 |
| N/A   29C    P0            120W /  700W |    4660MiB /  81559MiB |      0%      Default |
|                                         |                        |             Disabled |
+-----------------------------------------+------------------------+----------------------+
|   7  NVIDIA H100 80GB HBM3          On  |   00000000:DB:00.0 Off |                    0 |
| N/A   38C    P0            125W /  700W |    4660MiB /  81559MiB |      5%      Default |
|                                         |                        |             Disabled |
+-----------------------------------------+------------------------+----------------------+

+-----------------------------------------------------------------------------------------+
| Processes:                                                                              |
|  GPU   GI   CI              PID   Type   Process name                        GPU Memory |
|        ID   ID                                                               Usage      |
|=========================================================================================|
|    0   N/A  N/A         2862678      C   /opt/conda/bin/python3.11              4650MiB |
|    1   N/A  N/A         2862679      C   /opt/conda/bin/python3.11              4650MiB |
|    2   N/A  N/A         2862680      C   /opt/conda/bin/python3.11              4650MiB |
|    3   N/A  N/A         2862681      C   /opt/conda/bin/python3.11              4650MiB |
|    4   N/A  N/A         2862682      C   /opt/conda/bin/python3.11              4650MiB |
|    5   N/A  N/A         2862683      C   /opt/conda/bin/python3.11              4650MiB |
|    6   N/A  N/A         2862684      C   /opt/conda/bin/python3.11              4650MiB |
|    7   N/A  N/A         2862685      C   /opt/conda/bin/python3.11              4650MiB |
+-----------------------------------------------------------------------------------------+

====================================================================================================
[rank5]:W0712 02:24:46.459000 2862683 site-packages/torch/_dynamo/variables/tensor.py:1047] [1/0] Graph break from `Tensor.item()`, consider setting:
[rank5]:W0712 02:24:46.459000 2862683 site-packages/torch/_dynamo/variables/tensor.py:1047] [1/0]     torch._dynamo.config.capture_scalar_outputs = True
[rank5]:W0712 02:24:46.459000 2862683 site-packages/torch/_dynamo/variables/tensor.py:1047] [1/0] or:
[rank5]:W0712 02:24:46.459000 2862683 site-packages/torch/_dynamo/variables/tensor.py:1047] [1/0]     env TORCHDYNAMO_CAPTURE_SCALAR_OUTPUTS=1
[rank5]:W0712 02:24:46.459000 2862683 site-packages/torch/_dynamo/variables/tensor.py:1047] [1/0] to include these operations in the captured graph.
[rank5]:W0712 02:24:46.459000 2862683 site-packages/torch/_dynamo/variables/tensor.py:1047] [1/0] 
[rank5]:W0712 02:24:46.459000 2862683 site-packages/torch/_dynamo/variables/tensor.py:1047] [1/0] Graph break: from user code at:
[rank5]:W0712 02:24:46.459000 2862683 site-packages/torch/_dynamo/variables/tensor.py:1047] [1/0]   File "/nvme/BlaGPT/bla_gpt/bla_gpt.py", line 935, in forward
[rank5]:W0712 02:24:46.459000 2862683 site-packages/torch/_dynamo/variables/tensor.py:1047] [1/0]     loss_dict = {"ntp_loss": ntp_loss.detach().item()}
[rank5]:W0712 02:24:46.459000 2862683 site-packages/torch/_dynamo/variables/tensor.py:1047] [1/0] 
[rank5]:W0712 02:24:46.459000 2862683 site-packages/torch/_dynamo/variables/tensor.py:1047] [1/0] 
[rank6]:W0712 02:24:46.503000 2862684 site-packages/torch/_dynamo/variables/tensor.py:1047] [1/0] Graph break from `Tensor.item()`, consider setting:
[rank6]:W0712 02:24:46.503000 2862684 site-packages/torch/_dynamo/variables/tensor.py:1047] [1/0]     torch._dynamo.config.capture_scalar_outputs = True
[rank6]:W0712 02:24:46.503000 2862684 site-packages/torch/_dynamo/variables/tensor.py:1047] [1/0] or:
[rank6]:W0712 02:24:46.503000 2862684 site-packages/torch/_dynamo/variables/tensor.py:1047] [1/0]     env TORCHDYNAMO_CAPTURE_SCALAR_OUTPUTS=1
[rank6]:W0712 02:24:46.503000 2862684 site-packages/torch/_dynamo/variables/tensor.py:1047] [1/0] to include these operations in the captured graph.
[rank6]:W0712 02:24:46.503000 2862684 site-packages/torch/_dynamo/variables/tensor.py:1047] [1/0] 
[rank6]:W0712 02:24:46.503000 2862684 site-packages/torch/_dynamo/variables/tensor.py:1047] [1/0] Graph break: from user code at:
[rank6]:W0712 02:24:46.503000 2862684 site-packages/torch/_dynamo/variables/tensor.py:1047] [1/0]   File "/nvme/BlaGPT/bla_gpt/bla_gpt.py", line 935, in forward
[rank6]:W0712 02:24:46.503000 2862684 site-packages/torch/_dynamo/variables/tensor.py:1047] [1/0]     loss_dict = {"ntp_loss": ntp_loss.detach().item()}
[rank6]:W0712 02:24:46.503000 2862684 site-packages/torch/_dynamo/variables/tensor.py:1047] [1/0] 
[rank6]:W0712 02:24:46.503000 2862684 site-packages/torch/_dynamo/variables/tensor.py:1047] [1/0] 
[rank2]:W0712 02:24:46.512000 2862680 site-packages/torch/_dynamo/variables/tensor.py:1047] [1/0] Graph break from `Tensor.item()`, consider setting:
[rank2]:W0712 02:24:46.512000 2862680 site-packages/torch/_dynamo/variables/tensor.py:1047] [1/0]     torch._dynamo.config.capture_scalar_outputs = True
[rank2]:W0712 02:24:46.512000 2862680 site-packages/torch/_dynamo/variables/tensor.py:1047] [1/0] or:
[rank2]:W0712 02:24:46.512000 2862680 site-packages/torch/_dynamo/variables/tensor.py:1047] [1/0]     env TORCHDYNAMO_CAPTURE_SCALAR_OUTPUTS=1
[rank2]:W0712 02:24:46.512000 2862680 site-packages/torch/_dynamo/variables/tensor.py:1047] [1/0] to include these operations in the captured graph.
[rank2]:W0712 02:24:46.512000 2862680 site-packages/torch/_dynamo/variables/tensor.py:1047] [1/0] 
[rank2]:W0712 02:24:46.512000 2862680 site-packages/torch/_dynamo/variables/tensor.py:1047] [1/0] Graph break: from user code at:
[rank2]:W0712 02:24:46.512000 2862680 site-packages/torch/_dynamo/variables/tensor.py:1047] [1/0]   File "/nvme/BlaGPT/bla_gpt/bla_gpt.py", line 935, in forward
[rank2]:W0712 02:24:46.512000 2862680 site-packages/torch/_dynamo/variables/tensor.py:1047] [1/0]     loss_dict = {"ntp_loss": ntp_loss.detach().item()}
[rank2]:W0712 02:24:46.512000 2862680 site-packages/torch/_dynamo/variables/tensor.py:1047] [1/0] 
[rank2]:W0712 02:24:46.512000 2862680 site-packages/torch/_dynamo/variables/tensor.py:1047] [1/0] 
[rank4]:W0712 02:24:46.517000 2862682 site-packages/torch/_dynamo/variables/tensor.py:1047] [1/0] Graph break from `Tensor.item()`, consider setting:
[rank4]:W0712 02:24:46.517000 2862682 site-packages/torch/_dynamo/variables/tensor.py:1047] [1/0]     torch._dynamo.config.capture_scalar_outputs = True
[rank4]:W0712 02:24:46.517000 2862682 site-packages/torch/_dynamo/variables/tensor.py:1047] [1/0] or:
[rank4]:W0712 02:24:46.517000 2862682 site-packages/torch/_dynamo/variables/tensor.py:1047] [1/0]     env TORCHDYNAMO_CAPTURE_SCALAR_OUTPUTS=1
[rank4]:W0712 02:24:46.517000 2862682 site-packages/torch/_dynamo/variables/tensor.py:1047] [1/0] to include these operations in the captured graph.
[rank4]:W0712 02:24:46.517000 2862682 site-packages/torch/_dynamo/variables/tensor.py:1047] [1/0] 
[rank4]:W0712 02:24:46.517000 2862682 site-packages/torch/_dynamo/variables/tensor.py:1047] [1/0] Graph break: from user code at:
[rank4]:W0712 02:24:46.517000 2862682 site-packages/torch/_dynamo/variables/tensor.py:1047] [1/0]   File "/nvme/BlaGPT/bla_gpt/bla_gpt.py", line 935, in forward
[rank4]:W0712 02:24:46.517000 2862682 site-packages/torch/_dynamo/variables/tensor.py:1047] [1/0]     loss_dict = {"ntp_loss": ntp_loss.detach().item()}
[rank4]:W0712 02:24:46.517000 2862682 site-packages/torch/_dynamo/variables/tensor.py:1047] [1/0] 
[rank4]:W0712 02:24:46.517000 2862682 site-packages/torch/_dynamo/variables/tensor.py:1047] [1/0] 
[rank7]:W0712 02:24:46.532000 2862685 site-packages/torch/_dynamo/variables/tensor.py:1047] [1/0] Graph break from `Tensor.item()`, consider setting:
[rank7]:W0712 02:24:46.532000 2862685 site-packages/torch/_dynamo/variables/tensor.py:1047] [1/0]     torch._dynamo.config.capture_scalar_outputs = True
[rank7]:W0712 02:24:46.532000 2862685 site-packages/torch/_dynamo/variables/tensor.py:1047] [1/0] or:
[rank7]:W0712 02:24:46.532000 2862685 site-packages/torch/_dynamo/variables/tensor.py:1047] [1/0]     env TORCHDYNAMO_CAPTURE_SCALAR_OUTPUTS=1
[rank7]:W0712 02:24:46.532000 2862685 site-packages/torch/_dynamo/variables/tensor.py:1047] [1/0] to include these operations in the captured graph.
[rank7]:W0712 02:24:46.532000 2862685 site-packages/torch/_dynamo/variables/tensor.py:1047] [1/0] 
[rank7]:W0712 02:24:46.532000 2862685 site-packages/torch/_dynamo/variables/tensor.py:1047] [1/0] Graph break: from user code at:
[rank7]:W0712 02:24:46.532000 2862685 site-packages/torch/_dynamo/variables/tensor.py:1047] [1/0]   File "/nvme/BlaGPT/bla_gpt/bla_gpt.py", line 935, in forward
[rank7]:W0712 02:24:46.532000 2862685 site-packages/torch/_dynamo/variables/tensor.py:1047] [1/0]     loss_dict = {"ntp_loss": ntp_loss.detach().item()}
[rank7]:W0712 02:24:46.532000 2862685 site-packages/torch/_dynamo/variables/tensor.py:1047] [1/0] 
[rank7]:W0712 02:24:46.532000 2862685 site-packages/torch/_dynamo/variables/tensor.py:1047] [1/0] 
[rank3]:W0712 02:24:46.563000 2862681 site-packages/torch/_dynamo/variables/tensor.py:1047] [1/0] Graph break from `Tensor.item()`, consider setting:
[rank3]:W0712 02:24:46.563000 2862681 site-packages/torch/_dynamo/variables/tensor.py:1047] [1/0]     torch._dynamo.config.capture_scalar_outputs = True
[rank3]:W0712 02:24:46.563000 2862681 site-packages/torch/_dynamo/variables/tensor.py:1047] [1/0] or:
[rank3]:W0712 02:24:46.563000 2862681 site-packages/torch/_dynamo/variables/tensor.py:1047] [1/0]     env TORCHDYNAMO_CAPTURE_SCALAR_OUTPUTS=1
[rank3]:W0712 02:24:46.563000 2862681 site-packages/torch/_dynamo/variables/tensor.py:1047] [1/0] to include these operations in the captured graph.
[rank3]:W0712 02:24:46.563000 2862681 site-packages/torch/_dynamo/variables/tensor.py:1047] [1/0] 
[rank3]:W0712 02:24:46.563000 2862681 site-packages/torch/_dynamo/variables/tensor.py:1047] [1/0] Graph break: from user code at:
[rank3]:W0712 02:24:46.563000 2862681 site-packages/torch/_dynamo/variables/tensor.py:1047] [1/0]   File "/nvme/BlaGPT/bla_gpt/bla_gpt.py", line 935, in forward
[rank3]:W0712 02:24:46.563000 2862681 site-packages/torch/_dynamo/variables/tensor.py:1047] [1/0]     loss_dict = {"ntp_loss": ntp_loss.detach().item()}
[rank3]:W0712 02:24:46.563000 2862681 site-packages/torch/_dynamo/variables/tensor.py:1047] [1/0] 
[rank3]:W0712 02:24:46.563000 2862681 site-packages/torch/_dynamo/variables/tensor.py:1047] [1/0] 
[rank1]:W0712 02:24:46.597000 2862679 site-packages/torch/_dynamo/variables/tensor.py:1047] [1/0] Graph break from `Tensor.item()`, consider setting:
[rank1]:W0712 02:24:46.597000 2862679 site-packages/torch/_dynamo/variables/tensor.py:1047] [1/0]     torch._dynamo.config.capture_scalar_outputs = True
[rank1]:W0712 02:24:46.597000 2862679 site-packages/torch/_dynamo/variables/tensor.py:1047] [1/0] or:
[rank1]:W0712 02:24:46.597000 2862679 site-packages/torch/_dynamo/variables/tensor.py:1047] [1/0]     env TORCHDYNAMO_CAPTURE_SCALAR_OUTPUTS=1
[rank1]:W0712 02:24:46.597000 2862679 site-packages/torch/_dynamo/variables/tensor.py:1047] [1/0] to include these operations in the captured graph.
[rank1]:W0712 02:24:46.597000 2862679 site-packages/torch/_dynamo/variables/tensor.py:1047] [1/0] 
[rank1]:W0712 02:24:46.597000 2862679 site-packages/torch/_dynamo/variables/tensor.py:1047] [1/0] Graph break: from user code at:
[rank1]:W0712 02:24:46.597000 2862679 site-packages/torch/_dynamo/variables/tensor.py:1047] [1/0]   File "/nvme/BlaGPT/bla_gpt/bla_gpt.py", line 935, in forward
[rank1]:W0712 02:24:46.597000 2862679 site-packages/torch/_dynamo/variables/tensor.py:1047] [1/0]     loss_dict = {"ntp_loss": ntp_loss.detach().item()}
[rank1]:W0712 02:24:46.597000 2862679 site-packages/torch/_dynamo/variables/tensor.py:1047] [1/0] 
[rank1]:W0712 02:24:46.597000 2862679 site-packages/torch/_dynamo/variables/tensor.py:1047] [1/0] 
[rank0]:W0712 02:24:47.376000 2862678 site-packages/torch/_dynamo/variables/tensor.py:1047] [1/0] Graph break from `Tensor.item()`, consider setting:
[rank0]:W0712 02:24:47.376000 2862678 site-packages/torch/_dynamo/variables/tensor.py:1047] [1/0]     torch._dynamo.config.capture_scalar_outputs = True
[rank0]:W0712 02:24:47.376000 2862678 site-packages/torch/_dynamo/variables/tensor.py:1047] [1/0] or:
[rank0]:W0712 02:24:47.376000 2862678 site-packages/torch/_dynamo/variables/tensor.py:1047] [1/0]     env TORCHDYNAMO_CAPTURE_SCALAR_OUTPUTS=1
[rank0]:W0712 02:24:47.376000 2862678 site-packages/torch/_dynamo/variables/tensor.py:1047] [1/0] to include these operations in the captured graph.
[rank0]:W0712 02:24:47.376000 2862678 site-packages/torch/_dynamo/variables/tensor.py:1047] [1/0] 
[rank0]:W0712 02:24:47.376000 2862678 site-packages/torch/_dynamo/variables/tensor.py:1047] [1/0] Graph break: from user code at:
[rank0]:W0712 02:24:47.376000 2862678 site-packages/torch/_dynamo/variables/tensor.py:1047] [1/0]   File "/nvme/BlaGPT/bla_gpt/bla_gpt.py", line 935, in forward
[rank0]:W0712 02:24:47.376000 2862678 site-packages/torch/_dynamo/variables/tensor.py:1047] [1/0]     loss_dict = {"ntp_loss": ntp_loss.detach().item()}
[rank0]:W0712 02:24:47.376000 2862678 site-packages/torch/_dynamo/variables/tensor.py:1047] [1/0] 
[rank0]:W0712 02:24:47.376000 2862678 site-packages/torch/_dynamo/variables/tensor.py:1047] [1/0] 
/opt/conda/lib/python3.11/site-packages/torch/_inductor/lowering.py:7095: UserWarning: 
Online softmax is disabled on the fly since Inductor decides to
split the reduction. Cut an issue to PyTorch if this is an
important use case and you want to speed it up with online
softmax.

  warnings.warn(
/opt/conda/lib/python3.11/site-packages/torch/_inductor/lowering.py:7095: UserWarning: 
Online softmax is disabled on the fly since Inductor decides to
split the reduction. Cut an issue to PyTorch if this is an
important use case and you want to speed it up with online
softmax.

  warnings.warn(
/opt/conda/lib/python3.11/site-packages/torch/_inductor/lowering.py:7095: UserWarning: 
Online softmax is disabled on the fly since Inductor decides to
split the reduction. Cut an issue to PyTorch if this is an
important use case and you want to speed it up with online
softmax.

  warnings.warn(
/opt/conda/lib/python3.11/site-packages/torch/_inductor/lowering.py:7095: UserWarning: 
Online softmax is disabled on the fly since Inductor decides to
split the reduction. Cut an issue to PyTorch if this is an
important use case and you want to speed it up with online
softmax.

  warnings.warn(
/opt/conda/lib/python3.11/site-packages/torch/_inductor/lowering.py:7095: UserWarning: 
Online softmax is disabled on the fly since Inductor decides to
split the reduction. Cut an issue to PyTorch if this is an
important use case and you want to speed it up with online
softmax.

  warnings.warn(
/opt/conda/lib/python3.11/site-packages/torch/_inductor/lowering.py:7095: UserWarning: 
Online softmax is disabled on the fly since Inductor decides to
split the reduction. Cut an issue to PyTorch if this is an
important use case and you want to speed it up with online
softmax.

  warnings.warn(
/opt/conda/lib/python3.11/site-packages/torch/_inductor/lowering.py:7095: UserWarning: 
Online softmax is disabled on the fly since Inductor decides to
split the reduction. Cut an issue to PyTorch if this is an
important use case and you want to speed it up with online
softmax.

  warnings.warn(
/opt/conda/lib/python3.11/site-packages/torch/_inductor/lowering.py:7095: UserWarning: 
Online softmax is disabled on the fly since Inductor decides to
split the reduction. Cut an issue to PyTorch if this is an
important use case and you want to speed it up with online
softmax.

  warnings.warn(
step:0/5100 val_loss:15.3325 train_time:218ms step_avg:nanms
/opt/conda/lib/python3.11/site-packages/torch/_inductor/lowering.py:7095: UserWarning: 
Online softmax is disabled on the fly since Inductor decides to
split the reduction. Cut an issue to PyTorch if this is an
important use case and you want to speed it up with online
softmax.

  warnings.warn(
/opt/conda/lib/python3.11/site-packages/torch/_inductor/lowering.py:7095: UserWarning: 
Online softmax is disabled on the fly since Inductor decides to
split the reduction. Cut an issue to PyTorch if this is an
important use case and you want to speed it up with online
softmax.

  warnings.warn(
/opt/conda/lib/python3.11/site-packages/torch/_inductor/lowering.py:7095: UserWarning: 
Online softmax is disabled on the fly since Inductor decides to
split the reduction. Cut an issue to PyTorch if this is an
important use case and you want to speed it up with online
softmax.

  warnings.warn(
/opt/conda/lib/python3.11/site-packages/torch/_inductor/lowering.py:7095: UserWarning: 
Online softmax is disabled on the fly since Inductor decides to
split the reduction. Cut an issue to PyTorch if this is an
important use case and you want to speed it up with online
softmax.

  warnings.warn(
/opt/conda/lib/python3.11/site-packages/torch/_inductor/lowering.py:7095: UserWarning: 
Online softmax is disabled on the fly since Inductor decides to
split the reduction. Cut an issue to PyTorch if this is an
important use case and you want to speed it up with online
softmax.

  warnings.warn(
/opt/conda/lib/python3.11/site-packages/torch/_inductor/lowering.py:7095: UserWarning: 
Online softmax is disabled on the fly since Inductor decides to
split the reduction. Cut an issue to PyTorch if this is an
important use case and you want to speed it up with online
softmax.

  warnings.warn(
/opt/conda/lib/python3.11/site-packages/torch/_inductor/lowering.py:7095: UserWarning: 
Online softmax is disabled on the fly since Inductor decides to
split the reduction. Cut an issue to PyTorch if this is an
important use case and you want to speed it up with online
softmax.

  warnings.warn(
/opt/conda/lib/python3.11/site-packages/torch/_inductor/lowering.py:7095: UserWarning: 
Online softmax is disabled on the fly since Inductor decides to
split the reduction. Cut an issue to PyTorch if this is an
important use case and you want to speed it up with online
softmax.

  warnings.warn(
/opt/conda/lib/python3.11/site-packages/torch/_inductor/lowering.py:7095: UserWarning: 
Online softmax is disabled on the fly since Inductor decides to
split the reduction. Cut an issue to PyTorch if this is an
important use case and you want to speed it up with online
softmax.

  warnings.warn(
/opt/conda/lib/python3.11/site-packages/torch/_inductor/lowering.py:7095: UserWarning: 
Online softmax is disabled on the fly since Inductor decides to
split the reduction. Cut an issue to PyTorch if this is an
important use case and you want to speed it up with online
softmax.

  warnings.warn(
/opt/conda/lib/python3.11/site-packages/torch/_inductor/lowering.py:7095: UserWarning: 
Online softmax is disabled on the fly since Inductor decides to
split the reduction. Cut an issue to PyTorch if this is an
important use case and you want to speed it up with online
softmax.

  warnings.warn(
/opt/conda/lib/python3.11/site-packages/torch/_inductor/lowering.py:7095: UserWarning: 
Online softmax is disabled on the fly since Inductor decides to
split the reduction. Cut an issue to PyTorch if this is an
important use case and you want to speed it up with online
softmax.

  warnings.warn(
/opt/conda/lib/python3.11/site-packages/torch/_inductor/lowering.py:7095: UserWarning: 
Online softmax is disabled on the fly since Inductor decides to
split the reduction. Cut an issue to PyTorch if this is an
important use case and you want to speed it up with online
softmax.

  warnings.warn(
/opt/conda/lib/python3.11/site-packages/torch/_inductor/lowering.py:7095: UserWarning: 
Online softmax is disabled on the fly since Inductor decides to
split the reduction. Cut an issue to PyTorch if this is an
important use case and you want to speed it up with online
softmax.

  warnings.warn(
/opt/conda/lib/python3.11/site-packages/torch/_inductor/lowering.py:7095: UserWarning: 
Online softmax is disabled on the fly since Inductor decides to
split the reduction. Cut an issue to PyTorch if this is an
important use case and you want to speed it up with online
softmax.

  warnings.warn(
/opt/conda/lib/python3.11/site-packages/torch/_inductor/lowering.py:7095: UserWarning: 
Online softmax is disabled on the fly since Inductor decides to
split the reduction. Cut an issue to PyTorch if this is an
important use case and you want to speed it up with online
softmax.

  warnings.warn(
[rank2]:[W712 02:27:01.030240638 reducer.cpp:1457] Warning: find_unused_parameters=True was specified in DDP constructor, but did not find any unused parameters in the forward pass. This flag results in an extra traversal of the autograd graph every iteration,  which can adversely affect performance. If your model indeed never has any unused parameters in the forward pass, consider turning this flag off. Note that this warning may be a false positive if your model has flow control causing later iterations to have unused parameters. (function operator())
[rank7]:[W712 02:27:01.398061171 reducer.cpp:1457] Warning: find_unused_parameters=True was specified in DDP constructor, but did not find any unused parameters in the forward pass. This flag results in an extra traversal of the autograd graph every iteration,  which can adversely affect performance. If your model indeed never has any unused parameters in the forward pass, consider turning this flag off. Note that this warning may be a false positive if your model has flow control causing later iterations to have unused parameters. (function operator())
[rank5]:[W712 02:27:01.516822565 reducer.cpp:1457] Warning: find_unused_parameters=True was specified in DDP constructor, but did not find any unused parameters in the forward pass. This flag results in an extra traversal of the autograd graph every iteration,  which can adversely affect performance. If your model indeed never has any unused parameters in the forward pass, consider turning this flag off. Note that this warning may be a false positive if your model has flow control causing later iterations to have unused parameters. (function operator())
[rank6]:[W712 02:27:01.580497653 reducer.cpp:1457] Warning: find_unused_parameters=True was specified in DDP constructor, but did not find any unused parameters in the forward pass. This flag results in an extra traversal of the autograd graph every iteration,  which can adversely affect performance. If your model indeed never has any unused parameters in the forward pass, consider turning this flag off. Note that this warning may be a false positive if your model has flow control causing later iterations to have unused parameters. (function operator())
[rank4]:[W712 02:27:01.845381984 reducer.cpp:1457] Warning: find_unused_parameters=True was specified in DDP constructor, but did not find any unused parameters in the forward pass. This flag results in an extra traversal of the autograd graph every iteration,  which can adversely affect performance. If your model indeed never has any unused parameters in the forward pass, consider turning this flag off. Note that this warning may be a false positive if your model has flow control causing later iterations to have unused parameters. (function operator())
[rank1]:[W712 02:27:03.404661340 reducer.cpp:1457] Warning: find_unused_parameters=True was specified in DDP constructor, but did not find any unused parameters in the forward pass. This flag results in an extra traversal of the autograd graph every iteration,  which can adversely affect performance. If your model indeed never has any unused parameters in the forward pass, consider turning this flag off. Note that this warning may be a false positive if your model has flow control causing later iterations to have unused parameters. (function operator())
[rank3]:[W712 02:27:03.623976536 reducer.cpp:1457] Warning: find_unused_parameters=True was specified in DDP constructor, but did not find any unused parameters in the forward pass. This flag results in an extra traversal of the autograd graph every iteration,  which can adversely affect performance. If your model indeed never has any unused parameters in the forward pass, consider turning this flag off. Note that this warning may be a false positive if your model has flow control causing later iterations to have unused parameters. (function operator())
[rank0]:[W712 02:27:05.747888195 reducer.cpp:1457] Warning: find_unused_parameters=True was specified in DDP constructor, but did not find any unused parameters in the forward pass. This flag results in an extra traversal of the autograd graph every iteration,  which can adversely affect performance. If your model indeed never has any unused parameters in the forward pass, consider turning this flag off. Note that this warning may be a false positive if your model has flow control causing later iterations to have unused parameters. (function operator())
step:1/5100 lr:2e-05 train_loss:15.3344 train_time:111226ms step_avg:nanms
step:2/5100 lr:3e-05 train_loss:15.2260 train_time:111412ms step_avg:nanms
step:3/5100 lr:4e-05 train_loss:14.8922 train_time:111585ms step_avg:nanms
step:4/5100 lr:5e-05 train_loss:14.0920 train_time:111758ms step_avg:nanms
step:5/5100 lr:6e-05 train_loss:12.6144 train_time:111931ms step_avg:nanms
step:6/5100 lr:7.000000000000001e-05 train_loss:10.9046 train_time:112103ms step_avg:nanms
step:7/5100 lr:8e-05 train_loss:10.1340 train_time:112276ms step_avg:nanms
step:8/5100 lr:8.999999999999999e-05 train_loss:9.9967 train_time:112448ms step_avg:nanms
step:9/5100 lr:0.0001 train_loss:9.9182 train_time:112621ms step_avg:nanms
step:10/5100 lr:0.00011 train_loss:9.8659 train_time:112793ms step_avg:nanms
step:11/5100 lr:0.00012 train_loss:9.7723 train_time:157ms step_avg:nanms
step:12/5100 lr:0.00013000000000000002 train_loss:9.7958 train_time:329ms step_avg:nanms
step:13/5100 lr:0.00014000000000000001 train_loss:9.6952 train_time:502ms step_avg:167.27ms
step:14/5100 lr:0.00015 train_loss:9.6551 train_time:674ms step_avg:168.59ms
step:15/5100 lr:0.00016 train_loss:9.6218 train_time:847ms step_avg:169.36ms
step:16/5100 lr:0.00017 train_loss:9.5981 train_time:1019ms step_avg:169.84ms
step:17/5100 lr:0.00017999999999999998 train_loss:9.5295 train_time:1191ms step_avg:170.19ms
step:18/5100 lr:0.00019 train_loss:9.3860 train_time:1364ms step_avg:170.45ms
step:19/5100 lr:0.0002 train_loss:9.5287 train_time:1536ms step_avg:170.66ms
step:20/5100 lr:0.00021 train_loss:9.3293 train_time:1708ms step_avg:170.81ms
step:21/5100 lr:0.00022 train_loss:9.3591 train_time:1881ms step_avg:170.98ms
step:22/5100 lr:0.00023 train_loss:9.5343 train_time:2053ms step_avg:171.09ms
step:23/5100 lr:0.00024 train_loss:9.2365 train_time:2226ms step_avg:171.19ms
step:24/5100 lr:0.00025 train_loss:9.4056 train_time:2398ms step_avg:171.26ms
step:25/5100 lr:0.00026000000000000003 train_loss:9.2539 train_time:2570ms step_avg:171.33ms
step:26/5100 lr:0.00027 train_loss:9.0468 train_time:2742ms step_avg:171.40ms
step:27/5100 lr:0.00028000000000000003 train_loss:9.0026 train_time:2915ms step_avg:171.47ms
step:28/5100 lr:0.00029 train_loss:8.8960 train_time:3087ms step_avg:171.52ms
step:29/5100 lr:0.0003 train_loss:9.0529 train_time:3260ms step_avg:171.57ms
step:30/5100 lr:0.00031 train_loss:9.0733 train_time:3432ms step_avg:171.62ms
step:31/5100 lr:0.00032 train_loss:8.8128 train_time:3605ms step_avg:171.66ms
step:32/5100 lr:0.00033 train_loss:8.8459 train_time:3777ms step_avg:171.68ms
step:33/5100 lr:0.00034 train_loss:8.9900 train_time:3959ms step_avg:172.13ms
step:34/5100 lr:0.00035 train_loss:8.8803 train_time:4126ms step_avg:171.90ms
step:35/5100 lr:0.00035999999999999997 train_loss:8.9351 train_time:4298ms step_avg:171.91ms
step:36/5100 lr:0.00037 train_loss:8.7385 train_time:4470ms step_avg:171.93ms
step:37/5100 lr:0.00038 train_loss:8.8320 train_time:4643ms step_avg:171.95ms
step:38/5100 lr:0.00039000000000000005 train_loss:8.5423 train_time:4815ms step_avg:171.97ms
step:39/5100 lr:0.0004 train_loss:8.6363 train_time:4988ms step_avg:171.99ms
step:40/5100 lr:0.00041 train_loss:8.5870 train_time:5160ms step_avg:172.00ms
step:41/5100 lr:0.00042 train_loss:8.5926 train_time:5332ms step_avg:172.02ms
step:42/5100 lr:0.00043 train_loss:8.1879 train_time:5505ms step_avg:172.03ms
step:43/5100 lr:0.00044 train_loss:8.5350 train_time:5678ms step_avg:172.05ms
step:44/5100 lr:0.00045000000000000004 train_loss:8.4074 train_time:5850ms step_avg:172.06ms
step:45/5100 lr:0.00046 train_loss:8.5300 train_time:6024ms step_avg:172.10ms
step:46/5100 lr:0.00047 train_loss:8.3014 train_time:6196ms step_avg:172.11ms
step:47/5100 lr:0.00048 train_loss:8.1819 train_time:6368ms step_avg:172.12ms
step:48/5100 lr:0.00049 train_loss:8.3606 train_time:6541ms step_avg:172.13ms
step:49/5100 lr:0.0005 train_loss:8.2269 train_time:6713ms step_avg:172.14ms
step:50/5100 lr:0.00051 train_loss:8.3014 train_time:6886ms step_avg:172.15ms
step:51/5100 lr:0.0005200000000000001 train_loss:8.3267 train_time:7058ms step_avg:172.16ms
step:52/5100 lr:0.0005300000000000001 train_loss:8.2541 train_time:7231ms step_avg:172.16ms
step:53/5100 lr:0.00054 train_loss:8.0201 train_time:7403ms step_avg:172.17ms
step:54/5100 lr:0.00055 train_loss:8.0678 train_time:7576ms step_avg:172.18ms
step:55/5100 lr:0.0005600000000000001 train_loss:8.2651 train_time:7748ms step_avg:172.18ms
step:56/5100 lr:0.00057 train_loss:8.1442 train_time:7921ms step_avg:172.19ms
step:57/5100 lr:0.00058 train_loss:7.8963 train_time:8093ms step_avg:172.19ms
step:58/5100 lr:0.00059 train_loss:8.1474 train_time:8266ms step_avg:172.20ms
step:59/5100 lr:0.0006 train_loss:7.9288 train_time:8445ms step_avg:172.35ms
step:60/5100 lr:0.00061 train_loss:8.2319 train_time:8611ms step_avg:172.22ms
step:61/5100 lr:0.00062 train_loss:7.9102 train_time:8783ms step_avg:172.22ms
step:62/5100 lr:0.00063 train_loss:8.0443 train_time:8956ms step_avg:172.23ms
step:63/5100 lr:0.00064 train_loss:7.9058 train_time:9129ms step_avg:172.24ms
step:64/5100 lr:0.0006500000000000001 train_loss:8.8490 train_time:9301ms step_avg:172.24ms
step:65/5100 lr:0.00066 train_loss:7.7354 train_time:9473ms step_avg:172.24ms
step:66/5100 lr:0.00067 train_loss:7.8999 train_time:9646ms step_avg:172.25ms
step:67/5100 lr:0.00068 train_loss:7.6773 train_time:9818ms step_avg:172.25ms
step:68/5100 lr:0.00069 train_loss:8.0422 train_time:9991ms step_avg:172.25ms
step:69/5100 lr:0.0007 train_loss:7.5394 train_time:10163ms step_avg:172.26ms
step:70/5100 lr:0.00071 train_loss:7.6014 train_time:10341ms step_avg:172.35ms
step:71/5100 lr:0.0007199999999999999 train_loss:7.6276 train_time:10508ms step_avg:172.27ms
step:72/5100 lr:0.00073 train_loss:7.8459 train_time:10681ms step_avg:172.27ms
step:73/5100 lr:0.00074 train_loss:7.4845 train_time:10860ms step_avg:172.39ms
step:74/5100 lr:0.00075 train_loss:8.0388 train_time:11028ms step_avg:172.31ms
step:75/5100 lr:0.00076 train_loss:7.7253 train_time:11200ms step_avg:172.31ms
step:76/5100 lr:0.0007700000000000001 train_loss:7.6660 train_time:11373ms step_avg:172.31ms
step:77/5100 lr:0.0007800000000000001 train_loss:7.6069 train_time:11545ms step_avg:172.31ms
step:78/5100 lr:0.00079 train_loss:7.2291 train_time:11717ms step_avg:172.31ms
step:79/5100 lr:0.0008 train_loss:7.4393 train_time:11890ms step_avg:172.32ms
step:80/5100 lr:0.0008100000000000001 train_loss:7.4969 train_time:12062ms step_avg:172.32ms
step:81/5100 lr:0.00082 train_loss:7.2865 train_time:12235ms step_avg:172.32ms
step:82/5100 lr:0.00083 train_loss:7.4638 train_time:12407ms step_avg:172.32ms
step:83/5100 lr:0.00084 train_loss:7.4304 train_time:12579ms step_avg:172.32ms
step:84/5100 lr:0.00085 train_loss:7.1769 train_time:12752ms step_avg:172.32ms
step:85/5100 lr:0.00086 train_loss:7.1984 train_time:12925ms step_avg:172.33ms
step:86/5100 lr:0.00087 train_loss:7.3825 train_time:13097ms step_avg:172.33ms
step:87/5100 lr:0.00088 train_loss:7.2353 train_time:13269ms step_avg:172.33ms
step:88/5100 lr:0.0008900000000000001 train_loss:7.6174 train_time:13442ms step_avg:172.33ms
step:89/5100 lr:0.0009000000000000001 train_loss:7.3588 train_time:13614ms step_avg:172.33ms
step:90/5100 lr:0.00091 train_loss:7.3060 train_time:13787ms step_avg:172.33ms
step:91/5100 lr:0.00092 train_loss:7.3543 train_time:13959ms step_avg:172.34ms
step:92/5100 lr:0.00093 train_loss:7.5911 train_time:14132ms step_avg:172.34ms
step:93/5100 lr:0.00094 train_loss:7.2914 train_time:14304ms step_avg:172.34ms
step:94/5100 lr:0.00095 train_loss:7.2214 train_time:14476ms step_avg:172.34ms
step:95/5100 lr:0.00096 train_loss:7.1760 train_time:14649ms step_avg:172.34ms
step:96/5100 lr:0.0009699999999999999 train_loss:7.0756 train_time:14821ms step_avg:172.34ms
step:97/5100 lr:0.00098 train_loss:7.0831 train_time:14994ms step_avg:172.34ms
step:98/5100 lr:0.00099 train_loss:6.9875 train_time:15166ms step_avg:172.34ms
step:99/5100 lr:0.001 train_loss:7.1018 train_time:15339ms step_avg:172.34ms
step:100/5100 lr:0.001 train_loss:6.9431 train_time:15511ms step_avg:172.35ms
step:101/5100 lr:0.001 train_loss:7.1484 train_time:15684ms step_avg:172.36ms
step:102/5100 lr:0.001 train_loss:7.0226 train_time:15857ms step_avg:172.36ms
step:103/5100 lr:0.001 train_loss:6.8428 train_time:16029ms step_avg:172.36ms
step:104/5100 lr:0.001 train_loss:6.6975 train_time:16202ms step_avg:172.36ms
step:105/5100 lr:0.001 train_loss:7.0425 train_time:16374ms step_avg:172.36ms
step:106/5100 lr:0.001 train_loss:6.8019 train_time:16547ms step_avg:172.36ms
step:107/5100 lr:0.001 train_loss:6.8692 train_time:16719ms step_avg:172.37ms
step:108/5100 lr:0.001 train_loss:6.7264 train_time:16892ms step_avg:172.36ms
step:109/5100 lr:0.001 train_loss:6.9648 train_time:17066ms step_avg:172.38ms
step:110/5100 lr:0.001 train_loss:6.8217 train_time:17238ms step_avg:172.38ms
step:111/5100 lr:0.001 train_loss:6.8348 train_time:17411ms step_avg:172.38ms
step:112/5100 lr:0.001 train_loss:6.8808 train_time:17583ms step_avg:172.38ms
step:113/5100 lr:0.001 train_loss:6.7772 train_time:17756ms step_avg:172.39ms
step:114/5100 lr:0.001 train_loss:6.7358 train_time:17928ms step_avg:172.38ms
step:115/5100 lr:0.001 train_loss:6.8830 train_time:18101ms step_avg:172.39ms
step:116/5100 lr:0.001 train_loss:6.6986 train_time:18273ms step_avg:172.39ms
step:117/5100 lr:0.001 train_loss:6.6264 train_time:18445ms step_avg:172.39ms
step:118/5100 lr:0.001 train_loss:6.5446 train_time:18618ms step_avg:172.39ms
step:119/5100 lr:0.001 train_loss:6.5470 train_time:18790ms step_avg:172.39ms
step:120/5100 lr:0.001 train_loss:6.7347 train_time:18963ms step_avg:172.39ms
step:121/5100 lr:0.001 train_loss:6.5499 train_time:19135ms step_avg:172.39ms
step:122/5100 lr:0.001 train_loss:6.6835 train_time:19307ms step_avg:172.39ms
step:123/5100 lr:0.001 train_loss:6.4642 train_time:19480ms step_avg:172.39ms
step:124/5100 lr:0.001 train_loss:7.0157 train_time:19652ms step_avg:172.39ms
step:125/5100 lr:0.001 train_loss:6.5719 train_time:19825ms step_avg:172.39ms
step:125/5100 val_loss:6.6022 train_time:19840ms step_avg:172.52ms
step:126/5100 lr:0.001 train_loss:6.7360 train_time:24000ms step_avg:206.90ms
step:127/5100 lr:0.001 train_loss:6.7023 train_time:24172ms step_avg:206.60ms
step:128/5100 lr:0.001 train_loss:6.4754 train_time:24345ms step_avg:206.31ms
step:129/5100 lr:0.001 train_loss:6.9961 train_time:24517ms step_avg:206.03ms
step:130/5100 lr:0.001 train_loss:6.5568 train_time:24690ms step_avg:205.75ms
step:131/5100 lr:0.001 train_loss:6.4799 train_time:24871ms step_avg:205.54ms
step:132/5100 lr:0.001 train_loss:6.3807 train_time:25038ms step_avg:205.23ms
step:133/5100 lr:0.001 train_loss:6.4915 train_time:25210ms step_avg:204.96ms
step:134/5100 lr:0.001 train_loss:6.3686 train_time:25383ms step_avg:204.70ms
step:135/5100 lr:0.001 train_loss:6.4015 train_time:25556ms step_avg:204.45ms
step:136/5100 lr:0.001 train_loss:6.3006 train_time:25729ms step_avg:204.20ms
step:137/5100 lr:0.001 train_loss:6.2798 train_time:25901ms step_avg:203.95ms
step:138/5100 lr:0.001 train_loss:6.4192 train_time:26074ms step_avg:203.70ms
step:139/5100 lr:0.001 train_loss:6.3555 train_time:26246ms step_avg:203.46ms
step:140/5100 lr:0.001 train_loss:6.4670 train_time:26419ms step_avg:203.22ms
step:141/5100 lr:0.001 train_loss:6.3477 train_time:26591ms step_avg:202.99ms
step:142/5100 lr:0.001 train_loss:6.4675 train_time:26764ms step_avg:202.76ms
step:143/5100 lr:0.001 train_loss:6.3718 train_time:26936ms step_avg:202.53ms
step:144/5100 lr:0.001 train_loss:6.1952 train_time:27109ms step_avg:202.30ms
step:145/5100 lr:0.001 train_loss:6.0462 train_time:27281ms step_avg:202.08ms
step:146/5100 lr:0.001 train_loss:6.1858 train_time:27454ms step_avg:201.87ms
step:147/5100 lr:0.001 train_loss:6.2024 train_time:27626ms step_avg:201.65ms
step:148/5100 lr:0.001 train_loss:6.1552 train_time:27798ms step_avg:201.44ms
step:149/5100 lr:0.001 train_loss:6.6957 train_time:27971ms step_avg:201.23ms
step:150/5100 lr:0.001 train_loss:6.3181 train_time:28143ms step_avg:201.02ms
step:151/5100 lr:0.001 train_loss:6.2033 train_time:28316ms step_avg:200.82ms
step:152/5100 lr:0.001 train_loss:6.3396 train_time:28488ms step_avg:200.62ms
step:153/5100 lr:0.001 train_loss:6.1972 train_time:28661ms step_avg:200.43ms
step:154/5100 lr:0.001 train_loss:6.3678 train_time:28833ms step_avg:200.23ms
step:155/5100 lr:0.001 train_loss:5.9964 train_time:29006ms step_avg:200.04ms
step:156/5100 lr:0.001 train_loss:6.1283 train_time:29178ms step_avg:199.85ms
step:157/5100 lr:0.001 train_loss:6.2337 train_time:29351ms step_avg:199.67ms
step:158/5100 lr:0.001 train_loss:6.0713 train_time:29523ms step_avg:199.48ms
step:159/5100 lr:0.001 train_loss:6.0899 train_time:29696ms step_avg:199.30ms
step:160/5100 lr:0.001 train_loss:6.0863 train_time:29874ms step_avg:199.16ms
step:161/5100 lr:0.001 train_loss:6.1530 train_time:30041ms step_avg:198.95ms
step:162/5100 lr:0.001 train_loss:6.1324 train_time:30214ms step_avg:198.77ms
step:163/5100 lr:0.001 train_loss:6.0747 train_time:30386ms step_avg:198.60ms
step:164/5100 lr:0.001 train_loss:5.9417 train_time:30559ms step_avg:198.43ms
step:165/5100 lr:0.001 train_loss:5.8913 train_time:30731ms step_avg:198.27ms
step:166/5100 lr:0.001 train_loss:5.9893 train_time:30904ms step_avg:198.10ms
step:167/5100 lr:0.001 train_loss:5.8342 train_time:31076ms step_avg:197.94ms
step:168/5100 lr:0.001 train_loss:6.2637 train_time:31249ms step_avg:197.78ms
step:169/5100 lr:0.001 train_loss:5.8325 train_time:31421ms step_avg:197.62ms
step:170/5100 lr:0.001 train_loss:5.7660 train_time:31594ms step_avg:197.46ms
step:171/5100 lr:0.001 train_loss:5.9184 train_time:31766ms step_avg:197.31ms
step:172/5100 lr:0.001 train_loss:5.9244 train_time:31939ms step_avg:197.15ms
step:173/5100 lr:0.001 train_loss:6.0723 train_time:32111ms step_avg:197.00ms
step:174/5100 lr:0.001 train_loss:6.0197 train_time:32283ms step_avg:196.85ms
step:175/5100 lr:0.001 train_loss:6.0528 train_time:32456ms step_avg:196.70ms
step:176/5100 lr:0.001 train_loss:5.7529 train_time:32628ms step_avg:196.56ms
step:177/5100 lr:0.001 train_loss:5.7046 train_time:32801ms step_avg:196.41ms
step:178/5100 lr:0.001 train_loss:5.8972 train_time:32973ms step_avg:196.27ms
step:179/5100 lr:0.001 train_loss:5.7760 train_time:33146ms step_avg:196.13ms
step:180/5100 lr:0.001 train_loss:6.0077 train_time:33318ms step_avg:195.99ms
step:181/5100 lr:0.001 train_loss:5.7986 train_time:33491ms step_avg:195.85ms
step:182/5100 lr:0.001 train_loss:5.8172 train_time:33673ms step_avg:195.77ms
step:183/5100 lr:0.001 train_loss:5.7960 train_time:33840ms step_avg:195.61ms
step:184/5100 lr:0.001 train_loss:5.7102 train_time:34012ms step_avg:195.47ms
step:185/5100 lr:0.001 train_loss:6.0126 train_time:34185ms step_avg:195.34ms
step:186/5100 lr:0.001 train_loss:5.7222 train_time:34357ms step_avg:195.21ms
step:187/5100 lr:0.001 train_loss:6.4118 train_time:34530ms step_avg:195.08ms
step:188/5100 lr:0.001 train_loss:5.5931 train_time:34702ms step_avg:194.96ms
step:189/5100 lr:0.001 train_loss:5.6186 train_time:34875ms step_avg:194.83ms
step:190/5100 lr:0.001 train_loss:5.9736 train_time:35260ms step_avg:195.89ms
step:191/5100 lr:0.001 train_loss:5.9613 train_time:35660ms step_avg:197.02ms
step:192/5100 lr:0.001 train_loss:5.8696 train_time:35833ms step_avg:196.89ms
step:193/5100 lr:0.001 train_loss:5.7403 train_time:36006ms step_avg:196.75ms
step:194/5100 lr:0.001 train_loss:5.8440 train_time:36178ms step_avg:196.62ms
step:195/5100 lr:0.001 train_loss:5.5775 train_time:36351ms step_avg:196.49ms
step:196/5100 lr:0.001 train_loss:5.7455 train_time:36523ms step_avg:196.36ms
step:197/5100 lr:0.001 train_loss:5.7939 train_time:36695ms step_avg:196.23ms
step:198/5100 lr:0.001 train_loss:5.5360 train_time:36868ms step_avg:196.10ms
step:199/5100 lr:0.001 train_loss:5.5315 train_time:37040ms step_avg:195.98ms
step:200/5100 lr:0.001 train_loss:5.6210 train_time:37213ms step_avg:195.86ms
step:201/5100 lr:0.001 train_loss:6.9108 train_time:37386ms step_avg:195.74ms
step:202/5100 lr:0.001 train_loss:6.2005 train_time:37558ms step_avg:195.61ms
step:203/5100 lr:0.001 train_loss:5.5400 train_time:37730ms step_avg:195.49ms
step:204/5100 lr:0.001 train_loss:5.5566 train_time:37905ms step_avg:195.38ms
step:205/5100 lr:0.001 train_loss:5.3968 train_time:38077ms step_avg:195.27ms
step:206/5100 lr:0.001 train_loss:5.6143 train_time:38250ms step_avg:195.15ms
step:207/5100 lr:0.001 train_loss:5.5703 train_time:38422ms step_avg:195.03ms
step:208/5100 lr:0.001 train_loss:5.5175 train_time:38594ms step_avg:194.92ms
step:209/5100 lr:0.001 train_loss:5.8055 train_time:38767ms step_avg:194.81ms
step:210/5100 lr:0.001 train_loss:5.4832 train_time:38939ms step_avg:194.70ms
step:211/5100 lr:0.001 train_loss:5.5505 train_time:39111ms step_avg:194.58ms
step:212/5100 lr:0.001 train_loss:5.4883 train_time:39284ms step_avg:194.47ms
step:213/5100 lr:0.001 train_loss:5.5006 train_time:39456ms step_avg:194.37ms
step:214/5100 lr:0.001 train_loss:5.4686 train_time:39629ms step_avg:194.26ms
step:215/5100 lr:0.001 train_loss:5.5317 train_time:39801ms step_avg:194.15ms
step:216/5100 lr:0.001 train_loss:5.3410 train_time:39974ms step_avg:194.05ms
step:217/5100 lr:0.001 train_loss:5.5571 train_time:40146ms step_avg:193.94ms
step:218/5100 lr:0.001 train_loss:5.5660 train_time:40319ms step_avg:193.84ms
step:219/5100 lr:0.001 train_loss:5.1501 train_time:40491ms step_avg:193.74ms
step:220/5100 lr:0.001 train_loss:5.3628 train_time:40663ms step_avg:193.64ms
step:221/5100 lr:0.001 train_loss:5.6854 train_time:40836ms step_avg:193.53ms
step:222/5100 lr:0.001 train_loss:5.4408 train_time:41008ms step_avg:193.44ms
step:223/5100 lr:0.001 train_loss:5.6046 train_time:41181ms step_avg:193.34ms
step:224/5100 lr:0.001 train_loss:5.5447 train_time:41353ms step_avg:193.24ms
step:225/5100 lr:0.001 train_loss:5.4725 train_time:41525ms step_avg:193.14ms
step:226/5100 lr:0.001 train_loss:5.2309 train_time:41698ms step_avg:193.05ms
step:227/5100 lr:0.001 train_loss:5.3541 train_time:41871ms step_avg:192.95ms
step:228/5100 lr:0.001 train_loss:5.2653 train_time:42044ms step_avg:192.86ms
step:229/5100 lr:0.001 train_loss:5.2944 train_time:42217ms step_avg:192.77ms
step:230/5100 lr:0.001 train_loss:5.4723 train_time:42389ms step_avg:192.68ms
step:231/5100 lr:0.001 train_loss:5.3907 train_time:42561ms step_avg:192.58ms
step:232/5100 lr:0.001 train_loss:5.4846 train_time:42734ms step_avg:192.49ms
step:233/5100 lr:0.001 train_loss:5.3508 train_time:42906ms step_avg:192.40ms
step:234/5100 lr:0.001 train_loss:5.4870 train_time:43078ms step_avg:192.31ms
step:235/5100 lr:0.001 train_loss:5.6447 train_time:43251ms step_avg:192.23ms
step:236/5100 lr:0.001 train_loss:5.3371 train_time:43423ms step_avg:192.14ms
step:237/5100 lr:0.001 train_loss:5.5957 train_time:43596ms step_avg:192.05ms
step:238/5100 lr:0.001 train_loss:5.2683 train_time:43768ms step_avg:191.97ms
step:239/5100 lr:0.001 train_loss:5.2572 train_time:43941ms step_avg:191.88ms
step:240/5100 lr:0.001 train_loss:5.4592 train_time:44113ms step_avg:191.80ms
step:241/5100 lr:0.001 train_loss:5.6756 train_time:44286ms step_avg:191.71ms
step:242/5100 lr:0.001 train_loss:5.1849 train_time:44468ms step_avg:191.67ms
step:243/5100 lr:0.001 train_loss:5.7997 train_time:44635ms step_avg:191.57ms
step:244/5100 lr:0.001 train_loss:5.2956 train_time:44807ms step_avg:191.48ms
step:245/5100 lr:0.001 train_loss:5.2810 train_time:44980ms step_avg:191.40ms
step:246/5100 lr:0.001 train_loss:5.3734 train_time:45152ms step_avg:191.32ms
step:247/5100 lr:0.001 train_loss:5.2074 train_time:45325ms step_avg:191.24ms
step:248/5100 lr:0.001 train_loss:5.3392 train_time:45497ms step_avg:191.16ms
step:249/5100 lr:0.001 train_loss:5.1616 train_time:45670ms step_avg:191.09ms
step:250/5100 lr:0.001 train_loss:5.4920 train_time:45842ms step_avg:191.01ms
step:250/5100 val_loss:5.3531 train_time:45857ms step_avg:191.07ms
step:251/5100 lr:0.001 train_loss:5.2069 train_time:49936ms step_avg:207.21ms
step:252/5100 lr:0.001 train_loss:5.1332 train_time:50108ms step_avg:207.06ms
step:253/5100 lr:0.001 train_loss:5.1052 train_time:50280ms step_avg:206.91ms
step:254/5100 lr:0.001 train_loss:5.1477 train_time:50453ms step_avg:206.77ms
step:255/5100 lr:0.001 train_loss:5.2949 train_time:50625ms step_avg:206.63ms
step:256/5100 lr:0.001 train_loss:5.1298 train_time:50798ms step_avg:206.49ms
step:257/5100 lr:0.001 train_loss:5.3067 train_time:50970ms step_avg:206.36ms
step:258/5100 lr:0.001 train_loss:5.5917 train_time:51142ms step_avg:206.22ms
step:259/5100 lr:0.001 train_loss:4.9807 train_time:51315ms step_avg:206.08ms
step:260/5100 lr:0.001 train_loss:5.1511 train_time:51487ms step_avg:205.95ms
step:261/5100 lr:0.001 train_loss:5.1095 train_time:51659ms step_avg:205.81ms
step:262/5100 lr:0.001 train_loss:5.1568 train_time:51832ms step_avg:205.68ms
step:263/5100 lr:0.001 train_loss:5.3724 train_time:52004ms step_avg:205.55ms
step:264/5100 lr:0.001 train_loss:5.2494 train_time:52177ms step_avg:205.42ms
step:265/5100 lr:0.001 train_loss:5.9161 train_time:52349ms step_avg:205.29ms
step:266/5100 lr:0.001 train_loss:5.1590 train_time:52522ms step_avg:205.16ms
step:267/5100 lr:0.001 train_loss:5.5509 train_time:52694ms step_avg:205.03ms
step:268/5100 lr:0.001 train_loss:4.9695 train_time:52866ms step_avg:204.91ms
step:269/5100 lr:0.001 train_loss:4.9174 train_time:53038ms step_avg:204.78ms
step:270/5100 lr:0.001 train_loss:5.3448 train_time:53211ms step_avg:204.66ms
step:271/5100 lr:0.001 train_loss:5.2279 train_time:53383ms step_avg:204.53ms
step:272/5100 lr:0.001 train_loss:5.1052 train_time:53556ms step_avg:204.41ms
step:273/5100 lr:0.001 train_loss:5.0213 train_time:53728ms step_avg:204.29ms
step:274/5100 lr:0.001 train_loss:5.6365 train_time:53901ms step_avg:204.17ms
step:275/5100 lr:0.001 train_loss:4.9118 train_time:54073ms step_avg:204.05ms
step:276/5100 lr:0.001 train_loss:5.2593 train_time:54245ms step_avg:203.93ms
step:277/5100 lr:0.001 train_loss:5.3581 train_time:54418ms step_avg:203.81ms
step:278/5100 lr:0.001 train_loss:4.9280 train_time:54591ms step_avg:203.70ms
step:279/5100 lr:0.001 train_loss:5.3528 train_time:54763ms step_avg:203.58ms
step:280/5100 lr:0.001 train_loss:5.2372 train_time:54935ms step_avg:203.46ms
step:281/5100 lr:0.001 train_loss:4.9840 train_time:55108ms step_avg:203.35ms
step:282/5100 lr:0.001 train_loss:5.2908 train_time:55280ms step_avg:203.24ms
step:283/5100 lr:0.001 train_loss:5.3938 train_time:55452ms step_avg:203.12ms
step:284/5100 lr:0.001 train_loss:5.1551 train_time:55625ms step_avg:203.01ms
step:285/5100 lr:0.001 train_loss:5.0007 train_time:55797ms step_avg:202.90ms
step:286/5100 lr:0.001 train_loss:5.1385 train_time:55969ms step_avg:202.79ms
step:287/5100 lr:0.001 train_loss:5.0251 train_time:56142ms step_avg:202.68ms
step:288/5100 lr:0.001 train_loss:5.0544 train_time:56314ms step_avg:202.57ms
step:289/5100 lr:0.001 train_loss:5.1294 train_time:56487ms step_avg:202.46ms
step:290/5100 lr:0.001 train_loss:5.2469 train_time:56659ms step_avg:202.35ms
step:291/5100 lr:0.001 train_loss:5.0651 train_time:56831ms step_avg:202.25ms
step:292/5100 lr:0.001 train_loss:4.9585 train_time:57004ms step_avg:202.14ms
step:293/5100 lr:0.001 train_loss:5.1346 train_time:57176ms step_avg:202.04ms
step:294/5100 lr:0.001 train_loss:4.9646 train_time:57348ms step_avg:201.93ms
step:295/5100 lr:0.001 train_loss:4.9122 train_time:57521ms step_avg:201.83ms
step:296/5100 lr:0.001 train_loss:5.0602 train_time:57693ms step_avg:201.72ms
step:297/5100 lr:0.001 train_loss:4.9639 train_time:57867ms step_avg:201.63ms
step:298/5100 lr:0.001 train_loss:5.0811 train_time:58038ms step_avg:201.52ms
step:299/5100 lr:0.001 train_loss:4.8432 train_time:58210ms step_avg:201.42ms
step:300/5100 lr:0.001 train_loss:5.2213 train_time:58382ms step_avg:201.32ms
step:301/5100 lr:0.001 train_loss:5.0098 train_time:58555ms step_avg:201.22ms
step:302/5100 lr:0.001 train_loss:5.0860 train_time:58727ms step_avg:201.12ms
step:303/5100 lr:0.001 train_loss:4.9243 train_time:58900ms step_avg:201.02ms
step:304/5100 lr:0.001 train_loss:5.0648 train_time:59072ms step_avg:200.92ms
step:305/5100 lr:0.001 train_loss:5.0521 train_time:59244ms step_avg:200.83ms
step:306/5100 lr:0.001 train_loss:5.0221 train_time:59416ms step_avg:200.73ms
step:307/5100 lr:0.001 train_loss:5.0735 train_time:59589ms step_avg:200.64ms
step:308/5100 lr:0.001 train_loss:4.9336 train_time:59761ms step_avg:200.54ms
step:309/5100 lr:0.001 train_loss:5.2864 train_time:59934ms step_avg:200.45ms
step:310/5100 lr:0.001 train_loss:4.8939 train_time:60107ms step_avg:200.36ms
step:311/5100 lr:0.001 train_loss:5.1046 train_time:60289ms step_avg:200.30ms
step:312/5100 lr:0.001 train_loss:5.0496 train_time:60462ms step_avg:200.20ms
step:313/5100 lr:0.001 train_loss:4.8985 train_time:60634ms step_avg:200.11ms
step:314/5100 lr:0.001 train_loss:4.7606 train_time:60807ms step_avg:200.02ms
step:315/5100 lr:0.001 train_loss:4.9578 train_time:60979ms step_avg:199.93ms
step:316/5100 lr:0.001 train_loss:4.6888 train_time:61151ms step_avg:199.84ms
step:317/5100 lr:0.001 train_loss:5.0284 train_time:61324ms step_avg:199.75ms
step:318/5100 lr:0.001 train_loss:5.0194 train_time:61496ms step_avg:199.66ms
step:319/5100 lr:0.001 train_loss:4.8652 train_time:61668ms step_avg:199.57ms
step:320/5100 lr:0.001 train_loss:4.9308 train_time:61841ms step_avg:199.49ms
step:321/5100 lr:0.001 train_loss:4.8272 train_time:62013ms step_avg:199.40ms
step:322/5100 lr:0.001 train_loss:5.1013 train_time:62186ms step_avg:199.31ms
step:323/5100 lr:0.001 train_loss:4.9811 train_time:62358ms step_avg:199.23ms
step:324/5100 lr:0.001 train_loss:4.8620 train_time:62532ms step_avg:199.15ms
step:325/5100 lr:0.001 train_loss:4.9306 train_time:62703ms step_avg:199.06ms
step:326/5100 lr:0.001 train_loss:4.8303 train_time:62875ms step_avg:198.97ms
step:327/5100 lr:0.001 train_loss:4.8875 train_time:63058ms step_avg:198.92ms
step:328/5100 lr:0.001 train_loss:4.9764 train_time:63224ms step_avg:198.82ms
step:329/5100 lr:0.001 train_loss:4.9558 train_time:63396ms step_avg:198.73ms
step:330/5100 lr:0.001 train_loss:4.9201 train_time:63569ms step_avg:198.65ms
step:331/5100 lr:0.001 train_loss:4.8531 train_time:63741ms step_avg:198.57ms
step:332/5100 lr:0.001 train_loss:5.3661 train_time:63914ms step_avg:198.49ms
step:333/5100 lr:0.001 train_loss:4.7920 train_time:64086ms step_avg:198.41ms
step:334/5100 lr:0.001 train_loss:4.8581 train_time:64258ms step_avg:198.33ms
step:335/5100 lr:0.001 train_loss:4.7953 train_time:64431ms step_avg:198.25ms
step:336/5100 lr:0.001 train_loss:5.1024 train_time:64603ms step_avg:198.17ms
step:337/5100 lr:0.001 train_loss:4.8225 train_time:64776ms step_avg:198.09ms
step:338/5100 lr:0.001 train_loss:4.9772 train_time:64948ms step_avg:198.01ms
step:339/5100 lr:0.001 train_loss:4.8458 train_time:65121ms step_avg:197.93ms
step:340/5100 lr:0.001 train_loss:4.6567 train_time:65294ms step_avg:197.86ms
step:341/5100 lr:0.001 train_loss:4.4604 train_time:65467ms step_avg:197.79ms
step:342/5100 lr:0.001 train_loss:4.8393 train_time:65645ms step_avg:197.72ms
step:343/5100 lr:0.001 train_loss:4.9691 train_time:65812ms step_avg:197.63ms
step:344/5100 lr:0.001 train_loss:4.9011 train_time:65984ms step_avg:197.56ms
step:345/5100 lr:0.001 train_loss:4.8567 train_time:66157ms step_avg:197.48ms
step:346/5100 lr:0.001 train_loss:4.8935 train_time:66329ms step_avg:197.41ms
step:347/5100 lr:0.001 train_loss:4.8945 train_time:66502ms step_avg:197.33ms
step:348/5100 lr:0.001 train_loss:4.6949 train_time:66674ms step_avg:197.26ms
step:349/5100 lr:0.001 train_loss:4.8495 train_time:66846ms step_avg:197.19ms
step:350/5100 lr:0.001 train_loss:4.8653 train_time:67019ms step_avg:197.11ms
step:351/5100 lr:0.001 train_loss:4.7926 train_time:67191ms step_avg:197.04ms
step:352/5100 lr:0.001 train_loss:4.7065 train_time:67363ms step_avg:196.97ms
step:353/5100 lr:0.001 train_loss:4.8725 train_time:67535ms step_avg:196.90ms
step:354/5100 lr:0.001 train_loss:4.7553 train_time:67708ms step_avg:196.82ms
step:355/5100 lr:0.001 train_loss:4.6412 train_time:67880ms step_avg:196.75ms
step:356/5100 lr:0.001 train_loss:4.9443 train_time:68052ms step_avg:196.68ms
step:357/5100 lr:0.001 train_loss:4.6968 train_time:68225ms step_avg:196.61ms
step:358/5100 lr:0.001 train_loss:4.7337 train_time:68397ms step_avg:196.54ms
step:359/5100 lr:0.001 train_loss:4.6146 train_time:68569ms step_avg:196.47ms
step:360/5100 lr:0.001 train_loss:4.5129 train_time:68742ms step_avg:196.40ms
step:361/5100 lr:0.001 train_loss:5.2710 train_time:68914ms step_avg:196.34ms
step:362/5100 lr:0.001 train_loss:5.1357 train_time:69086ms step_avg:196.27ms
step:363/5100 lr:0.001 train_loss:4.8133 train_time:69259ms step_avg:196.20ms
step:364/5100 lr:0.001 train_loss:4.5961 train_time:69431ms step_avg:196.13ms
step:365/5100 lr:0.001 train_loss:4.6919 train_time:69603ms step_avg:196.07ms
step:366/5100 lr:0.001 train_loss:4.5989 train_time:69776ms step_avg:196.00ms
step:367/5100 lr:0.001 train_loss:4.8599 train_time:69948ms step_avg:195.93ms
step:368/5100 lr:0.001 train_loss:4.8029 train_time:70120ms step_avg:195.87ms
step:369/5100 lr:0.001 train_loss:4.8447 train_time:70293ms step_avg:195.80ms
step:370/5100 lr:0.001 train_loss:4.7691 train_time:70465ms step_avg:195.74ms
step:371/5100 lr:0.001 train_loss:4.3914 train_time:70638ms step_avg:195.67ms
step:372/5100 lr:0.001 train_loss:4.7433 train_time:70811ms step_avg:195.61ms
step:373/5100 lr:0.001 train_loss:4.7871 train_time:70983ms step_avg:195.55ms
step:374/5100 lr:0.001 train_loss:4.6486 train_time:71156ms step_avg:195.48ms
step:375/5100 lr:0.001 train_loss:4.6937 train_time:71328ms step_avg:195.42ms
step:375/5100 val_loss:4.7997 train_time:71343ms step_avg:195.46ms
step:376/5100 lr:0.001 train_loss:4.6295 train_time:75188ms step_avg:205.43ms
step:377/5100 lr:0.001 train_loss:4.6410 train_time:75360ms step_avg:205.34ms
step:378/5100 lr:0.001 train_loss:4.1092 train_time:75532ms step_avg:205.25ms
step:379/5100 lr:0.001 train_loss:4.4034 train_time:75705ms step_avg:205.16ms
step:380/5100 lr:0.001 train_loss:4.6473 train_time:76080ms step_avg:205.62ms
step:381/5100 lr:0.001 train_loss:4.7592 train_time:76462ms step_avg:206.10ms
step:382/5100 lr:0.001 train_loss:4.8268 train_time:76635ms step_avg:206.01ms
step:383/5100 lr:0.001 train_loss:4.6375 train_time:76807ms step_avg:205.92ms
step:384/5100 lr:0.001 train_loss:4.6230 train_time:76980ms step_avg:205.83ms
step:385/5100 lr:0.001 train_loss:4.5999 train_time:77153ms step_avg:205.74ms
step:386/5100 lr:0.001 train_loss:4.5554 train_time:77325ms step_avg:205.65ms
step:387/5100 lr:0.001 train_loss:4.7906 train_time:77498ms step_avg:205.56ms
step:388/5100 lr:0.001 train_loss:5.1298 train_time:77670ms step_avg:205.48ms
step:389/5100 lr:0.001 train_loss:4.7023 train_time:77842ms step_avg:205.39ms
step:390/5100 lr:0.001 train_loss:4.5969 train_time:78015ms step_avg:205.30ms
step:391/5100 lr:0.001 train_loss:4.6156 train_time:78187ms step_avg:205.22ms
step:392/5100 lr:0.001 train_loss:4.6665 train_time:78360ms step_avg:205.13ms
step:393/5100 lr:0.001 train_loss:4.8379 train_time:78533ms step_avg:205.05ms
step:394/5100 lr:0.001 train_loss:4.5286 train_time:78705ms step_avg:204.96ms
step:395/5100 lr:0.001 train_loss:4.5328 train_time:78878ms step_avg:204.88ms
step:396/5100 lr:0.001 train_loss:4.4014 train_time:79050ms step_avg:204.79ms
step:397/5100 lr:0.001 train_loss:4.7104 train_time:79223ms step_avg:204.71ms
step:398/5100 lr:0.001 train_loss:4.7600 train_time:79395ms step_avg:204.63ms
step:399/5100 lr:0.001 train_loss:4.7506 train_time:79568ms step_avg:204.54ms
step:400/5100 lr:0.001 train_loss:4.5973 train_time:79740ms step_avg:204.46ms
step:401/5100 lr:0.001 train_loss:4.9209 train_time:79913ms step_avg:204.38ms
step:402/5100 lr:0.001 train_loss:4.6777 train_time:80085ms step_avg:204.30ms
step:403/5100 lr:0.001 train_loss:4.8466 train_time:80258ms step_avg:204.22ms
step:404/5100 lr:0.001 train_loss:4.9639 train_time:80430ms step_avg:204.14ms
step:405/5100 lr:0.001 train_loss:4.6096 train_time:80603ms step_avg:204.06ms
step:406/5100 lr:0.001 train_loss:4.6303 train_time:80775ms step_avg:203.98ms
step:407/5100 lr:0.001 train_loss:4.7508 train_time:80948ms step_avg:203.90ms
step:408/5100 lr:0.001 train_loss:4.6696 train_time:81128ms step_avg:203.84ms
step:409/5100 lr:0.001 train_loss:4.4919 train_time:81293ms step_avg:203.74ms
step:410/5100 lr:0.001 train_loss:4.7620 train_time:81465ms step_avg:203.66ms
step:411/5100 lr:0.001 train_loss:4.5003 train_time:81637ms step_avg:203.58ms
step:412/5100 lr:0.001 train_loss:4.5637 train_time:81810ms step_avg:203.51ms
step:413/5100 lr:0.001 train_loss:5.0664 train_time:81982ms step_avg:203.43ms
step:414/5100 lr:0.001 train_loss:4.5286 train_time:82155ms step_avg:203.35ms
step:415/5100 lr:0.001 train_loss:4.6375 train_time:82327ms step_avg:203.28ms
step:416/5100 lr:0.001 train_loss:4.4756 train_time:82500ms step_avg:203.20ms
step:417/5100 lr:0.001 train_loss:4.6075 train_time:82672ms step_avg:203.13ms
step:418/5100 lr:0.001 train_loss:4.7394 train_time:82845ms step_avg:203.05ms
step:419/5100 lr:0.001 train_loss:4.4766 train_time:83017ms step_avg:202.98ms
step:420/5100 lr:0.001 train_loss:4.5523 train_time:83190ms step_avg:202.90ms
step:421/5100 lr:0.001 train_loss:4.4352 train_time:83362ms step_avg:202.83ms
step:422/5100 lr:0.001 train_loss:4.3018 train_time:83535ms step_avg:202.75ms
step:423/5100 lr:0.001 train_loss:4.5448 train_time:83707ms step_avg:202.68ms
step:424/5100 lr:0.001 train_loss:4.4535 train_time:83879ms step_avg:202.61ms
step:425/5100 lr:0.001 train_loss:4.5229 train_time:84052ms step_avg:202.53ms
step:426/5100 lr:0.001 train_loss:4.4872 train_time:84224ms step_avg:202.46ms
step:427/5100 lr:0.001 train_loss:4.4824 train_time:84397ms step_avg:202.39ms
step:428/5100 lr:0.001 train_loss:4.5446 train_time:84569ms step_avg:202.32ms
step:429/5100 lr:0.001 train_loss:4.5398 train_time:84741ms step_avg:202.25ms
step:430/5100 lr:0.001 train_loss:4.5478 train_time:84919ms step_avg:202.19ms
step:431/5100 lr:0.001 train_loss:4.5671 train_time:85087ms step_avg:202.11ms
step:432/5100 lr:0.001 train_loss:4.5662 train_time:85259ms step_avg:202.04ms
step:433/5100 lr:0.001 train_loss:4.4779 train_time:85431ms step_avg:201.97ms
step:434/5100 lr:0.001 train_loss:4.6174 train_time:85604ms step_avg:201.90ms
step:435/5100 lr:0.001 train_loss:4.5386 train_time:85776ms step_avg:201.83ms
step:436/5100 lr:0.001 train_loss:4.6516 train_time:85948ms step_avg:201.76ms
step:437/5100 lr:0.001 train_loss:4.3814 train_time:86121ms step_avg:201.69ms
step:438/5100 lr:0.001 train_loss:4.3881 train_time:86293ms step_avg:201.62ms
step:439/5100 lr:0.001 train_loss:4.5242 train_time:86466ms step_avg:201.55ms
step:440/5100 lr:0.001 train_loss:4.3866 train_time:86638ms step_avg:201.48ms
step:441/5100 lr:0.001 train_loss:4.7814 train_time:86810ms step_avg:201.42ms
step:442/5100 lr:0.001 train_loss:4.4632 train_time:86983ms step_avg:201.35ms
step:443/5100 lr:0.001 train_loss:4.5174 train_time:87155ms step_avg:201.28ms
step:444/5100 lr:0.001 train_loss:4.3541 train_time:87328ms step_avg:201.22ms
step:445/5100 lr:0.001 train_loss:4.4364 train_time:87500ms step_avg:201.15ms
step:446/5100 lr:0.001 train_loss:4.4492 train_time:87672ms step_avg:201.08ms
step:447/5100 lr:0.001 train_loss:4.4523 train_time:87845ms step_avg:201.02ms
step:448/5100 lr:0.001 train_loss:4.5782 train_time:88017ms step_avg:200.95ms
step:449/5100 lr:0.001 train_loss:4.5309 train_time:88190ms step_avg:200.89ms
step:450/5100 lr:0.001 train_loss:4.5302 train_time:88363ms step_avg:200.82ms
step:451/5100 lr:0.001 train_loss:4.5736 train_time:88535ms step_avg:200.76ms
step:452/5100 lr:0.001 train_loss:4.4241 train_time:88707ms step_avg:200.70ms
step:453/5100 lr:0.001 train_loss:4.3132 train_time:88880ms step_avg:200.63ms
step:454/5100 lr:0.001 train_loss:4.2453 train_time:89053ms step_avg:200.57ms
step:455/5100 lr:0.001 train_loss:4.3113 train_time:89225ms step_avg:200.50ms
step:456/5100 lr:0.001 train_loss:4.5979 train_time:89397ms step_avg:200.44ms
step:457/5100 lr:0.001 train_loss:4.5234 train_time:89570ms step_avg:200.38ms
step:458/5100 lr:0.001 train_loss:4.4840 train_time:89743ms step_avg:200.32ms
step:459/5100 lr:0.001 train_loss:4.6125 train_time:89915ms step_avg:200.26ms
step:460/5100 lr:0.001 train_loss:4.3423 train_time:90089ms step_avg:200.20ms
step:461/5100 lr:0.001 train_loss:4.5243 train_time:90260ms step_avg:200.13ms
step:462/5100 lr:0.001 train_loss:4.5062 train_time:90432ms step_avg:200.07ms
step:463/5100 lr:0.001 train_loss:4.4785 train_time:90605ms step_avg:200.01ms
step:464/5100 lr:0.001 train_loss:4.5243 train_time:90777ms step_avg:199.95ms
step:465/5100 lr:0.001 train_loss:4.4212 train_time:90949ms step_avg:199.89ms
step:466/5100 lr:0.001 train_loss:4.4086 train_time:91122ms step_avg:199.83ms
step:467/5100 lr:0.001 train_loss:4.6071 train_time:91294ms step_avg:199.77ms
step:468/5100 lr:0.001 train_loss:4.8973 train_time:91467ms step_avg:199.71ms
step:469/5100 lr:0.001 train_loss:4.3954 train_time:91639ms step_avg:199.65ms
step:470/5100 lr:0.001 train_loss:4.4242 train_time:91815ms step_avg:199.60ms
step:471/5100 lr:0.001 train_loss:4.5534 train_time:91984ms step_avg:199.53ms
step:472/5100 lr:0.001 train_loss:4.4187 train_time:92157ms step_avg:199.47ms
step:473/5100 lr:0.001 train_loss:4.4958 train_time:92329ms step_avg:199.41ms
step:474/5100 lr:0.001 train_loss:4.4205 train_time:92501ms step_avg:199.36ms
step:475/5100 lr:0.001 train_loss:4.2566 train_time:92674ms step_avg:199.30ms
step:476/5100 lr:0.001 train_loss:4.6687 train_time:92846ms step_avg:199.24ms
step:477/5100 lr:0.001 train_loss:4.4240 train_time:93019ms step_avg:199.18ms
step:478/5100 lr:0.001 train_loss:4.4684 train_time:93191ms step_avg:199.13ms
step:479/5100 lr:0.001 train_loss:4.5376 train_time:93363ms step_avg:199.07ms
step:480/5100 lr:0.001 train_loss:4.4318 train_time:93536ms step_avg:199.01ms
step:481/5100 lr:0.001 train_loss:4.4572 train_time:93709ms step_avg:198.96ms
step:482/5100 lr:0.001 train_loss:4.4617 train_time:93881ms step_avg:198.90ms
step:483/5100 lr:0.001 train_loss:4.1874 train_time:94053ms step_avg:198.84ms
step:484/5100 lr:0.001 train_loss:4.3914 train_time:94226ms step_avg:198.79ms
step:485/5100 lr:0.001 train_loss:4.4431 train_time:94398ms step_avg:198.73ms
step:486/5100 lr:0.001 train_loss:4.4789 train_time:94570ms step_avg:198.68ms
step:487/5100 lr:0.001 train_loss:4.2220 train_time:94745ms step_avg:198.63ms
step:488/5100 lr:0.001 train_loss:4.3501 train_time:94915ms step_avg:198.57ms
step:489/5100 lr:0.001 train_loss:4.4496 train_time:95087ms step_avg:198.51ms
step:490/5100 lr:0.001 train_loss:4.5197 train_time:95260ms step_avg:198.46ms
step:491/5100 lr:0.001 train_loss:4.4911 train_time:95432ms step_avg:198.40ms
step:492/5100 lr:0.001 train_loss:4.2712 train_time:95605ms step_avg:198.35ms
step:493/5100 lr:0.001 train_loss:4.7528 train_time:95777ms step_avg:198.30ms
step:494/5100 lr:0.001 train_loss:4.2079 train_time:95950ms step_avg:198.24ms
step:495/5100 lr:0.001 train_loss:4.4461 train_time:96122ms step_avg:198.19ms
step:496/5100 lr:0.001 train_loss:4.5011 train_time:96294ms step_avg:198.14ms
step:497/5100 lr:0.001 train_loss:4.3171 train_time:96467ms step_avg:198.08ms
step:498/5100 lr:0.001 train_loss:4.3528 train_time:96643ms step_avg:198.04ms
step:499/5100 lr:0.001 train_loss:4.4459 train_time:96811ms step_avg:197.98ms
step:500/5100 lr:0.001 train_loss:4.5750 train_time:96984ms step_avg:197.93ms
step:500/5100 val_loss:4.4669 train_time:96999ms step_avg:197.96ms
step:501/5100 lr:0.001 train_loss:4.5003 train_time:101400ms step_avg:206.52ms
step:502/5100 lr:0.001 train_loss:4.3216 train_time:101572ms step_avg:206.45ms
step:503/5100 lr:0.001 train_loss:4.4578 train_time:101745ms step_avg:206.38ms
step:504/5100 lr:0.001 train_loss:4.3793 train_time:101917ms step_avg:206.31ms
step:505/5100 lr:0.001 train_loss:4.4625 train_time:102090ms step_avg:206.24ms
step:506/5100 lr:0.001 train_loss:4.4395 train_time:102262ms step_avg:206.17ms
step:507/5100 lr:0.001 train_loss:4.3037 train_time:102434ms step_avg:206.10ms
step:508/5100 lr:0.001 train_loss:4.5174 train_time:102606ms step_avg:206.04ms
step:509/5100 lr:0.001 train_loss:4.7584 train_time:102778ms step_avg:205.97ms
step:510/5100 lr:0.001 train_loss:4.3758 train_time:102951ms step_avg:205.90ms
step:511/5100 lr:0.001 train_loss:4.3920 train_time:103123ms step_avg:205.83ms
step:512/5100 lr:0.001 train_loss:4.3400 train_time:103295ms step_avg:205.77ms
step:513/5100 lr:0.001 train_loss:4.4358 train_time:103468ms step_avg:205.70ms
step:514/5100 lr:0.001 train_loss:4.5027 train_time:103640ms step_avg:205.64ms
step:515/5100 lr:0.001 train_loss:4.3894 train_time:103813ms step_avg:205.57ms
step:516/5100 lr:0.001 train_loss:4.4737 train_time:103986ms step_avg:205.51ms
step:517/5100 lr:0.001 train_loss:4.5766 train_time:104157ms step_avg:205.44ms
step:518/5100 lr:0.001 train_loss:4.2474 train_time:104329ms step_avg:205.37ms
step:519/5100 lr:0.001 train_loss:4.5610 train_time:104502ms step_avg:205.31ms
step:520/5100 lr:0.001 train_loss:4.5707 train_time:104674ms step_avg:205.24ms
step:521/5100 lr:0.001 train_loss:4.4670 train_time:104846ms step_avg:205.18ms
step:522/5100 lr:0.001 train_loss:4.2315 train_time:105019ms step_avg:205.11ms
step:523/5100 lr:0.001 train_loss:4.3642 train_time:105191ms step_avg:205.05ms
step:524/5100 lr:0.001 train_loss:5.6817 train_time:105363ms step_avg:204.99ms
step:525/5100 lr:0.001 train_loss:4.2709 train_time:105536ms step_avg:204.92ms
step:526/5100 lr:0.001 train_loss:4.5599 train_time:105708ms step_avg:204.86ms
step:527/5100 lr:0.001 train_loss:4.2810 train_time:105881ms step_avg:204.80ms
step:528/5100 lr:0.001 train_loss:4.1401 train_time:106053ms step_avg:204.74ms
step:529/5100 lr:0.001 train_loss:4.3698 train_time:106226ms step_avg:204.67ms
step:530/5100 lr:0.001 train_loss:4.5540 train_time:106398ms step_avg:204.61ms
step:531/5100 lr:0.001 train_loss:4.3232 train_time:106571ms step_avg:204.55ms
step:532/5100 lr:0.001 train_loss:4.4699 train_time:106743ms step_avg:204.49ms
step:533/5100 lr:0.001 train_loss:4.5101 train_time:106915ms step_avg:204.43ms
step:534/5100 lr:0.001 train_loss:4.2858 train_time:107089ms step_avg:204.37ms
step:535/5100 lr:0.001 train_loss:4.3111 train_time:107269ms step_avg:204.32ms
step:536/5100 lr:0.001 train_loss:4.2244 train_time:107433ms step_avg:204.25ms
step:537/5100 lr:0.001 train_loss:4.2796 train_time:107606ms step_avg:204.19ms
step:538/5100 lr:0.001 train_loss:4.3385 train_time:107778ms step_avg:204.13ms
step:539/5100 lr:0.001 train_loss:4.2840 train_time:107950ms step_avg:204.06ms
step:540/5100 lr:0.001 train_loss:5.0055 train_time:108123ms step_avg:204.01ms
step:541/5100 lr:0.001 train_loss:4.3292 train_time:108295ms step_avg:203.95ms
step:542/5100 lr:0.001 train_loss:4.5653 train_time:108468ms step_avg:203.89ms
step:543/5100 lr:0.001 train_loss:4.2022 train_time:108640ms step_avg:203.83ms
step:544/5100 lr:0.001 train_loss:4.4131 train_time:108812ms step_avg:203.77ms
step:545/5100 lr:0.001 train_loss:4.4540 train_time:108985ms step_avg:203.71ms
step:546/5100 lr:0.001 train_loss:4.2272 train_time:109157ms step_avg:203.65ms
step:547/5100 lr:0.001 train_loss:4.4569 train_time:109329ms step_avg:203.59ms
step:548/5100 lr:0.001 train_loss:4.3639 train_time:109502ms step_avg:203.53ms
step:549/5100 lr:0.001 train_loss:4.4097 train_time:109674ms step_avg:203.48ms
step:550/5100 lr:0.001 train_loss:4.3332 train_time:109847ms step_avg:203.42ms
step:551/5100 lr:0.001 train_loss:4.2655 train_time:110019ms step_avg:203.36ms
step:552/5100 lr:0.001 train_loss:4.2875 train_time:110191ms step_avg:203.31ms
step:553/5100 lr:0.001 train_loss:4.2698 train_time:110364ms step_avg:203.25ms
step:554/5100 lr:0.001 train_loss:4.5519 train_time:110536ms step_avg:203.19ms
step:555/5100 lr:0.001 train_loss:4.3253 train_time:110708ms step_avg:203.13ms
step:556/5100 lr:0.001 train_loss:4.3934 train_time:110880ms step_avg:203.08ms
step:557/5100 lr:0.001 train_loss:4.3303 train_time:111053ms step_avg:203.02ms
step:558/5100 lr:0.001 train_loss:3.9301 train_time:111226ms step_avg:202.97ms
step:559/5100 lr:0.001 train_loss:4.2769 train_time:111398ms step_avg:202.91ms
step:560/5100 lr:0.001 train_loss:4.3595 train_time:111578ms step_avg:202.87ms
step:561/5100 lr:0.001 train_loss:4.4285 train_time:111745ms step_avg:202.80ms
step:562/5100 lr:0.001 train_loss:4.2305 train_time:111917ms step_avg:202.75ms
step:563/5100 lr:0.001 train_loss:4.1934 train_time:112089ms step_avg:202.69ms
step:564/5100 lr:0.001 train_loss:4.4567 train_time:112262ms step_avg:202.64ms
step:565/5100 lr:0.001 train_loss:4.1464 train_time:112434ms step_avg:202.58ms
step:566/5100 lr:0.001 train_loss:4.3492 train_time:112606ms step_avg:202.53ms
step:567/5100 lr:0.001 train_loss:4.2611 train_time:112778ms step_avg:202.47ms
step:568/5100 lr:0.001 train_loss:4.2498 train_time:112950ms step_avg:202.42ms
step:569/5100 lr:0.001 train_loss:4.1682 train_time:113123ms step_avg:202.37ms
step:570/5100 lr:0.001 train_loss:4.2369 train_time:113499ms step_avg:202.68ms
step:571/5100 lr:0.001 train_loss:4.2737 train_time:113672ms step_avg:202.62ms
step:572/5100 lr:0.001 train_loss:4.1328 train_time:114055ms step_avg:202.94ms
step:573/5100 lr:0.001 train_loss:4.1545 train_time:114227ms step_avg:202.89ms
step:574/5100 lr:0.001 train_loss:4.2095 train_time:114399ms step_avg:202.84ms
step:575/5100 lr:0.001 train_loss:4.6841 train_time:114572ms step_avg:202.78ms
step:576/5100 lr:0.001 train_loss:4.1723 train_time:114744ms step_avg:202.73ms
step:577/5100 lr:0.001 train_loss:4.2186 train_time:114916ms step_avg:202.67ms
step:578/5100 lr:0.001 train_loss:4.5669 train_time:115089ms step_avg:202.62ms
step:579/5100 lr:0.001 train_loss:4.2110 train_time:115261ms step_avg:202.57ms
step:580/5100 lr:0.001 train_loss:4.1958 train_time:115433ms step_avg:202.51ms
step:581/5100 lr:0.001 train_loss:4.5196 train_time:115606ms step_avg:202.46ms
step:582/5100 lr:0.001 train_loss:4.5221 train_time:115778ms step_avg:202.41ms
step:583/5100 lr:0.001 train_loss:4.5402 train_time:115951ms step_avg:202.36ms
step:584/5100 lr:0.001 train_loss:4.4384 train_time:116123ms step_avg:202.31ms
step:585/5100 lr:0.001 train_loss:4.2942 train_time:116295ms step_avg:202.25ms
step:586/5100 lr:0.001 train_loss:4.2796 train_time:116468ms step_avg:202.20ms
step:587/5100 lr:0.001 train_loss:4.3065 train_time:116640ms step_avg:202.15ms
step:588/5100 lr:0.001 train_loss:4.9357 train_time:116812ms step_avg:202.10ms
step:589/5100 lr:0.001 train_loss:4.0851 train_time:116985ms step_avg:202.05ms
step:590/5100 lr:0.001 train_loss:4.4766 train_time:117157ms step_avg:201.99ms
step:591/5100 lr:0.001 train_loss:4.4688 train_time:117330ms step_avg:201.94ms
step:592/5100 lr:0.001 train_loss:4.0781 train_time:117503ms step_avg:201.90ms
step:593/5100 lr:0.001 train_loss:4.1911 train_time:117674ms step_avg:201.84ms
step:594/5100 lr:0.001 train_loss:4.4641 train_time:117846ms step_avg:201.79ms
step:595/5100 lr:0.001 train_loss:4.1783 train_time:118019ms step_avg:201.74ms
step:596/5100 lr:0.001 train_loss:4.3372 train_time:118191ms step_avg:201.69ms
step:597/5100 lr:0.001 train_loss:4.3132 train_time:118364ms step_avg:201.64ms
step:598/5100 lr:0.001 train_loss:4.2800 train_time:118536ms step_avg:201.59ms
step:599/5100 lr:0.001 train_loss:4.2438 train_time:118709ms step_avg:201.54ms
step:600/5100 lr:0.001 train_loss:4.3496 train_time:118881ms step_avg:201.49ms
step:601/5100 lr:0.001 train_loss:4.2169 train_time:119053ms step_avg:201.44ms
step:602/5100 lr:0.001 train_loss:4.1150 train_time:119226ms step_avg:201.39ms
step:603/5100 lr:0.001 train_loss:4.2795 train_time:119398ms step_avg:201.35ms
step:604/5100 lr:0.001 train_loss:4.2613 train_time:119570ms step_avg:201.30ms
step:605/5100 lr:0.001 train_loss:4.3317 train_time:119743ms step_avg:201.25ms
step:606/5100 lr:0.001 train_loss:4.7960 train_time:119915ms step_avg:201.20ms
step:607/5100 lr:0.001 train_loss:4.5902 train_time:120087ms step_avg:201.15ms
step:608/5100 lr:0.001 train_loss:4.4062 train_time:120260ms step_avg:201.10ms
step:609/5100 lr:0.001 train_loss:4.3139 train_time:120432ms step_avg:201.06ms
step:610/5100 lr:0.001 train_loss:4.2797 train_time:120605ms step_avg:201.01ms
step:611/5100 lr:0.001 train_loss:4.2089 train_time:120777ms step_avg:200.96ms
step:612/5100 lr:0.001 train_loss:4.1242 train_time:120949ms step_avg:200.91ms
step:613/5100 lr:0.001 train_loss:4.3695 train_time:121122ms step_avg:200.87ms
step:614/5100 lr:0.001 train_loss:4.1036 train_time:121294ms step_avg:200.82ms
step:615/5100 lr:0.001 train_loss:4.1992 train_time:121467ms step_avg:200.77ms
step:616/5100 lr:0.001 train_loss:4.2033 train_time:121639ms step_avg:200.72ms
step:617/5100 lr:0.001 train_loss:4.4323 train_time:121811ms step_avg:200.68ms
step:618/5100 lr:0.001 train_loss:4.1640 train_time:121984ms step_avg:200.63ms
step:619/5100 lr:0.001 train_loss:4.2181 train_time:122156ms step_avg:200.58ms
step:620/5100 lr:0.001 train_loss:4.4685 train_time:122328ms step_avg:200.54ms
step:621/5100 lr:0.001 train_loss:4.2839 train_time:122500ms step_avg:200.49ms
step:622/5100 lr:0.001 train_loss:4.1886 train_time:122673ms step_avg:200.45ms
step:623/5100 lr:0.001 train_loss:4.2191 train_time:122845ms step_avg:200.40ms
step:624/5100 lr:0.001 train_loss:4.3723 train_time:123017ms step_avg:200.35ms
step:625/5100 lr:0.001 train_loss:4.3324 train_time:123190ms step_avg:200.31ms
step:625/5100 val_loss:4.2962 train_time:123205ms step_avg:200.33ms
step:626/5100 lr:0.001 train_loss:4.3150 train_time:127117ms step_avg:206.36ms
step:627/5100 lr:0.001 train_loss:4.2782 train_time:127289ms step_avg:206.30ms
step:628/5100 lr:0.001 train_loss:4.1420 train_time:127461ms step_avg:206.25ms
step:629/5100 lr:0.001 train_loss:4.2954 train_time:127634ms step_avg:206.19ms
step:630/5100 lr:0.001 train_loss:4.1075 train_time:127806ms step_avg:206.14ms
step:631/5100 lr:0.001 train_loss:4.2115 train_time:127978ms step_avg:206.08ms
step:632/5100 lr:0.001 train_loss:4.0721 train_time:128151ms step_avg:206.03ms
step:633/5100 lr:0.001 train_loss:4.2478 train_time:128323ms step_avg:205.98ms
step:634/5100 lr:0.001 train_loss:4.3036 train_time:128495ms step_avg:205.92ms
step:635/5100 lr:0.001 train_loss:4.1957 train_time:128668ms step_avg:205.87ms
step:636/5100 lr:0.001 train_loss:4.0432 train_time:128840ms step_avg:205.81ms
step:637/5100 lr:0.001 train_loss:4.2730 train_time:129012ms step_avg:205.76ms
step:638/5100 lr:0.001 train_loss:4.0144 train_time:129185ms step_avg:205.71ms
step:639/5100 lr:0.001 train_loss:4.0954 train_time:129357ms step_avg:205.66ms
step:640/5100 lr:0.001 train_loss:4.1824 train_time:129530ms step_avg:205.60ms
step:641/5100 lr:0.001 train_loss:4.2029 train_time:129702ms step_avg:205.55ms
step:642/5100 lr:0.001 train_loss:4.0580 train_time:129874ms step_avg:205.50ms
step:643/5100 lr:0.001 train_loss:4.6277 train_time:130046ms step_avg:205.44ms
step:644/5100 lr:0.001 train_loss:4.1622 train_time:130219ms step_avg:205.39ms
step:645/5100 lr:0.001 train_loss:4.1781 train_time:130392ms step_avg:205.34ms
step:646/5100 lr:0.001 train_loss:4.1342 train_time:130564ms step_avg:205.29ms
step:647/5100 lr:0.001 train_loss:4.0951 train_time:130736ms step_avg:205.24ms
step:648/5100 lr:0.001 train_loss:4.2275 train_time:130909ms step_avg:205.19ms
step:649/5100 lr:0.001 train_loss:4.5908 train_time:131081ms step_avg:205.13ms
step:650/5100 lr:0.001 train_loss:4.3319 train_time:131254ms step_avg:205.08ms
step:651/5100 lr:0.001 train_loss:4.0440 train_time:131426ms step_avg:205.03ms
step:652/5100 lr:0.001 train_loss:3.9043 train_time:131599ms step_avg:204.98ms
step:653/5100 lr:0.001 train_loss:4.2927 train_time:131771ms step_avg:204.93ms
step:654/5100 lr:0.001 train_loss:4.1658 train_time:131954ms step_avg:204.90ms
step:655/5100 lr:0.001 train_loss:4.3242 train_time:132120ms step_avg:204.84ms
step:656/5100 lr:0.001 train_loss:4.3954 train_time:132292ms step_avg:204.79ms
step:657/5100 lr:0.001 train_loss:4.5011 train_time:132464ms step_avg:204.74ms
step:658/5100 lr:0.001 train_loss:4.2163 train_time:132637ms step_avg:204.69ms
step:659/5100 lr:0.001 train_loss:4.1265 train_time:132809ms step_avg:204.64ms
step:660/5100 lr:0.001 train_loss:4.2508 train_time:132982ms step_avg:204.59ms
step:661/5100 lr:0.001 train_loss:4.2945 train_time:133154ms step_avg:204.54ms
step:662/5100 lr:0.001 train_loss:4.3659 train_time:133327ms step_avg:204.49ms
step:663/5100 lr:0.001 train_loss:4.1150 train_time:133499ms step_avg:204.44ms
step:664/5100 lr:0.001 train_loss:4.2619 train_time:133671ms step_avg:204.39ms
step:665/5100 lr:0.001 train_loss:4.2178 train_time:133844ms step_avg:204.34ms
step:666/5100 lr:0.001 train_loss:4.1505 train_time:134016ms step_avg:204.29ms
step:667/5100 lr:0.001 train_loss:4.2463 train_time:134189ms step_avg:204.24ms
step:668/5100 lr:0.001 train_loss:4.3248 train_time:134362ms step_avg:204.20ms
step:669/5100 lr:0.001 train_loss:4.2139 train_time:134534ms step_avg:204.15ms
step:670/5100 lr:0.001 train_loss:4.1889 train_time:134706ms step_avg:204.10ms
step:671/5100 lr:0.001 train_loss:4.3700 train_time:134878ms step_avg:204.05ms
step:672/5100 lr:0.001 train_loss:4.1475 train_time:135051ms step_avg:204.00ms
step:673/5100 lr:0.001 train_loss:4.0788 train_time:135223ms step_avg:203.96ms
step:674/5100 lr:0.001 train_loss:4.3688 train_time:136191ms step_avg:205.11ms
step:675/5100 lr:0.001 train_loss:4.3323 train_time:136363ms step_avg:205.06ms
step:676/5100 lr:0.001 train_loss:4.3997 train_time:136536ms step_avg:205.01ms
step:677/5100 lr:0.001 train_loss:4.1332 train_time:136708ms step_avg:204.96ms
step:678/5100 lr:0.001 train_loss:4.1671 train_time:136880ms step_avg:204.91ms
step:679/5100 lr:0.001 train_loss:4.1163 train_time:137053ms step_avg:204.86ms
step:680/5100 lr:0.001 train_loss:4.2349 train_time:137225ms step_avg:204.81ms
step:681/5100 lr:0.001 train_loss:4.1990 train_time:137397ms step_avg:204.76ms
step:682/5100 lr:0.001 train_loss:4.3861 train_time:137569ms step_avg:204.72ms
step:683/5100 lr:0.001 train_loss:4.1576 train_time:137742ms step_avg:204.67ms
step:684/5100 lr:0.001 train_loss:4.0722 train_time:137914ms step_avg:204.62ms
step:685/5100 lr:0.001 train_loss:4.4113 train_time:138086ms step_avg:204.57ms
step:686/5100 lr:0.001 train_loss:4.0721 train_time:138259ms step_avg:204.52ms
step:687/5100 lr:0.001 train_loss:4.3075 train_time:138431ms step_avg:204.48ms
step:688/5100 lr:0.001 train_loss:4.2521 train_time:138604ms step_avg:204.43ms
step:689/5100 lr:0.001 train_loss:4.1318 train_time:138776ms step_avg:204.38ms
step:690/5100 lr:0.001 train_loss:4.1906 train_time:138948ms step_avg:204.34ms
step:691/5100 lr:0.001 train_loss:4.2240 train_time:139121ms step_avg:204.29ms
step:692/5100 lr:0.001 train_loss:4.2562 train_time:139293ms step_avg:204.24ms
step:693/5100 lr:0.001 train_loss:4.3465 train_time:139465ms step_avg:204.20ms
step:694/5100 lr:0.001 train_loss:3.8671 train_time:139637ms step_avg:204.15ms
step:695/5100 lr:0.001 train_loss:4.1168 train_time:139810ms step_avg:204.10ms
step:696/5100 lr:0.001 train_loss:4.1620 train_time:139982ms step_avg:204.06ms
step:697/5100 lr:0.001 train_loss:3.9456 train_time:140154ms step_avg:204.01ms
step:698/5100 lr:0.001 train_loss:4.3331 train_time:140327ms step_avg:203.96ms
step:699/5100 lr:0.001 train_loss:4.1992 train_time:140499ms step_avg:203.92ms
step:700/5100 lr:0.001 train_loss:4.2570 train_time:140671ms step_avg:203.87ms
step:701/5100 lr:0.001 train_loss:4.1262 train_time:140844ms step_avg:203.83ms
step:702/5100 lr:0.001 train_loss:4.1280 train_time:141016ms step_avg:203.78ms
step:703/5100 lr:0.001 train_loss:3.4159 train_time:141188ms step_avg:203.74ms
step:704/5100 lr:0.001 train_loss:4.1711 train_time:141360ms step_avg:203.69ms
step:705/5100 lr:0.001 train_loss:4.0792 train_time:141533ms step_avg:203.64ms
step:706/5100 lr:0.001 train_loss:4.3044 train_time:141705ms step_avg:203.60ms
step:707/5100 lr:0.001 train_loss:4.1002 train_time:141878ms step_avg:203.55ms
step:708/5100 lr:0.001 train_loss:4.1353 train_time:142050ms step_avg:203.51ms
step:709/5100 lr:0.001 train_loss:4.0883 train_time:142222ms step_avg:203.47ms
step:710/5100 lr:0.001 train_loss:4.1403 train_time:142395ms step_avg:203.42ms
step:711/5100 lr:0.001 train_loss:4.3200 train_time:142567ms step_avg:203.38ms
step:712/5100 lr:0.001 train_loss:4.2613 train_time:142739ms step_avg:203.33ms
step:713/5100 lr:0.001 train_loss:4.1375 train_time:142912ms step_avg:203.29ms
step:714/5100 lr:0.001 train_loss:4.1983 train_time:143084ms step_avg:203.24ms
step:715/5100 lr:0.001 train_loss:4.2549 train_time:143257ms step_avg:203.20ms
step:716/5100 lr:0.001 train_loss:3.9207 train_time:143429ms step_avg:203.16ms
step:717/5100 lr:0.001 train_loss:4.4127 train_time:143602ms step_avg:203.11ms
step:718/5100 lr:0.001 train_loss:4.3203 train_time:143774ms step_avg:203.07ms
step:719/5100 lr:0.001 train_loss:4.1259 train_time:143946ms step_avg:203.03ms
step:720/5100 lr:0.001 train_loss:4.3128 train_time:144118ms step_avg:202.98ms
step:721/5100 lr:0.001 train_loss:4.2873 train_time:144291ms step_avg:202.94ms
step:722/5100 lr:0.001 train_loss:3.9573 train_time:144463ms step_avg:202.90ms
step:723/5100 lr:0.001 train_loss:4.4004 train_time:144636ms step_avg:202.86ms
step:724/5100 lr:0.001 train_loss:4.1388 train_time:144808ms step_avg:202.81ms
step:725/5100 lr:0.001 train_loss:4.0914 train_time:144980ms step_avg:202.77ms
step:726/5100 lr:0.001 train_loss:4.2540 train_time:145153ms step_avg:202.73ms
step:727/5100 lr:0.001 train_loss:4.1533 train_time:145325ms step_avg:202.68ms
step:728/5100 lr:0.001 train_loss:4.1019 train_time:145498ms step_avg:202.64ms
step:729/5100 lr:0.001 train_loss:4.0174 train_time:145670ms step_avg:202.60ms
step:730/5100 lr:0.001 train_loss:3.9298 train_time:145850ms step_avg:202.57ms
step:731/5100 lr:0.001 train_loss:4.1672 train_time:146015ms step_avg:202.52ms
step:732/5100 lr:0.001 train_loss:4.0422 train_time:146187ms step_avg:202.48ms
step:733/5100 lr:0.001 train_loss:4.1519 train_time:146360ms step_avg:202.43ms
step:734/5100 lr:0.001 train_loss:4.2648 train_time:146532ms step_avg:202.39ms
step:735/5100 lr:0.001 train_loss:3.9805 train_time:146705ms step_avg:202.35ms
step:736/5100 lr:0.001 train_loss:4.2724 train_time:146877ms step_avg:202.31ms
step:737/5100 lr:0.001 train_loss:4.0886 train_time:147049ms step_avg:202.27ms
step:738/5100 lr:0.001 train_loss:4.3139 train_time:147222ms step_avg:202.23ms
step:739/5100 lr:0.001 train_loss:4.2023 train_time:147394ms step_avg:202.19ms
step:740/5100 lr:0.001 train_loss:4.2474 train_time:147567ms step_avg:202.15ms
step:741/5100 lr:0.001 train_loss:4.2423 train_time:147739ms step_avg:202.11ms
step:742/5100 lr:0.001 train_loss:4.1826 train_time:147911ms step_avg:202.06ms
step:743/5100 lr:0.001 train_loss:4.2458 train_time:148084ms step_avg:202.02ms
step:744/5100 lr:0.001 train_loss:4.0063 train_time:148256ms step_avg:201.98ms
step:745/5100 lr:0.001 train_loss:4.3064 train_time:148428ms step_avg:201.94ms
step:746/5100 lr:0.001 train_loss:4.1019 train_time:148601ms step_avg:201.90ms
step:747/5100 lr:0.001 train_loss:4.0875 train_time:148773ms step_avg:201.86ms
step:748/5100 lr:0.001 train_loss:4.2316 train_time:148945ms step_avg:201.82ms
step:749/5100 lr:0.001 train_loss:4.1673 train_time:149117ms step_avg:201.78ms
step:750/5100 lr:0.001 train_loss:4.1139 train_time:149290ms step_avg:201.74ms
step:750/5100 val_loss:4.1932 train_time:149305ms step_avg:201.76ms
step:751/5100 lr:0.001 train_loss:4.0921 train_time:153170ms step_avg:206.71ms
step:752/5100 lr:0.001 train_loss:4.3287 train_time:153342ms step_avg:206.66ms
step:753/5100 lr:0.001 train_loss:4.0883 train_time:153514ms step_avg:206.61ms
step:754/5100 lr:0.001 train_loss:4.1982 train_time:153687ms step_avg:206.57ms
step:755/5100 lr:0.001 train_loss:4.1946 train_time:153860ms step_avg:206.52ms
step:756/5100 lr:0.001 train_loss:4.1544 train_time:154032ms step_avg:206.48ms
step:757/5100 lr:0.001 train_loss:4.2033 train_time:154204ms step_avg:206.43ms
step:758/5100 lr:0.001 train_loss:4.0840 train_time:154376ms step_avg:206.39ms
step:759/5100 lr:0.001 train_loss:4.1929 train_time:154549ms step_avg:206.34ms
step:760/5100 lr:0.001 train_loss:4.1752 train_time:154924ms step_avg:206.57ms
step:761/5100 lr:0.001 train_loss:4.1257 train_time:155096ms step_avg:206.52ms
step:762/5100 lr:0.001 train_loss:4.4439 train_time:155480ms step_avg:206.76ms
step:763/5100 lr:0.001 train_loss:3.9774 train_time:155652ms step_avg:206.71ms
step:764/5100 lr:0.001 train_loss:4.2725 train_time:155824ms step_avg:206.66ms
step:765/5100 lr:0.001 train_loss:4.0339 train_time:155996ms step_avg:206.62ms
step:766/5100 lr:0.001 train_loss:3.8941 train_time:156169ms step_avg:206.57ms
step:767/5100 lr:0.001 train_loss:4.3872 train_time:156341ms step_avg:206.53ms
step:768/5100 lr:0.001 train_loss:4.2833 train_time:156514ms step_avg:206.48ms
step:769/5100 lr:0.001 train_loss:4.1479 train_time:156686ms step_avg:206.44ms
step:770/5100 lr:0.001 train_loss:4.0941 train_time:156858ms step_avg:206.39ms
step:771/5100 lr:0.001 train_loss:4.2640 train_time:157041ms step_avg:206.36ms
step:772/5100 lr:0.001 train_loss:4.2469 train_time:157207ms step_avg:206.31ms
step:773/5100 lr:0.001 train_loss:4.5185 train_time:157379ms step_avg:206.26ms
step:774/5100 lr:0.001 train_loss:4.0075 train_time:157551ms step_avg:206.22ms
step:775/5100 lr:0.001 train_loss:4.1374 train_time:157731ms step_avg:206.18ms
step:776/5100 lr:0.001 train_loss:4.2486 train_time:157896ms step_avg:206.13ms
step:777/5100 lr:0.001 train_loss:4.1978 train_time:158068ms step_avg:206.09ms
step:778/5100 lr:0.001 train_loss:4.1814 train_time:158240ms step_avg:206.04ms
step:779/5100 lr:0.001 train_loss:3.9773 train_time:158413ms step_avg:206.00ms
step:780/5100 lr:0.001 train_loss:4.1342 train_time:158585ms step_avg:205.95ms
step:781/5100 lr:0.001 train_loss:4.0806 train_time:158757ms step_avg:205.91ms
step:782/5100 lr:0.001 train_loss:4.2295 train_time:158929ms step_avg:205.87ms
step:783/5100 lr:0.001 train_loss:4.2167 train_time:159102ms step_avg:205.82ms
step:784/5100 lr:0.001 train_loss:4.0750 train_time:159274ms step_avg:205.78ms
step:785/5100 lr:0.001 train_loss:4.1685 train_time:159449ms step_avg:205.74ms
step:786/5100 lr:0.001 train_loss:4.1287 train_time:159619ms step_avg:205.69ms
step:787/5100 lr:0.001 train_loss:3.9976 train_time:159791ms step_avg:205.65ms
step:788/5100 lr:0.001 train_loss:3.9947 train_time:159964ms step_avg:205.61ms
step:789/5100 lr:0.001 train_loss:4.4211 train_time:160136ms step_avg:205.57ms
step:790/5100 lr:0.001 train_loss:3.9671 train_time:160308ms step_avg:205.52ms
step:791/5100 lr:0.001 train_loss:4.1418 train_time:160481ms step_avg:205.48ms
step:792/5100 lr:0.001 train_loss:4.1880 train_time:160653ms step_avg:205.44ms
step:793/5100 lr:0.001 train_loss:4.1004 train_time:160825ms step_avg:205.40ms
step:794/5100 lr:0.001 train_loss:4.0728 train_time:160997ms step_avg:205.35ms
step:795/5100 lr:0.001 train_loss:3.9377 train_time:161170ms step_avg:205.31ms
step:796/5100 lr:0.001 train_loss:4.0930 train_time:161342ms step_avg:205.27ms
step:797/5100 lr:0.001 train_loss:4.1028 train_time:161514ms step_avg:205.23ms
step:798/5100 lr:0.001 train_loss:4.1154 train_time:161687ms step_avg:205.19ms
step:799/5100 lr:0.001 train_loss:4.0773 train_time:161859ms step_avg:205.14ms
step:800/5100 lr:0.001 train_loss:4.2409 train_time:162032ms step_avg:205.10ms
step:801/5100 lr:0.001 train_loss:4.1145 train_time:162204ms step_avg:205.06ms
step:802/5100 lr:0.001 train_loss:4.1512 train_time:162376ms step_avg:205.02ms
step:803/5100 lr:0.001 train_loss:4.1842 train_time:162549ms step_avg:204.98ms
step:804/5100 lr:0.001 train_loss:4.2366 train_time:162721ms step_avg:204.94ms
step:805/5100 lr:0.001 train_loss:4.2404 train_time:162893ms step_avg:204.90ms
step:806/5100 lr:0.001 train_loss:4.1641 train_time:163066ms step_avg:204.86ms
step:807/5100 lr:0.001 train_loss:4.0086 train_time:163240ms step_avg:204.82ms
step:808/5100 lr:0.001 train_loss:3.8871 train_time:163411ms step_avg:204.78ms
step:809/5100 lr:0.001 train_loss:4.1591 train_time:163583ms step_avg:204.73ms
step:810/5100 lr:0.001 train_loss:4.1484 train_time:163755ms step_avg:204.69ms
step:811/5100 lr:0.001 train_loss:4.0050 train_time:163939ms step_avg:204.67ms
step:812/5100 lr:0.001 train_loss:4.0772 train_time:164103ms step_avg:204.62ms
step:813/5100 lr:0.001 train_loss:4.2150 train_time:164275ms step_avg:204.58ms
step:814/5100 lr:0.001 train_loss:4.1680 train_time:164447ms step_avg:204.54ms
step:815/5100 lr:0.001 train_loss:4.1540 train_time:164619ms step_avg:204.50ms
step:816/5100 lr:0.001 train_loss:4.1034 train_time:164792ms step_avg:204.46ms
step:817/5100 lr:0.001 train_loss:4.0569 train_time:164964ms step_avg:204.42ms
step:818/5100 lr:0.001 train_loss:4.1296 train_time:165137ms step_avg:204.38ms
step:819/5100 lr:0.001 train_loss:4.5490 train_time:165309ms step_avg:204.34ms
step:820/5100 lr:0.001 train_loss:4.1048 train_time:165481ms step_avg:204.30ms
step:821/5100 lr:0.001 train_loss:4.3639 train_time:165654ms step_avg:204.26ms
step:822/5100 lr:0.001 train_loss:3.9545 train_time:165826ms step_avg:204.22ms
step:823/5100 lr:0.001 train_loss:4.0815 train_time:165998ms step_avg:204.18ms
step:824/5100 lr:0.001 train_loss:4.3131 train_time:166170ms step_avg:204.14ms
step:825/5100 lr:0.001 train_loss:4.0800 train_time:166343ms step_avg:204.10ms
step:826/5100 lr:0.001 train_loss:3.9915 train_time:166515ms step_avg:204.06ms
step:827/5100 lr:0.001 train_loss:4.2228 train_time:166687ms step_avg:204.02ms
step:828/5100 lr:0.001 train_loss:4.0413 train_time:166859ms step_avg:203.98ms
step:829/5100 lr:0.001 train_loss:4.4951 train_time:167031ms step_avg:203.95ms
step:830/5100 lr:0.001 train_loss:4.0604 train_time:167204ms step_avg:203.91ms
step:831/5100 lr:0.001 train_loss:4.2287 train_time:167376ms step_avg:203.87ms
step:832/5100 lr:0.001 train_loss:4.0580 train_time:167549ms step_avg:203.83ms
step:833/5100 lr:0.001 train_loss:4.0405 train_time:167721ms step_avg:203.79ms
step:834/5100 lr:0.001 train_loss:4.0051 train_time:167893ms step_avg:203.75ms
step:835/5100 lr:0.001 train_loss:4.1296 train_time:168065ms step_avg:203.72ms
step:836/5100 lr:0.001 train_loss:3.9728 train_time:168238ms step_avg:203.68ms
step:837/5100 lr:0.001 train_loss:3.9246 train_time:168410ms step_avg:203.64ms
step:838/5100 lr:0.001 train_loss:4.3017 train_time:168582ms step_avg:203.60ms
step:839/5100 lr:0.001 train_loss:4.0169 train_time:168755ms step_avg:203.56ms
step:840/5100 lr:0.001 train_loss:4.1177 train_time:168927ms step_avg:203.53ms
step:841/5100 lr:0.001 train_loss:4.0175 train_time:169100ms step_avg:203.49ms
step:842/5100 lr:0.001 train_loss:4.1055 train_time:169272ms step_avg:203.45ms
step:843/5100 lr:0.001 train_loss:4.2445 train_time:169444ms step_avg:203.41ms
step:844/5100 lr:0.001 train_loss:4.1334 train_time:169616ms step_avg:203.38ms
step:845/5100 lr:0.001 train_loss:4.0107 train_time:169789ms step_avg:203.34ms
step:846/5100 lr:0.001 train_loss:4.0722 train_time:169961ms step_avg:203.30ms
step:847/5100 lr:0.001 train_loss:4.1794 train_time:170143ms step_avg:203.28ms
step:848/5100 lr:0.001 train_loss:4.0148 train_time:170310ms step_avg:203.23ms
step:849/5100 lr:0.001 train_loss:3.9856 train_time:170482ms step_avg:203.20ms
step:850/5100 lr:0.001 train_loss:4.1490 train_time:170655ms step_avg:203.16ms
step:851/5100 lr:0.001 train_loss:4.0307 train_time:170827ms step_avg:203.12ms
step:852/5100 lr:0.001 train_loss:4.0813 train_time:171000ms step_avg:203.09ms
step:853/5100 lr:0.001 train_loss:4.1537 train_time:171172ms step_avg:203.05ms
step:854/5100 lr:0.001 train_loss:3.9563 train_time:171345ms step_avg:203.02ms
step:855/5100 lr:0.001 train_loss:4.0578 train_time:171517ms step_avg:202.98ms
step:856/5100 lr:0.001 train_loss:4.3080 train_time:171689ms step_avg:202.94ms
step:857/5100 lr:0.001 train_loss:4.0519 train_time:171862ms step_avg:202.91ms
step:858/5100 lr:0.001 train_loss:4.0197 train_time:172034ms step_avg:202.87ms
step:859/5100 lr:0.001 train_loss:4.1819 train_time:172206ms step_avg:202.83ms
step:860/5100 lr:0.001 train_loss:3.9557 train_time:172379ms step_avg:202.80ms
step:861/5100 lr:0.001 train_loss:4.1152 train_time:172551ms step_avg:202.76ms
step:862/5100 lr:0.001 train_loss:3.9941 train_time:172724ms step_avg:202.73ms
step:863/5100 lr:0.001 train_loss:4.1555 train_time:172896ms step_avg:202.69ms
step:864/5100 lr:0.001 train_loss:4.0593 train_time:173068ms step_avg:202.66ms
step:865/5100 lr:0.001 train_loss:4.0306 train_time:173241ms step_avg:202.62ms
step:866/5100 lr:0.001 train_loss:4.0363 train_time:173413ms step_avg:202.59ms
step:867/5100 lr:0.001 train_loss:4.1284 train_time:173586ms step_avg:202.55ms
step:868/5100 lr:0.001 train_loss:4.5175 train_time:173758ms step_avg:202.52ms
step:869/5100 lr:0.001 train_loss:3.9072 train_time:173930ms step_avg:202.48ms
step:870/5100 lr:0.001 train_loss:4.2103 train_time:174102ms step_avg:202.44ms
step:871/5100 lr:0.001 train_loss:4.0603 train_time:174275ms step_avg:202.41ms
step:872/5100 lr:0.001 train_loss:4.0126 train_time:174447ms step_avg:202.37ms
step:873/5100 lr:0.001 train_loss:3.8827 train_time:174619ms step_avg:202.34ms
step:874/5100 lr:0.001 train_loss:4.1787 train_time:174791ms step_avg:202.30ms
step:875/5100 lr:0.001 train_loss:3.9402 train_time:174964ms step_avg:202.27ms
step:875/5100 val_loss:4.1229 train_time:174979ms step_avg:202.29ms
step:876/5100 lr:0.001 train_loss:3.4748 train_time:178851ms step_avg:206.53ms
step:877/5100 lr:0.001 train_loss:4.1189 train_time:179023ms step_avg:206.49ms
step:878/5100 lr:0.001 train_loss:4.0998 train_time:179195ms step_avg:206.45ms
step:879/5100 lr:0.001 train_loss:4.0938 train_time:179367ms step_avg:206.41ms
step:880/5100 lr:0.001 train_loss:4.0734 train_time:179540ms step_avg:206.37ms
step:881/5100 lr:0.001 train_loss:4.0742 train_time:179712ms step_avg:206.33ms
step:882/5100 lr:0.001 train_loss:3.6218 train_time:179885ms step_avg:206.29ms
step:883/5100 lr:0.001 train_loss:4.1086 train_time:180057ms step_avg:206.25ms
step:884/5100 lr:0.001 train_loss:4.6842 train_time:180229ms step_avg:206.21ms
step:885/5100 lr:0.001 train_loss:4.4136 train_time:180402ms step_avg:206.17ms
step:886/5100 lr:0.001 train_loss:4.2196 train_time:180575ms step_avg:206.14ms
step:887/5100 lr:0.001 train_loss:4.1357 train_time:180747ms step_avg:206.10ms
step:888/5100 lr:0.001 train_loss:4.1579 train_time:180920ms step_avg:206.06ms
step:889/5100 lr:0.001 train_loss:4.9894 train_time:181092ms step_avg:206.02ms
step:890/5100 lr:0.001 train_loss:4.3737 train_time:181264ms step_avg:205.98ms
step:891/5100 lr:0.001 train_loss:3.9175 train_time:181437ms step_avg:205.94ms
step:892/5100 lr:0.001 train_loss:3.9542 train_time:181609ms step_avg:205.91ms
step:893/5100 lr:0.001 train_loss:3.9164 train_time:181781ms step_avg:205.87ms
step:894/5100 lr:0.001 train_loss:4.1666 train_time:181954ms step_avg:205.83ms
step:895/5100 lr:0.001 train_loss:3.8823 train_time:182126ms step_avg:205.79ms
step:896/5100 lr:0.001 train_loss:3.9346 train_time:182298ms step_avg:205.75ms
step:897/5100 lr:0.001 train_loss:4.0371 train_time:182472ms step_avg:205.72ms
step:898/5100 lr:0.001 train_loss:4.0779 train_time:182644ms step_avg:205.68ms
step:899/5100 lr:0.001 train_loss:4.0734 train_time:182817ms step_avg:205.64ms
step:900/5100 lr:0.001 train_loss:4.2046 train_time:182989ms step_avg:205.61ms
step:901/5100 lr:0.001 train_loss:3.9831 train_time:183162ms step_avg:205.57ms
step:902/5100 lr:0.001 train_loss:3.9484 train_time:183334ms step_avg:205.53ms
step:903/5100 lr:0.001 train_loss:4.1029 train_time:183507ms step_avg:205.49ms
step:904/5100 lr:0.001 train_loss:4.0067 train_time:183679ms step_avg:205.46ms
step:905/5100 lr:0.001 train_loss:4.0099 train_time:183851ms step_avg:205.42ms
step:906/5100 lr:0.001 train_loss:4.0844 train_time:184024ms step_avg:205.38ms
step:907/5100 lr:0.001 train_loss:4.0843 train_time:184196ms step_avg:205.35ms
step:908/5100 lr:0.001 train_loss:4.1203 train_time:184368ms step_avg:205.31ms
step:909/5100 lr:0.001 train_loss:3.9919 train_time:184541ms step_avg:205.27ms
step:910/5100 lr:0.001 train_loss:3.9859 train_time:184713ms step_avg:205.24ms
step:911/5100 lr:0.001 train_loss:4.0399 train_time:184885ms step_avg:205.20ms
step:912/5100 lr:0.001 train_loss:4.0634 train_time:185057ms step_avg:205.16ms
step:913/5100 lr:0.001 train_loss:4.1119 train_time:185229ms step_avg:205.13ms
step:914/5100 lr:0.001 train_loss:4.3160 train_time:185402ms step_avg:205.09ms
step:915/5100 lr:0.001 train_loss:3.8598 train_time:185574ms step_avg:205.05ms
step:916/5100 lr:0.001 train_loss:4.1845 train_time:185746ms step_avg:205.02ms
step:917/5100 lr:0.001 train_loss:4.2625 train_time:185919ms step_avg:204.98ms
step:918/5100 lr:0.001 train_loss:4.0737 train_time:186091ms step_avg:204.95ms
step:919/5100 lr:0.001 train_loss:4.1613 train_time:186264ms step_avg:204.91ms
step:920/5100 lr:0.001 train_loss:4.3875 train_time:186436ms step_avg:204.87ms
step:921/5100 lr:0.001 train_loss:4.0257 train_time:186608ms step_avg:204.84ms
step:922/5100 lr:0.001 train_loss:3.9903 train_time:186780ms step_avg:204.80ms
step:923/5100 lr:0.001 train_loss:4.0211 train_time:186953ms step_avg:204.77ms
step:924/5100 lr:0.001 train_loss:4.0895 train_time:187126ms step_avg:204.73ms
step:925/5100 lr:0.001 train_loss:4.1701 train_time:187298ms step_avg:204.70ms
step:926/5100 lr:0.001 train_loss:4.2176 train_time:187471ms step_avg:204.66ms
step:927/5100 lr:0.001 train_loss:4.1976 train_time:187643ms step_avg:204.63ms
step:928/5100 lr:0.001 train_loss:4.1385 train_time:187815ms step_avg:204.59ms
step:929/5100 lr:0.001 train_loss:4.1518 train_time:187988ms step_avg:204.56ms
step:930/5100 lr:0.001 train_loss:4.3039 train_time:188161ms step_avg:204.52ms
step:931/5100 lr:0.001 train_loss:3.9497 train_time:188333ms step_avg:204.49ms
step:932/5100 lr:0.001 train_loss:3.8051 train_time:188505ms step_avg:204.45ms
step:933/5100 lr:0.001 train_loss:4.0487 train_time:188678ms step_avg:204.42ms
step:934/5100 lr:0.001 train_loss:4.2322 train_time:188850ms step_avg:204.38ms
step:935/5100 lr:0.001 train_loss:3.9830 train_time:189022ms step_avg:204.35ms
step:936/5100 lr:0.001 train_loss:4.1406 train_time:189195ms step_avg:204.31ms
step:937/5100 lr:0.001 train_loss:3.8525 train_time:189367ms step_avg:204.28ms
step:938/5100 lr:0.001 train_loss:4.0418 train_time:189539ms step_avg:204.24ms
step:939/5100 lr:0.001 train_loss:4.1012 train_time:189712ms step_avg:204.21ms
step:940/5100 lr:0.001 train_loss:3.9396 train_time:189884ms step_avg:204.18ms
step:941/5100 lr:0.001 train_loss:4.3110 train_time:190056ms step_avg:204.14ms
step:942/5100 lr:0.001 train_loss:4.0211 train_time:190229ms step_avg:204.11ms
step:943/5100 lr:0.001 train_loss:4.1057 train_time:190401ms step_avg:204.07ms
step:944/5100 lr:0.001 train_loss:3.9071 train_time:190574ms step_avg:204.04ms
step:945/5100 lr:0.001 train_loss:4.1678 train_time:190746ms step_avg:204.01ms
step:946/5100 lr:0.001 train_loss:3.8156 train_time:190918ms step_avg:203.97ms
step:947/5100 lr:0.001 train_loss:3.9433 train_time:191091ms step_avg:203.94ms
step:948/5100 lr:0.001 train_loss:4.3905 train_time:191264ms step_avg:203.91ms
step:949/5100 lr:0.001 train_loss:4.3329 train_time:191436ms step_avg:203.87ms
step:950/5100 lr:0.001 train_loss:4.0329 train_time:191811ms step_avg:204.05ms
step:951/5100 lr:0.001 train_loss:4.0760 train_time:191983ms step_avg:204.02ms
step:952/5100 lr:0.001 train_loss:4.0143 train_time:192156ms step_avg:203.99ms
step:953/5100 lr:0.001 train_loss:4.2331 train_time:192545ms step_avg:204.18ms
step:954/5100 lr:0.001 train_loss:4.1049 train_time:192718ms step_avg:204.15ms
step:955/5100 lr:0.001 train_loss:3.7351 train_time:192890ms step_avg:204.12ms
step:956/5100 lr:0.001 train_loss:3.8622 train_time:194002ms step_avg:205.08ms
step:957/5100 lr:0.001 train_loss:3.9938 train_time:194175ms step_avg:205.04ms
step:958/5100 lr:0.001 train_loss:3.9764 train_time:194348ms step_avg:205.01ms
step:959/5100 lr:0.001 train_loss:3.8573 train_time:194520ms step_avg:204.97ms
step:960/5100 lr:0.001 train_loss:4.0951 train_time:194692ms step_avg:204.94ms
step:961/5100 lr:0.001 train_loss:4.2036 train_time:194865ms step_avg:204.91ms
step:962/5100 lr:0.001 train_loss:3.9604 train_time:195037ms step_avg:204.87ms
step:963/5100 lr:0.001 train_loss:3.9689 train_time:195209ms step_avg:204.84ms
step:964/5100 lr:0.001 train_loss:3.8946 train_time:195381ms step_avg:204.80ms
step:965/5100 lr:0.001 train_loss:4.0381 train_time:195554ms step_avg:204.77ms
step:966/5100 lr:0.001 train_loss:4.1978 train_time:195726ms step_avg:204.73ms
step:967/5100 lr:0.001 train_loss:4.1225 train_time:195898ms step_avg:204.70ms
step:968/5100 lr:0.001 train_loss:4.1691 train_time:196071ms step_avg:204.67ms
step:969/5100 lr:0.001 train_loss:4.0183 train_time:196243ms step_avg:204.63ms
step:970/5100 lr:0.001 train_loss:3.9698 train_time:196419ms step_avg:204.60ms
step:971/5100 lr:0.001 train_loss:3.9508 train_time:196588ms step_avg:204.57ms
step:972/5100 lr:0.001 train_loss:3.9300 train_time:196760ms step_avg:204.53ms
step:973/5100 lr:0.001 train_loss:3.8184 train_time:196933ms step_avg:204.50ms
step:974/5100 lr:0.001 train_loss:3.9613 train_time:197105ms step_avg:204.47ms
step:975/5100 lr:0.001 train_loss:3.8356 train_time:197278ms step_avg:204.43ms
step:976/5100 lr:0.001 train_loss:4.1244 train_time:197450ms step_avg:204.40ms
step:977/5100 lr:0.001 train_loss:4.3208 train_time:197622ms step_avg:204.37ms
step:978/5100 lr:0.001 train_loss:4.1260 train_time:197795ms step_avg:204.33ms
step:979/5100 lr:0.001 train_loss:3.9963 train_time:197967ms step_avg:204.30ms
step:980/5100 lr:0.001 train_loss:4.0168 train_time:198140ms step_avg:204.27ms
step:981/5100 lr:0.001 train_loss:3.9389 train_time:198312ms step_avg:204.23ms
step:982/5100 lr:0.001 train_loss:3.8764 train_time:198485ms step_avg:204.20ms
step:983/5100 lr:0.001 train_loss:3.9768 train_time:198657ms step_avg:204.17ms
step:984/5100 lr:0.001 train_loss:4.0846 train_time:198830ms step_avg:204.14ms
step:985/5100 lr:0.001 train_loss:4.1108 train_time:199002ms step_avg:204.11ms
step:986/5100 lr:0.001 train_loss:3.9828 train_time:199176ms step_avg:204.07ms
step:987/5100 lr:0.001 train_loss:3.9789 train_time:199348ms step_avg:204.04ms
step:988/5100 lr:0.001 train_loss:4.0724 train_time:199521ms step_avg:204.01ms
step:989/5100 lr:0.001 train_loss:4.0901 train_time:199693ms step_avg:203.98ms
step:990/5100 lr:0.001 train_loss:4.0256 train_time:199866ms step_avg:203.94ms
step:991/5100 lr:0.001 train_loss:3.9883 train_time:200038ms step_avg:203.91ms
step:992/5100 lr:0.001 train_loss:3.9355 train_time:200210ms step_avg:203.88ms
step:993/5100 lr:0.001 train_loss:3.8789 train_time:200383ms step_avg:203.85ms
step:994/5100 lr:0.001 train_loss:4.0380 train_time:200555ms step_avg:203.82ms
step:995/5100 lr:0.001 train_loss:3.9202 train_time:200728ms step_avg:203.78ms
step:996/5100 lr:0.001 train_loss:3.9599 train_time:200900ms step_avg:203.75ms
step:997/5100 lr:0.001 train_loss:4.0343 train_time:201072ms step_avg:203.72ms
step:998/5100 lr:0.001 train_loss:4.0388 train_time:201246ms step_avg:203.69ms
step:999/5100 lr:0.001 train_loss:4.2321 train_time:201417ms step_avg:203.66ms
step:1000/5100 lr:0.001 train_loss:3.9854 train_time:201590ms step_avg:203.63ms
step:1000/5100 val_loss:4.0492 train_time:201605ms step_avg:203.64ms
step:1001/5100 lr:0.001 train_loss:4.1683 train_time:206251ms step_avg:208.12ms
step:1002/5100 lr:0.001 train_loss:4.0670 train_time:206424ms step_avg:208.09ms
step:1003/5100 lr:0.001 train_loss:4.0485 train_time:206596ms step_avg:208.05ms
step:1004/5100 lr:0.001 train_loss:4.0782 train_time:206769ms step_avg:208.02ms
step:1005/5100 lr:0.001 train_loss:4.1332 train_time:206941ms step_avg:207.98ms
step:1006/5100 lr:0.001 train_loss:4.0451 train_time:207113ms step_avg:207.94ms
step:1007/5100 lr:0.001 train_loss:4.0440 train_time:207285ms step_avg:207.91ms
step:1008/5100 lr:0.001 train_loss:3.9808 train_time:207458ms step_avg:207.87ms
step:1009/5100 lr:0.001 train_loss:3.9823 train_time:207630ms step_avg:207.84ms
step:1010/5100 lr:0.001 train_loss:4.0014 train_time:207803ms step_avg:207.80ms
step:1011/5100 lr:0.001 train_loss:4.4578 train_time:207975ms step_avg:207.77ms
step:1012/5100 lr:0.001 train_loss:4.2860 train_time:208147ms step_avg:207.73ms
step:1013/5100 lr:0.001 train_loss:3.8851 train_time:208320ms step_avg:207.70ms
step:1014/5100 lr:0.001 train_loss:3.8489 train_time:208492ms step_avg:207.66ms
step:1015/5100 lr:0.001 train_loss:3.9101 train_time:208664ms step_avg:207.63ms
step:1016/5100 lr:0.001 train_loss:3.8303 train_time:208836ms step_avg:207.59ms
step:1017/5100 lr:0.001 train_loss:4.2318 train_time:209014ms step_avg:207.56ms
step:1018/5100 lr:0.001 train_loss:4.0009 train_time:209181ms step_avg:207.52ms
step:1019/5100 lr:0.001 train_loss:4.0613 train_time:209353ms step_avg:207.49ms
step:1020/5100 lr:0.001 train_loss:3.9653 train_time:209525ms step_avg:207.45ms
step:1021/5100 lr:0.001 train_loss:4.0245 train_time:209698ms step_avg:207.42ms
step:1022/5100 lr:0.001 train_loss:3.9739 train_time:209870ms step_avg:207.38ms
step:1023/5100 lr:0.001 train_loss:4.3564 train_time:210042ms step_avg:207.35ms
step:1024/5100 lr:0.001 train_loss:4.2034 train_time:210214ms step_avg:207.31ms
step:1025/5100 lr:0.001 train_loss:3.8794 train_time:210387ms step_avg:207.28ms
step:1026/5100 lr:0.001 train_loss:4.1934 train_time:210560ms step_avg:207.24ms
step:1027/5100 lr:0.001 train_loss:3.9779 train_time:210732ms step_avg:207.21ms
step:1028/5100 lr:0.001 train_loss:3.9319 train_time:210904ms step_avg:207.17ms
step:1029/5100 lr:0.001 train_loss:3.8950 train_time:211076ms step_avg:207.14ms
step:1030/5100 lr:0.001 train_loss:3.8245 train_time:211248ms step_avg:207.11ms
step:1031/5100 lr:0.001 train_loss:4.2030 train_time:211421ms step_avg:207.07ms
step:1032/5100 lr:0.001 train_loss:4.4496 train_time:211593ms step_avg:207.04ms
step:1033/5100 lr:0.001 train_loss:3.9501 train_time:211765ms step_avg:207.00ms
step:1034/5100 lr:0.001 train_loss:3.8765 train_time:211937ms step_avg:206.97ms
step:1035/5100 lr:0.001 train_loss:3.9744 train_time:212115ms step_avg:206.94ms
step:1036/5100 lr:0.001 train_loss:4.1780 train_time:212282ms step_avg:206.90ms
step:1037/5100 lr:0.001 train_loss:3.8142 train_time:212454ms step_avg:206.87ms
step:1038/5100 lr:0.001 train_loss:3.8270 train_time:212626ms step_avg:206.83ms
step:1039/5100 lr:0.001 train_loss:4.1219 train_time:212798ms step_avg:206.80ms
step:1040/5100 lr:0.001 train_loss:3.7820 train_time:212970ms step_avg:206.77ms
step:1041/5100 lr:0.001 train_loss:3.9093 train_time:213143ms step_avg:206.73ms
step:1042/5100 lr:0.001 train_loss:4.0166 train_time:213315ms step_avg:206.70ms
step:1043/5100 lr:0.001 train_loss:3.7765 train_time:213487ms step_avg:206.67ms
step:1044/5100 lr:0.001 train_loss:3.8891 train_time:213659ms step_avg:206.63ms
step:1045/5100 lr:0.001 train_loss:4.0412 train_time:213832ms step_avg:206.60ms
step:1046/5100 lr:0.001 train_loss:4.1993 train_time:214012ms step_avg:206.58ms
step:1047/5100 lr:0.001 train_loss:3.7747 train_time:214179ms step_avg:206.54ms
step:1048/5100 lr:0.001 train_loss:4.3606 train_time:214352ms step_avg:206.50ms
step:1049/5100 lr:0.001 train_loss:3.8432 train_time:214524ms step_avg:206.47ms
step:1050/5100 lr:0.001 train_loss:3.9170 train_time:214697ms step_avg:206.44ms
step:1051/5100 lr:0.001 train_loss:3.9261 train_time:214869ms step_avg:206.41ms
step:1052/5100 lr:0.001 train_loss:3.9224 train_time:215041ms step_avg:206.37ms
step:1053/5100 lr:0.001 train_loss:3.8928 train_time:215214ms step_avg:206.34ms
step:1054/5100 lr:0.001 train_loss:4.0415 train_time:215386ms step_avg:206.31ms
step:1055/5100 lr:0.001 train_loss:4.0276 train_time:215558ms step_avg:206.28ms
step:1056/5100 lr:0.001 train_loss:3.9893 train_time:215731ms step_avg:206.24ms
step:1057/5100 lr:0.001 train_loss:4.0109 train_time:215913ms step_avg:206.22ms
step:1058/5100 lr:0.001 train_loss:3.8748 train_time:216080ms step_avg:206.18ms
step:1059/5100 lr:0.001 train_loss:4.0530 train_time:216252ms step_avg:206.15ms
step:1060/5100 lr:0.001 train_loss:4.0190 train_time:216424ms step_avg:206.12ms
step:1061/5100 lr:0.001 train_loss:4.0725 train_time:216596ms step_avg:206.09ms
step:1062/5100 lr:0.001 train_loss:4.2808 train_time:216769ms step_avg:206.05ms
step:1063/5100 lr:0.001 train_loss:3.9397 train_time:216941ms step_avg:206.02ms
step:1064/5100 lr:0.001 train_loss:3.8004 train_time:217113ms step_avg:205.99ms
step:1065/5100 lr:0.001 train_loss:3.8774 train_time:217285ms step_avg:205.96ms
step:1066/5100 lr:0.001 train_loss:4.1454 train_time:217457ms step_avg:205.93ms
step:1067/5100 lr:0.001 train_loss:3.8680 train_time:217630ms step_avg:205.89ms
step:1068/5100 lr:0.001 train_loss:4.0613 train_time:217811ms step_avg:205.87ms
step:1069/5100 lr:0.001 train_loss:3.9236 train_time:217977ms step_avg:205.83ms
step:1070/5100 lr:0.001 train_loss:3.9316 train_time:218150ms step_avg:205.80ms
step:1071/5100 lr:0.001 train_loss:4.2258 train_time:218322ms step_avg:205.77ms
step:1072/5100 lr:0.001 train_loss:3.9942 train_time:218495ms step_avg:205.74ms
step:1073/5100 lr:0.001 train_loss:3.7715 train_time:218667ms step_avg:205.71ms
step:1074/5100 lr:0.001 train_loss:3.9972 train_time:218839ms step_avg:205.68ms
step:1075/5100 lr:0.001 train_loss:4.0108 train_time:219011ms step_avg:205.64ms
step:1076/5100 lr:0.001 train_loss:4.0345 train_time:219184ms step_avg:205.61ms
step:1077/5100 lr:0.001 train_loss:4.0282 train_time:219356ms step_avg:205.58ms
step:1078/5100 lr:0.001 train_loss:4.1081 train_time:219528ms step_avg:205.55ms
step:1079/5100 lr:0.001 train_loss:3.9138 train_time:219700ms step_avg:205.52ms
step:1080/5100 lr:0.001 train_loss:4.0156 train_time:219872ms step_avg:205.49ms
step:1081/5100 lr:0.001 train_loss:4.0712 train_time:220045ms step_avg:205.46ms
step:1082/5100 lr:0.001 train_loss:4.1071 train_time:220217ms step_avg:205.43ms
step:1083/5100 lr:0.001 train_loss:3.8968 train_time:220391ms step_avg:205.40ms
step:1084/5100 lr:0.001 train_loss:3.9188 train_time:220562ms step_avg:205.36ms
step:1085/5100 lr:0.001 train_loss:3.6685 train_time:220734ms step_avg:205.33ms
step:1086/5100 lr:0.001 train_loss:3.9971 train_time:220906ms step_avg:205.30ms
step:1087/5100 lr:0.001 train_loss:4.1241 train_time:221078ms step_avg:205.27ms
step:1088/5100 lr:0.001 train_loss:3.9171 train_time:221250ms step_avg:205.24ms
step:1089/5100 lr:0.001 train_loss:3.8772 train_time:221423ms step_avg:205.21ms
step:1090/5100 lr:0.001 train_loss:3.9906 train_time:221595ms step_avg:205.18ms
step:1091/5100 lr:0.001 train_loss:4.0678 train_time:221767ms step_avg:205.15ms
step:1092/5100 lr:0.001 train_loss:3.8542 train_time:221939ms step_avg:205.12ms
step:1093/5100 lr:0.001 train_loss:4.0199 train_time:222117ms step_avg:205.09ms
step:1094/5100 lr:0.001 train_loss:3.8041 train_time:222284ms step_avg:205.06ms
step:1095/5100 lr:0.001 train_loss:3.8576 train_time:222457ms step_avg:205.03ms
step:1096/5100 lr:0.001 train_loss:4.0637 train_time:222629ms step_avg:205.00ms
step:1097/5100 lr:0.001 train_loss:3.9773 train_time:222801ms step_avg:204.97ms
step:1098/5100 lr:0.001 train_loss:4.1653 train_time:222973ms step_avg:204.94ms
step:1099/5100 lr:0.001 train_loss:4.0112 train_time:223146ms step_avg:204.91ms
step:1100/5100 lr:0.001 train_loss:4.0860 train_time:223318ms step_avg:204.88ms
step:1101/5100 lr:0.001 train_loss:4.0792 train_time:223490ms step_avg:204.85ms
step:1102/5100 lr:0.001 train_loss:3.9499 train_time:223663ms step_avg:204.82ms
step:1103/5100 lr:0.001 train_loss:4.1063 train_time:223835ms step_avg:204.79ms
step:1104/5100 lr:0.001 train_loss:3.9946 train_time:224007ms step_avg:204.76ms
step:1105/5100 lr:0.001 train_loss:3.8870 train_time:224179ms step_avg:204.73ms
step:1106/5100 lr:0.001 train_loss:4.0589 train_time:224351ms step_avg:204.70ms
step:1107/5100 lr:0.001 train_loss:4.0715 train_time:224524ms step_avg:204.67ms
step:1108/5100 lr:0.001 train_loss:3.8952 train_time:224696ms step_avg:204.64ms
step:1109/5100 lr:0.001 train_loss:4.2034 train_time:224869ms step_avg:204.61ms
step:1110/5100 lr:0.001 train_loss:3.7893 train_time:225041ms step_avg:204.58ms
step:1111/5100 lr:0.001 train_loss:3.9956 train_time:225213ms step_avg:204.55ms
step:1112/5100 lr:0.001 train_loss:4.1718 train_time:225385ms step_avg:204.52ms
step:1113/5100 lr:0.001 train_loss:3.9320 train_time:225558ms step_avg:204.50ms
step:1114/5100 lr:0.001 train_loss:4.2418 train_time:225730ms step_avg:204.47ms
step:1115/5100 lr:0.001 train_loss:3.8317 train_time:225903ms step_avg:204.44ms
step:1116/5100 lr:0.001 train_loss:4.0350 train_time:226075ms step_avg:204.41ms
step:1117/5100 lr:0.001 train_loss:4.1415 train_time:226247ms step_avg:204.38ms
step:1118/5100 lr:0.001 train_loss:3.7228 train_time:226420ms step_avg:204.35ms
step:1119/5100 lr:0.001 train_loss:4.3126 train_time:226592ms step_avg:204.32ms
step:1120/5100 lr:0.001 train_loss:3.8577 train_time:226764ms step_avg:204.29ms
step:1121/5100 lr:0.001 train_loss:3.8016 train_time:226937ms step_avg:204.26ms
step:1122/5100 lr:0.001 train_loss:3.9339 train_time:227109ms step_avg:204.23ms
step:1123/5100 lr:0.001 train_loss:3.9733 train_time:227281ms step_avg:204.21ms
step:1124/5100 lr:0.001 train_loss:3.9871 train_time:227453ms step_avg:204.18ms
step:1125/5100 lr:0.001 train_loss:4.0029 train_time:227625ms step_avg:204.15ms
step:1125/5100 val_loss:4.0145 train_time:227641ms step_avg:204.16ms
step:1126/5100 lr:0.001 train_loss:4.1292 train_time:231521ms step_avg:207.46ms
step:1127/5100 lr:0.001 train_loss:3.8277 train_time:231693ms step_avg:207.42ms
step:1128/5100 lr:0.001 train_loss:4.1779 train_time:231866ms step_avg:207.39ms
step:1129/5100 lr:0.001 train_loss:3.7100 train_time:232038ms step_avg:207.36ms
step:1130/5100 lr:0.001 train_loss:3.8409 train_time:232210ms step_avg:207.33ms
step:1131/5100 lr:0.001 train_loss:3.9500 train_time:232382ms step_avg:207.30ms
step:1132/5100 lr:0.001 train_loss:4.0035 train_time:232555ms step_avg:207.27ms
step:1133/5100 lr:0.001 train_loss:4.1912 train_time:232727ms step_avg:207.24ms
step:1134/5100 lr:0.001 train_loss:4.1471 train_time:232899ms step_avg:207.21ms
step:1135/5100 lr:0.001 train_loss:3.9021 train_time:233072ms step_avg:207.17ms
step:1136/5100 lr:0.001 train_loss:3.8112 train_time:233244ms step_avg:207.14ms
step:1137/5100 lr:0.001 train_loss:4.1562 train_time:233416ms step_avg:207.11ms
step:1138/5100 lr:0.001 train_loss:4.0771 train_time:233588ms step_avg:207.08ms
step:1139/5100 lr:0.001 train_loss:3.9434 train_time:233761ms step_avg:207.05ms
step:1140/5100 lr:0.001 train_loss:4.0706 train_time:234140ms step_avg:207.20ms
step:1141/5100 lr:0.001 train_loss:4.0869 train_time:234312ms step_avg:207.17ms
step:1142/5100 lr:0.001 train_loss:3.9621 train_time:234484ms step_avg:207.14ms
step:1143/5100 lr:0.001 train_loss:3.9132 train_time:234877ms step_avg:207.31ms
step:1144/5100 lr:0.001 train_loss:4.1217 train_time:235050ms step_avg:207.27ms
step:1145/5100 lr:0.001 train_loss:4.0051 train_time:235222ms step_avg:207.24ms
step:1146/5100 lr:0.001 train_loss:4.0215 train_time:235394ms step_avg:207.21ms
step:1147/5100 lr:0.001 train_loss:3.9306 train_time:235567ms step_avg:207.18ms
step:1148/5100 lr:0.001 train_loss:3.9936 train_time:235739ms step_avg:207.15ms
step:1149/5100 lr:0.001 train_loss:4.2265 train_time:235911ms step_avg:207.12ms
step:1150/5100 lr:0.001 train_loss:4.0038 train_time:236084ms step_avg:207.09ms
step:1151/5100 lr:0.001 train_loss:4.0266 train_time:236256ms step_avg:207.06ms
step:1152/5100 lr:0.001 train_loss:3.8571 train_time:236428ms step_avg:207.03ms
step:1153/5100 lr:0.001 train_loss:3.7739 train_time:236601ms step_avg:207.00ms
step:1154/5100 lr:0.001 train_loss:3.9079 train_time:236773ms step_avg:206.97ms
step:1155/5100 lr:0.001 train_loss:4.3598 train_time:236945ms step_avg:206.94ms
step:1156/5100 lr:0.001 train_loss:4.1085 train_time:237117ms step_avg:206.91ms
step:1157/5100 lr:0.001 train_loss:4.0551 train_time:237290ms step_avg:206.88ms
step:1158/5100 lr:0.001 train_loss:3.9521 train_time:237462ms step_avg:206.85ms
step:1159/5100 lr:0.001 train_loss:4.1700 train_time:237635ms step_avg:206.82ms
step:1160/5100 lr:0.001 train_loss:4.0998 train_time:237807ms step_avg:206.79ms
step:1161/5100 lr:0.001 train_loss:3.8214 train_time:237979ms step_avg:206.76ms
step:1162/5100 lr:0.001 train_loss:3.8630 train_time:238152ms step_avg:206.73ms
step:1163/5100 lr:0.001 train_loss:3.8295 train_time:238325ms step_avg:206.70ms
step:1164/5100 lr:0.001 train_loss:3.7330 train_time:238497ms step_avg:206.67ms
step:1165/5100 lr:0.001 train_loss:3.9123 train_time:238669ms step_avg:206.64ms
step:1166/5100 lr:0.001 train_loss:3.9746 train_time:238842ms step_avg:206.61ms
step:1167/5100 lr:0.001 train_loss:3.9161 train_time:239015ms step_avg:206.58ms
step:1168/5100 lr:0.001 train_loss:3.8376 train_time:239187ms step_avg:206.55ms
step:1169/5100 lr:0.001 train_loss:3.9331 train_time:239359ms step_avg:206.52ms
step:1170/5100 lr:0.001 train_loss:3.8595 train_time:239532ms step_avg:206.49ms
step:1171/5100 lr:0.001 train_loss:4.0533 train_time:239704ms step_avg:206.46ms
step:1172/5100 lr:0.001 train_loss:3.8457 train_time:239876ms step_avg:206.43ms
step:1173/5100 lr:0.001 train_loss:3.9107 train_time:240049ms step_avg:206.41ms
step:1174/5100 lr:0.001 train_loss:3.8967 train_time:240222ms step_avg:206.38ms
step:1175/5100 lr:0.001 train_loss:3.9171 train_time:240394ms step_avg:206.35ms
step:1176/5100 lr:0.001 train_loss:4.1570 train_time:240566ms step_avg:206.32ms
step:1177/5100 lr:0.001 train_loss:3.6844 train_time:240739ms step_avg:206.29ms
step:1178/5100 lr:0.001 train_loss:3.9684 train_time:240912ms step_avg:206.26ms
step:1179/5100 lr:0.001 train_loss:4.0279 train_time:241084ms step_avg:206.23ms
step:1180/5100 lr:0.001 train_loss:3.8291 train_time:241256ms step_avg:206.20ms
step:1181/5100 lr:0.001 train_loss:4.0188 train_time:241429ms step_avg:206.17ms
step:1182/5100 lr:0.001 train_loss:3.9707 train_time:241619ms step_avg:206.16ms
step:1183/5100 lr:0.001 train_loss:4.0372 train_time:241783ms step_avg:206.12ms
step:1184/5100 lr:0.001 train_loss:3.6222 train_time:241955ms step_avg:206.09ms
step:1185/5100 lr:0.001 train_loss:3.9956 train_time:242127ms step_avg:206.07ms
step:1186/5100 lr:0.001 train_loss:3.8516 train_time:242300ms step_avg:206.04ms
step:1187/5100 lr:0.001 train_loss:4.2786 train_time:242472ms step_avg:206.01ms
step:1188/5100 lr:0.001 train_loss:4.1780 train_time:242646ms step_avg:205.98ms
step:1189/5100 lr:0.001 train_loss:3.8780 train_time:242819ms step_avg:205.95ms
step:1190/5100 lr:0.001 train_loss:3.8450 train_time:242991ms step_avg:205.92ms
step:1191/5100 lr:0.001 train_loss:4.0121 train_time:243164ms step_avg:205.90ms
step:1192/5100 lr:0.001 train_loss:3.7745 train_time:243336ms step_avg:205.87ms
step:1193/5100 lr:0.001 train_loss:4.0565 train_time:243508ms step_avg:205.84ms
step:1194/5100 lr:0.001 train_loss:4.2858 train_time:243681ms step_avg:205.81ms
step:1195/5100 lr:0.001 train_loss:3.9280 train_time:243853ms step_avg:205.78ms
step:1196/5100 lr:0.001 train_loss:3.8737 train_time:244025ms step_avg:205.75ms
step:1197/5100 lr:0.001 train_loss:4.1606 train_time:244198ms step_avg:205.73ms
step:1198/5100 lr:0.001 train_loss:3.9055 train_time:244370ms step_avg:205.70ms
step:1199/5100 lr:0.001 train_loss:3.7863 train_time:244542ms step_avg:205.67ms
step:1200/5100 lr:0.001 train_loss:3.7904 train_time:244715ms step_avg:205.64ms
step:1201/5100 lr:0.001 train_loss:3.8045 train_time:245124ms step_avg:205.81ms
step:1202/5100 lr:0.001 train_loss:3.9310 train_time:245520ms step_avg:205.97ms
step:1203/5100 lr:0.001 train_loss:3.9786 train_time:245917ms step_avg:206.13ms
step:1204/5100 lr:0.001 train_loss:4.1298 train_time:246312ms step_avg:206.29ms
step:1205/5100 lr:0.001 train_loss:3.9589 train_time:246710ms step_avg:206.45ms
step:1206/5100 lr:0.001 train_loss:3.9570 train_time:247105ms step_avg:206.61ms
step:1207/5100 lr:0.001 train_loss:3.8415 train_time:247501ms step_avg:206.77ms
step:1208/5100 lr:0.001 train_loss:3.8592 train_time:247898ms step_avg:206.93ms
step:1209/5100 lr:0.001 train_loss:3.9812 train_time:248294ms step_avg:207.08ms
step:1210/5100 lr:0.001 train_loss:4.0352 train_time:248690ms step_avg:207.24ms
step:1211/5100 lr:0.001 train_loss:3.8098 train_time:249086ms step_avg:207.40ms
step:1212/5100 lr:0.001 train_loss:3.6817 train_time:249483ms step_avg:207.56ms
step:1213/5100 lr:0.001 train_loss:3.6374 train_time:249880ms step_avg:207.71ms
step:1214/5100 lr:0.001 train_loss:3.9426 train_time:250277ms step_avg:207.87ms
step:1215/5100 lr:0.001 train_loss:3.9857 train_time:250673ms step_avg:208.03ms
step:1216/5100 lr:0.001 train_loss:3.8477 train_time:251070ms step_avg:208.18ms
step:1217/5100 lr:0.001 train_loss:3.7463 train_time:251466ms step_avg:208.34ms
step:1218/5100 lr:0.001 train_loss:4.0613 train_time:251862ms step_avg:208.50ms
step:1219/5100 lr:0.001 train_loss:3.7690 train_time:252258ms step_avg:208.65ms
step:1220/5100 lr:0.001 train_loss:3.8591 train_time:252655ms step_avg:208.81ms
step:1221/5100 lr:0.001 train_loss:3.8855 train_time:253051ms step_avg:208.96ms
step:1222/5100 lr:0.001 train_loss:3.9073 train_time:253448ms step_avg:209.12ms
step:1223/5100 lr:0.001 train_loss:3.8467 train_time:253844ms step_avg:209.27ms
step:1224/5100 lr:0.001 train_loss:4.0830 train_time:254241ms step_avg:209.42ms
step:1225/5100 lr:0.001 train_loss:3.8456 train_time:254638ms step_avg:209.58ms
step:1226/5100 lr:0.001 train_loss:3.7045 train_time:255035ms step_avg:209.73ms
step:1227/5100 lr:0.001 train_loss:3.6481 train_time:255431ms step_avg:209.89ms
step:1228/5100 lr:0.001 train_loss:3.7697 train_time:255827ms step_avg:210.04ms
step:1229/5100 lr:0.001 train_loss:3.7335 train_time:256224ms step_avg:210.19ms
step:1230/5100 lr:0.001 train_loss:3.7858 train_time:256620ms step_avg:210.34ms
step:1231/5100 lr:0.001 train_loss:3.8622 train_time:257016ms step_avg:210.50ms
step:1232/5100 lr:0.001 train_loss:3.7894 train_time:257415ms step_avg:210.65ms
step:1233/5100 lr:0.001 train_loss:4.0375 train_time:257809ms step_avg:210.80ms
step:1234/5100 lr:0.001 train_loss:4.1107 train_time:258205ms step_avg:210.95ms
step:1235/5100 lr:0.001 train_loss:4.0173 train_time:258602ms step_avg:211.10ms
step:1236/5100 lr:0.001 train_loss:3.9087 train_time:259006ms step_avg:211.26ms
step:1237/5100 lr:0.001 train_loss:4.0827 train_time:259402ms step_avg:211.41ms
step:1238/5100 lr:0.001 train_loss:3.8116 train_time:259791ms step_avg:211.56ms
step:1239/5100 lr:0.001 train_loss:3.7441 train_time:260187ms step_avg:211.71ms
step:1240/5100 lr:0.001 train_loss:3.6691 train_time:260583ms step_avg:211.86ms
step:1241/5100 lr:0.001 train_loss:3.6958 train_time:260980ms step_avg:212.01ms
step:1242/5100 lr:0.001 train_loss:3.7540 train_time:261377ms step_avg:212.16ms
step:1243/5100 lr:0.001 train_loss:3.6828 train_time:261773ms step_avg:212.31ms
step:1244/5100 lr:0.001 train_loss:3.8871 train_time:262169ms step_avg:212.45ms
step:1245/5100 lr:0.001 train_loss:3.7575 train_time:262566ms step_avg:212.60ms
step:1246/5100 lr:0.001 train_loss:3.8440 train_time:262963ms step_avg:212.75ms
step:1247/5100 lr:0.001 train_loss:3.9137 train_time:263359ms step_avg:212.90ms
step:1248/5100 lr:0.001 train_loss:3.6692 train_time:263756ms step_avg:213.05ms
step:1249/5100 lr:0.001 train_loss:3.7503 train_time:264153ms step_avg:213.20ms
step:1250/5100 lr:0.001 train_loss:3.8779 train_time:264550ms step_avg:213.35ms
step:1250/5100 val_loss:3.8036 train_time:264565ms step_avg:213.36ms
step:1251/5100 lr:0.001 train_loss:4.0181 train_time:268623ms step_avg:216.46ms
step:1252/5100 lr:0.001 train_loss:3.8599 train_time:269020ms step_avg:216.60ms
step:1253/5100 lr:0.001 train_loss:3.7563 train_time:269416ms step_avg:216.75ms
step:1254/5100 lr:0.001 train_loss:3.8252 train_time:269846ms step_avg:216.92ms
step:1255/5100 lr:0.001 train_loss:3.8245 train_time:270243ms step_avg:217.06ms
step:1256/5100 lr:0.001 train_loss:3.7988 train_time:270647ms step_avg:217.21ms
step:1257/5100 lr:0.001 train_loss:3.9846 train_time:271037ms step_avg:217.35ms
step:1258/5100 lr:0.001 train_loss:3.8878 train_time:271433ms step_avg:217.49ms
step:1259/5100 lr:0.001 train_loss:3.9117 train_time:271829ms step_avg:217.64ms
step:1260/5100 lr:0.001 train_loss:3.8750 train_time:272226ms step_avg:217.78ms
step:1261/5100 lr:0.001 train_loss:3.7869 train_time:272622ms step_avg:217.92ms
step:1262/5100 lr:0.001 train_loss:3.7846 train_time:273018ms step_avg:218.07ms
step:1263/5100 lr:0.001 train_loss:3.6410 train_time:273415ms step_avg:218.21ms
step:1264/5100 lr:0.001 train_loss:3.5475 train_time:273811ms step_avg:218.35ms
step:1265/5100 lr:0.001 train_loss:3.9094 train_time:274207ms step_avg:218.49ms
step:1266/5100 lr:0.001 train_loss:3.5977 train_time:274603ms step_avg:218.63ms
step:1267/5100 lr:0.001 train_loss:3.9583 train_time:275000ms step_avg:218.77ms
step:1268/5100 lr:0.001 train_loss:3.8386 train_time:275397ms step_avg:218.92ms
step:1269/5100 lr:0.001 train_loss:3.8437 train_time:275794ms step_avg:219.06ms
step:1270/5100 lr:0.001 train_loss:3.9225 train_time:276190ms step_avg:219.20ms
step:1271/5100 lr:0.001 train_loss:3.7321 train_time:276586ms step_avg:219.34ms
step:1272/5100 lr:0.001 train_loss:3.7635 train_time:276983ms step_avg:219.48ms
step:1273/5100 lr:0.001 train_loss:3.6728 train_time:277379ms step_avg:219.62ms
step:1274/5100 lr:0.001 train_loss:3.6776 train_time:277776ms step_avg:219.76ms
step:1275/5100 lr:0.001 train_loss:3.7209 train_time:278173ms step_avg:219.90ms
step:1276/5100 lr:0.001 train_loss:3.7780 train_time:278569ms step_avg:220.04ms
step:1277/5100 lr:0.001 train_loss:3.7335 train_time:278965ms step_avg:220.18ms
step:1278/5100 lr:0.001 train_loss:3.9129 train_time:279362ms step_avg:220.32ms
step:1279/5100 lr:0.001 train_loss:3.8860 train_time:279758ms step_avg:220.46ms
step:1280/5100 lr:0.001 train_loss:3.8697 train_time:280155ms step_avg:220.59ms
step:1281/5100 lr:0.001 train_loss:3.7558 train_time:280556ms step_avg:220.74ms
step:1282/5100 lr:0.001 train_loss:3.5697 train_time:280952ms step_avg:220.87ms
step:1283/5100 lr:0.001 train_loss:3.6674 train_time:281349ms step_avg:221.01ms
step:1284/5100 lr:0.001 train_loss:3.8850 train_time:281745ms step_avg:221.15ms
step:1285/5100 lr:0.001 train_loss:3.7960 train_time:282141ms step_avg:221.29ms
step:1286/5100 lr:0.001 train_loss:3.8770 train_time:282538ms step_avg:221.42ms
step:1287/5100 lr:0.001 train_loss:3.8360 train_time:282934ms step_avg:221.56ms
step:1288/5100 lr:0.001 train_loss:3.7939 train_time:283330ms step_avg:221.70ms
step:1289/5100 lr:0.001 train_loss:3.6495 train_time:283726ms step_avg:221.83ms
step:1290/5100 lr:0.001 train_loss:3.7172 train_time:284123ms step_avg:221.97ms
step:1291/5100 lr:0.001 train_loss:3.7076 train_time:284520ms step_avg:222.11ms
step:1292/5100 lr:0.001 train_loss:3.6486 train_time:284916ms step_avg:222.24ms
step:1293/5100 lr:0.001 train_loss:3.7938 train_time:285313ms step_avg:222.38ms
step:1294/5100 lr:0.001 train_loss:3.8307 train_time:285709ms step_avg:222.51ms
step:1295/5100 lr:0.001 train_loss:3.8502 train_time:286105ms step_avg:222.65ms
step:1296/5100 lr:0.001 train_loss:3.8707 train_time:286502ms step_avg:222.79ms
step:1297/5100 lr:0.001 train_loss:3.5438 train_time:286898ms step_avg:222.92ms
step:1298/5100 lr:0.001 train_loss:3.6632 train_time:287294ms step_avg:223.05ms
step:1299/5100 lr:0.001 train_loss:3.8639 train_time:287690ms step_avg:223.19ms
step:1300/5100 lr:0.001 train_loss:3.5966 train_time:288087ms step_avg:223.32ms
step:1301/5100 lr:0.001 train_loss:3.8762 train_time:288483ms step_avg:223.46ms
step:1302/5100 lr:0.001 train_loss:3.7796 train_time:288880ms step_avg:223.59ms
step:1303/5100 lr:0.001 train_loss:3.9269 train_time:289277ms step_avg:223.73ms
step:1304/5100 lr:0.001 train_loss:3.8765 train_time:289677ms step_avg:223.86ms
step:1305/5100 lr:0.001 train_loss:4.0030 train_time:290070ms step_avg:223.99ms
step:1306/5100 lr:0.001 train_loss:3.6697 train_time:290467ms step_avg:224.13ms
step:1307/5100 lr:0.001 train_loss:4.1577 train_time:290867ms step_avg:224.26ms
step:1308/5100 lr:0.001 train_loss:3.7441 train_time:291260ms step_avg:224.39ms
step:1309/5100 lr:0.001 train_loss:3.9016 train_time:291657ms step_avg:224.52ms
step:1310/5100 lr:0.001 train_loss:4.0790 train_time:292053ms step_avg:224.66ms
step:1311/5100 lr:0.001 train_loss:3.7120 train_time:292449ms step_avg:224.79ms
step:1312/5100 lr:0.001 train_loss:3.6154 train_time:292846ms step_avg:224.92ms
step:1313/5100 lr:0.001 train_loss:3.8143 train_time:293242ms step_avg:225.05ms
step:1314/5100 lr:0.001 train_loss:3.7625 train_time:293639ms step_avg:225.18ms
step:1315/5100 lr:0.001 train_loss:3.7583 train_time:294036ms step_avg:225.31ms
step:1316/5100 lr:0.001 train_loss:3.8356 train_time:294433ms step_avg:225.45ms
step:1317/5100 lr:0.001 train_loss:3.4726 train_time:294829ms step_avg:225.58ms
step:1318/5100 lr:0.001 train_loss:3.6736 train_time:295225ms step_avg:225.71ms
step:1319/5100 lr:0.001 train_loss:3.7667 train_time:295621ms step_avg:225.84ms
step:1320/5100 lr:0.001 train_loss:3.8727 train_time:296017ms step_avg:225.97ms
step:1321/5100 lr:0.001 train_loss:3.5235 train_time:296414ms step_avg:226.10ms
step:1322/5100 lr:0.001 train_loss:3.7432 train_time:296810ms step_avg:226.23ms
step:1323/5100 lr:0.001 train_loss:3.8901 train_time:297207ms step_avg:226.36ms
step:1324/5100 lr:0.001 train_loss:3.8549 train_time:297604ms step_avg:226.49ms
step:1325/5100 lr:0.001 train_loss:3.7460 train_time:298000ms step_avg:226.62ms
step:1326/5100 lr:0.001 train_loss:3.7672 train_time:298398ms step_avg:226.75ms
step:1327/5100 lr:0.001 train_loss:4.0017 train_time:298795ms step_avg:226.88ms
step:1328/5100 lr:0.001 train_loss:4.0715 train_time:299192ms step_avg:227.00ms
step:1329/5100 lr:0.001 train_loss:3.8068 train_time:299588ms step_avg:227.13ms
step:1330/5100 lr:0.001 train_loss:3.6205 train_time:300184ms step_avg:227.41ms
step:1331/5100 lr:0.001 train_loss:4.0115 train_time:300580ms step_avg:227.54ms
step:1332/5100 lr:0.001 train_loss:3.8002 train_time:300976ms step_avg:227.67ms
step:1333/5100 lr:0.001 train_loss:4.0037 train_time:301372ms step_avg:227.79ms
step:1334/5100 lr:0.001 train_loss:3.6604 train_time:301983ms step_avg:228.08ms
step:1335/5100 lr:0.001 train_loss:3.7009 train_time:302379ms step_avg:228.21ms
step:1336/5100 lr:0.001 train_loss:3.7333 train_time:302775ms step_avg:228.34ms
step:1337/5100 lr:0.001 train_loss:3.7958 train_time:303171ms step_avg:228.46ms
step:1338/5100 lr:0.001 train_loss:3.6709 train_time:303567ms step_avg:228.59ms
step:1339/5100 lr:0.001 train_loss:3.6427 train_time:303963ms step_avg:228.72ms
step:1340/5100 lr:0.001 train_loss:3.6709 train_time:304359ms step_avg:228.84ms
step:1341/5100 lr:0.001 train_loss:3.7240 train_time:304755ms step_avg:228.97ms
step:1342/5100 lr:0.001 train_loss:3.6108 train_time:305152ms step_avg:229.09ms
step:1343/5100 lr:0.001 train_loss:3.7625 train_time:305548ms step_avg:229.22ms
step:1344/5100 lr:0.001 train_loss:3.7016 train_time:305944ms step_avg:229.34ms
step:1345/5100 lr:0.001 train_loss:3.7045 train_time:306341ms step_avg:229.47ms
step:1346/5100 lr:0.001 train_loss:3.8426 train_time:306737ms step_avg:229.59ms
step:1347/5100 lr:0.001 train_loss:3.7624 train_time:307133ms step_avg:229.72ms
step:1348/5100 lr:0.001 train_loss:3.6883 train_time:307529ms step_avg:229.84ms
step:1349/5100 lr:0.001 train_loss:3.6385 train_time:307924ms step_avg:229.97ms
step:1350/5100 lr:0.001 train_loss:3.6860 train_time:308321ms step_avg:230.09ms
step:1351/5100 lr:0.001 train_loss:4.1624 train_time:308717ms step_avg:230.21ms
step:1352/5100 lr:0.001 train_loss:3.6894 train_time:309113ms step_avg:230.34ms
step:1353/5100 lr:0.001 train_loss:3.7976 train_time:309509ms step_avg:230.46ms
step:1354/5100 lr:0.001 train_loss:4.0037 train_time:309904ms step_avg:230.58ms
step:1355/5100 lr:0.001 train_loss:3.6608 train_time:310301ms step_avg:230.71ms
step:1356/5100 lr:0.001 train_loss:3.6937 train_time:310697ms step_avg:230.83ms
step:1357/5100 lr:0.001 train_loss:3.6167 train_time:311093ms step_avg:230.95ms
step:1358/5100 lr:0.001 train_loss:3.8324 train_time:311489ms step_avg:231.08ms
step:1359/5100 lr:0.001 train_loss:3.6985 train_time:311888ms step_avg:231.20ms
step:1360/5100 lr:0.001 train_loss:3.9911 train_time:312282ms step_avg:231.32ms
step:1361/5100 lr:0.001 train_loss:4.0914 train_time:312679ms step_avg:231.44ms
step:1362/5100 lr:0.001 train_loss:4.0263 train_time:313074ms step_avg:231.56ms
step:1363/5100 lr:0.001 train_loss:3.5810 train_time:313470ms step_avg:231.69ms
step:1364/5100 lr:0.001 train_loss:3.7942 train_time:313866ms step_avg:231.81ms
step:1365/5100 lr:0.001 train_loss:3.7208 train_time:314263ms step_avg:231.93ms
step:1366/5100 lr:0.001 train_loss:3.5434 train_time:314659ms step_avg:232.05ms
step:1367/5100 lr:0.001 train_loss:3.5561 train_time:315055ms step_avg:232.17ms
step:1368/5100 lr:0.001 train_loss:3.5516 train_time:315451ms step_avg:232.29ms
step:1369/5100 lr:0.001 train_loss:3.7413 train_time:315847ms step_avg:232.41ms
step:1370/5100 lr:0.001 train_loss:3.7429 train_time:316242ms step_avg:232.53ms
step:1371/5100 lr:0.001 train_loss:3.7815 train_time:316639ms step_avg:232.65ms
step:1372/5100 lr:0.001 train_loss:3.9519 train_time:317035ms step_avg:232.77ms
step:1373/5100 lr:0.001 train_loss:3.7938 train_time:317431ms step_avg:232.89ms
step:1374/5100 lr:0.001 train_loss:3.5875 train_time:317826ms step_avg:233.01ms
step:1375/5100 lr:0.001 train_loss:3.7653 train_time:318222ms step_avg:233.13ms
step:1375/5100 val_loss:3.7276 train_time:318238ms step_avg:233.14ms
step:1376/5100 lr:0.001 train_loss:3.6758 train_time:322324ms step_avg:235.96ms
step:1377/5100 lr:0.001 train_loss:3.7657 train_time:322719ms step_avg:236.08ms
step:1378/5100 lr:0.001 train_loss:3.9434 train_time:323116ms step_avg:236.20ms
step:1379/5100 lr:0.001 train_loss:3.6728 train_time:323512ms step_avg:236.31ms
step:1380/5100 lr:0.001 train_loss:3.7006 train_time:323909ms step_avg:236.43ms
step:1381/5100 lr:0.001 train_loss:3.6443 train_time:324305ms step_avg:236.55ms
step:1382/5100 lr:0.001 train_loss:3.7305 train_time:324700ms step_avg:236.66ms
step:1383/5100 lr:0.001 train_loss:3.8363 train_time:325096ms step_avg:236.78ms
step:1384/5100 lr:0.001 train_loss:3.6918 train_time:325493ms step_avg:236.89ms
step:1385/5100 lr:0.001 train_loss:3.5979 train_time:325889ms step_avg:237.01ms
step:1386/5100 lr:0.001 train_loss:3.7000 train_time:326287ms step_avg:237.13ms
step:1387/5100 lr:0.001 train_loss:3.6342 train_time:326682ms step_avg:237.24ms
step:1388/5100 lr:0.001 train_loss:3.7417 train_time:327078ms step_avg:237.36ms
step:1389/5100 lr:0.001 train_loss:3.4567 train_time:327473ms step_avg:237.47ms
step:1390/5100 lr:0.001 train_loss:3.6443 train_time:327870ms step_avg:237.59ms
step:1391/5100 lr:0.001 train_loss:3.8042 train_time:328266ms step_avg:237.70ms
step:1392/5100 lr:0.001 train_loss:3.8298 train_time:328663ms step_avg:237.82ms
step:1393/5100 lr:0.001 train_loss:4.0395 train_time:329059ms step_avg:237.93ms
step:1394/5100 lr:0.001 train_loss:3.7645 train_time:329454ms step_avg:238.05ms
step:1395/5100 lr:0.001 train_loss:3.8624 train_time:329851ms step_avg:238.16ms
step:1396/5100 lr:0.001 train_loss:3.7516 train_time:330247ms step_avg:238.27ms
step:1397/5100 lr:0.001 train_loss:3.5880 train_time:330644ms step_avg:238.39ms
step:1398/5100 lr:0.001 train_loss:3.8792 train_time:331040ms step_avg:238.50ms
step:1399/5100 lr:0.001 train_loss:3.6184 train_time:331436ms step_avg:238.61ms
step:1400/5100 lr:0.001 train_loss:3.6417 train_time:331832ms step_avg:238.73ms
step:1401/5100 lr:0.001 train_loss:3.6261 train_time:332228ms step_avg:238.84ms
step:1402/5100 lr:0.001 train_loss:3.6467 train_time:332625ms step_avg:238.95ms
step:1403/5100 lr:0.001 train_loss:3.9257 train_time:333021ms step_avg:239.07ms
step:1404/5100 lr:0.001 train_loss:4.3207 train_time:333417ms step_avg:239.18ms
step:1405/5100 lr:0.001 train_loss:3.7418 train_time:333813ms step_avg:239.29ms
step:1406/5100 lr:0.001 train_loss:3.6966 train_time:334209ms step_avg:239.40ms
step:1407/5100 lr:0.001 train_loss:3.7481 train_time:334605ms step_avg:239.52ms
step:1408/5100 lr:0.001 train_loss:3.5540 train_time:335000ms step_avg:239.63ms
step:1409/5100 lr:0.001 train_loss:3.5673 train_time:335396ms step_avg:239.74ms
step:1410/5100 lr:0.001 train_loss:3.7543 train_time:335792ms step_avg:239.85ms
step:1411/5100 lr:0.001 train_loss:3.8806 train_time:336188ms step_avg:239.96ms
step:1412/5100 lr:0.001 train_loss:4.2294 train_time:336585ms step_avg:240.07ms
step:1413/5100 lr:0.001 train_loss:3.9214 train_time:336987ms step_avg:240.19ms
step:1414/5100 lr:0.001 train_loss:3.8914 train_time:337377ms step_avg:240.30ms
step:1415/5100 lr:0.001 train_loss:3.7574 train_time:337783ms step_avg:240.42ms
step:1416/5100 lr:0.001 train_loss:3.7043 train_time:338173ms step_avg:240.52ms
step:1417/5100 lr:0.001 train_loss:3.7001 train_time:338570ms step_avg:240.63ms
step:1418/5100 lr:0.001 train_loss:3.3370 train_time:338966ms step_avg:240.74ms
step:1419/5100 lr:0.001 train_loss:3.1782 train_time:339363ms step_avg:240.85ms
step:1420/5100 lr:0.001 train_loss:3.8537 train_time:339758ms step_avg:240.96ms
step:1421/5100 lr:0.001 train_loss:3.8828 train_time:340154ms step_avg:241.07ms
step:1422/5100 lr:0.001 train_loss:3.6725 train_time:340550ms step_avg:241.18ms
step:1423/5100 lr:0.001 train_loss:3.5394 train_time:340946ms step_avg:241.29ms
step:1424/5100 lr:0.001 train_loss:3.8087 train_time:341342ms step_avg:241.40ms
step:1425/5100 lr:0.001 train_loss:3.5081 train_time:341739ms step_avg:241.51ms
step:1426/5100 lr:0.001 train_loss:3.6047 train_time:342135ms step_avg:241.62ms
step:1427/5100 lr:0.001 train_loss:4.0015 train_time:342531ms step_avg:241.73ms
step:1428/5100 lr:0.001 train_loss:3.6008 train_time:342927ms step_avg:241.84ms
step:1429/5100 lr:0.001 train_loss:3.7426 train_time:343323ms step_avg:241.95ms
step:1430/5100 lr:0.001 train_loss:3.6807 train_time:343719ms step_avg:242.06ms
step:1431/5100 lr:0.001 train_loss:3.7212 train_time:344115ms step_avg:242.16ms
step:1432/5100 lr:0.001 train_loss:3.6279 train_time:344511ms step_avg:242.27ms
step:1433/5100 lr:0.001 train_loss:3.6433 train_time:344906ms step_avg:242.38ms
step:1434/5100 lr:0.001 train_loss:3.7265 train_time:345302ms step_avg:242.49ms
step:1435/5100 lr:0.001 train_loss:3.5905 train_time:345698ms step_avg:242.60ms
step:1436/5100 lr:0.001 train_loss:4.1247 train_time:346788ms step_avg:243.19ms
step:1437/5100 lr:0.001 train_loss:3.6353 train_time:347184ms step_avg:243.30ms
step:1438/5100 lr:0.001 train_loss:3.6710 train_time:347580ms step_avg:243.40ms
step:1439/5100 lr:0.001 train_loss:3.6102 train_time:347977ms step_avg:243.51ms
step:1440/5100 lr:0.001 train_loss:3.6282 train_time:348373ms step_avg:243.62ms
step:1441/5100 lr:0.001 train_loss:3.4154 train_time:348770ms step_avg:243.72ms
step:1442/5100 lr:0.001 train_loss:3.8277 train_time:349166ms step_avg:243.83ms
step:1443/5100 lr:0.001 train_loss:3.6121 train_time:349563ms step_avg:243.94ms
step:1444/5100 lr:0.001 train_loss:3.8301 train_time:349959ms step_avg:244.04ms
step:1445/5100 lr:0.001 train_loss:3.7975 train_time:350356ms step_avg:244.15ms
step:1446/5100 lr:0.001 train_loss:3.6751 train_time:350752ms step_avg:244.26ms
step:1447/5100 lr:0.001 train_loss:4.1464 train_time:351150ms step_avg:244.36ms
step:1448/5100 lr:0.001 train_loss:3.6996 train_time:352301ms step_avg:244.99ms
step:1449/5100 lr:0.001 train_loss:3.3692 train_time:352697ms step_avg:245.10ms
step:1450/5100 lr:0.001 train_loss:3.6483 train_time:353095ms step_avg:245.21ms
step:1451/5100 lr:0.001 train_loss:3.6555 train_time:353489ms step_avg:245.31ms
step:1452/5100 lr:0.001 train_loss:3.7775 train_time:353885ms step_avg:245.41ms
step:1453/5100 lr:0.001 train_loss:3.6214 train_time:354281ms step_avg:245.52ms
step:1454/5100 lr:0.001 train_loss:3.4695 train_time:354678ms step_avg:245.62ms
step:1455/5100 lr:0.001 train_loss:3.6529 train_time:355074ms step_avg:245.73ms
step:1456/5100 lr:0.001 train_loss:3.6455 train_time:355470ms step_avg:245.83ms
step:1457/5100 lr:0.001 train_loss:3.5584 train_time:355866ms step_avg:245.93ms
step:1458/5100 lr:0.001 train_loss:3.7628 train_time:356262ms step_avg:246.04ms
step:1459/5100 lr:0.001 train_loss:3.7817 train_time:356658ms step_avg:246.14ms
step:1460/5100 lr:0.001 train_loss:3.6962 train_time:357055ms step_avg:246.24ms
step:1461/5100 lr:0.001 train_loss:3.6796 train_time:357451ms step_avg:246.35ms
step:1462/5100 lr:0.001 train_loss:3.7903 train_time:357848ms step_avg:246.45ms
step:1463/5100 lr:0.001 train_loss:3.7009 train_time:358244ms step_avg:246.56ms
step:1464/5100 lr:0.001 train_loss:3.6136 train_time:358640ms step_avg:246.66ms
step:1465/5100 lr:0.001 train_loss:3.6093 train_time:359036ms step_avg:246.76ms
step:1466/5100 lr:0.001 train_loss:3.6399 train_time:359433ms step_avg:246.86ms
step:1467/5100 lr:0.001 train_loss:3.8055 train_time:359829ms step_avg:246.97ms
step:1468/5100 lr:0.001 train_loss:3.7716 train_time:360225ms step_avg:247.07ms
step:1469/5100 lr:0.001 train_loss:3.6725 train_time:360621ms step_avg:247.17ms
step:1470/5100 lr:0.001 train_loss:3.7262 train_time:361017ms step_avg:247.27ms
step:1471/5100 lr:0.001 train_loss:3.7457 train_time:361412ms step_avg:247.37ms
step:1472/5100 lr:0.001 train_loss:3.6121 train_time:361808ms step_avg:247.47ms
step:1473/5100 lr:0.001 train_loss:3.5086 train_time:362205ms step_avg:247.58ms
step:1474/5100 lr:0.001 train_loss:3.7581 train_time:362600ms step_avg:247.68ms
step:1475/5100 lr:0.001 train_loss:3.7179 train_time:362996ms step_avg:247.78ms
step:1476/5100 lr:0.001 train_loss:3.8342 train_time:363393ms step_avg:247.88ms
step:1477/5100 lr:0.001 train_loss:3.6264 train_time:363789ms step_avg:247.98ms
step:1478/5100 lr:0.001 train_loss:3.7033 train_time:364185ms step_avg:248.08ms
step:1479/5100 lr:0.001 train_loss:3.8114 train_time:364581ms step_avg:248.18ms
step:1480/5100 lr:0.001 train_loss:3.6975 train_time:364977ms step_avg:248.28ms
step:1481/5100 lr:0.001 train_loss:3.6341 train_time:365373ms step_avg:248.38ms
step:1482/5100 lr:0.001 train_loss:3.5627 train_time:365777ms step_avg:248.49ms
step:1483/5100 lr:0.001 train_loss:3.6445 train_time:366166ms step_avg:248.58ms
step:1484/5100 lr:0.001 train_loss:3.7295 train_time:366561ms step_avg:248.68ms
step:1485/5100 lr:0.001 train_loss:3.6541 train_time:366958ms step_avg:248.78ms
step:1486/5100 lr:0.001 train_loss:3.6122 train_time:367354ms step_avg:248.88ms
step:1487/5100 lr:0.001 train_loss:3.8447 train_time:367752ms step_avg:248.99ms
step:1488/5100 lr:0.001 train_loss:3.6285 train_time:368147ms step_avg:249.08ms
step:1489/5100 lr:0.001 train_loss:3.5969 train_time:368543ms step_avg:249.18ms
step:1490/5100 lr:0.001 train_loss:3.5511 train_time:368939ms step_avg:249.28ms
step:1491/5100 lr:0.001 train_loss:3.4164 train_time:369335ms step_avg:249.38ms
step:1492/5100 lr:0.001 train_loss:3.5608 train_time:369732ms step_avg:249.48ms
step:1493/5100 lr:0.001 train_loss:3.4202 train_time:370128ms step_avg:249.58ms
step:1494/5100 lr:0.001 train_loss:3.7526 train_time:370524ms step_avg:249.68ms
step:1495/5100 lr:0.001 train_loss:3.8044 train_time:370921ms step_avg:249.78ms
step:1496/5100 lr:0.001 train_loss:3.5787 train_time:371317ms step_avg:249.88ms
step:1497/5100 lr:0.001 train_loss:3.8866 train_time:371713ms step_avg:249.97ms
step:1498/5100 lr:0.001 train_loss:3.5857 train_time:372109ms step_avg:250.07ms
step:1499/5100 lr:0.001 train_loss:3.6878 train_time:372505ms step_avg:250.17ms
step:1500/5100 lr:0.001 train_loss:3.5586 train_time:372901ms step_avg:250.27ms
step:1500/5100 val_loss:3.6746 train_time:372917ms step_avg:250.28ms
step:1501/5100 lr:0.001 train_loss:3.7572 train_time:377006ms step_avg:252.85ms
step:1502/5100 lr:0.001 train_loss:3.6165 train_time:377401ms step_avg:252.95ms
step:1503/5100 lr:0.001 train_loss:3.7137 train_time:377799ms step_avg:253.05ms
step:1504/5100 lr:0.001 train_loss:3.5920 train_time:378194ms step_avg:253.14ms
step:1505/5100 lr:0.001 train_loss:3.4969 train_time:378591ms step_avg:253.24ms
step:1506/5100 lr:0.001 train_loss:3.6951 train_time:378987ms step_avg:253.33ms
step:1507/5100 lr:0.001 train_loss:3.7539 train_time:379384ms step_avg:253.43ms
step:1508/5100 lr:0.001 train_loss:3.7580 train_time:379780ms step_avg:253.52ms
step:1509/5100 lr:0.001 train_loss:3.5700 train_time:380175ms step_avg:253.62ms
step:1510/5100 lr:0.001 train_loss:3.5169 train_time:380571ms step_avg:253.71ms
step:1511/5100 lr:0.001 train_loss:3.6716 train_time:380967ms step_avg:253.81ms
step:1512/5100 lr:0.001 train_loss:3.6033 train_time:381363ms step_avg:253.90ms
step:1513/5100 lr:0.001 train_loss:3.6977 train_time:381759ms step_avg:254.00ms
step:1514/5100 lr:0.001 train_loss:3.5416 train_time:382154ms step_avg:254.09ms
step:1515/5100 lr:0.001 train_loss:3.6395 train_time:382550ms step_avg:254.19ms
step:1516/5100 lr:0.001 train_loss:3.7114 train_time:382946ms step_avg:254.28ms
step:1517/5100 lr:0.001 train_loss:3.6694 train_time:383343ms step_avg:254.37ms
step:1518/5100 lr:0.001 train_loss:3.6664 train_time:383739ms step_avg:254.47ms
step:1519/5100 lr:0.001 train_loss:3.6532 train_time:384134ms step_avg:254.56ms
step:1520/5100 lr:0.001 train_loss:3.6850 train_time:385507ms step_avg:255.30ms
step:1521/5100 lr:0.001 train_loss:3.6032 train_time:385903ms step_avg:255.40ms
step:1522/5100 lr:0.001 train_loss:3.8685 train_time:386299ms step_avg:255.49ms
step:1523/5100 lr:0.001 train_loss:3.7569 train_time:386695ms step_avg:255.58ms
step:1524/5100 lr:0.001 train_loss:3.5459 train_time:387301ms step_avg:255.81ms
step:1525/5100 lr:0.001 train_loss:3.6370 train_time:387697ms step_avg:255.91ms
step:1526/5100 lr:0.001 train_loss:3.7483 train_time:388093ms step_avg:256.00ms
step:1527/5100 lr:0.001 train_loss:3.6725 train_time:388489ms step_avg:256.09ms
step:1528/5100 lr:0.001 train_loss:3.8230 train_time:388885ms step_avg:256.18ms
step:1529/5100 lr:0.001 train_loss:3.6409 train_time:389281ms step_avg:256.27ms
step:1530/5100 lr:0.001 train_loss:3.6770 train_time:389678ms step_avg:256.37ms
step:1531/5100 lr:0.001 train_loss:3.6837 train_time:390073ms step_avg:256.46ms
step:1532/5100 lr:0.001 train_loss:4.0534 train_time:390471ms step_avg:256.55ms
step:1533/5100 lr:0.001 train_loss:3.8581 train_time:390868ms step_avg:256.64ms
step:1534/5100 lr:0.001 train_loss:3.4916 train_time:391264ms step_avg:256.73ms
step:1535/5100 lr:0.001 train_loss:3.6062 train_time:391660ms step_avg:256.83ms
step:1536/5100 lr:0.001 train_loss:3.6703 train_time:392055ms step_avg:256.92ms
step:1537/5100 lr:0.001 train_loss:3.6246 train_time:392452ms step_avg:257.01ms
step:1538/5100 lr:0.001 train_loss:3.7365 train_time:392849ms step_avg:257.10ms
step:1539/5100 lr:0.001 train_loss:3.6627 train_time:393245ms step_avg:257.19ms
step:1540/5100 lr:0.001 train_loss:3.5639 train_time:393642ms step_avg:257.28ms
step:1541/5100 lr:0.001 train_loss:3.6167 train_time:394038ms step_avg:257.37ms
step:1542/5100 lr:0.001 train_loss:4.0100 train_time:394434ms step_avg:257.46ms
step:1543/5100 lr:0.001 train_loss:3.6250 train_time:394831ms step_avg:257.55ms
step:1544/5100 lr:0.001 train_loss:3.7027 train_time:395979ms step_avg:258.14ms
step:1545/5100 lr:0.001 train_loss:3.6306 train_time:396375ms step_avg:258.22ms
step:1546/5100 lr:0.001 train_loss:3.5819 train_time:396772ms step_avg:258.31ms
step:1547/5100 lr:0.001 train_loss:3.5273 train_time:397168ms step_avg:258.40ms
step:1548/5100 lr:0.001 train_loss:3.6734 train_time:397565ms step_avg:258.49ms
step:1549/5100 lr:0.001 train_loss:3.7610 train_time:397961ms step_avg:258.58ms
step:1550/5100 lr:0.001 train_loss:3.5517 train_time:398357ms step_avg:258.67ms
step:1551/5100 lr:0.001 train_loss:3.6264 train_time:398753ms step_avg:258.76ms
step:1552/5100 lr:0.001 train_loss:3.5874 train_time:399149ms step_avg:258.85ms
step:1553/5100 lr:0.001 train_loss:3.7309 train_time:399547ms step_avg:258.94ms
step:1554/5100 lr:0.001 train_loss:3.5767 train_time:399943ms step_avg:259.03ms
step:1555/5100 lr:0.001 train_loss:3.6041 train_time:400339ms step_avg:259.12ms
step:1556/5100 lr:0.001 train_loss:3.6864 train_time:400735ms step_avg:259.21ms
step:1557/5100 lr:0.001 train_loss:3.5616 train_time:401132ms step_avg:259.30ms
step:1558/5100 lr:0.001 train_loss:3.6378 train_time:401529ms step_avg:259.39ms
step:1559/5100 lr:0.001 train_loss:3.5880 train_time:401925ms step_avg:259.47ms
step:1560/5100 lr:0.001 train_loss:3.5908 train_time:402322ms step_avg:259.56ms
step:1561/5100 lr:0.001 train_loss:3.6705 train_time:402719ms step_avg:259.65ms
step:1562/5100 lr:0.001 train_loss:3.5108 train_time:403115ms step_avg:259.74ms
step:1563/5100 lr:0.001 train_loss:3.6168 train_time:403511ms step_avg:259.83ms
step:1564/5100 lr:0.001 train_loss:3.8069 train_time:403907ms step_avg:259.91ms
step:1565/5100 lr:0.001 train_loss:3.5485 train_time:404303ms step_avg:260.00ms
step:1566/5100 lr:0.001 train_loss:3.6272 train_time:404700ms step_avg:260.09ms
step:1567/5100 lr:0.001 train_loss:3.8596 train_time:405096ms step_avg:260.18ms
step:1568/5100 lr:0.001 train_loss:3.5062 train_time:405492ms step_avg:260.26ms
step:1569/5100 lr:0.001 train_loss:3.5046 train_time:405888ms step_avg:260.35ms
step:1570/5100 lr:0.001 train_loss:3.6160 train_time:406285ms step_avg:260.44ms
step:1571/5100 lr:0.001 train_loss:3.6222 train_time:406682ms step_avg:260.53ms
step:1572/5100 lr:0.001 train_loss:3.5187 train_time:407078ms step_avg:260.61ms
step:1573/5100 lr:0.001 train_loss:3.8135 train_time:407474ms step_avg:260.70ms
step:1574/5100 lr:0.001 train_loss:3.7330 train_time:407871ms step_avg:260.79ms
step:1575/5100 lr:0.001 train_loss:3.4536 train_time:408267ms step_avg:260.87ms
step:1576/5100 lr:0.001 train_loss:3.6554 train_time:408664ms step_avg:260.96ms
step:1577/5100 lr:0.001 train_loss:3.5915 train_time:409060ms step_avg:261.05ms
step:1578/5100 lr:0.001 train_loss:3.6112 train_time:409456ms step_avg:261.13ms
step:1579/5100 lr:0.001 train_loss:3.7384 train_time:409851ms step_avg:261.22ms
step:1580/5100 lr:0.001 train_loss:3.6134 train_time:411010ms step_avg:261.79ms
step:1581/5100 lr:0.001 train_loss:3.6515 train_time:411406ms step_avg:261.88ms
step:1582/5100 lr:0.001 train_loss:3.5794 train_time:411802ms step_avg:261.96ms
step:1583/5100 lr:0.001 train_loss:3.4932 train_time:412198ms step_avg:262.05ms
step:1584/5100 lr:0.001 train_loss:3.5819 train_time:412595ms step_avg:262.13ms
step:1585/5100 lr:0.001 train_loss:3.6383 train_time:412991ms step_avg:262.22ms
step:1586/5100 lr:0.001 train_loss:3.6040 train_time:413387ms step_avg:262.30ms
step:1587/5100 lr:0.001 train_loss:4.0719 train_time:413785ms step_avg:262.39ms
step:1588/5100 lr:0.001 train_loss:3.5973 train_time:414181ms step_avg:262.47ms
step:1589/5100 lr:0.001 train_loss:3.6997 train_time:414577ms step_avg:262.56ms
step:1590/5100 lr:0.001 train_loss:3.4184 train_time:414974ms step_avg:262.64ms
step:1591/5100 lr:0.001 train_loss:3.7762 train_time:415370ms step_avg:262.73ms
step:1592/5100 lr:0.001 train_loss:3.6211 train_time:415766ms step_avg:262.81ms
step:1593/5100 lr:0.001 train_loss:3.7602 train_time:416162ms step_avg:262.89ms
step:1594/5100 lr:0.001 train_loss:3.6110 train_time:416558ms step_avg:262.98ms
step:1595/5100 lr:0.001 train_loss:3.6384 train_time:416954ms step_avg:263.06ms
step:1596/5100 lr:0.001 train_loss:3.6706 train_time:417350ms step_avg:263.15ms
step:1597/5100 lr:0.001 train_loss:3.6397 train_time:417746ms step_avg:263.23ms
step:1598/5100 lr:0.001 train_loss:3.7145 train_time:418142ms step_avg:263.31ms
step:1599/5100 lr:0.001 train_loss:4.0012 train_time:418538ms step_avg:263.40ms
step:1600/5100 lr:0.001 train_loss:3.5789 train_time:418933ms step_avg:263.48ms
step:1601/5100 lr:0.001 train_loss:3.6250 train_time:419330ms step_avg:263.56ms
step:1602/5100 lr:0.001 train_loss:3.7372 train_time:419726ms step_avg:263.65ms
step:1603/5100 lr:0.001 train_loss:3.7631 train_time:420122ms step_avg:263.73ms
step:1604/5100 lr:0.001 train_loss:3.6085 train_time:420519ms step_avg:263.81ms
step:1605/5100 lr:0.001 train_loss:4.0435 train_time:420914ms step_avg:263.90ms
step:1606/5100 lr:0.001 train_loss:3.7752 train_time:421310ms step_avg:263.98ms
step:1607/5100 lr:0.001 train_loss:3.4825 train_time:421706ms step_avg:264.06ms
step:1608/5100 lr:0.001 train_loss:3.6584 train_time:422102ms step_avg:264.14ms
step:1609/5100 lr:0.001 train_loss:3.4809 train_time:422499ms step_avg:264.23ms
step:1610/5100 lr:0.001 train_loss:3.8336 train_time:422894ms step_avg:264.31ms
step:1611/5100 lr:0.001 train_loss:3.5819 train_time:423290ms step_avg:264.39ms
step:1612/5100 lr:0.001 train_loss:3.6713 train_time:423686ms step_avg:264.47ms
step:1613/5100 lr:0.001 train_loss:3.6568 train_time:424083ms step_avg:264.56ms
step:1614/5100 lr:0.001 train_loss:4.0410 train_time:424479ms step_avg:264.64ms
step:1615/5100 lr:0.001 train_loss:3.8435 train_time:424875ms step_avg:264.72ms
step:1616/5100 lr:0.001 train_loss:3.7628 train_time:425272ms step_avg:264.80ms
step:1617/5100 lr:0.001 train_loss:3.6001 train_time:425668ms step_avg:264.88ms
step:1618/5100 lr:0.001 train_loss:3.6818 train_time:426064ms step_avg:264.97ms
step:1619/5100 lr:0.001 train_loss:3.5453 train_time:426460ms step_avg:265.05ms
step:1620/5100 lr:0.001 train_loss:3.6315 train_time:426856ms step_avg:265.13ms
step:1621/5100 lr:0.001 train_loss:3.8124 train_time:427252ms step_avg:265.21ms
step:1622/5100 lr:0.001 train_loss:3.8482 train_time:427648ms step_avg:265.29ms
step:1623/5100 lr:0.001 train_loss:3.5424 train_time:428045ms step_avg:265.37ms
step:1624/5100 lr:0.001 train_loss:3.7434 train_time:428442ms step_avg:265.45ms
step:1625/5100 lr:0.001 train_loss:3.6792 train_time:428837ms step_avg:265.53ms
step:1625/5100 val_loss:3.6371 train_time:428852ms step_avg:265.54ms
step:1626/5100 lr:0.001 train_loss:3.4990 train_time:432918ms step_avg:267.90ms
step:1627/5100 lr:0.001 train_loss:3.6725 train_time:433319ms step_avg:267.98ms
step:1628/5100 lr:0.001 train_loss:3.5453 train_time:433709ms step_avg:268.05ms
step:1629/5100 lr:0.001 train_loss:3.6527 train_time:434105ms step_avg:268.13ms
step:1630/5100 lr:0.001 train_loss:3.6350 train_time:434502ms step_avg:268.21ms
step:1631/5100 lr:0.001 train_loss:3.5627 train_time:434898ms step_avg:268.29ms
step:1632/5100 lr:0.001 train_loss:3.6568 train_time:435295ms step_avg:268.37ms
step:1633/5100 lr:0.001 train_loss:3.6732 train_time:435691ms step_avg:268.45ms
step:1634/5100 lr:0.001 train_loss:3.6501 train_time:436087ms step_avg:268.53ms
step:1635/5100 lr:0.001 train_loss:3.5190 train_time:436483ms step_avg:268.60ms
step:1636/5100 lr:0.001 train_loss:3.4207 train_time:436879ms step_avg:268.68ms
step:1637/5100 lr:0.001 train_loss:3.6010 train_time:437276ms step_avg:268.76ms
step:1638/5100 lr:0.001 train_loss:3.6398 train_time:437672ms step_avg:268.84ms
step:1639/5100 lr:0.001 train_loss:3.4794 train_time:438068ms step_avg:268.92ms
step:1640/5100 lr:0.001 train_loss:3.6877 train_time:438464ms step_avg:269.00ms
step:1641/5100 lr:0.001 train_loss:3.8116 train_time:438860ms step_avg:269.07ms
step:1642/5100 lr:0.001 train_loss:3.8421 train_time:439256ms step_avg:269.15ms
step:1643/5100 lr:0.001 train_loss:4.2134 train_time:439652ms step_avg:269.23ms
step:1644/5100 lr:0.001 train_loss:3.7120 train_time:440048ms step_avg:269.31ms
step:1645/5100 lr:0.001 train_loss:3.6797 train_time:440444ms step_avg:269.38ms
step:1646/5100 lr:0.001 train_loss:3.8081 train_time:440840ms step_avg:269.46ms
step:1647/5100 lr:0.001 train_loss:3.7707 train_time:441237ms step_avg:269.54ms
step:1648/5100 lr:0.001 train_loss:3.5132 train_time:441632ms step_avg:269.62ms
step:1649/5100 lr:0.001 train_loss:3.6589 train_time:442028ms step_avg:269.69ms
step:1650/5100 lr:0.001 train_loss:3.2944 train_time:442425ms step_avg:269.77ms
step:1651/5100 lr:0.001 train_loss:3.6610 train_time:442821ms step_avg:269.85ms
step:1652/5100 lr:0.001 train_loss:3.6246 train_time:443217ms step_avg:269.92ms
step:1653/5100 lr:0.001 train_loss:3.5759 train_time:443613ms step_avg:270.00ms
step:1654/5100 lr:0.001 train_loss:3.5512 train_time:444009ms step_avg:270.08ms
step:1655/5100 lr:0.001 train_loss:3.6164 train_time:444406ms step_avg:270.16ms
step:1656/5100 lr:0.001 train_loss:3.6387 train_time:444802ms step_avg:270.23ms
step:1657/5100 lr:0.001 train_loss:3.8466 train_time:445198ms step_avg:270.31ms
step:1658/5100 lr:0.001 train_loss:3.5201 train_time:445594ms step_avg:270.38ms
step:1659/5100 lr:0.001 train_loss:3.5616 train_time:445990ms step_avg:270.46ms
step:1660/5100 lr:0.001 train_loss:3.6362 train_time:446386ms step_avg:270.54ms
step:1661/5100 lr:0.001 train_loss:3.6059 train_time:446782ms step_avg:270.61ms
step:1662/5100 lr:0.001 train_loss:3.5422 train_time:447178ms step_avg:270.69ms
step:1663/5100 lr:0.001 train_loss:3.5621 train_time:447574ms step_avg:270.76ms
step:1664/5100 lr:0.001 train_loss:3.5806 train_time:448730ms step_avg:271.30ms
step:1665/5100 lr:0.001 train_loss:3.6711 train_time:449126ms step_avg:271.38ms
step:1666/5100 lr:0.001 train_loss:3.5954 train_time:449523ms step_avg:271.45ms
step:1667/5100 lr:0.001 train_loss:3.6211 train_time:449920ms step_avg:271.53ms
step:1668/5100 lr:0.001 train_loss:3.6798 train_time:450316ms step_avg:271.60ms
step:1669/5100 lr:0.001 train_loss:3.6501 train_time:450713ms step_avg:271.68ms
step:1670/5100 lr:0.001 train_loss:3.9864 train_time:451109ms step_avg:271.75ms
step:1671/5100 lr:0.001 train_loss:3.4319 train_time:451505ms step_avg:271.83ms
step:1672/5100 lr:0.001 train_loss:3.6263 train_time:451901ms step_avg:271.90ms
step:1673/5100 lr:0.001 train_loss:3.4950 train_time:452298ms step_avg:271.98ms
step:1674/5100 lr:0.001 train_loss:3.4110 train_time:452694ms step_avg:272.05ms
step:1675/5100 lr:0.001 train_loss:3.7663 train_time:453091ms step_avg:272.13ms
step:1676/5100 lr:0.001 train_loss:3.9252 train_time:453487ms step_avg:272.20ms
step:1677/5100 lr:0.001 train_loss:3.5767 train_time:453883ms step_avg:272.28ms
step:1678/5100 lr:0.001 train_loss:3.5089 train_time:454279ms step_avg:272.35ms
step:1679/5100 lr:0.001 train_loss:3.5339 train_time:454674ms step_avg:272.42ms
step:1680/5100 lr:0.001 train_loss:3.7178 train_time:455071ms step_avg:272.50ms
step:1681/5100 lr:0.001 train_loss:3.5528 train_time:455466ms step_avg:272.57ms
step:1682/5100 lr:0.001 train_loss:3.6081 train_time:455863ms step_avg:272.65ms
step:1683/5100 lr:0.001 train_loss:3.6237 train_time:456259ms step_avg:272.72ms
step:1684/5100 lr:0.001 train_loss:3.1658 train_time:456655ms step_avg:272.79ms
step:1685/5100 lr:0.001 train_loss:3.6068 train_time:457051ms step_avg:272.87ms
step:1686/5100 lr:0.001 train_loss:3.7209 train_time:457447ms step_avg:272.94ms
step:1687/5100 lr:0.001 train_loss:3.7915 train_time:457843ms step_avg:273.01ms
step:1688/5100 lr:0.001 train_loss:3.6965 train_time:458240ms step_avg:273.09ms
step:1689/5100 lr:0.001 train_loss:3.5291 train_time:458636ms step_avg:273.16ms
step:1690/5100 lr:0.001 train_loss:3.6689 train_time:459033ms step_avg:273.23ms
step:1691/5100 lr:0.001 train_loss:3.5363 train_time:459428ms step_avg:273.31ms
step:1692/5100 lr:0.001 train_loss:3.5381 train_time:459828ms step_avg:273.38ms
step:1693/5100 lr:0.001 train_loss:3.5930 train_time:460221ms step_avg:273.45ms
step:1694/5100 lr:0.001 train_loss:3.4824 train_time:460617ms step_avg:273.53ms
step:1695/5100 lr:0.001 train_loss:3.6490 train_time:461013ms step_avg:273.60ms
step:1696/5100 lr:0.001 train_loss:3.5772 train_time:461409ms step_avg:273.67ms
step:1697/5100 lr:0.001 train_loss:3.5436 train_time:461806ms step_avg:273.74ms
step:1698/5100 lr:0.001 train_loss:4.1180 train_time:462202ms step_avg:273.82ms
step:1699/5100 lr:0.001 train_loss:3.7791 train_time:462598ms step_avg:273.89ms
step:1700/5100 lr:0.001 train_loss:3.6442 train_time:462994ms step_avg:273.96ms
step:1701/5100 lr:0.001 train_loss:3.5847 train_time:463391ms step_avg:274.03ms
step:1702/5100 lr:0.001 train_loss:3.3680 train_time:463787ms step_avg:274.11ms
step:1703/5100 lr:0.001 train_loss:3.6308 train_time:464183ms step_avg:274.18ms
step:1704/5100 lr:0.001 train_loss:3.6354 train_time:464579ms step_avg:274.25ms
step:1705/5100 lr:0.001 train_loss:3.6306 train_time:464976ms step_avg:274.32ms
step:1706/5100 lr:0.001 train_loss:3.4286 train_time:465372ms step_avg:274.39ms
step:1707/5100 lr:0.001 train_loss:3.8754 train_time:465768ms step_avg:274.47ms
step:1708/5100 lr:0.001 train_loss:3.5453 train_time:466165ms step_avg:274.54ms
step:1709/5100 lr:0.001 train_loss:4.0883 train_time:466561ms step_avg:274.61ms
step:1710/5100 lr:0.001 train_loss:3.5104 train_time:467158ms step_avg:274.80ms
step:1711/5100 lr:0.001 train_loss:3.3772 train_time:467554ms step_avg:274.87ms
step:1712/5100 lr:0.001 train_loss:3.7227 train_time:467950ms step_avg:274.94ms
step:1713/5100 lr:0.001 train_loss:3.5046 train_time:468346ms step_avg:275.01ms
step:1714/5100 lr:0.001 train_loss:3.5214 train_time:468742ms step_avg:275.08ms
step:1715/5100 lr:0.001 train_loss:3.5525 train_time:469345ms step_avg:275.28ms
step:1716/5100 lr:0.001 train_loss:3.8321 train_time:469741ms step_avg:275.35ms
step:1717/5100 lr:0.001 train_loss:3.6030 train_time:470137ms step_avg:275.42ms
step:1718/5100 lr:0.001 train_loss:3.5948 train_time:470533ms step_avg:275.49ms
step:1719/5100 lr:0.001 train_loss:3.7040 train_time:470929ms step_avg:275.56ms
step:1720/5100 lr:0.001 train_loss:3.5841 train_time:471325ms step_avg:275.63ms
step:1721/5100 lr:0.001 train_loss:3.7565 train_time:471721ms step_avg:275.70ms
step:1722/5100 lr:0.001 train_loss:3.5630 train_time:472118ms step_avg:275.77ms
step:1723/5100 lr:0.001 train_loss:3.5355 train_time:472514ms step_avg:275.84ms
step:1724/5100 lr:0.001 train_loss:3.6335 train_time:472910ms step_avg:275.91ms
step:1725/5100 lr:0.001 train_loss:3.2702 train_time:473306ms step_avg:275.98ms
step:1726/5100 lr:0.001 train_loss:3.4874 train_time:473701ms step_avg:276.05ms
step:1727/5100 lr:0.001 train_loss:3.5599 train_time:474098ms step_avg:276.12ms
step:1728/5100 lr:0.001 train_loss:3.6122 train_time:474493ms step_avg:276.19ms
step:1729/5100 lr:0.001 train_loss:3.7032 train_time:474889ms step_avg:276.26ms
step:1730/5100 lr:0.001 train_loss:3.7016 train_time:475285ms step_avg:276.33ms
step:1731/5100 lr:0.001 train_loss:3.6805 train_time:475685ms step_avg:276.40ms
step:1732/5100 lr:0.001 train_loss:3.5204 train_time:476081ms step_avg:276.47ms
step:1733/5100 lr:0.001 train_loss:3.5476 train_time:476477ms step_avg:276.54ms
step:1734/5100 lr:0.001 train_loss:3.4718 train_time:476872ms step_avg:276.61ms
step:1735/5100 lr:0.001 train_loss:3.5099 train_time:477268ms step_avg:276.68ms
step:1736/5100 lr:0.001 train_loss:3.5305 train_time:477665ms step_avg:276.75ms
step:1737/5100 lr:0.001 train_loss:3.5646 train_time:478061ms step_avg:276.82ms
step:1738/5100 lr:0.001 train_loss:3.5058 train_time:478458ms step_avg:276.89ms
step:1739/5100 lr:0.001 train_loss:3.8605 train_time:478853ms step_avg:276.95ms
step:1740/5100 lr:0.001 train_loss:3.7404 train_time:479249ms step_avg:277.02ms
step:1741/5100 lr:0.001 train_loss:3.6974 train_time:479646ms step_avg:277.09ms
step:1742/5100 lr:0.001 train_loss:3.5526 train_time:480042ms step_avg:277.16ms
step:1743/5100 lr:0.001 train_loss:3.8430 train_time:480439ms step_avg:277.23ms
step:1744/5100 lr:0.001 train_loss:3.6007 train_time:480835ms step_avg:277.30ms
step:1745/5100 lr:0.001 train_loss:3.6668 train_time:481231ms step_avg:277.37ms
step:1746/5100 lr:0.001 train_loss:3.7155 train_time:481634ms step_avg:277.44ms
step:1747/5100 lr:0.001 train_loss:3.5550 train_time:482025ms step_avg:277.50ms
step:1748/5100 lr:0.001 train_loss:3.4891 train_time:482431ms step_avg:277.58ms
step:1749/5100 lr:0.001 train_loss:3.5867 train_time:482821ms step_avg:277.64ms
step:1750/5100 lr:0.001 train_loss:3.6354 train_time:483218ms step_avg:277.71ms
step:1750/5100 val_loss:3.6025 train_time:483233ms step_avg:277.72ms
step:1751/5100 lr:0.001 train_loss:3.7514 train_time:487308ms step_avg:279.90ms
step:1752/5100 lr:0.001 train_loss:3.5841 train_time:487704ms step_avg:279.97ms
step:1753/5100 lr:0.001 train_loss:3.6242 train_time:488100ms step_avg:280.03ms
step:1754/5100 lr:0.001 train_loss:3.6156 train_time:488496ms step_avg:280.10ms
step:1755/5100 lr:0.001 train_loss:3.6470 train_time:488892ms step_avg:280.17ms
step:1756/5100 lr:0.001 train_loss:3.6924 train_time:489288ms step_avg:280.23ms
step:1757/5100 lr:0.001 train_loss:3.8214 train_time:489684ms step_avg:280.30ms
step:1758/5100 lr:0.001 train_loss:3.6246 train_time:490079ms step_avg:280.37ms
step:1759/5100 lr:0.001 train_loss:3.6791 train_time:490475ms step_avg:280.43ms
step:1760/5100 lr:0.001 train_loss:3.5911 train_time:490871ms step_avg:280.50ms
step:1761/5100 lr:0.001 train_loss:3.4680 train_time:491267ms step_avg:280.56ms
step:1762/5100 lr:0.001 train_loss:3.7207 train_time:491663ms step_avg:280.63ms
step:1763/5100 lr:0.001 train_loss:3.5251 train_time:492058ms step_avg:280.69ms
step:1764/5100 lr:0.001 train_loss:3.7047 train_time:492454ms step_avg:280.76ms
step:1765/5100 lr:0.001 train_loss:3.5360 train_time:492850ms step_avg:280.83ms
step:1766/5100 lr:0.001 train_loss:3.7556 train_time:493245ms step_avg:280.89ms
step:1767/5100 lr:0.001 train_loss:3.6128 train_time:493641ms step_avg:280.96ms
step:1768/5100 lr:0.001 train_loss:3.5807 train_time:494037ms step_avg:281.02ms
step:1769/5100 lr:0.001 train_loss:3.5746 train_time:494433ms step_avg:281.09ms
step:1770/5100 lr:0.001 train_loss:3.5452 train_time:494830ms step_avg:281.15ms
step:1771/5100 lr:0.001 train_loss:3.5897 train_time:495226ms step_avg:281.22ms
step:1772/5100 lr:0.001 train_loss:3.6437 train_time:495622ms step_avg:281.28ms
step:1773/5100 lr:0.001 train_loss:3.5753 train_time:496018ms step_avg:281.35ms
step:1774/5100 lr:0.001 train_loss:3.5702 train_time:496414ms step_avg:281.41ms
step:1775/5100 lr:0.001 train_loss:3.5495 train_time:496810ms step_avg:281.48ms
step:1776/5100 lr:0.001 train_loss:3.6917 train_time:497206ms step_avg:281.54ms
step:1777/5100 lr:0.001 train_loss:3.7879 train_time:497602ms step_avg:281.61ms
step:1778/5100 lr:0.001 train_loss:3.5567 train_time:497998ms step_avg:281.67ms
step:1779/5100 lr:0.001 train_loss:3.6413 train_time:498394ms step_avg:281.74ms
step:1780/5100 lr:0.001 train_loss:3.6866 train_time:498791ms step_avg:281.80ms
step:1781/5100 lr:0.001 train_loss:3.5545 train_time:499188ms step_avg:281.87ms
step:1782/5100 lr:0.001 train_loss:3.5336 train_time:499584ms step_avg:281.93ms
step:1783/5100 lr:0.001 train_loss:3.5863 train_time:499981ms step_avg:282.00ms
step:1784/5100 lr:0.001 train_loss:3.6772 train_time:500377ms step_avg:282.06ms
step:1785/5100 lr:0.001 train_loss:3.6788 train_time:500773ms step_avg:282.13ms
step:1786/5100 lr:0.001 train_loss:3.4869 train_time:501170ms step_avg:282.19ms
step:1787/5100 lr:0.001 train_loss:3.7464 train_time:501565ms step_avg:282.25ms
step:1788/5100 lr:0.001 train_loss:3.7905 train_time:501961ms step_avg:282.32ms
step:1789/5100 lr:0.001 train_loss:3.5693 train_time:502357ms step_avg:282.38ms
step:1790/5100 lr:0.001 train_loss:3.6912 train_time:502753ms step_avg:282.45ms
step:1791/5100 lr:0.001 train_loss:3.6541 train_time:503149ms step_avg:282.51ms
step:1792/5100 lr:0.001 train_loss:3.4834 train_time:503545ms step_avg:282.57ms
step:1793/5100 lr:0.001 train_loss:3.5816 train_time:503941ms step_avg:282.64ms
step:1794/5100 lr:0.001 train_loss:3.6731 train_time:504338ms step_avg:282.70ms
step:1795/5100 lr:0.001 train_loss:3.6875 train_time:504734ms step_avg:282.76ms
step:1796/5100 lr:0.001 train_loss:3.5228 train_time:505130ms step_avg:282.83ms
step:1797/5100 lr:0.001 train_loss:3.4624 train_time:505537ms step_avg:282.90ms
step:1798/5100 lr:0.001 train_loss:3.7278 train_time:505926ms step_avg:282.96ms
step:1799/5100 lr:0.001 train_loss:3.6503 train_time:506323ms step_avg:283.02ms
step:1800/5100 lr:0.001 train_loss:3.8152 train_time:506719ms step_avg:283.08ms
step:1801/5100 lr:0.001 train_loss:3.6203 train_time:507115ms step_avg:283.15ms
step:1802/5100 lr:0.001 train_loss:3.7495 train_time:507511ms step_avg:283.21ms
step:1803/5100 lr:0.001 train_loss:3.6723 train_time:507907ms step_avg:283.27ms
step:1804/5100 lr:0.001 train_loss:3.4241 train_time:508303ms step_avg:283.34ms
step:1805/5100 lr:0.001 train_loss:3.4782 train_time:508699ms step_avg:283.40ms
step:1806/5100 lr:0.001 train_loss:3.6027 train_time:509095ms step_avg:283.46ms
step:1807/5100 lr:0.001 train_loss:3.4360 train_time:509491ms step_avg:283.52ms
step:1808/5100 lr:0.001 train_loss:3.6641 train_time:509887ms step_avg:283.59ms
step:1809/5100 lr:0.001 train_loss:3.5350 train_time:510283ms step_avg:283.65ms
step:1810/5100 lr:0.001 train_loss:3.6428 train_time:510679ms step_avg:283.71ms
step:1811/5100 lr:0.001 train_loss:3.6059 train_time:511076ms step_avg:283.77ms
step:1812/5100 lr:0.001 train_loss:3.5204 train_time:511472ms step_avg:283.84ms
step:1813/5100 lr:0.001 train_loss:3.6358 train_time:511868ms step_avg:283.90ms
step:1814/5100 lr:0.001 train_loss:3.4274 train_time:512264ms step_avg:283.96ms
step:1815/5100 lr:0.001 train_loss:3.5751 train_time:512660ms step_avg:284.02ms
step:1816/5100 lr:0.001 train_loss:3.7640 train_time:513056ms step_avg:284.08ms
step:1817/5100 lr:0.001 train_loss:3.4966 train_time:513452ms step_avg:284.15ms
step:1818/5100 lr:0.001 train_loss:3.6982 train_time:513848ms step_avg:284.21ms
step:1819/5100 lr:0.001 train_loss:3.5093 train_time:514245ms step_avg:284.27ms
step:1820/5100 lr:0.001 train_loss:3.6374 train_time:514641ms step_avg:284.33ms
step:1821/5100 lr:0.001 train_loss:3.6366 train_time:515037ms step_avg:284.39ms
step:1822/5100 lr:0.001 train_loss:3.8425 train_time:515433ms step_avg:284.46ms
step:1823/5100 lr:0.001 train_loss:3.6472 train_time:515830ms step_avg:284.52ms
step:1824/5100 lr:0.001 train_loss:3.5225 train_time:516226ms step_avg:284.58ms
step:1825/5100 lr:0.001 train_loss:3.5549 train_time:516622ms step_avg:284.64ms
step:1826/5100 lr:0.001 train_loss:3.4370 train_time:517018ms step_avg:284.70ms
step:1827/5100 lr:0.001 train_loss:3.5518 train_time:517414ms step_avg:284.76ms
step:1828/5100 lr:0.001 train_loss:3.6649 train_time:517811ms step_avg:284.82ms
step:1829/5100 lr:0.001 train_loss:3.4622 train_time:518207ms step_avg:284.89ms
step:1830/5100 lr:0.001 train_loss:4.3944 train_time:518604ms step_avg:284.95ms
step:1831/5100 lr:0.001 train_loss:3.5412 train_time:519001ms step_avg:285.01ms
step:1832/5100 lr:0.001 train_loss:3.4141 train_time:519397ms step_avg:285.07ms
step:1833/5100 lr:0.001 train_loss:3.6036 train_time:519793ms step_avg:285.13ms
step:1834/5100 lr:0.001 train_loss:3.5269 train_time:520189ms step_avg:285.19ms
step:1835/5100 lr:0.001 train_loss:3.6480 train_time:520585ms step_avg:285.25ms
step:1836/5100 lr:0.001 train_loss:3.6726 train_time:520982ms step_avg:285.31ms
step:1837/5100 lr:0.001 train_loss:3.6038 train_time:521378ms step_avg:285.37ms
step:1838/5100 lr:0.001 train_loss:3.4750 train_time:521774ms step_avg:285.43ms
step:1839/5100 lr:0.001 train_loss:3.6687 train_time:522171ms step_avg:285.50ms
step:1840/5100 lr:0.001 train_loss:3.5280 train_time:522566ms step_avg:285.56ms
step:1841/5100 lr:0.001 train_loss:3.6644 train_time:522962ms step_avg:285.62ms
step:1842/5100 lr:0.001 train_loss:3.5854 train_time:523358ms step_avg:285.68ms
step:1843/5100 lr:0.001 train_loss:3.4249 train_time:523754ms step_avg:285.74ms
step:1844/5100 lr:0.001 train_loss:3.7357 train_time:524150ms step_avg:285.80ms
step:1845/5100 lr:0.001 train_loss:3.6119 train_time:524546ms step_avg:285.86ms
step:1846/5100 lr:0.001 train_loss:3.5803 train_time:524946ms step_avg:285.92ms
step:1847/5100 lr:0.001 train_loss:3.6508 train_time:525338ms step_avg:285.98ms
step:1848/5100 lr:0.001 train_loss:3.4055 train_time:525735ms step_avg:286.04ms
step:1849/5100 lr:0.001 train_loss:3.3873 train_time:526131ms step_avg:286.10ms
step:1850/5100 lr:0.001 train_loss:3.5364 train_time:526527ms step_avg:286.16ms
step:1851/5100 lr:0.001 train_loss:3.6056 train_time:526923ms step_avg:286.22ms
step:1852/5100 lr:0.001 train_loss:3.6969 train_time:527319ms step_avg:286.28ms
step:1853/5100 lr:0.001 train_loss:3.5582 train_time:527716ms step_avg:286.34ms
step:1854/5100 lr:0.001 train_loss:3.6530 train_time:528112ms step_avg:286.39ms
step:1855/5100 lr:0.001 train_loss:3.6745 train_time:528508ms step_avg:286.45ms
step:1856/5100 lr:0.001 train_loss:3.6020 train_time:528904ms step_avg:286.51ms
step:1857/5100 lr:0.001 train_loss:3.6209 train_time:529300ms step_avg:286.57ms
step:1858/5100 lr:0.001 train_loss:3.7460 train_time:529697ms step_avg:286.63ms
step:1859/5100 lr:0.001 train_loss:3.4263 train_time:530093ms step_avg:286.69ms
step:1860/5100 lr:0.001 train_loss:3.4788 train_time:530489ms step_avg:286.75ms
step:1861/5100 lr:0.001 train_loss:3.5086 train_time:530885ms step_avg:286.81ms
step:1862/5100 lr:0.001 train_loss:3.5268 train_time:531281ms step_avg:286.87ms
step:1863/5100 lr:0.001 train_loss:3.5504 train_time:531677ms step_avg:286.93ms
step:1864/5100 lr:0.001 train_loss:3.4918 train_time:532074ms step_avg:286.99ms
step:1865/5100 lr:0.001 train_loss:3.6247 train_time:532470ms step_avg:287.05ms
step:1866/5100 lr:0.001 train_loss:3.5587 train_time:532866ms step_avg:287.10ms
step:1867/5100 lr:0.001 train_loss:3.5954 train_time:533262ms step_avg:287.16ms
step:1868/5100 lr:0.001 train_loss:3.7461 train_time:533658ms step_avg:287.22ms
step:1869/5100 lr:0.001 train_loss:3.4045 train_time:534055ms step_avg:287.28ms
step:1870/5100 lr:0.001 train_loss:3.6217 train_time:534451ms step_avg:287.34ms
step:1871/5100 lr:0.001 train_loss:3.5633 train_time:534847ms step_avg:287.40ms
step:1872/5100 lr:0.001 train_loss:3.5104 train_time:535248ms step_avg:287.46ms
step:1873/5100 lr:0.001 train_loss:3.5234 train_time:535638ms step_avg:287.51ms
step:1874/5100 lr:0.001 train_loss:3.4824 train_time:536034ms step_avg:287.57ms
step:1875/5100 lr:0.001 train_loss:3.4834 train_time:536431ms step_avg:287.63ms
step:1875/5100 val_loss:3.5736 train_time:536446ms step_avg:287.64ms
step:1876/5100 lr:0.001 train_loss:3.5919 train_time:540640ms step_avg:289.73ms
step:1877/5100 lr:0.001 train_loss:3.3777 train_time:541038ms step_avg:289.79ms
step:1878/5100 lr:0.001 train_loss:3.5161 train_time:541432ms step_avg:289.85ms
step:1879/5100 lr:0.001 train_loss:3.5831 train_time:541828ms step_avg:289.90ms
step:1880/5100 lr:0.001 train_loss:4.0514 train_time:542224ms step_avg:289.96ms
step:1881/5100 lr:0.001 train_loss:3.5864 train_time:542620ms step_avg:290.02ms
step:1882/5100 lr:0.001 train_loss:3.5141 train_time:543017ms step_avg:290.07ms
step:1883/5100 lr:0.001 train_loss:3.6672 train_time:543412ms step_avg:290.13ms
step:1884/5100 lr:0.001 train_loss:3.5750 train_time:543809ms step_avg:290.19ms
step:1885/5100 lr:0.001 train_loss:3.5331 train_time:544205ms step_avg:290.24ms
step:1886/5100 lr:0.001 train_loss:3.5946 train_time:544601ms step_avg:290.30ms
step:1887/5100 lr:0.001 train_loss:3.4035 train_time:544997ms step_avg:290.36ms
step:1888/5100 lr:0.001 train_loss:3.5904 train_time:545393ms step_avg:290.41ms
step:1889/5100 lr:0.001 train_loss:3.9307 train_time:545789ms step_avg:290.47ms
step:1890/5100 lr:0.001 train_loss:3.6233 train_time:546185ms step_avg:290.52ms
step:1891/5100 lr:0.001 train_loss:3.5575 train_time:546581ms step_avg:290.58ms
step:1892/5100 lr:0.001 train_loss:3.5068 train_time:546977ms step_avg:290.64ms
step:1893/5100 lr:0.001 train_loss:3.3841 train_time:547373ms step_avg:290.69ms
step:1894/5100 lr:0.001 train_loss:3.4658 train_time:547769ms step_avg:290.75ms
step:1895/5100 lr:0.001 train_loss:3.5218 train_time:548165ms step_avg:290.80ms
step:1896/5100 lr:0.001 train_loss:3.6624 train_time:548561ms step_avg:290.86ms
step:1897/5100 lr:0.001 train_loss:3.5898 train_time:548958ms step_avg:290.92ms
step:1898/5100 lr:0.001 train_loss:3.8048 train_time:549354ms step_avg:290.97ms
step:1899/5100 lr:0.001 train_loss:3.6708 train_time:549750ms step_avg:291.03ms
step:1900/5100 lr:0.001 train_loss:3.6661 train_time:550344ms step_avg:291.19ms
step:1901/5100 lr:0.001 train_loss:3.8702 train_time:550740ms step_avg:291.24ms
step:1902/5100 lr:0.001 train_loss:3.6078 train_time:551136ms step_avg:291.30ms
step:1903/5100 lr:0.001 train_loss:3.5062 train_time:551532ms step_avg:291.35ms
step:1904/5100 lr:0.001 train_loss:3.5499 train_time:551929ms step_avg:291.41ms
step:1905/5100 lr:0.001 train_loss:3.5413 train_time:552534ms step_avg:291.57ms
step:1906/5100 lr:0.001 train_loss:3.5020 train_time:552929ms step_avg:291.63ms
step:1907/5100 lr:0.001 train_loss:3.6104 train_time:553325ms step_avg:291.68ms
step:1908/5100 lr:0.001 train_loss:3.5001 train_time:553731ms step_avg:291.74ms
step:1909/5100 lr:0.001 train_loss:3.7214 train_time:554121ms step_avg:291.80ms
step:1910/5100 lr:0.001 train_loss:3.5732 train_time:554516ms step_avg:291.85ms
step:1911/5100 lr:0.001 train_loss:3.5941 train_time:554912ms step_avg:291.91ms
step:1912/5100 lr:0.001 train_loss:3.6123 train_time:555309ms step_avg:291.96ms
step:1913/5100 lr:0.001 train_loss:3.3965 train_time:555704ms step_avg:292.01ms
step:1914/5100 lr:0.001 train_loss:3.5671 train_time:556101ms step_avg:292.07ms
step:1915/5100 lr:0.001 train_loss:3.6295 train_time:556497ms step_avg:292.12ms
step:1916/5100 lr:0.001 train_loss:3.5466 train_time:556893ms step_avg:292.18ms
step:1917/5100 lr:0.001 train_loss:3.5028 train_time:557289ms step_avg:292.23ms
step:1918/5100 lr:0.001 train_loss:3.0773 train_time:557686ms step_avg:292.29ms
step:1919/5100 lr:0.001 train_loss:3.4579 train_time:558082ms step_avg:292.34ms
step:1920/5100 lr:0.001 train_loss:3.6933 train_time:558478ms step_avg:292.40ms
step:1921/5100 lr:0.001 train_loss:3.7290 train_time:558874ms step_avg:292.45ms
step:1922/5100 lr:0.001 train_loss:3.5677 train_time:559270ms step_avg:292.51ms
step:1923/5100 lr:0.001 train_loss:3.5584 train_time:559666ms step_avg:292.56ms
step:1924/5100 lr:0.001 train_loss:3.7971 train_time:560062ms step_avg:292.61ms
step:1925/5100 lr:0.001 train_loss:3.4998 train_time:560458ms step_avg:292.67ms
step:1926/5100 lr:0.001 train_loss:3.5541 train_time:560855ms step_avg:292.72ms
step:1927/5100 lr:0.001 train_loss:3.5852 train_time:561251ms step_avg:292.78ms
step:1928/5100 lr:0.001 train_loss:3.6508 train_time:561647ms step_avg:292.83ms
step:1929/5100 lr:0.001 train_loss:3.2614 train_time:562043ms step_avg:292.88ms
step:1930/5100 lr:0.001 train_loss:3.4611 train_time:562439ms step_avg:292.94ms
step:1931/5100 lr:0.001 train_loss:3.4151 train_time:562835ms step_avg:292.99ms
step:1932/5100 lr:0.001 train_loss:3.4880 train_time:563232ms step_avg:293.04ms
step:1933/5100 lr:0.001 train_loss:3.2800 train_time:563628ms step_avg:293.10ms
step:1934/5100 lr:0.001 train_loss:3.4914 train_time:564024ms step_avg:293.15ms
step:1935/5100 lr:0.001 train_loss:3.7353 train_time:564420ms step_avg:293.21ms
step:1936/5100 lr:0.001 train_loss:3.5989 train_time:564816ms step_avg:293.26ms
step:1937/5100 lr:0.001 train_loss:3.6877 train_time:565213ms step_avg:293.31ms
step:1938/5100 lr:0.001 train_loss:3.5296 train_time:565609ms step_avg:293.37ms
step:1939/5100 lr:0.001 train_loss:3.5140 train_time:566005ms step_avg:293.42ms
step:1940/5100 lr:0.001 train_loss:3.6158 train_time:566401ms step_avg:293.47ms
step:1941/5100 lr:0.001 train_loss:3.5288 train_time:566797ms step_avg:293.53ms
step:1942/5100 lr:0.001 train_loss:3.6392 train_time:567193ms step_avg:293.58ms
step:1943/5100 lr:0.001 train_loss:3.5014 train_time:567589ms step_avg:293.63ms
step:1944/5100 lr:0.001 train_loss:3.6712 train_time:567985ms step_avg:293.68ms
step:1945/5100 lr:0.001 train_loss:3.8128 train_time:568382ms step_avg:293.74ms
step:1946/5100 lr:0.001 train_loss:3.5777 train_time:568778ms step_avg:293.79ms
step:1947/5100 lr:0.001 train_loss:3.5174 train_time:569174ms step_avg:293.84ms
step:1948/5100 lr:0.001 train_loss:3.7457 train_time:569570ms step_avg:293.90ms
step:1949/5100 lr:0.001 train_loss:3.4129 train_time:569966ms step_avg:293.95ms
step:1950/5100 lr:0.001 train_loss:3.5976 train_time:570362ms step_avg:294.00ms
step:1951/5100 lr:0.001 train_loss:3.5657 train_time:570759ms step_avg:294.05ms
step:1952/5100 lr:0.001 train_loss:3.4764 train_time:571155ms step_avg:294.11ms
step:1953/5100 lr:0.001 train_loss:3.5068 train_time:571551ms step_avg:294.16ms
step:1954/5100 lr:0.001 train_loss:3.4468 train_time:571947ms step_avg:294.21ms
step:1955/5100 lr:0.001 train_loss:3.4959 train_time:572343ms step_avg:294.26ms
step:1956/5100 lr:0.001 train_loss:3.4708 train_time:572739ms step_avg:294.32ms
step:1957/5100 lr:0.001 train_loss:3.6982 train_time:573140ms step_avg:294.37ms
step:1958/5100 lr:0.001 train_loss:3.6904 train_time:573532ms step_avg:294.42ms
step:1959/5100 lr:0.001 train_loss:3.5367 train_time:573927ms step_avg:294.47ms
step:1960/5100 lr:0.001 train_loss:3.4213 train_time:574323ms step_avg:294.52ms
step:1961/5100 lr:0.001 train_loss:3.3611 train_time:574730ms step_avg:294.58ms
step:1962/5100 lr:0.001 train_loss:3.7910 train_time:575120ms step_avg:294.63ms
step:1963/5100 lr:0.001 train_loss:3.5608 train_time:575515ms step_avg:294.68ms
step:1964/5100 lr:0.001 train_loss:3.6856 train_time:575911ms step_avg:294.73ms
step:1965/5100 lr:0.001 train_loss:3.4608 train_time:576307ms step_avg:294.79ms
step:1966/5100 lr:0.001 train_loss:3.6381 train_time:576703ms step_avg:294.84ms
step:1967/5100 lr:0.001 train_loss:3.6260 train_time:577099ms step_avg:294.89ms
step:1968/5100 lr:0.001 train_loss:3.5596 train_time:577495ms step_avg:294.94ms
step:1969/5100 lr:0.001 train_loss:3.4861 train_time:577891ms step_avg:294.99ms
step:1970/5100 lr:0.001 train_loss:3.7580 train_time:578286ms step_avg:295.04ms
step:1971/5100 lr:0.001 train_loss:3.4807 train_time:578683ms step_avg:295.10ms
step:1972/5100 lr:0.001 train_loss:3.5174 train_time:579079ms step_avg:295.15ms
step:1973/5100 lr:0.001 train_loss:3.5867 train_time:579475ms step_avg:295.20ms
step:1974/5100 lr:0.001 train_loss:3.3910 train_time:579871ms step_avg:295.25ms
step:1975/5100 lr:0.001 train_loss:3.1878 train_time:580267ms step_avg:295.30ms
step:1976/5100 lr:0.001 train_loss:3.2563 train_time:580663ms step_avg:295.35ms
step:1977/5100 lr:0.001 train_loss:3.5491 train_time:581059ms step_avg:295.40ms
step:1978/5100 lr:0.001 train_loss:3.4871 train_time:581456ms step_avg:295.46ms
step:1979/5100 lr:0.001 train_loss:3.3680 train_time:581852ms step_avg:295.51ms
step:1980/5100 lr:0.001 train_loss:3.6243 train_time:582248ms step_avg:295.56ms
step:1981/5100 lr:0.001 train_loss:3.4785 train_time:582644ms step_avg:295.61ms
step:1982/5100 lr:0.001 train_loss:4.0813 train_time:583041ms step_avg:295.66ms
step:1983/5100 lr:0.001 train_loss:3.5198 train_time:583437ms step_avg:295.71ms
step:1984/5100 lr:0.001 train_loss:3.5378 train_time:583833ms step_avg:295.76ms
step:1985/5100 lr:0.001 train_loss:3.5542 train_time:584229ms step_avg:295.81ms
step:1986/5100 lr:0.001 train_loss:3.5993 train_time:584624ms step_avg:295.86ms
step:1987/5100 lr:0.001 train_loss:3.5543 train_time:585021ms step_avg:295.91ms
step:1988/5100 lr:0.001 train_loss:3.4357 train_time:585418ms step_avg:295.96ms
step:1989/5100 lr:0.001 train_loss:3.6300 train_time:585814ms step_avg:296.02ms
step:1990/5100 lr:0.001 train_loss:3.6810 train_time:586210ms step_avg:296.07ms
step:1991/5100 lr:0.001 train_loss:3.4452 train_time:586605ms step_avg:296.12ms
step:1992/5100 lr:0.001 train_loss:3.5140 train_time:587002ms step_avg:296.17ms
step:1993/5100 lr:0.001 train_loss:3.5957 train_time:587398ms step_avg:296.22ms
step:1994/5100 lr:0.001 train_loss:3.6603 train_time:587795ms step_avg:296.27ms
step:1995/5100 lr:0.001 train_loss:3.4389 train_time:588191ms step_avg:296.32ms
step:1996/5100 lr:0.001 train_loss:3.4335 train_time:588587ms step_avg:296.37ms
step:1997/5100 lr:0.001 train_loss:3.7799 train_time:588983ms step_avg:296.42ms
step:1998/5100 lr:0.001 train_loss:3.4558 train_time:589380ms step_avg:296.47ms
step:1999/5100 lr:0.001 train_loss:3.5015 train_time:589776ms step_avg:296.52ms
step:2000/5100 lr:0.001 train_loss:3.5666 train_time:590172ms step_avg:296.57ms
step:2000/5100 val_loss:3.5512 train_time:590188ms step_avg:296.58ms
step:2001/5100 lr:0.001 train_loss:3.5048 train_time:594283ms step_avg:298.48ms
step:2002/5100 lr:0.001 train_loss:3.4679 train_time:594679ms step_avg:298.53ms
step:2003/5100 lr:0.001 train_loss:3.4691 train_time:595076ms step_avg:298.58ms
step:2004/5100 lr:0.001 train_loss:3.5323 train_time:595472ms step_avg:298.63ms
step:2005/5100 lr:0.001 train_loss:3.6532 train_time:595868ms step_avg:298.68ms
step:2006/5100 lr:0.001 train_loss:3.5733 train_time:596265ms step_avg:298.73ms
step:2007/5100 lr:0.001 train_loss:3.9215 train_time:596662ms step_avg:298.78ms
step:2008/5100 lr:0.001 train_loss:3.6221 train_time:597058ms step_avg:298.83ms
step:2009/5100 lr:0.001 train_loss:3.4672 train_time:597454ms step_avg:298.88ms
step:2010/5100 lr:0.001 train_loss:3.5255 train_time:597850ms step_avg:298.93ms
step:2011/5100 lr:0.001 train_loss:3.3613 train_time:598246ms step_avg:298.97ms
step:2012/5100 lr:0.001 train_loss:3.6320 train_time:598642ms step_avg:299.02ms
step:2013/5100 lr:0.001 train_loss:3.5572 train_time:599038ms step_avg:299.07ms
step:2014/5100 lr:0.001 train_loss:3.5328 train_time:599434ms step_avg:299.12ms
step:2015/5100 lr:0.001 train_loss:3.5911 train_time:599829ms step_avg:299.17ms
step:2016/5100 lr:0.001 train_loss:3.6271 train_time:600226ms step_avg:299.22ms
step:2017/5100 lr:0.001 train_loss:3.4674 train_time:600622ms step_avg:299.26ms
step:2018/5100 lr:0.001 train_loss:3.5600 train_time:601019ms step_avg:299.31ms
step:2019/5100 lr:0.001 train_loss:3.4983 train_time:601414ms step_avg:299.36ms
step:2020/5100 lr:0.001 train_loss:3.4887 train_time:601810ms step_avg:299.41ms
step:2021/5100 lr:0.001 train_loss:3.7825 train_time:602207ms step_avg:299.46ms
step:2022/5100 lr:0.001 train_loss:3.4665 train_time:602603ms step_avg:299.50ms
step:2023/5100 lr:0.001 train_loss:3.7518 train_time:602999ms step_avg:299.55ms
step:2024/5100 lr:0.001 train_loss:3.5149 train_time:603395ms step_avg:299.60ms
step:2025/5100 lr:0.001 train_loss:3.2361 train_time:603790ms step_avg:299.65ms
step:2026/5100 lr:0.001 train_loss:3.5006 train_time:604186ms step_avg:299.70ms
step:2027/5100 lr:0.001 train_loss:3.4865 train_time:604583ms step_avg:299.74ms
step:2028/5100 lr:0.001 train_loss:3.5682 train_time:604979ms step_avg:299.79ms
step:2029/5100 lr:0.001 train_loss:3.6878 train_time:605375ms step_avg:299.84ms
step:2030/5100 lr:0.001 train_loss:3.5061 train_time:605771ms step_avg:299.89ms
step:2031/5100 lr:0.001 train_loss:3.0096 train_time:606167ms step_avg:299.93ms
step:2032/5100 lr:0.001 train_loss:3.4549 train_time:606563ms step_avg:299.98ms
step:2033/5100 lr:0.001 train_loss:3.6207 train_time:606959ms step_avg:300.03ms
step:2034/5100 lr:0.001 train_loss:3.4923 train_time:607355ms step_avg:300.08ms
step:2035/5100 lr:0.001 train_loss:3.5970 train_time:607752ms step_avg:300.12ms
step:2036/5100 lr:0.001 train_loss:3.3777 train_time:608147ms step_avg:300.17ms
step:2037/5100 lr:0.001 train_loss:3.6012 train_time:608543ms step_avg:300.22ms
step:2038/5100 lr:0.001 train_loss:3.4179 train_time:608939ms step_avg:300.27ms
step:2039/5100 lr:0.001 train_loss:3.5967 train_time:609335ms step_avg:300.31ms
step:2040/5100 lr:0.001 train_loss:3.6147 train_time:609731ms step_avg:300.36ms
step:2041/5100 lr:0.001 train_loss:3.6453 train_time:610127ms step_avg:300.41ms
step:2042/5100 lr:0.001 train_loss:3.4198 train_time:610523ms step_avg:300.45ms
step:2043/5100 lr:0.001 train_loss:3.7685 train_time:610919ms step_avg:300.50ms
step:2044/5100 lr:0.001 train_loss:3.5842 train_time:611315ms step_avg:300.55ms
step:2045/5100 lr:0.001 train_loss:3.6506 train_time:611711ms step_avg:300.59ms
step:2046/5100 lr:0.001 train_loss:3.4435 train_time:612107ms step_avg:300.64ms
step:2047/5100 lr:0.001 train_loss:3.5193 train_time:612503ms step_avg:300.69ms
step:2048/5100 lr:0.001 train_loss:3.5984 train_time:612899ms step_avg:300.74ms
step:2049/5100 lr:0.001 train_loss:3.5843 train_time:613295ms step_avg:300.78ms
step:2050/5100 lr:0.001 train_loss:3.3211 train_time:613691ms step_avg:300.83ms
step:2051/5100 lr:0.001 train_loss:3.3958 train_time:614087ms step_avg:300.88ms
step:2052/5100 lr:0.001 train_loss:3.5499 train_time:614483ms step_avg:300.92ms
step:2053/5100 lr:0.001 train_loss:3.4716 train_time:614880ms step_avg:300.97ms
step:2054/5100 lr:0.001 train_loss:3.3704 train_time:615276ms step_avg:301.02ms
step:2055/5100 lr:0.001 train_loss:3.6617 train_time:615672ms step_avg:301.06ms
step:2056/5100 lr:0.001 train_loss:3.5818 train_time:616067ms step_avg:301.11ms
step:2057/5100 lr:0.001 train_loss:3.5101 train_time:616463ms step_avg:301.15ms
step:2058/5100 lr:0.001 train_loss:3.5165 train_time:616859ms step_avg:301.20ms
step:2059/5100 lr:0.001 train_loss:3.5686 train_time:617255ms step_avg:301.25ms
step:2060/5100 lr:0.001 train_loss:3.4899 train_time:617652ms step_avg:301.29ms
step:2061/5100 lr:0.001 train_loss:3.8309 train_time:618048ms step_avg:301.34ms
step:2062/5100 lr:0.001 train_loss:3.7388 train_time:618444ms step_avg:301.39ms
step:2063/5100 lr:0.001 train_loss:3.5083 train_time:618850ms step_avg:301.44ms
step:2064/5100 lr:0.001 train_loss:3.6540 train_time:619239ms step_avg:301.48ms
step:2065/5100 lr:0.001 train_loss:3.6085 train_time:619635ms step_avg:301.53ms
step:2066/5100 lr:0.001 train_loss:3.6217 train_time:620030ms step_avg:301.57ms
step:2067/5100 lr:0.001 train_loss:3.5503 train_time:620426ms step_avg:301.62ms
step:2068/5100 lr:0.001 train_loss:3.8487 train_time:620822ms step_avg:301.66ms
step:2069/5100 lr:0.001 train_loss:3.6087 train_time:621219ms step_avg:301.71ms
step:2070/5100 lr:0.001 train_loss:3.6563 train_time:621615ms step_avg:301.75ms
step:2071/5100 lr:0.001 train_loss:3.5009 train_time:622011ms step_avg:301.80ms
step:2072/5100 lr:0.001 train_loss:3.4387 train_time:622407ms step_avg:301.85ms
step:2073/5100 lr:0.001 train_loss:3.4916 train_time:622802ms step_avg:301.89ms
step:2074/5100 lr:0.001 train_loss:3.7394 train_time:623199ms step_avg:301.94ms
step:2075/5100 lr:0.001 train_loss:3.6926 train_time:623595ms step_avg:301.98ms
step:2076/5100 lr:0.001 train_loss:3.5894 train_time:623991ms step_avg:302.03ms
step:2077/5100 lr:0.001 train_loss:3.5438 train_time:624387ms step_avg:302.07ms
step:2078/5100 lr:0.001 train_loss:3.5777 train_time:624783ms step_avg:302.12ms
step:2079/5100 lr:0.001 train_loss:3.5558 train_time:625179ms step_avg:302.17ms
step:2080/5100 lr:0.001 train_loss:3.2849 train_time:625576ms step_avg:302.21ms
step:2081/5100 lr:0.001 train_loss:3.6998 train_time:625972ms step_avg:302.26ms
step:2082/5100 lr:0.001 train_loss:3.3819 train_time:626368ms step_avg:302.30ms
step:2083/5100 lr:0.001 train_loss:3.3726 train_time:626764ms step_avg:302.35ms
step:2084/5100 lr:0.001 train_loss:3.4506 train_time:627160ms step_avg:302.39ms
step:2085/5100 lr:0.001 train_loss:3.5317 train_time:627556ms step_avg:302.44ms
step:2086/5100 lr:0.001 train_loss:3.3890 train_time:627952ms step_avg:302.48ms
step:2087/5100 lr:0.001 train_loss:3.6415 train_time:628347ms step_avg:302.53ms
step:2088/5100 lr:0.001 train_loss:3.4495 train_time:628743ms step_avg:302.57ms
step:2089/5100 lr:0.001 train_loss:3.3804 train_time:629140ms step_avg:302.62ms
step:2090/5100 lr:0.001 train_loss:3.5576 train_time:629734ms step_avg:302.76ms
step:2091/5100 lr:0.001 train_loss:3.6303 train_time:630130ms step_avg:302.80ms
step:2092/5100 lr:0.001 train_loss:3.5493 train_time:630525ms step_avg:302.85ms
step:2093/5100 lr:0.001 train_loss:3.8058 train_time:630921ms step_avg:302.89ms
step:2094/5100 lr:0.001 train_loss:3.6330 train_time:631318ms step_avg:302.94ms
step:2095/5100 lr:0.001 train_loss:3.6619 train_time:631714ms step_avg:302.98ms
step:2096/5100 lr:0.001 train_loss:3.5689 train_time:632317ms step_avg:303.12ms
step:2097/5100 lr:0.001 train_loss:3.4911 train_time:632714ms step_avg:303.17ms
step:2098/5100 lr:0.001 train_loss:3.6505 train_time:633109ms step_avg:303.21ms
step:2099/5100 lr:0.001 train_loss:3.5008 train_time:633505ms step_avg:303.26ms
step:2100/5100 lr:0.001 train_loss:3.4625 train_time:633901ms step_avg:303.30ms
step:2101/5100 lr:0.001 train_loss:3.0996 train_time:634298ms step_avg:303.35ms
step:2102/5100 lr:0.001 train_loss:3.6119 train_time:634694ms step_avg:303.39ms
step:2103/5100 lr:0.001 train_loss:3.5581 train_time:635090ms step_avg:303.44ms
step:2104/5100 lr:0.001 train_loss:3.6286 train_time:635486ms step_avg:303.48ms
step:2105/5100 lr:0.001 train_loss:3.5406 train_time:635882ms step_avg:303.52ms
step:2106/5100 lr:0.001 train_loss:3.3008 train_time:636279ms step_avg:303.57ms
step:2107/5100 lr:0.001 train_loss:3.5208 train_time:636675ms step_avg:303.61ms
step:2108/5100 lr:0.001 train_loss:3.7905 train_time:637071ms step_avg:303.66ms
step:2109/5100 lr:0.001 train_loss:3.3394 train_time:637467ms step_avg:303.70ms
step:2110/5100 lr:0.001 train_loss:3.4621 train_time:637862ms step_avg:303.74ms
step:2111/5100 lr:0.001 train_loss:3.4748 train_time:638258ms step_avg:303.79ms
step:2112/5100 lr:0.001 train_loss:3.4651 train_time:638654ms step_avg:303.83ms
step:2113/5100 lr:0.001 train_loss:3.5838 train_time:639049ms step_avg:303.88ms
step:2114/5100 lr:0.001 train_loss:3.8501 train_time:639446ms step_avg:303.92ms
step:2115/5100 lr:0.001 train_loss:3.4620 train_time:639842ms step_avg:303.96ms
step:2116/5100 lr:0.001 train_loss:3.4742 train_time:640238ms step_avg:304.01ms
step:2117/5100 lr:0.001 train_loss:3.3856 train_time:640634ms step_avg:304.05ms
step:2118/5100 lr:0.001 train_loss:3.4669 train_time:641029ms step_avg:304.09ms
step:2119/5100 lr:0.001 train_loss:3.6103 train_time:641426ms step_avg:304.14ms
step:2120/5100 lr:0.001 train_loss:3.5748 train_time:641821ms step_avg:304.18ms
step:2121/5100 lr:0.001 train_loss:3.6346 train_time:642217ms step_avg:304.22ms
step:2122/5100 lr:0.001 train_loss:3.6390 train_time:642613ms step_avg:304.27ms
step:2123/5100 lr:0.001 train_loss:3.5859 train_time:643009ms step_avg:304.31ms
step:2124/5100 lr:0.001 train_loss:3.6022 train_time:643405ms step_avg:304.35ms
step:2125/5100 lr:0.001 train_loss:3.5017 train_time:643801ms step_avg:304.40ms
step:2125/5100 val_loss:3.5332 train_time:643816ms step_avg:304.40ms
step:2126/5100 lr:0.001 train_loss:3.3941 train_time:647901ms step_avg:306.19ms
step:2127/5100 lr:0.001 train_loss:3.6578 train_time:648298ms step_avg:306.23ms
step:2128/5100 lr:0.001 train_loss:3.5538 train_time:648694ms step_avg:306.28ms
step:2129/5100 lr:0.001 train_loss:3.5531 train_time:649090ms step_avg:306.32ms
step:2130/5100 lr:0.001 train_loss:3.5244 train_time:649485ms step_avg:306.36ms
step:2131/5100 lr:0.001 train_loss:3.6209 train_time:649881ms step_avg:306.40ms
step:2132/5100 lr:0.001 train_loss:3.5146 train_time:650277ms step_avg:306.45ms
step:2133/5100 lr:0.001 train_loss:3.3655 train_time:650674ms step_avg:306.49ms
step:2134/5100 lr:0.001 train_loss:3.4430 train_time:651070ms step_avg:306.53ms
step:2135/5100 lr:0.001 train_loss:3.5454 train_time:651466ms step_avg:306.57ms
step:2136/5100 lr:0.001 train_loss:3.3740 train_time:651861ms step_avg:306.61ms
step:2137/5100 lr:0.001 train_loss:3.4466 train_time:652257ms step_avg:306.66ms
step:2138/5100 lr:0.001 train_loss:3.5134 train_time:652659ms step_avg:306.70ms
step:2139/5100 lr:0.001 train_loss:3.5644 train_time:653049ms step_avg:306.74ms
step:2140/5100 lr:0.001 train_loss:3.5976 train_time:653445ms step_avg:306.78ms
step:2141/5100 lr:0.001 train_loss:3.6610 train_time:653841ms step_avg:306.82ms
step:2142/5100 lr:0.001 train_loss:3.5583 train_time:654237ms step_avg:306.87ms
step:2143/5100 lr:0.001 train_loss:3.7003 train_time:654634ms step_avg:306.91ms
step:2144/5100 lr:0.001 train_loss:3.7044 train_time:655030ms step_avg:306.95ms
step:2145/5100 lr:0.001 train_loss:3.4312 train_time:655425ms step_avg:306.99ms
step:2146/5100 lr:0.001 train_loss:4.0291 train_time:655845ms step_avg:307.04ms
step:2147/5100 lr:0.001 train_loss:3.4921 train_time:656241ms step_avg:307.09ms
step:2148/5100 lr:0.001 train_loss:3.5910 train_time:656637ms step_avg:307.13ms
step:2149/5100 lr:0.001 train_loss:3.4872 train_time:657033ms step_avg:307.17ms
step:2150/5100 lr:0.001 train_loss:3.6632 train_time:657429ms step_avg:307.21ms
step:2151/5100 lr:0.001 train_loss:3.2791 train_time:657825ms step_avg:307.25ms
step:2152/5100 lr:0.001 train_loss:3.4363 train_time:658221ms step_avg:307.29ms
step:2153/5100 lr:0.001 train_loss:3.9157 train_time:658617ms step_avg:307.33ms
step:2154/5100 lr:0.001 train_loss:3.6256 train_time:659013ms step_avg:307.38ms
step:2155/5100 lr:0.001 train_loss:3.5082 train_time:659409ms step_avg:307.42ms
step:2156/5100 lr:0.001 train_loss:3.4282 train_time:659804ms step_avg:307.46ms
step:2157/5100 lr:0.001 train_loss:3.7004 train_time:660201ms step_avg:307.50ms
step:2158/5100 lr:0.001 train_loss:3.7037 train_time:660597ms step_avg:307.54ms
step:2159/5100 lr:0.001 train_loss:3.7151 train_time:660993ms step_avg:307.58ms
step:2160/5100 lr:0.001 train_loss:3.4376 train_time:661389ms step_avg:307.62ms
step:2161/5100 lr:0.001 train_loss:3.6147 train_time:661785ms step_avg:307.66ms
step:2162/5100 lr:0.001 train_loss:3.4911 train_time:662182ms step_avg:307.71ms
step:2163/5100 lr:0.001 train_loss:3.4454 train_time:662577ms step_avg:307.75ms
step:2164/5100 lr:0.001 train_loss:3.2715 train_time:662974ms step_avg:307.79ms
step:2165/5100 lr:0.001 train_loss:3.5576 train_time:663370ms step_avg:307.83ms
step:2166/5100 lr:0.001 train_loss:3.5709 train_time:663765ms step_avg:307.87ms
step:2167/5100 lr:0.001 train_loss:3.5762 train_time:664162ms step_avg:307.91ms
step:2168/5100 lr:0.001 train_loss:3.6212 train_time:664557ms step_avg:307.95ms
step:2169/5100 lr:0.001 train_loss:3.5485 train_time:664954ms step_avg:307.99ms
step:2170/5100 lr:0.001 train_loss:3.4402 train_time:665350ms step_avg:308.03ms
step:2171/5100 lr:0.001 train_loss:3.3838 train_time:665745ms step_avg:308.07ms
step:2172/5100 lr:0.001 train_loss:3.6040 train_time:666141ms step_avg:308.11ms
step:2173/5100 lr:0.001 train_loss:3.5264 train_time:666537ms step_avg:308.15ms
step:2174/5100 lr:0.001 train_loss:3.2109 train_time:666933ms step_avg:308.19ms
step:2175/5100 lr:0.001 train_loss:3.8168 train_time:667329ms step_avg:308.23ms
step:2176/5100 lr:0.001 train_loss:3.4786 train_time:667724ms step_avg:308.28ms
step:2177/5100 lr:0.001 train_loss:3.4914 train_time:668121ms step_avg:308.32ms
step:2178/5100 lr:0.001 train_loss:3.5620 train_time:668516ms step_avg:308.36ms
step:2179/5100 lr:0.001 train_loss:3.5415 train_time:668912ms step_avg:308.40ms
step:2180/5100 lr:0.001 train_loss:3.6129 train_time:669309ms step_avg:308.44ms
step:2181/5100 lr:0.001 train_loss:3.5722 train_time:669705ms step_avg:308.48ms
step:2182/5100 lr:0.001 train_loss:3.4603 train_time:670102ms step_avg:308.52ms
step:2183/5100 lr:0.001 train_loss:3.7486 train_time:670498ms step_avg:308.56ms
step:2184/5100 lr:0.001 train_loss:3.4747 train_time:670894ms step_avg:308.60ms
step:2185/5100 lr:0.001 train_loss:3.4366 train_time:671290ms step_avg:308.64ms
step:2186/5100 lr:0.001 train_loss:4.3117 train_time:671686ms step_avg:308.68ms
step:2187/5100 lr:0.001 train_loss:3.7647 train_time:672082ms step_avg:308.72ms
step:2188/5100 lr:0.001 train_loss:3.5438 train_time:672479ms step_avg:308.76ms
step:2189/5100 lr:0.001 train_loss:3.3977 train_time:672875ms step_avg:308.80ms
step:2190/5100 lr:0.001 train_loss:3.5070 train_time:673271ms step_avg:308.84ms
step:2191/5100 lr:0.001 train_loss:3.5779 train_time:673666ms step_avg:308.88ms
step:2192/5100 lr:0.001 train_loss:3.4549 train_time:674062ms step_avg:308.92ms
step:2193/5100 lr:0.001 train_loss:3.4392 train_time:674458ms step_avg:308.96ms
step:2194/5100 lr:0.001 train_loss:3.5602 train_time:674855ms step_avg:309.00ms
step:2195/5100 lr:0.001 train_loss:3.3383 train_time:675251ms step_avg:309.04ms
step:2196/5100 lr:0.001 train_loss:3.7423 train_time:675647ms step_avg:309.08ms
step:2197/5100 lr:0.001 train_loss:3.5919 train_time:676042ms step_avg:309.12ms
step:2198/5100 lr:0.001 train_loss:3.6866 train_time:676449ms step_avg:309.16ms
step:2199/5100 lr:0.001 train_loss:3.6764 train_time:676837ms step_avg:309.20ms
step:2200/5100 lr:0.001 train_loss:3.7354 train_time:677233ms step_avg:309.24ms
step:2201/5100 lr:0.001 train_loss:3.6293 train_time:677629ms step_avg:309.28ms
step:2202/5100 lr:0.001 train_loss:3.5055 train_time:678025ms step_avg:309.32ms
step:2203/5100 lr:0.001 train_loss:3.6348 train_time:678421ms step_avg:309.36ms
step:2204/5100 lr:0.001 train_loss:3.5963 train_time:678817ms step_avg:309.40ms
step:2205/5100 lr:0.001 train_loss:3.6032 train_time:679213ms step_avg:309.44ms
step:2206/5100 lr:0.001 train_loss:3.6091 train_time:679609ms step_avg:309.48ms
step:2207/5100 lr:0.001 train_loss:3.3560 train_time:680005ms step_avg:309.52ms
step:2208/5100 lr:0.001 train_loss:3.8489 train_time:680401ms step_avg:309.55ms
step:2209/5100 lr:0.001 train_loss:3.4435 train_time:680797ms step_avg:309.59ms
step:2210/5100 lr:0.001 train_loss:3.4627 train_time:681194ms step_avg:309.63ms
step:2211/5100 lr:0.001 train_loss:3.7491 train_time:681591ms step_avg:309.67ms
step:2212/5100 lr:0.001 train_loss:3.4091 train_time:681987ms step_avg:309.71ms
step:2213/5100 lr:0.001 train_loss:3.5978 train_time:682382ms step_avg:309.75ms
step:2214/5100 lr:0.001 train_loss:3.5312 train_time:682779ms step_avg:309.79ms
step:2215/5100 lr:0.001 train_loss:3.5778 train_time:683175ms step_avg:309.83ms
step:2216/5100 lr:0.001 train_loss:3.4545 train_time:683572ms step_avg:309.87ms
step:2217/5100 lr:0.001 train_loss:3.4416 train_time:683967ms step_avg:309.91ms
step:2218/5100 lr:0.001 train_loss:3.8326 train_time:684364ms step_avg:309.95ms
step:2219/5100 lr:0.001 train_loss:3.6515 train_time:684760ms step_avg:309.99ms
step:2220/5100 lr:0.001 train_loss:3.5279 train_time:685156ms step_avg:310.03ms
step:2221/5100 lr:0.001 train_loss:3.7879 train_time:685552ms step_avg:310.06ms
step:2222/5100 lr:0.001 train_loss:3.8106 train_time:685948ms step_avg:310.10ms
step:2223/5100 lr:0.001 train_loss:3.5768 train_time:686344ms step_avg:310.14ms
step:2224/5100 lr:0.001 train_loss:3.5483 train_time:686740ms step_avg:310.18ms
step:2225/5100 lr:0.001 train_loss:3.5243 train_time:687136ms step_avg:310.22ms
step:2226/5100 lr:0.001 train_loss:3.5555 train_time:687532ms step_avg:310.26ms
step:2227/5100 lr:0.001 train_loss:3.6169 train_time:687928ms step_avg:310.30ms
step:2228/5100 lr:0.001 train_loss:3.5486 train_time:688324ms step_avg:310.34ms
step:2229/5100 lr:0.001 train_loss:3.6781 train_time:688720ms step_avg:310.37ms
step:2230/5100 lr:0.001 train_loss:3.5003 train_time:689116ms step_avg:310.41ms
step:2231/5100 lr:0.001 train_loss:3.5131 train_time:689512ms step_avg:310.45ms
step:2232/5100 lr:0.001 train_loss:3.4829 train_time:689909ms step_avg:310.49ms
step:2233/5100 lr:0.001 train_loss:3.8341 train_time:690305ms step_avg:310.53ms
step:2234/5100 lr:0.001 train_loss:3.3648 train_time:690702ms step_avg:310.57ms
step:2235/5100 lr:0.001 train_loss:3.6166 train_time:691098ms step_avg:310.61ms
step:2236/5100 lr:0.001 train_loss:3.3445 train_time:691494ms step_avg:310.64ms
step:2237/5100 lr:0.001 train_loss:3.3299 train_time:691890ms step_avg:310.68ms
step:2238/5100 lr:0.001 train_loss:3.4413 train_time:692286ms step_avg:310.72ms
step:2239/5100 lr:0.001 train_loss:3.6265 train_time:692681ms step_avg:310.76ms
step:2240/5100 lr:0.001 train_loss:3.4658 train_time:693077ms step_avg:310.80ms
step:2241/5100 lr:0.001 train_loss:3.5928 train_time:693475ms step_avg:310.84ms
step:2242/5100 lr:0.001 train_loss:3.5761 train_time:693870ms step_avg:310.87ms
step:2243/5100 lr:0.001 train_loss:3.5594 train_time:694265ms step_avg:310.91ms
step:2244/5100 lr:0.001 train_loss:3.6929 train_time:694662ms step_avg:310.95ms
step:2245/5100 lr:0.001 train_loss:3.5227 train_time:695058ms step_avg:310.99ms
step:2246/5100 lr:0.001 train_loss:3.3885 train_time:695454ms step_avg:311.03ms
step:2247/5100 lr:0.001 train_loss:3.4514 train_time:695860ms step_avg:311.07ms
step:2248/5100 lr:0.001 train_loss:3.5355 train_time:696261ms step_avg:311.11ms
step:2249/5100 lr:0.001 train_loss:3.5096 train_time:696651ms step_avg:311.14ms
step:2250/5100 lr:0.001 train_loss:3.4088 train_time:697047ms step_avg:311.18ms
step:2250/5100 val_loss:3.5136 train_time:697062ms step_avg:311.19ms
step:2251/5100 lr:0.001 train_loss:3.3398 train_time:701175ms step_avg:312.88ms
step:2252/5100 lr:0.001 train_loss:3.4174 train_time:701571ms step_avg:312.92ms
step:2253/5100 lr:0.001 train_loss:3.5925 train_time:701967ms step_avg:312.96ms
step:2254/5100 lr:0.001 train_loss:3.4719 train_time:702363ms step_avg:313.00ms
step:2255/5100 lr:0.001 train_loss:3.4741 train_time:702764ms step_avg:313.03ms
step:2256/5100 lr:0.001 train_loss:3.4811 train_time:703156ms step_avg:313.07ms
step:2257/5100 lr:0.001 train_loss:3.4900 train_time:703551ms step_avg:313.11ms
step:2258/5100 lr:0.001 train_loss:3.7224 train_time:703947ms step_avg:313.14ms
step:2259/5100 lr:0.001 train_loss:3.3052 train_time:704342ms step_avg:313.18ms
step:2260/5100 lr:0.001 train_loss:3.2682 train_time:704738ms step_avg:313.22ms
step:2261/5100 lr:0.001 train_loss:3.9553 train_time:705134ms step_avg:313.25ms
step:2262/5100 lr:0.001 train_loss:3.3802 train_time:705530ms step_avg:313.29ms
step:2263/5100 lr:0.001 train_loss:5.2820 train_time:705926ms step_avg:313.33ms
step:2264/5100 lr:0.001 train_loss:3.4868 train_time:706321ms step_avg:313.36ms
step:2265/5100 lr:0.001 train_loss:3.7493 train_time:706718ms step_avg:313.40ms
step:2266/5100 lr:0.001 train_loss:3.4845 train_time:707113ms step_avg:313.44ms
step:2267/5100 lr:0.001 train_loss:3.5304 train_time:707509ms step_avg:313.47ms
step:2268/5100 lr:0.001 train_loss:3.4676 train_time:707905ms step_avg:313.51ms
step:2269/5100 lr:0.001 train_loss:3.5166 train_time:708301ms step_avg:313.55ms
step:2270/5100 lr:0.001 train_loss:3.6366 train_time:708698ms step_avg:313.58ms
step:2271/5100 lr:0.001 train_loss:3.3743 train_time:709096ms step_avg:313.62ms
step:2272/5100 lr:0.001 train_loss:3.4234 train_time:709494ms step_avg:313.66ms
step:2273/5100 lr:0.001 train_loss:3.6417 train_time:709886ms step_avg:313.69ms
step:2274/5100 lr:0.001 train_loss:3.4437 train_time:710281ms step_avg:313.73ms
step:2275/5100 lr:0.001 train_loss:3.6384 train_time:710678ms step_avg:313.77ms
step:2276/5100 lr:0.001 train_loss:3.3857 train_time:711074ms step_avg:313.80ms
step:2277/5100 lr:0.001 train_loss:3.6849 train_time:711470ms step_avg:313.84ms
step:2278/5100 lr:0.001 train_loss:3.6216 train_time:711866ms step_avg:313.87ms
step:2279/5100 lr:0.001 train_loss:3.4082 train_time:712261ms step_avg:313.91ms
step:2280/5100 lr:0.001 train_loss:3.5203 train_time:712858ms step_avg:314.03ms
step:2281/5100 lr:0.001 train_loss:3.8600 train_time:713253ms step_avg:314.07ms
step:2282/5100 lr:0.001 train_loss:3.4588 train_time:713649ms step_avg:314.11ms
step:2283/5100 lr:0.001 train_loss:3.3348 train_time:714045ms step_avg:314.14ms
step:2284/5100 lr:0.001 train_loss:3.5422 train_time:714440ms step_avg:314.18ms
step:2285/5100 lr:0.001 train_loss:3.4363 train_time:714837ms step_avg:314.21ms
step:2286/5100 lr:0.001 train_loss:3.3012 train_time:715440ms step_avg:314.34ms
step:2287/5100 lr:0.001 train_loss:3.3617 train_time:715837ms step_avg:314.38ms
step:2288/5100 lr:0.001 train_loss:3.4862 train_time:716232ms step_avg:314.41ms
step:2289/5100 lr:0.001 train_loss:3.4078 train_time:716628ms step_avg:314.45ms
step:2290/5100 lr:0.001 train_loss:3.5411 train_time:717024ms step_avg:314.48ms
step:2291/5100 lr:0.001 train_loss:3.5248 train_time:717419ms step_avg:314.52ms
step:2292/5100 lr:0.001 train_loss:3.3509 train_time:717815ms step_avg:314.56ms
step:2293/5100 lr:0.001 train_loss:3.5325 train_time:718211ms step_avg:314.59ms
step:2294/5100 lr:0.001 train_loss:3.5408 train_time:718607ms step_avg:314.63ms
step:2295/5100 lr:0.001 train_loss:3.7362 train_time:719003ms step_avg:314.66ms
step:2296/5100 lr:0.001 train_loss:3.3504 train_time:719399ms step_avg:314.70ms
step:2297/5100 lr:0.001 train_loss:4.1521 train_time:719795ms step_avg:314.73ms
step:2298/5100 lr:0.001 train_loss:3.4489 train_time:720191ms step_avg:314.77ms
step:2299/5100 lr:0.001 train_loss:3.3762 train_time:720587ms step_avg:314.80ms
step:2300/5100 lr:0.001 train_loss:3.5533 train_time:720982ms step_avg:314.84ms
step:2301/5100 lr:0.001 train_loss:3.4759 train_time:721378ms step_avg:314.87ms
step:2302/5100 lr:0.001 train_loss:3.5269 train_time:721775ms step_avg:314.91ms
step:2303/5100 lr:0.001 train_loss:3.9400 train_time:722170ms step_avg:314.95ms
step:2304/5100 lr:0.001 train_loss:3.5334 train_time:722566ms step_avg:314.98ms
step:2305/5100 lr:0.001 train_loss:3.3492 train_time:722961ms step_avg:315.02ms
step:2306/5100 lr:0.001 train_loss:3.7313 train_time:723358ms step_avg:315.05ms
step:2307/5100 lr:0.001 train_loss:3.3507 train_time:723754ms step_avg:315.09ms
step:2308/5100 lr:0.001 train_loss:3.5140 train_time:724150ms step_avg:315.12ms
step:2309/5100 lr:0.001 train_loss:3.4709 train_time:724545ms step_avg:315.16ms
step:2310/5100 lr:0.001 train_loss:3.4228 train_time:724941ms step_avg:315.19ms
step:2311/5100 lr:0.001 train_loss:3.7383 train_time:725337ms step_avg:315.23ms
step:2312/5100 lr:0.001 train_loss:3.3365 train_time:725733ms step_avg:315.26ms
step:2313/5100 lr:0.001 train_loss:3.5550 train_time:726130ms step_avg:315.30ms
step:2314/5100 lr:0.001 train_loss:3.5261 train_time:726526ms step_avg:315.33ms
step:2315/5100 lr:0.001 train_loss:3.6375 train_time:726921ms step_avg:315.37ms
step:2316/5100 lr:0.001 train_loss:3.3445 train_time:727317ms step_avg:315.40ms
step:2317/5100 lr:0.001 train_loss:3.5347 train_time:727712ms step_avg:315.44ms
step:2318/5100 lr:0.001 train_loss:3.5861 train_time:728108ms step_avg:315.47ms
step:2319/5100 lr:0.001 train_loss:3.5395 train_time:728504ms step_avg:315.51ms
step:2320/5100 lr:0.001 train_loss:3.4272 train_time:728900ms step_avg:315.54ms
step:2321/5100 lr:0.001 train_loss:3.4967 train_time:729296ms step_avg:315.58ms
step:2322/5100 lr:0.001 train_loss:3.3359 train_time:729692ms step_avg:315.61ms
step:2323/5100 lr:0.001 train_loss:3.5295 train_time:730088ms step_avg:315.65ms
step:2324/5100 lr:0.001 train_loss:3.4783 train_time:730484ms step_avg:315.68ms
step:2325/5100 lr:0.001 train_loss:3.1462 train_time:730879ms step_avg:315.71ms
step:2326/5100 lr:0.001 train_loss:3.4461 train_time:731275ms step_avg:315.75ms
step:2327/5100 lr:0.001 train_loss:3.5949 train_time:731671ms step_avg:315.78ms
step:2328/5100 lr:0.001 train_loss:3.4907 train_time:732067ms step_avg:315.82ms
step:2329/5100 lr:0.001 train_loss:3.5274 train_time:732463ms step_avg:315.85ms
step:2330/5100 lr:0.001 train_loss:3.5348 train_time:732858ms step_avg:315.89ms
step:2331/5100 lr:0.001 train_loss:3.6099 train_time:733254ms step_avg:315.92ms
step:2332/5100 lr:0.001 train_loss:3.6285 train_time:733659ms step_avg:315.96ms
step:2333/5100 lr:0.001 train_loss:3.3472 train_time:734055ms step_avg:315.99ms
step:2334/5100 lr:0.001 train_loss:3.4452 train_time:734444ms step_avg:316.03ms
step:2335/5100 lr:0.001 train_loss:3.4283 train_time:734839ms step_avg:316.06ms
step:2336/5100 lr:0.001 train_loss:3.3937 train_time:735235ms step_avg:316.09ms
step:2337/5100 lr:0.001 train_loss:3.1696 train_time:735631ms step_avg:316.13ms
step:2338/5100 lr:0.001 train_loss:3.4868 train_time:736026ms step_avg:316.16ms
step:2339/5100 lr:0.001 train_loss:3.4805 train_time:736421ms step_avg:316.20ms
step:2340/5100 lr:0.001 train_loss:3.5667 train_time:736818ms step_avg:316.23ms
step:2341/5100 lr:0.001 train_loss:3.3692 train_time:737213ms step_avg:316.26ms
step:2342/5100 lr:0.001 train_loss:3.5182 train_time:737610ms step_avg:316.30ms
step:2343/5100 lr:0.001 train_loss:3.4738 train_time:738005ms step_avg:316.33ms
step:2344/5100 lr:0.001 train_loss:3.3903 train_time:738401ms step_avg:316.37ms
step:2345/5100 lr:0.001 train_loss:3.6151 train_time:738797ms step_avg:316.40ms
step:2346/5100 lr:0.001 train_loss:3.5054 train_time:739193ms step_avg:316.44ms
step:2347/5100 lr:0.001 train_loss:3.4712 train_time:739590ms step_avg:316.47ms
step:2348/5100 lr:0.001 train_loss:3.4694 train_time:739985ms step_avg:316.50ms
step:2349/5100 lr:0.001 train_loss:3.5648 train_time:740380ms step_avg:316.54ms
step:2350/5100 lr:0.001 train_loss:3.4725 train_time:740777ms step_avg:316.57ms
step:2351/5100 lr:0.001 train_loss:3.5381 train_time:741173ms step_avg:316.61ms
step:2352/5100 lr:0.001 train_loss:3.5519 train_time:741569ms step_avg:316.64ms
step:2353/5100 lr:0.001 train_loss:3.4907 train_time:741969ms step_avg:316.67ms
step:2354/5100 lr:0.001 train_loss:3.5431 train_time:742360ms step_avg:316.71ms
step:2355/5100 lr:0.001 train_loss:3.3399 train_time:742756ms step_avg:316.74ms
step:2356/5100 lr:0.001 train_loss:3.3212 train_time:743152ms step_avg:316.77ms
step:2357/5100 lr:0.001 train_loss:3.4580 train_time:743548ms step_avg:316.81ms
step:2358/5100 lr:0.001 train_loss:3.4778 train_time:743945ms step_avg:316.84ms
step:2359/5100 lr:0.001 train_loss:3.5659 train_time:744340ms step_avg:316.88ms
step:2360/5100 lr:0.001 train_loss:3.4517 train_time:744736ms step_avg:316.91ms
step:2361/5100 lr:0.001 train_loss:3.3182 train_time:745132ms step_avg:316.94ms
step:2362/5100 lr:0.001 train_loss:3.6277 train_time:745527ms step_avg:316.98ms
step:2363/5100 lr:0.001 train_loss:3.3109 train_time:745924ms step_avg:317.01ms
step:2364/5100 lr:0.001 train_loss:3.3965 train_time:746319ms step_avg:317.04ms
step:2365/5100 lr:0.001 train_loss:3.3408 train_time:746715ms step_avg:317.08ms
step:2366/5100 lr:0.001 train_loss:3.3349 train_time:747111ms step_avg:317.11ms
step:2367/5100 lr:0.001 train_loss:3.4625 train_time:747507ms step_avg:317.14ms
step:2368/5100 lr:0.001 train_loss:3.3386 train_time:747903ms step_avg:317.18ms
step:2369/5100 lr:0.001 train_loss:3.4791 train_time:748299ms step_avg:317.21ms
step:2370/5100 lr:0.001 train_loss:3.4348 train_time:748695ms step_avg:317.24ms
step:2371/5100 lr:0.001 train_loss:3.4938 train_time:749091ms step_avg:317.28ms
step:2372/5100 lr:0.001 train_loss:3.5818 train_time:749487ms step_avg:317.31ms
step:2373/5100 lr:0.001 train_loss:3.4762 train_time:749883ms step_avg:317.34ms
step:2374/5100 lr:0.001 train_loss:3.4940 train_time:750278ms step_avg:317.38ms
step:2375/5100 lr:0.001 train_loss:3.5978 train_time:750676ms step_avg:317.41ms
step:2375/5100 val_loss:3.4979 train_time:750690ms step_avg:317.42ms
step:2376/5100 lr:0.001 train_loss:3.4104 train_time:754764ms step_avg:319.00ms
step:2377/5100 lr:0.001 train_loss:3.6401 train_time:755161ms step_avg:319.04ms
step:2378/5100 lr:0.001 train_loss:3.4593 train_time:755557ms step_avg:319.07ms
step:2379/5100 lr:0.001 train_loss:4.1700 train_time:755953ms step_avg:319.10ms
step:2380/5100 lr:0.001 train_loss:3.4301 train_time:756350ms step_avg:319.14ms
step:2381/5100 lr:0.001 train_loss:3.3732 train_time:756747ms step_avg:319.17ms
step:2382/5100 lr:0.001 train_loss:3.7048 train_time:757152ms step_avg:319.20ms
step:2383/5100 lr:0.001 train_loss:3.5867 train_time:757548ms step_avg:319.24ms
step:2384/5100 lr:0.001 train_loss:3.6251 train_time:757937ms step_avg:319.27ms
step:2385/5100 lr:0.001 train_loss:3.5340 train_time:758333ms step_avg:319.30ms
step:2386/5100 lr:0.001 train_loss:3.3954 train_time:758730ms step_avg:319.33ms
step:2387/5100 lr:0.001 train_loss:3.5566 train_time:759126ms step_avg:319.36ms
step:2388/5100 lr:0.001 train_loss:3.5883 train_time:759523ms step_avg:319.40ms
step:2389/5100 lr:0.001 train_loss:3.4228 train_time:759919ms step_avg:319.43ms
step:2390/5100 lr:0.001 train_loss:3.3725 train_time:760317ms step_avg:319.46ms
step:2391/5100 lr:0.001 train_loss:3.5626 train_time:760713ms step_avg:319.49ms
step:2392/5100 lr:0.001 train_loss:3.5507 train_time:761110ms step_avg:319.53ms
step:2393/5100 lr:0.001 train_loss:3.6101 train_time:761506ms step_avg:319.56ms
step:2394/5100 lr:0.001 train_loss:3.5134 train_time:761902ms step_avg:319.59ms
step:2395/5100 lr:0.001 train_loss:3.6022 train_time:762299ms step_avg:319.62ms
step:2396/5100 lr:0.001 train_loss:3.4173 train_time:762694ms step_avg:319.65ms
step:2397/5100 lr:0.001 train_loss:3.3855 train_time:763091ms step_avg:319.69ms
step:2398/5100 lr:0.001 train_loss:3.6350 train_time:763487ms step_avg:319.72ms
step:2399/5100 lr:0.001 train_loss:3.3991 train_time:763883ms step_avg:319.75ms
step:2400/5100 lr:0.001 train_loss:3.6055 train_time:764280ms step_avg:319.78ms
step:2401/5100 lr:0.001 train_loss:3.6525 train_time:764676ms step_avg:319.81ms
step:2402/5100 lr:0.001 train_loss:3.8370 train_time:765072ms step_avg:319.85ms
step:2403/5100 lr:0.001 train_loss:3.7630 train_time:765471ms step_avg:319.88ms
step:2404/5100 lr:0.001 train_loss:3.5472 train_time:765865ms step_avg:319.91ms
step:2405/5100 lr:0.001 train_loss:3.3873 train_time:766262ms step_avg:319.94ms
step:2406/5100 lr:0.001 train_loss:3.4172 train_time:766659ms step_avg:319.97ms
step:2407/5100 lr:0.001 train_loss:3.5818 train_time:767055ms step_avg:320.01ms
step:2408/5100 lr:0.001 train_loss:3.3966 train_time:767452ms step_avg:320.04ms
step:2409/5100 lr:0.001 train_loss:3.4764 train_time:767848ms step_avg:320.07ms
step:2410/5100 lr:0.001 train_loss:3.7831 train_time:768245ms step_avg:320.10ms
step:2411/5100 lr:0.001 train_loss:3.4414 train_time:768641ms step_avg:320.13ms
step:2412/5100 lr:0.001 train_loss:3.5696 train_time:769038ms step_avg:320.17ms
step:2413/5100 lr:0.001 train_loss:3.4728 train_time:769434ms step_avg:320.20ms
step:2414/5100 lr:0.001 train_loss:3.5158 train_time:769831ms step_avg:320.23ms
step:2415/5100 lr:0.001 train_loss:3.5868 train_time:770227ms step_avg:320.26ms
step:2416/5100 lr:0.001 train_loss:3.4372 train_time:770624ms step_avg:320.29ms
step:2417/5100 lr:0.001 train_loss:3.6133 train_time:771020ms step_avg:320.32ms
step:2418/5100 lr:0.001 train_loss:3.5789 train_time:771417ms step_avg:320.36ms
step:2419/5100 lr:0.001 train_loss:3.4476 train_time:771813ms step_avg:320.39ms
step:2420/5100 lr:0.001 train_loss:3.4331 train_time:772209ms step_avg:320.42ms
step:2421/5100 lr:0.001 train_loss:3.5734 train_time:772606ms step_avg:320.45ms
step:2422/5100 lr:0.001 train_loss:3.3888 train_time:773003ms step_avg:320.48ms
step:2423/5100 lr:0.001 train_loss:3.3191 train_time:773400ms step_avg:320.51ms
step:2424/5100 lr:0.001 train_loss:3.6575 train_time:773797ms step_avg:320.55ms
step:2425/5100 lr:0.001 train_loss:3.4849 train_time:774193ms step_avg:320.58ms
step:2426/5100 lr:0.001 train_loss:3.4872 train_time:774590ms step_avg:320.61ms
step:2427/5100 lr:0.001 train_loss:3.5045 train_time:774986ms step_avg:320.64ms
step:2428/5100 lr:0.001 train_loss:3.7075 train_time:775383ms step_avg:320.67ms
step:2429/5100 lr:0.001 train_loss:3.4986 train_time:775779ms step_avg:320.70ms
step:2430/5100 lr:0.001 train_loss:3.7379 train_time:776176ms step_avg:320.73ms
step:2431/5100 lr:0.001 train_loss:3.6140 train_time:776572ms step_avg:320.77ms
step:2432/5100 lr:0.001 train_loss:3.5064 train_time:776969ms step_avg:320.80ms
step:2433/5100 lr:0.001 train_loss:3.5168 train_time:777366ms step_avg:320.83ms
step:2434/5100 lr:0.001 train_loss:3.4931 train_time:777763ms step_avg:320.86ms
step:2435/5100 lr:0.001 train_loss:3.5207 train_time:778159ms step_avg:320.89ms
step:2436/5100 lr:0.001 train_loss:3.4833 train_time:778555ms step_avg:320.92ms
step:2437/5100 lr:0.001 train_loss:3.4773 train_time:778952ms step_avg:320.95ms
step:2438/5100 lr:0.001 train_loss:3.5267 train_time:779348ms step_avg:320.98ms
step:2439/5100 lr:0.001 train_loss:3.3526 train_time:779744ms step_avg:321.01ms
step:2440/5100 lr:0.001 train_loss:3.3136 train_time:780141ms step_avg:321.05ms
step:2441/5100 lr:0.001 train_loss:3.5334 train_time:780537ms step_avg:321.08ms
step:2442/5100 lr:0.001 train_loss:3.3013 train_time:780933ms step_avg:321.11ms
step:2443/5100 lr:0.001 train_loss:3.4644 train_time:781330ms step_avg:321.14ms
step:2444/5100 lr:0.001 train_loss:3.5698 train_time:781726ms step_avg:321.17ms
step:2445/5100 lr:0.001 train_loss:3.5788 train_time:782123ms step_avg:321.20ms
step:2446/5100 lr:0.001 train_loss:3.4836 train_time:782520ms step_avg:321.23ms
step:2447/5100 lr:0.001 train_loss:3.4373 train_time:782916ms step_avg:321.26ms
step:2448/5100 lr:0.001 train_loss:3.5880 train_time:783312ms step_avg:321.29ms
step:2449/5100 lr:0.001 train_loss:3.3601 train_time:783709ms step_avg:321.32ms
step:2450/5100 lr:0.001 train_loss:3.4595 train_time:784106ms step_avg:321.35ms
step:2451/5100 lr:0.001 train_loss:3.4711 train_time:784502ms step_avg:321.39ms
step:2452/5100 lr:0.001 train_loss:3.4520 train_time:784898ms step_avg:321.42ms
step:2453/5100 lr:0.001 train_loss:3.4639 train_time:785293ms step_avg:321.45ms
step:2454/5100 lr:0.001 train_loss:3.8168 train_time:785690ms step_avg:321.48ms
step:2455/5100 lr:0.001 train_loss:3.5187 train_time:786085ms step_avg:321.51ms
step:2456/5100 lr:0.001 train_loss:3.4387 train_time:786481ms step_avg:321.54ms
step:2457/5100 lr:0.001 train_loss:3.3828 train_time:786876ms step_avg:321.57ms
step:2458/5100 lr:0.001 train_loss:3.7586 train_time:787272ms step_avg:321.60ms
step:2459/5100 lr:0.001 train_loss:3.4368 train_time:787668ms step_avg:321.63ms
step:2460/5100 lr:0.001 train_loss:3.6085 train_time:788064ms step_avg:321.66ms
step:2461/5100 lr:0.001 train_loss:3.5510 train_time:788460ms step_avg:321.69ms
step:2462/5100 lr:0.001 train_loss:3.4728 train_time:788855ms step_avg:321.72ms
step:2463/5100 lr:0.001 train_loss:3.2912 train_time:789251ms step_avg:321.75ms
step:2464/5100 lr:0.001 train_loss:3.4736 train_time:789646ms step_avg:321.78ms
step:2465/5100 lr:0.001 train_loss:3.4577 train_time:790042ms step_avg:321.81ms
step:2466/5100 lr:0.001 train_loss:3.5620 train_time:790438ms step_avg:321.84ms
step:2467/5100 lr:0.001 train_loss:3.3665 train_time:790833ms step_avg:321.87ms
step:2468/5100 lr:0.001 train_loss:3.7060 train_time:791230ms step_avg:321.90ms
step:2469/5100 lr:0.001 train_loss:3.4960 train_time:791626ms step_avg:321.93ms
step:2470/5100 lr:0.001 train_loss:3.5990 train_time:792220ms step_avg:322.04ms
step:2471/5100 lr:0.001 train_loss:3.7068 train_time:792615ms step_avg:322.07ms
step:2472/5100 lr:0.001 train_loss:3.4777 train_time:793011ms step_avg:322.10ms
step:2473/5100 lr:0.001 train_loss:3.4213 train_time:793406ms step_avg:322.13ms
step:2474/5100 lr:0.001 train_loss:3.4936 train_time:793803ms step_avg:322.16ms
step:2475/5100 lr:0.001 train_loss:3.5105 train_time:794198ms step_avg:322.19ms
step:2476/5100 lr:0.001 train_loss:3.4852 train_time:794594ms step_avg:322.22ms
step:2477/5100 lr:0.001 train_loss:3.5908 train_time:795198ms step_avg:322.33ms
step:2478/5100 lr:0.001 train_loss:3.4694 train_time:795593ms step_avg:322.36ms
step:2479/5100 lr:0.001 train_loss:3.3553 train_time:795989ms step_avg:322.39ms
step:2480/5100 lr:0.001 train_loss:3.4201 train_time:796385ms step_avg:322.42ms
step:2481/5100 lr:0.001 train_loss:3.4527 train_time:796782ms step_avg:322.45ms
step:2482/5100 lr:0.001 train_loss:3.4935 train_time:797178ms step_avg:322.48ms
step:2483/5100 lr:0.001 train_loss:3.5114 train_time:797573ms step_avg:322.51ms
step:2484/5100 lr:0.001 train_loss:3.4964 train_time:797969ms step_avg:322.54ms
step:2485/5100 lr:0.001 train_loss:3.6992 train_time:798365ms step_avg:322.57ms
step:2486/5100 lr:0.001 train_loss:3.4996 train_time:798761ms step_avg:322.60ms
step:2487/5100 lr:0.001 train_loss:3.5945 train_time:799157ms step_avg:322.63ms
step:2488/5100 lr:0.001 train_loss:3.7191 train_time:799553ms step_avg:322.66ms
step:2489/5100 lr:0.001 train_loss:3.1486 train_time:799949ms step_avg:322.69ms
step:2490/5100 lr:0.001 train_loss:3.4807 train_time:800345ms step_avg:322.72ms
step:2491/5100 lr:0.001 train_loss:3.4694 train_time:800742ms step_avg:322.75ms
step:2492/5100 lr:0.001 train_loss:3.5110 train_time:801138ms step_avg:322.78ms
step:2493/5100 lr:0.001 train_loss:3.4940 train_time:801534ms step_avg:322.81ms
step:2494/5100 lr:0.001 train_loss:3.5352 train_time:801931ms step_avg:322.84ms
step:2495/5100 lr:0.001 train_loss:3.5836 train_time:802327ms step_avg:322.87ms
step:2496/5100 lr:0.001 train_loss:3.6112 train_time:802724ms step_avg:322.90ms
step:2497/5100 lr:0.001 train_loss:3.6398 train_time:803119ms step_avg:322.93ms
step:2498/5100 lr:0.001 train_loss:3.5720 train_time:803515ms step_avg:322.96ms
step:2499/5100 lr:0.001 train_loss:3.3834 train_time:803911ms step_avg:322.99ms
step:2500/5100 lr:0.001 train_loss:3.5444 train_time:804307ms step_avg:323.01ms
step:2500/5100 val_loss:3.4825 train_time:804323ms step_avg:323.02ms
step:2501/5100 lr:0.001 train_loss:3.6016 train_time:808402ms step_avg:324.53ms
step:2502/5100 lr:0.001 train_loss:3.5723 train_time:808798ms step_avg:324.56ms
step:2503/5100 lr:0.001 train_loss:3.2251 train_time:809194ms step_avg:324.59ms
step:2504/5100 lr:0.001 train_loss:3.7224 train_time:809590ms step_avg:324.61ms
step:2505/5100 lr:0.001 train_loss:3.3266 train_time:809985ms step_avg:324.64ms
step:2506/5100 lr:0.001 train_loss:3.6219 train_time:810381ms step_avg:324.67ms
step:2507/5100 lr:0.001 train_loss:3.4272 train_time:810777ms step_avg:324.70ms
step:2508/5100 lr:0.001 train_loss:3.4605 train_time:811173ms step_avg:324.73ms
step:2509/5100 lr:0.001 train_loss:3.6279 train_time:811568ms step_avg:324.76ms
step:2510/5100 lr:0.001 train_loss:3.5387 train_time:811964ms step_avg:324.79ms
step:2511/5100 lr:0.001 train_loss:3.4912 train_time:812361ms step_avg:324.81ms
step:2512/5100 lr:0.001 train_loss:3.4872 train_time:812757ms step_avg:324.84ms
step:2513/5100 lr:0.001 train_loss:3.3768 train_time:813152ms step_avg:324.87ms
step:2514/5100 lr:0.001 train_loss:3.2819 train_time:813548ms step_avg:324.90ms
step:2515/5100 lr:0.001 train_loss:3.4925 train_time:813944ms step_avg:324.93ms
step:2516/5100 lr:0.001 train_loss:3.7546 train_time:814340ms step_avg:324.96ms
step:2517/5100 lr:0.001 train_loss:3.4467 train_time:814737ms step_avg:324.98ms
step:2518/5100 lr:0.001 train_loss:3.5866 train_time:815133ms step_avg:325.01ms
step:2519/5100 lr:0.001 train_loss:3.4808 train_time:815529ms step_avg:325.04ms
step:2520/5100 lr:0.001 train_loss:3.5854 train_time:815924ms step_avg:325.07ms
step:2521/5100 lr:0.001 train_loss:3.5261 train_time:816321ms step_avg:325.10ms
step:2522/5100 lr:0.001 train_loss:3.4546 train_time:816717ms step_avg:325.13ms
step:2523/5100 lr:0.001 train_loss:3.5216 train_time:817113ms step_avg:325.15ms
step:2524/5100 lr:0.001 train_loss:3.6586 train_time:817509ms step_avg:325.18ms
step:2525/5100 lr:0.001 train_loss:3.4651 train_time:817905ms step_avg:325.21ms
step:2526/5100 lr:0.001 train_loss:3.6879 train_time:818301ms step_avg:325.24ms
step:2527/5100 lr:0.001 train_loss:3.4578 train_time:818697ms step_avg:325.27ms
step:2528/5100 lr:0.001 train_loss:3.3834 train_time:819094ms step_avg:325.30ms
step:2529/5100 lr:0.001 train_loss:3.4790 train_time:819489ms step_avg:325.32ms
step:2530/5100 lr:0.001 train_loss:3.4992 train_time:819885ms step_avg:325.35ms
step:2531/5100 lr:0.001 train_loss:3.6111 train_time:820280ms step_avg:325.38ms
step:2532/5100 lr:0.001 train_loss:3.4305 train_time:820676ms step_avg:325.41ms
step:2533/5100 lr:0.001 train_loss:3.8029 train_time:821073ms step_avg:325.44ms
step:2534/5100 lr:0.001 train_loss:3.4995 train_time:821468ms step_avg:325.46ms
step:2535/5100 lr:0.001 train_loss:3.3339 train_time:821868ms step_avg:325.49ms
step:2536/5100 lr:0.001 train_loss:3.5640 train_time:822265ms step_avg:325.52ms
step:2537/5100 lr:0.001 train_loss:3.6155 train_time:822656ms step_avg:325.55ms
step:2538/5100 lr:0.001 train_loss:3.4221 train_time:823052ms step_avg:325.57ms
step:2539/5100 lr:0.001 train_loss:3.4744 train_time:823448ms step_avg:325.60ms
step:2540/5100 lr:0.001 train_loss:3.5418 train_time:823844ms step_avg:325.63ms
step:2541/5100 lr:0.001 train_loss:3.4407 train_time:824240ms step_avg:325.66ms
step:2542/5100 lr:0.001 train_loss:3.3518 train_time:824636ms step_avg:325.69ms
step:2543/5100 lr:0.001 train_loss:3.4975 train_time:825033ms step_avg:325.71ms
step:2544/5100 lr:0.001 train_loss:3.3257 train_time:825428ms step_avg:325.74ms
step:2545/5100 lr:0.001 train_loss:3.3347 train_time:825823ms step_avg:325.77ms
step:2546/5100 lr:0.001 train_loss:3.5394 train_time:826219ms step_avg:325.80ms
step:2547/5100 lr:0.001 train_loss:3.6732 train_time:826615ms step_avg:325.82ms
step:2548/5100 lr:0.001 train_loss:3.3751 train_time:827011ms step_avg:325.85ms
step:2549/5100 lr:0.001 train_loss:3.5254 train_time:827407ms step_avg:325.88ms
step:2550/5100 lr:0.001 train_loss:3.5126 train_time:827802ms step_avg:325.91ms
step:2551/5100 lr:0.001 train_loss:3.5561 train_time:828199ms step_avg:325.93ms
step:2552/5100 lr:0.001 train_loss:3.4868 train_time:828595ms step_avg:325.96ms
step:2553/5100 lr:0.001 train_loss:3.4462 train_time:828991ms step_avg:325.99ms
step:2554/5100 lr:0.001 train_loss:3.3046 train_time:829387ms step_avg:326.02ms
step:2555/5100 lr:0.001 train_loss:3.2299 train_time:829782ms step_avg:326.04ms
step:2556/5100 lr:0.001 train_loss:3.4486 train_time:830178ms step_avg:326.07ms
step:2557/5100 lr:0.001 train_loss:3.4532 train_time:830574ms step_avg:326.10ms
step:2558/5100 lr:0.001 train_loss:3.3358 train_time:830970ms step_avg:326.13ms
step:2559/5100 lr:0.001 train_loss:3.4773 train_time:831369ms step_avg:326.16ms
step:2560/5100 lr:0.001 train_loss:3.5381 train_time:831762ms step_avg:326.18ms
step:2561/5100 lr:0.001 train_loss:3.4918 train_time:832166ms step_avg:326.21ms
step:2562/5100 lr:0.001 train_loss:3.3259 train_time:832557ms step_avg:326.24ms
step:2563/5100 lr:0.001 train_loss:3.1388 train_time:832953ms step_avg:326.26ms
step:2564/5100 lr:0.001 train_loss:3.4638 train_time:833349ms step_avg:326.29ms
step:2565/5100 lr:0.001 train_loss:3.4980 train_time:833745ms step_avg:326.32ms
step:2566/5100 lr:0.001 train_loss:3.4796 train_time:834141ms step_avg:326.35ms
step:2567/5100 lr:0.001 train_loss:3.2573 train_time:834537ms step_avg:326.37ms
step:2568/5100 lr:0.001 train_loss:3.2422 train_time:834933ms step_avg:326.40ms
step:2569/5100 lr:0.001 train_loss:3.4130 train_time:835329ms step_avg:326.43ms
step:2570/5100 lr:0.001 train_loss:3.6099 train_time:835725ms step_avg:326.46ms
step:2571/5100 lr:0.001 train_loss:3.4812 train_time:836120ms step_avg:326.48ms
step:2572/5100 lr:0.001 train_loss:3.6192 train_time:836516ms step_avg:326.51ms
step:2573/5100 lr:0.001 train_loss:3.3744 train_time:836913ms step_avg:326.54ms
step:2574/5100 lr:0.001 train_loss:3.5616 train_time:837308ms step_avg:326.56ms
step:2575/5100 lr:0.001 train_loss:3.4313 train_time:837704ms step_avg:326.59ms
step:2576/5100 lr:0.001 train_loss:3.4734 train_time:838100ms step_avg:326.62ms
step:2577/5100 lr:0.001 train_loss:3.6867 train_time:838496ms step_avg:326.64ms
step:2578/5100 lr:0.001 train_loss:3.2515 train_time:838892ms step_avg:326.67ms
step:2579/5100 lr:0.001 train_loss:3.3310 train_time:839288ms step_avg:326.70ms
step:2580/5100 lr:0.001 train_loss:3.5021 train_time:839684ms step_avg:326.73ms
step:2581/5100 lr:0.001 train_loss:3.5062 train_time:840079ms step_avg:326.75ms
step:2582/5100 lr:0.001 train_loss:3.3359 train_time:840475ms step_avg:326.78ms
step:2583/5100 lr:0.001 train_loss:3.6365 train_time:840871ms step_avg:326.81ms
step:2584/5100 lr:0.001 train_loss:3.4620 train_time:841267ms step_avg:326.83ms
step:2585/5100 lr:0.001 train_loss:3.4963 train_time:841671ms step_avg:326.86ms
step:2586/5100 lr:0.001 train_loss:3.4360 train_time:842061ms step_avg:326.89ms
step:2587/5100 lr:0.001 train_loss:3.5677 train_time:842457ms step_avg:326.91ms
step:2588/5100 lr:0.001 train_loss:3.5046 train_time:842853ms step_avg:326.94ms
step:2589/5100 lr:0.001 train_loss:3.4519 train_time:843249ms step_avg:326.97ms
step:2590/5100 lr:0.001 train_loss:3.5588 train_time:843645ms step_avg:326.99ms
step:2591/5100 lr:0.001 train_loss:3.4515 train_time:844041ms step_avg:327.02ms
step:2592/5100 lr:0.001 train_loss:3.3426 train_time:844437ms step_avg:327.05ms
step:2593/5100 lr:0.001 train_loss:3.4659 train_time:844834ms step_avg:327.07ms
step:2594/5100 lr:0.001 train_loss:3.4386 train_time:845230ms step_avg:327.10ms
step:2595/5100 lr:0.001 train_loss:3.4005 train_time:845626ms step_avg:327.13ms
step:2596/5100 lr:0.001 train_loss:3.3137 train_time:846021ms step_avg:327.15ms
step:2597/5100 lr:0.001 train_loss:3.5145 train_time:846417ms step_avg:327.18ms
step:2598/5100 lr:0.001 train_loss:3.4332 train_time:846813ms step_avg:327.21ms
step:2599/5100 lr:0.001 train_loss:3.3182 train_time:847209ms step_avg:327.23ms
step:2600/5100 lr:0.001 train_loss:3.6579 train_time:847605ms step_avg:327.26ms
step:2601/5100 lr:0.001 train_loss:3.4786 train_time:848001ms step_avg:327.29ms
step:2602/5100 lr:0.001 train_loss:3.3473 train_time:848399ms step_avg:327.31ms
step:2603/5100 lr:0.001 train_loss:3.4681 train_time:848795ms step_avg:327.34ms
step:2604/5100 lr:0.001 train_loss:3.6441 train_time:849191ms step_avg:327.37ms
step:2605/5100 lr:0.001 train_loss:3.4658 train_time:849587ms step_avg:327.39ms
step:2606/5100 lr:0.001 train_loss:3.1885 train_time:849982ms step_avg:327.42ms
step:2607/5100 lr:0.001 train_loss:3.4997 train_time:850379ms step_avg:327.45ms
step:2608/5100 lr:0.001 train_loss:3.4474 train_time:850774ms step_avg:327.47ms
step:2609/5100 lr:0.001 train_loss:3.5177 train_time:851171ms step_avg:327.50ms
step:2610/5100 lr:0.001 train_loss:3.4186 train_time:851567ms step_avg:327.53ms
step:2611/5100 lr:0.001 train_loss:3.6304 train_time:851961ms step_avg:327.55ms
step:2612/5100 lr:0.001 train_loss:3.3673 train_time:852358ms step_avg:327.58ms
step:2613/5100 lr:0.001 train_loss:3.6214 train_time:852754ms step_avg:327.60ms
step:2614/5100 lr:0.001 train_loss:3.2941 train_time:853150ms step_avg:327.63ms
step:2615/5100 lr:0.001 train_loss:3.3879 train_time:853547ms step_avg:327.66ms
step:2616/5100 lr:0.001 train_loss:3.3878 train_time:853943ms step_avg:327.68ms
step:2617/5100 lr:0.001 train_loss:3.4950 train_time:854339ms step_avg:327.71ms
step:2618/5100 lr:0.001 train_loss:3.5366 train_time:854734ms step_avg:327.74ms
step:2619/5100 lr:0.001 train_loss:3.4469 train_time:855131ms step_avg:327.76ms
step:2620/5100 lr:0.001 train_loss:3.3089 train_time:855527ms step_avg:327.79ms
step:2621/5100 lr:0.001 train_loss:3.6181 train_time:855922ms step_avg:327.81ms
step:2622/5100 lr:0.001 train_loss:3.4296 train_time:856318ms step_avg:327.84ms
step:2623/5100 lr:0.001 train_loss:3.4470 train_time:856714ms step_avg:327.87ms
step:2624/5100 lr:0.001 train_loss:3.6881 train_time:857110ms step_avg:327.89ms
step:2625/5100 lr:0.001 train_loss:3.4786 train_time:857506ms step_avg:327.92ms
step:2625/5100 val_loss:3.4693 train_time:857522ms step_avg:327.92ms
step:2626/5100 lr:0.001 train_loss:3.5400 train_time:861585ms step_avg:329.35ms
step:2627/5100 lr:0.001 train_loss:3.6109 train_time:861980ms step_avg:329.38ms
step:2628/5100 lr:0.001 train_loss:3.3082 train_time:862376ms step_avg:329.40ms
step:2629/5100 lr:0.001 train_loss:3.3182 train_time:862772ms step_avg:329.43ms
step:2630/5100 lr:0.001 train_loss:3.4075 train_time:863167ms step_avg:329.45ms
step:2631/5100 lr:0.001 train_loss:3.4350 train_time:863573ms step_avg:329.48ms
step:2632/5100 lr:0.001 train_loss:3.6406 train_time:863963ms step_avg:329.51ms
step:2633/5100 lr:0.001 train_loss:3.6772 train_time:864359ms step_avg:329.53ms
step:2634/5100 lr:0.001 train_loss:3.6187 train_time:864755ms step_avg:329.56ms
step:2635/5100 lr:0.001 train_loss:3.5201 train_time:865150ms step_avg:329.58ms
step:2636/5100 lr:0.001 train_loss:3.4581 train_time:865546ms step_avg:329.61ms
step:2637/5100 lr:0.001 train_loss:3.4550 train_time:865942ms step_avg:329.63ms
step:2638/5100 lr:0.001 train_loss:3.6835 train_time:866338ms step_avg:329.66ms
step:2639/5100 lr:0.001 train_loss:3.4388 train_time:866733ms step_avg:329.68ms
step:2640/5100 lr:0.001 train_loss:3.4081 train_time:867129ms step_avg:329.71ms
step:2641/5100 lr:0.001 train_loss:3.4647 train_time:867524ms step_avg:329.73ms
step:2642/5100 lr:0.001 train_loss:3.6438 train_time:867920ms step_avg:329.76ms
step:2643/5100 lr:0.001 train_loss:3.6364 train_time:868316ms step_avg:329.78ms
step:2644/5100 lr:0.001 train_loss:3.3619 train_time:868711ms step_avg:329.81ms
step:2645/5100 lr:0.001 train_loss:3.6481 train_time:869107ms step_avg:329.83ms
step:2646/5100 lr:0.001 train_loss:3.4508 train_time:869503ms step_avg:329.86ms
step:2647/5100 lr:0.001 train_loss:3.5598 train_time:869899ms step_avg:329.88ms
step:2648/5100 lr:0.001 train_loss:3.3934 train_time:870295ms step_avg:329.91ms
step:2649/5100 lr:0.001 train_loss:3.3259 train_time:870691ms step_avg:329.93ms
step:2650/5100 lr:0.001 train_loss:3.4624 train_time:871087ms step_avg:329.96ms
step:2651/5100 lr:0.001 train_loss:3.3769 train_time:871482ms step_avg:329.98ms
step:2652/5100 lr:0.001 train_loss:3.4457 train_time:871878ms step_avg:330.01ms
step:2653/5100 lr:0.001 train_loss:3.7538 train_time:872274ms step_avg:330.03ms
step:2654/5100 lr:0.001 train_loss:3.5165 train_time:872670ms step_avg:330.06ms
step:2655/5100 lr:0.001 train_loss:3.4171 train_time:873065ms step_avg:330.08ms
step:2656/5100 lr:0.001 train_loss:3.4448 train_time:873461ms step_avg:330.11ms
step:2657/5100 lr:0.001 train_loss:3.5717 train_time:873857ms step_avg:330.13ms
step:2658/5100 lr:0.001 train_loss:3.3991 train_time:874253ms step_avg:330.16ms
step:2659/5100 lr:0.001 train_loss:3.4719 train_time:874649ms step_avg:330.18ms
step:2660/5100 lr:0.001 train_loss:3.4846 train_time:875246ms step_avg:330.28ms
step:2661/5100 lr:0.001 train_loss:3.5686 train_time:875642ms step_avg:330.31ms
step:2662/5100 lr:0.001 train_loss:3.5113 train_time:876038ms step_avg:330.33ms
step:2663/5100 lr:0.001 train_loss:3.3848 train_time:876435ms step_avg:330.36ms
step:2664/5100 lr:0.001 train_loss:3.5633 train_time:876831ms step_avg:330.38ms
step:2665/5100 lr:0.001 train_loss:3.4747 train_time:877227ms step_avg:330.41ms
step:2666/5100 lr:0.001 train_loss:3.4808 train_time:877624ms step_avg:330.43ms
step:2667/5100 lr:0.001 train_loss:3.6055 train_time:878232ms step_avg:330.54ms
step:2668/5100 lr:0.001 train_loss:3.4296 train_time:878628ms step_avg:330.56ms
step:2669/5100 lr:0.001 train_loss:3.5762 train_time:879024ms step_avg:330.58ms
step:2670/5100 lr:0.001 train_loss:3.4930 train_time:879420ms step_avg:330.61ms
step:2671/5100 lr:0.001 train_loss:3.3775 train_time:879816ms step_avg:330.63ms
step:2672/5100 lr:0.001 train_loss:3.4564 train_time:880212ms step_avg:330.66ms
step:2673/5100 lr:0.001 train_loss:3.3915 train_time:880608ms step_avg:330.68ms
step:2674/5100 lr:0.001 train_loss:3.5631 train_time:881004ms step_avg:330.71ms
step:2675/5100 lr:0.001 train_loss:3.3849 train_time:881401ms step_avg:330.73ms
step:2676/5100 lr:0.001 train_loss:3.5641 train_time:881797ms step_avg:330.76ms
step:2677/5100 lr:0.001 train_loss:3.3118 train_time:882194ms step_avg:330.78ms
step:2678/5100 lr:0.001 train_loss:3.3699 train_time:882590ms step_avg:330.81ms
step:2679/5100 lr:0.001 train_loss:3.4106 train_time:882987ms step_avg:330.83ms
step:2680/5100 lr:0.001 train_loss:3.5082 train_time:883383ms step_avg:330.86ms
step:2681/5100 lr:0.001 train_loss:3.4403 train_time:883780ms step_avg:330.88ms
step:2682/5100 lr:0.001 train_loss:3.4642 train_time:884176ms step_avg:330.90ms
step:2683/5100 lr:0.001 train_loss:3.3995 train_time:884572ms step_avg:330.93ms
step:2684/5100 lr:0.001 train_loss:3.5227 train_time:884969ms step_avg:330.95ms
step:2685/5100 lr:0.001 train_loss:3.5564 train_time:885365ms step_avg:330.98ms
step:2686/5100 lr:0.001 train_loss:3.3517 train_time:885762ms step_avg:331.00ms
step:2687/5100 lr:0.001 train_loss:3.2906 train_time:886158ms step_avg:331.03ms
step:2688/5100 lr:0.001 train_loss:3.3241 train_time:886553ms step_avg:331.05ms
step:2689/5100 lr:0.001 train_loss:3.4372 train_time:886949ms step_avg:331.07ms
step:2690/5100 lr:0.001 train_loss:3.5456 train_time:887345ms step_avg:331.10ms
step:2691/5100 lr:0.001 train_loss:3.6112 train_time:887741ms step_avg:331.12ms
step:2692/5100 lr:0.001 train_loss:3.4795 train_time:888137ms step_avg:331.15ms
step:2693/5100 lr:0.001 train_loss:3.4444 train_time:888532ms step_avg:331.17ms
step:2694/5100 lr:0.001 train_loss:3.7727 train_time:888928ms step_avg:331.20ms
step:2695/5100 lr:0.001 train_loss:3.4825 train_time:889324ms step_avg:331.22ms
step:2696/5100 lr:0.001 train_loss:3.4421 train_time:889719ms step_avg:331.24ms
step:2697/5100 lr:0.001 train_loss:3.3822 train_time:890115ms step_avg:331.27ms
step:2698/5100 lr:0.001 train_loss:3.4647 train_time:890511ms step_avg:331.29ms
step:2699/5100 lr:0.001 train_loss:3.3150 train_time:890906ms step_avg:331.32ms
step:2700/5100 lr:0.001 train_loss:3.9286 train_time:891302ms step_avg:331.34ms
step:2701/5100 lr:0.001 train_loss:3.5217 train_time:891698ms step_avg:331.36ms
step:2702/5100 lr:0.001 train_loss:3.3683 train_time:892094ms step_avg:331.39ms
step:2703/5100 lr:0.001 train_loss:3.5067 train_time:892490ms step_avg:331.41ms
step:2704/5100 lr:0.001 train_loss:3.4177 train_time:892885ms step_avg:331.43ms
step:2705/5100 lr:0.001 train_loss:3.5524 train_time:893281ms step_avg:331.46ms
step:2706/5100 lr:0.001 train_loss:3.6551 train_time:893677ms step_avg:331.48ms
step:2707/5100 lr:0.001 train_loss:3.4426 train_time:894081ms step_avg:331.51ms
step:2708/5100 lr:0.001 train_loss:3.3766 train_time:894475ms step_avg:331.53ms
step:2709/5100 lr:0.001 train_loss:3.3581 train_time:894864ms step_avg:331.55ms
step:2710/5100 lr:0.001 train_loss:3.3773 train_time:895260ms step_avg:331.58ms
step:2711/5100 lr:0.001 train_loss:3.3866 train_time:895657ms step_avg:331.60ms
step:2712/5100 lr:0.001 train_loss:3.6625 train_time:896052ms step_avg:331.63ms
step:2713/5100 lr:0.001 train_loss:3.5046 train_time:896447ms step_avg:331.65ms
step:2714/5100 lr:0.001 train_loss:3.4941 train_time:896843ms step_avg:331.67ms
step:2715/5100 lr:0.001 train_loss:3.5336 train_time:897239ms step_avg:331.70ms
step:2716/5100 lr:0.001 train_loss:3.6364 train_time:897635ms step_avg:331.72ms
step:2717/5100 lr:0.001 train_loss:3.4773 train_time:898031ms step_avg:331.74ms
step:2718/5100 lr:0.001 train_loss:3.5018 train_time:898427ms step_avg:331.77ms
step:2719/5100 lr:0.001 train_loss:3.2888 train_time:898822ms step_avg:331.79ms
step:2720/5100 lr:0.001 train_loss:3.5762 train_time:899219ms step_avg:331.81ms
step:2721/5100 lr:0.001 train_loss:3.3083 train_time:899614ms step_avg:331.84ms
step:2722/5100 lr:0.001 train_loss:3.2857 train_time:900010ms step_avg:331.86ms
step:2723/5100 lr:0.001 train_loss:3.6888 train_time:900406ms step_avg:331.89ms
step:2724/5100 lr:0.001 train_loss:3.4233 train_time:900802ms step_avg:331.91ms
step:2725/5100 lr:0.001 train_loss:3.4691 train_time:901198ms step_avg:331.93ms
step:2726/5100 lr:0.001 train_loss:3.3485 train_time:901594ms step_avg:331.96ms
step:2727/5100 lr:0.001 train_loss:3.5341 train_time:901990ms step_avg:331.98ms
step:2728/5100 lr:0.001 train_loss:3.6588 train_time:902385ms step_avg:332.00ms
step:2729/5100 lr:0.001 train_loss:3.3606 train_time:902782ms step_avg:332.03ms
step:2730/5100 lr:0.001 train_loss:3.4498 train_time:903178ms step_avg:332.05ms
step:2731/5100 lr:0.001 train_loss:3.5633 train_time:903574ms step_avg:332.07ms
step:2732/5100 lr:0.001 train_loss:3.4258 train_time:903970ms step_avg:332.10ms
step:2733/5100 lr:0.001 train_loss:3.4591 train_time:904365ms step_avg:332.12ms
step:2734/5100 lr:0.001 train_loss:3.6409 train_time:904760ms step_avg:332.14ms
step:2735/5100 lr:0.001 train_loss:3.5546 train_time:905156ms step_avg:332.17ms
step:2736/5100 lr:0.001 train_loss:3.3671 train_time:905552ms step_avg:332.19ms
step:2737/5100 lr:0.001 train_loss:3.4281 train_time:905949ms step_avg:332.21ms
step:2738/5100 lr:0.001 train_loss:3.3405 train_time:906343ms step_avg:332.24ms
step:2739/5100 lr:0.001 train_loss:3.3656 train_time:906739ms step_avg:332.26ms
step:2740/5100 lr:0.001 train_loss:3.3697 train_time:907135ms step_avg:332.28ms
step:2741/5100 lr:0.001 train_loss:3.3892 train_time:907531ms step_avg:332.31ms
step:2742/5100 lr:0.001 train_loss:3.2510 train_time:907927ms step_avg:332.33ms
step:2743/5100 lr:0.001 train_loss:3.5003 train_time:908322ms step_avg:332.35ms
step:2744/5100 lr:0.001 train_loss:3.4442 train_time:908718ms step_avg:332.38ms
step:2745/5100 lr:0.001 train_loss:3.7793 train_time:909113ms step_avg:332.40ms
step:2746/5100 lr:0.001 train_loss:3.4942 train_time:909510ms step_avg:332.42ms
step:2747/5100 lr:0.001 train_loss:3.4532 train_time:909905ms step_avg:332.45ms
step:2748/5100 lr:0.001 train_loss:3.4013 train_time:910301ms step_avg:332.47ms
step:2749/5100 lr:0.001 train_loss:3.4353 train_time:910698ms step_avg:332.49ms
step:2750/5100 lr:0.001 train_loss:3.3616 train_time:911094ms step_avg:332.52ms
step:2750/5100 val_loss:3.4566 train_time:911110ms step_avg:332.52ms
step:2751/5100 lr:0.001 train_loss:3.4299 train_time:915314ms step_avg:333.93ms
step:2752/5100 lr:0.001 train_loss:3.2718 train_time:915709ms step_avg:333.96ms
step:2753/5100 lr:0.001 train_loss:3.3572 train_time:916105ms step_avg:333.98ms
step:2754/5100 lr:0.001 train_loss:3.5127 train_time:916502ms step_avg:334.00ms
step:2755/5100 lr:0.001 train_loss:3.4784 train_time:916897ms step_avg:334.02ms
step:2756/5100 lr:0.001 train_loss:3.5465 train_time:917293ms step_avg:334.05ms
step:2757/5100 lr:0.001 train_loss:3.5568 train_time:917689ms step_avg:334.07ms
step:2758/5100 lr:0.001 train_loss:3.5424 train_time:918084ms step_avg:334.09ms
step:2759/5100 lr:0.001 train_loss:3.6182 train_time:918480ms step_avg:334.11ms
step:2760/5100 lr:0.001 train_loss:3.3753 train_time:918876ms step_avg:334.14ms
step:2761/5100 lr:0.001 train_loss:3.4408 train_time:919271ms step_avg:334.16ms
step:2762/5100 lr:0.001 train_loss:3.5564 train_time:919711ms step_avg:334.20ms
step:2763/5100 lr:0.001 train_loss:3.4704 train_time:920107ms step_avg:334.22ms
step:2764/5100 lr:0.001 train_loss:3.1275 train_time:920503ms step_avg:334.24ms
step:2765/5100 lr:0.001 train_loss:3.4389 train_time:920899ms step_avg:334.26ms
step:2766/5100 lr:0.001 train_loss:3.4715 train_time:921294ms step_avg:334.29ms
step:2767/5100 lr:0.001 train_loss:3.5394 train_time:921690ms step_avg:334.31ms
step:2768/5100 lr:0.001 train_loss:3.4746 train_time:922095ms step_avg:334.33ms
step:2769/5100 lr:0.001 train_loss:3.3667 train_time:922485ms step_avg:334.35ms
step:2770/5100 lr:0.001 train_loss:3.4400 train_time:922881ms step_avg:334.38ms
step:2771/5100 lr:0.001 train_loss:3.5058 train_time:923277ms step_avg:334.40ms
step:2772/5100 lr:0.001 train_loss:3.2717 train_time:923672ms step_avg:334.42ms
step:2773/5100 lr:0.001 train_loss:3.4546 train_time:924068ms step_avg:334.44ms
step:2774/5100 lr:0.001 train_loss:3.5694 train_time:924464ms step_avg:334.47ms
step:2775/5100 lr:0.001 train_loss:3.3194 train_time:924861ms step_avg:334.49ms
step:2776/5100 lr:0.001 train_loss:3.5434 train_time:925256ms step_avg:334.51ms
step:2777/5100 lr:0.001 train_loss:3.5628 train_time:925651ms step_avg:334.53ms
step:2778/5100 lr:0.001 train_loss:3.4168 train_time:926047ms step_avg:334.55ms
step:2779/5100 lr:0.001 train_loss:3.2436 train_time:926443ms step_avg:334.58ms
step:2780/5100 lr:0.001 train_loss:3.4124 train_time:926838ms step_avg:334.60ms
step:2781/5100 lr:0.001 train_loss:3.6494 train_time:927235ms step_avg:334.62ms
step:2782/5100 lr:0.001 train_loss:3.4585 train_time:927630ms step_avg:334.64ms
step:2783/5100 lr:0.001 train_loss:3.5955 train_time:928026ms step_avg:334.67ms
step:2784/5100 lr:0.001 train_loss:3.4754 train_time:928422ms step_avg:334.69ms
step:2785/5100 lr:0.001 train_loss:3.3602 train_time:928818ms step_avg:334.71ms
step:2786/5100 lr:0.001 train_loss:3.3046 train_time:929214ms step_avg:334.73ms
step:2787/5100 lr:0.001 train_loss:3.3956 train_time:929610ms step_avg:334.75ms
step:2788/5100 lr:0.001 train_loss:3.4507 train_time:930006ms step_avg:334.78ms
step:2789/5100 lr:0.001 train_loss:3.4708 train_time:930402ms step_avg:334.80ms
step:2790/5100 lr:0.001 train_loss:3.4649 train_time:930797ms step_avg:334.82ms
step:2791/5100 lr:0.001 train_loss:3.4514 train_time:931192ms step_avg:334.84ms
step:2792/5100 lr:0.001 train_loss:3.4330 train_time:931588ms step_avg:334.86ms
step:2793/5100 lr:0.001 train_loss:3.3694 train_time:931984ms step_avg:334.88ms
step:2794/5100 lr:0.001 train_loss:3.5687 train_time:932380ms step_avg:334.91ms
step:2795/5100 lr:0.001 train_loss:3.4893 train_time:932776ms step_avg:334.93ms
step:2796/5100 lr:0.001 train_loss:3.4297 train_time:933171ms step_avg:334.95ms
step:2797/5100 lr:0.001 train_loss:3.4391 train_time:933568ms step_avg:334.97ms
step:2798/5100 lr:0.001 train_loss:3.3694 train_time:933964ms step_avg:334.99ms
step:2799/5100 lr:0.001 train_loss:3.3993 train_time:934360ms step_avg:335.02ms
step:2800/5100 lr:0.001 train_loss:3.5209 train_time:934756ms step_avg:335.04ms
step:2801/5100 lr:0.001 train_loss:3.3317 train_time:935151ms step_avg:335.06ms
step:2802/5100 lr:0.001 train_loss:3.5451 train_time:935548ms step_avg:335.08ms
step:2803/5100 lr:0.001 train_loss:3.4025 train_time:935943ms step_avg:335.10ms
step:2804/5100 lr:0.001 train_loss:3.4433 train_time:936339ms step_avg:335.12ms
step:2805/5100 lr:0.001 train_loss:3.2743 train_time:936735ms step_avg:335.15ms
step:2806/5100 lr:0.001 train_loss:3.6924 train_time:937131ms step_avg:335.17ms
step:2807/5100 lr:0.001 train_loss:3.5728 train_time:937527ms step_avg:335.19ms
step:2808/5100 lr:0.001 train_loss:3.6635 train_time:937923ms step_avg:335.21ms
step:2809/5100 lr:0.001 train_loss:3.3694 train_time:938319ms step_avg:335.23ms
step:2810/5100 lr:0.001 train_loss:3.5357 train_time:938715ms step_avg:335.26ms
step:2811/5100 lr:0.001 train_loss:3.5145 train_time:939111ms step_avg:335.28ms
step:2812/5100 lr:0.001 train_loss:3.2568 train_time:939507ms step_avg:335.30ms
step:2813/5100 lr:0.001 train_loss:3.7031 train_time:939902ms step_avg:335.32ms
step:2814/5100 lr:0.001 train_loss:3.4235 train_time:940299ms step_avg:335.34ms
step:2815/5100 lr:0.001 train_loss:3.4018 train_time:940694ms step_avg:335.36ms
step:2816/5100 lr:0.001 train_loss:3.7035 train_time:941090ms step_avg:335.38ms
step:2817/5100 lr:0.001 train_loss:3.4173 train_time:941496ms step_avg:335.41ms
step:2818/5100 lr:0.001 train_loss:3.4983 train_time:941885ms step_avg:335.43ms
step:2819/5100 lr:0.001 train_loss:3.3151 train_time:942281ms step_avg:335.45ms
step:2820/5100 lr:0.001 train_loss:3.5342 train_time:942677ms step_avg:335.47ms
step:2821/5100 lr:0.001 train_loss:3.4703 train_time:943073ms step_avg:335.49ms
step:2822/5100 lr:0.001 train_loss:3.4597 train_time:943469ms step_avg:335.52ms
step:2823/5100 lr:0.001 train_loss:2.8131 train_time:943865ms step_avg:335.54ms
step:2824/5100 lr:0.001 train_loss:3.4368 train_time:944261ms step_avg:335.56ms
step:2825/5100 lr:0.001 train_loss:3.3448 train_time:944657ms step_avg:335.58ms
step:2826/5100 lr:0.001 train_loss:3.6118 train_time:945052ms step_avg:335.60ms
step:2827/5100 lr:0.001 train_loss:3.5977 train_time:945448ms step_avg:335.62ms
step:2828/5100 lr:0.001 train_loss:3.4931 train_time:945843ms step_avg:335.64ms
step:2829/5100 lr:0.001 train_loss:3.5930 train_time:946240ms step_avg:335.67ms
step:2830/5100 lr:0.001 train_loss:3.5304 train_time:946636ms step_avg:335.69ms
step:2831/5100 lr:0.001 train_loss:3.1857 train_time:947032ms step_avg:335.71ms
step:2832/5100 lr:0.001 train_loss:3.5177 train_time:947428ms step_avg:335.73ms
step:2833/5100 lr:0.001 train_loss:3.5954 train_time:947823ms step_avg:335.75ms
step:2834/5100 lr:0.001 train_loss:3.1689 train_time:948220ms step_avg:335.77ms
step:2835/5100 lr:0.001 train_loss:3.4324 train_time:948616ms step_avg:335.79ms
step:2836/5100 lr:0.001 train_loss:3.4861 train_time:949011ms step_avg:335.81ms
step:2837/5100 lr:0.001 train_loss:3.3996 train_time:949408ms step_avg:335.84ms
step:2838/5100 lr:0.001 train_loss:3.5286 train_time:949804ms step_avg:335.86ms
step:2839/5100 lr:0.001 train_loss:3.4045 train_time:950207ms step_avg:335.88ms
step:2840/5100 lr:0.001 train_loss:3.3922 train_time:950598ms step_avg:335.90ms
step:2841/5100 lr:0.001 train_loss:3.1637 train_time:950993ms step_avg:335.92ms
step:2842/5100 lr:0.001 train_loss:3.6181 train_time:951389ms step_avg:335.94ms
step:2843/5100 lr:0.001 train_loss:3.5205 train_time:951785ms step_avg:335.96ms
step:2844/5100 lr:0.001 train_loss:3.4341 train_time:952181ms step_avg:335.98ms
step:2845/5100 lr:0.001 train_loss:3.3589 train_time:952577ms step_avg:336.01ms
step:2846/5100 lr:0.001 train_loss:3.3803 train_time:952973ms step_avg:336.03ms
step:2847/5100 lr:0.001 train_loss:3.5057 train_time:953369ms step_avg:336.05ms
step:2848/5100 lr:0.001 train_loss:3.3795 train_time:953766ms step_avg:336.07ms
step:2849/5100 lr:0.001 train_loss:3.4685 train_time:954162ms step_avg:336.09ms
step:2850/5100 lr:0.001 train_loss:3.5516 train_time:954758ms step_avg:336.18ms
step:2851/5100 lr:0.001 train_loss:3.4302 train_time:955154ms step_avg:336.20ms
step:2852/5100 lr:0.001 train_loss:3.3836 train_time:955550ms step_avg:336.22ms
step:2853/5100 lr:0.001 train_loss:3.4054 train_time:955946ms step_avg:336.25ms
step:2854/5100 lr:0.001 train_loss:3.8903 train_time:956342ms step_avg:336.27ms
step:2855/5100 lr:0.001 train_loss:3.4049 train_time:956739ms step_avg:336.29ms
step:2856/5100 lr:0.001 train_loss:3.3969 train_time:957134ms step_avg:336.31ms
step:2857/5100 lr:0.001 train_loss:3.5257 train_time:957530ms step_avg:336.33ms
step:2858/5100 lr:0.001 train_loss:3.4096 train_time:958135ms step_avg:336.42ms
step:2859/5100 lr:0.001 train_loss:3.4749 train_time:958531ms step_avg:336.44ms
step:2860/5100 lr:0.001 train_loss:3.4771 train_time:958931ms step_avg:336.47ms
step:2861/5100 lr:0.001 train_loss:3.4584 train_time:959327ms step_avg:336.49ms
step:2862/5100 lr:0.001 train_loss:3.5379 train_time:959723ms step_avg:336.51ms
step:2863/5100 lr:0.001 train_loss:3.5170 train_time:960119ms step_avg:336.53ms
step:2864/5100 lr:0.001 train_loss:3.4560 train_time:960515ms step_avg:336.55ms
step:2865/5100 lr:0.001 train_loss:3.5596 train_time:960911ms step_avg:336.57ms
step:2866/5100 lr:0.001 train_loss:3.3578 train_time:961315ms step_avg:336.59ms
step:2867/5100 lr:0.001 train_loss:3.3825 train_time:961713ms step_avg:336.62ms
step:2868/5100 lr:0.001 train_loss:3.3257 train_time:962104ms step_avg:336.64ms
step:2869/5100 lr:0.001 train_loss:3.5143 train_time:962500ms step_avg:336.66ms
step:2870/5100 lr:0.001 train_loss:3.4110 train_time:962896ms step_avg:336.68ms
step:2871/5100 lr:0.001 train_loss:3.4389 train_time:963291ms step_avg:336.70ms
step:2872/5100 lr:0.001 train_loss:3.5184 train_time:963688ms step_avg:336.72ms
step:2873/5100 lr:0.001 train_loss:3.4267 train_time:964084ms step_avg:336.74ms
step:2874/5100 lr:0.001 train_loss:3.3895 train_time:964479ms step_avg:336.76ms
step:2875/5100 lr:0.001 train_loss:3.5233 train_time:964876ms step_avg:336.78ms
step:2875/5100 val_loss:3.4463 train_time:964891ms step_avg:336.79ms
step:2876/5100 lr:0.001 train_loss:3.2349 train_time:969024ms step_avg:338.11ms
step:2877/5100 lr:0.001 train_loss:3.4238 train_time:969420ms step_avg:338.13ms
step:2878/5100 lr:0.001 train_loss:3.3217 train_time:969816ms step_avg:338.15ms
step:2879/5100 lr:0.001 train_loss:3.4632 train_time:970212ms step_avg:338.17ms
step:2880/5100 lr:0.001 train_loss:3.4550 train_time:970608ms step_avg:338.19ms
step:2881/5100 lr:0.001 train_loss:3.6781 train_time:971004ms step_avg:338.21ms
step:2882/5100 lr:0.001 train_loss:3.5109 train_time:971399ms step_avg:338.23ms
step:2883/5100 lr:0.001 train_loss:3.5042 train_time:971795ms step_avg:338.25ms
step:2884/5100 lr:0.001 train_loss:3.4874 train_time:972190ms step_avg:338.27ms
step:2885/5100 lr:0.001 train_loss:3.3022 train_time:972586ms step_avg:338.29ms
step:2886/5100 lr:0.001 train_loss:3.8775 train_time:972982ms step_avg:338.31ms
step:2887/5100 lr:0.001 train_loss:3.5321 train_time:973377ms step_avg:338.33ms
step:2888/5100 lr:0.001 train_loss:3.4577 train_time:973774ms step_avg:338.35ms
step:2889/5100 lr:0.001 train_loss:3.3141 train_time:974170ms step_avg:338.37ms
step:2890/5100 lr:0.001 train_loss:3.4506 train_time:974565ms step_avg:338.39ms
step:2891/5100 lr:0.001 train_loss:3.5218 train_time:974961ms step_avg:338.41ms
step:2892/5100 lr:0.001 train_loss:3.3211 train_time:975357ms step_avg:338.43ms
step:2893/5100 lr:0.001 train_loss:3.5619 train_time:975753ms step_avg:338.45ms
step:2894/5100 lr:0.001 train_loss:3.4666 train_time:976149ms step_avg:338.47ms
step:2895/5100 lr:0.001 train_loss:3.4931 train_time:976544ms step_avg:338.49ms
step:2896/5100 lr:0.001 train_loss:3.4196 train_time:976941ms step_avg:338.51ms
step:2897/5100 lr:0.001 train_loss:3.5469 train_time:977336ms step_avg:338.53ms
step:2898/5100 lr:0.001 train_loss:3.3347 train_time:977732ms step_avg:338.55ms
step:2899/5100 lr:0.001 train_loss:3.5849 train_time:978129ms step_avg:338.57ms
step:2900/5100 lr:0.001 train_loss:3.2693 train_time:978524ms step_avg:338.59ms
step:2901/5100 lr:0.001 train_loss:3.3606 train_time:978921ms step_avg:338.61ms
step:2902/5100 lr:0.001 train_loss:3.2470 train_time:979316ms step_avg:338.63ms
step:2903/5100 lr:0.001 train_loss:3.4800 train_time:979713ms step_avg:338.65ms
step:2904/5100 lr:0.001 train_loss:3.3027 train_time:980114ms step_avg:338.67ms
step:2905/5100 lr:0.001 train_loss:3.3066 train_time:980533ms step_avg:338.70ms
step:2906/5100 lr:0.001 train_loss:4.8483 train_time:980929ms step_avg:338.72ms
step:2907/5100 lr:0.001 train_loss:3.4549 train_time:981324ms step_avg:338.74ms
step:2908/5100 lr:0.001 train_loss:3.2515 train_time:981720ms step_avg:338.76ms
step:2909/5100 lr:0.001 train_loss:3.3421 train_time:982116ms step_avg:338.78ms
step:2910/5100 lr:0.001 train_loss:3.5022 train_time:982512ms step_avg:338.80ms
step:2911/5100 lr:0.001 train_loss:3.3587 train_time:982908ms step_avg:338.82ms
step:2912/5100 lr:0.001 train_loss:3.5253 train_time:983303ms step_avg:338.84ms
step:2913/5100 lr:0.001 train_loss:3.4275 train_time:983699ms step_avg:338.86ms
step:2914/5100 lr:0.001 train_loss:3.3447 train_time:984095ms step_avg:338.88ms
step:2915/5100 lr:0.001 train_loss:3.5557 train_time:984491ms step_avg:338.90ms
step:2916/5100 lr:0.001 train_loss:3.4562 train_time:984887ms step_avg:338.91ms
step:2917/5100 lr:0.001 train_loss:3.4380 train_time:985283ms step_avg:338.93ms
step:2918/5100 lr:0.001 train_loss:3.3870 train_time:985679ms step_avg:338.95ms
step:2919/5100 lr:0.001 train_loss:3.5526 train_time:986075ms step_avg:338.97ms
step:2920/5100 lr:0.001 train_loss:3.5216 train_time:986472ms step_avg:338.99ms
step:2921/5100 lr:0.001 train_loss:3.4064 train_time:986868ms step_avg:339.01ms
step:2922/5100 lr:0.001 train_loss:3.6526 train_time:987263ms step_avg:339.03ms
step:2923/5100 lr:0.001 train_loss:3.5737 train_time:987659ms step_avg:339.05ms
step:2924/5100 lr:0.001 train_loss:3.4475 train_time:988055ms step_avg:339.07ms
step:2925/5100 lr:0.001 train_loss:3.5235 train_time:988451ms step_avg:339.09ms
step:2926/5100 lr:0.001 train_loss:3.3536 train_time:988847ms step_avg:339.11ms
step:2927/5100 lr:0.001 train_loss:3.4138 train_time:989243ms step_avg:339.13ms
step:2928/5100 lr:0.001 train_loss:3.3624 train_time:989639ms step_avg:339.15ms
step:2929/5100 lr:0.001 train_loss:3.4219 train_time:990034ms step_avg:339.17ms
step:2930/5100 lr:0.001 train_loss:3.6258 train_time:990430ms step_avg:339.19ms
step:2931/5100 lr:0.001 train_loss:3.4194 train_time:990825ms step_avg:339.21ms
step:2932/5100 lr:0.001 train_loss:3.4238 train_time:991221ms step_avg:339.23ms
step:2933/5100 lr:0.001 train_loss:4.0176 train_time:991617ms step_avg:339.25ms
step:2934/5100 lr:0.001 train_loss:3.4912 train_time:992013ms step_avg:339.27ms
step:2935/5100 lr:0.001 train_loss:3.4343 train_time:992409ms step_avg:339.28ms
step:2936/5100 lr:0.001 train_loss:3.4540 train_time:992804ms step_avg:339.30ms
step:2937/5100 lr:0.001 train_loss:3.3421 train_time:993200ms step_avg:339.32ms
step:2938/5100 lr:0.001 train_loss:3.4426 train_time:993596ms step_avg:339.34ms
step:2939/5100 lr:0.001 train_loss:3.7132 train_time:993992ms step_avg:339.36ms
step:2940/5100 lr:0.001 train_loss:3.3766 train_time:994388ms step_avg:339.38ms
step:2941/5100 lr:0.001 train_loss:3.4105 train_time:994783ms step_avg:339.40ms
step:2942/5100 lr:0.001 train_loss:3.5617 train_time:995180ms step_avg:339.42ms
step:2943/5100 lr:0.001 train_loss:3.6419 train_time:995576ms step_avg:339.44ms
step:2944/5100 lr:0.001 train_loss:3.4073 train_time:995972ms step_avg:339.46ms
step:2945/5100 lr:0.001 train_loss:3.4655 train_time:996368ms step_avg:339.48ms
step:2946/5100 lr:0.001 train_loss:3.4643 train_time:996764ms step_avg:339.50ms
step:2947/5100 lr:0.001 train_loss:3.4670 train_time:997160ms step_avg:339.52ms
step:2948/5100 lr:0.001 train_loss:3.3136 train_time:997556ms step_avg:339.54ms
step:2949/5100 lr:0.001 train_loss:3.7238 train_time:997952ms step_avg:339.55ms
step:2950/5100 lr:0.001 train_loss:3.3247 train_time:998348ms step_avg:339.57ms
step:2951/5100 lr:0.001 train_loss:3.6474 train_time:998743ms step_avg:339.59ms
step:2952/5100 lr:0.001 train_loss:3.3429 train_time:999139ms step_avg:339.61ms
step:2953/5100 lr:0.001 train_loss:3.3418 train_time:999535ms step_avg:339.63ms
step:2954/5100 lr:0.001 train_loss:3.1676 train_time:999931ms step_avg:339.65ms
step:2955/5100 lr:0.001 train_loss:3.4515 train_time:1000327ms step_avg:339.67ms
step:2956/5100 lr:0.001 train_loss:3.3951 train_time:1000723ms step_avg:339.69ms
step:2957/5100 lr:0.001 train_loss:3.5279 train_time:1001119ms step_avg:339.71ms
step:2958/5100 lr:0.001 train_loss:3.2675 train_time:1001515ms step_avg:339.73ms
step:2959/5100 lr:0.001 train_loss:3.3818 train_time:1001911ms step_avg:339.75ms
step:2960/5100 lr:0.001 train_loss:3.3557 train_time:1002307ms step_avg:339.76ms
step:2961/5100 lr:0.001 train_loss:3.4709 train_time:1002702ms step_avg:339.78ms
step:2962/5100 lr:0.001 train_loss:3.4613 train_time:1003098ms step_avg:339.80ms
step:2963/5100 lr:0.001 train_loss:3.3611 train_time:1003494ms step_avg:339.82ms
step:2964/5100 lr:0.001 train_loss:3.4936 train_time:1003890ms step_avg:339.84ms
step:2965/5100 lr:0.001 train_loss:3.4332 train_time:1004285ms step_avg:339.86ms
step:2966/5100 lr:0.001 train_loss:3.6224 train_time:1004682ms step_avg:339.88ms
step:2967/5100 lr:0.001 train_loss:3.3898 train_time:1005078ms step_avg:339.90ms
step:2968/5100 lr:0.001 train_loss:3.3249 train_time:1005474ms step_avg:339.92ms
step:2969/5100 lr:0.001 train_loss:3.1878 train_time:1005870ms step_avg:339.94ms
step:2970/5100 lr:0.001 train_loss:3.4376 train_time:1006265ms step_avg:339.95ms
step:2971/5100 lr:0.001 train_loss:3.6261 train_time:1006661ms step_avg:339.97ms
step:2972/5100 lr:0.001 train_loss:3.3394 train_time:1007057ms step_avg:339.99ms
step:2973/5100 lr:0.001 train_loss:3.5207 train_time:1007453ms step_avg:340.01ms
step:2974/5100 lr:0.001 train_loss:3.3965 train_time:1007849ms step_avg:340.03ms
step:2975/5100 lr:0.001 train_loss:3.3682 train_time:1008244ms step_avg:340.05ms
step:2976/5100 lr:0.001 train_loss:3.3185 train_time:1008641ms step_avg:340.07ms
step:2977/5100 lr:0.001 train_loss:3.3755 train_time:1009036ms step_avg:340.09ms
step:2978/5100 lr:0.001 train_loss:3.2465 train_time:1009433ms step_avg:340.11ms
step:2979/5100 lr:0.001 train_loss:3.4049 train_time:1009829ms step_avg:340.12ms
step:2980/5100 lr:0.001 train_loss:3.3431 train_time:1010225ms step_avg:340.14ms
step:2981/5100 lr:0.001 train_loss:3.5600 train_time:1010621ms step_avg:340.16ms
step:2982/5100 lr:0.001 train_loss:3.3318 train_time:1011017ms step_avg:340.18ms
step:2983/5100 lr:0.001 train_loss:3.3585 train_time:1011412ms step_avg:340.20ms
step:2984/5100 lr:0.001 train_loss:3.4416 train_time:1011808ms step_avg:340.22ms
step:2985/5100 lr:0.001 train_loss:3.4467 train_time:1012204ms step_avg:340.24ms
step:2986/5100 lr:0.001 train_loss:3.4837 train_time:1012600ms step_avg:340.26ms
step:2987/5100 lr:0.001 train_loss:3.5291 train_time:1012996ms step_avg:340.27ms
step:2988/5100 lr:0.001 train_loss:3.3660 train_time:1013392ms step_avg:340.29ms
step:2989/5100 lr:0.001 train_loss:3.3909 train_time:1013789ms step_avg:340.31ms
step:2990/5100 lr:0.001 train_loss:3.5430 train_time:1014185ms step_avg:340.33ms
step:2991/5100 lr:0.001 train_loss:3.6874 train_time:1014581ms step_avg:340.35ms
step:2992/5100 lr:0.001 train_loss:3.6001 train_time:1014977ms step_avg:340.37ms
step:2993/5100 lr:0.001 train_loss:3.5343 train_time:1015374ms step_avg:340.39ms
step:2994/5100 lr:0.001 train_loss:3.4175 train_time:1015771ms step_avg:340.41ms
step:2995/5100 lr:0.001 train_loss:3.3214 train_time:1016167ms step_avg:340.42ms
step:2996/5100 lr:0.001 train_loss:3.3113 train_time:1016562ms step_avg:340.44ms
step:2997/5100 lr:0.001 train_loss:3.4967 train_time:1016958ms step_avg:340.46ms
step:2998/5100 lr:0.001 train_loss:3.3979 train_time:1017355ms step_avg:340.48ms
step:2999/5100 lr:0.001 train_loss:3.5386 train_time:1017752ms step_avg:340.50ms
step:3000/5100 lr:0.001 train_loss:3.3477 train_time:1018148ms step_avg:340.52ms
step:3000/5100 val_loss:3.4365 train_time:1018163ms step_avg:340.52ms
step:3001/5100 lr:0.001 train_loss:3.3159 train_time:1022298ms step_avg:341.79ms
step:3002/5100 lr:0.001 train_loss:3.4221 train_time:1022694ms step_avg:341.81ms
step:3003/5100 lr:0.001 train_loss:3.3996 train_time:1023090ms step_avg:341.83ms
step:3004/5100 lr:0.001 train_loss:3.2275 train_time:1023486ms step_avg:341.85ms
step:3005/5100 lr:0.001 train_loss:3.3099 train_time:1023883ms step_avg:341.86ms
step:3006/5100 lr:0.001 train_loss:3.4934 train_time:1024279ms step_avg:341.88ms
step:3007/5100 lr:0.001 train_loss:3.7791 train_time:1024675ms step_avg:341.90ms
step:3008/5100 lr:0.001 train_loss:3.4506 train_time:1025071ms step_avg:341.92ms
step:3009/5100 lr:0.001 train_loss:3.3911 train_time:1025467ms step_avg:341.94ms
step:3010/5100 lr:0.001 train_loss:3.3858 train_time:1025863ms step_avg:341.95ms
step:3011/5100 lr:0.001 train_loss:3.5019 train_time:1026259ms step_avg:341.97ms
step:3012/5100 lr:0.001 train_loss:3.4127 train_time:1026655ms step_avg:341.99ms
step:3013/5100 lr:0.001 train_loss:3.2929 train_time:1027052ms step_avg:342.01ms
step:3014/5100 lr:0.001 train_loss:3.4193 train_time:1027448ms step_avg:342.03ms
step:3015/5100 lr:0.001 train_loss:3.5729 train_time:1027844ms step_avg:342.04ms
step:3016/5100 lr:0.001 train_loss:3.2753 train_time:1028240ms step_avg:342.06ms
step:3017/5100 lr:0.001 train_loss:3.4221 train_time:1028637ms step_avg:342.08ms
step:3018/5100 lr:0.001 train_loss:3.4100 train_time:1029033ms step_avg:342.10ms
step:3019/5100 lr:0.001 train_loss:3.4367 train_time:1029430ms step_avg:342.12ms
step:3020/5100 lr:0.001 train_loss:3.5597 train_time:1029825ms step_avg:342.13ms
step:3021/5100 lr:0.001 train_loss:3.3277 train_time:1030222ms step_avg:342.15ms
step:3022/5100 lr:0.001 train_loss:3.5209 train_time:1030618ms step_avg:342.17ms
step:3023/5100 lr:0.001 train_loss:3.4279 train_time:1031014ms step_avg:342.19ms
step:3024/5100 lr:0.001 train_loss:3.3911 train_time:1031411ms step_avg:342.21ms
step:3025/5100 lr:0.001 train_loss:3.4336 train_time:1031806ms step_avg:342.22ms
step:3026/5100 lr:0.001 train_loss:2.9981 train_time:1032203ms step_avg:342.24ms
step:3027/5100 lr:0.001 train_loss:4.3225 train_time:1032600ms step_avg:342.26ms
step:3028/5100 lr:0.001 train_loss:3.4755 train_time:1032996ms step_avg:342.28ms
step:3029/5100 lr:0.001 train_loss:3.3804 train_time:1033392ms step_avg:342.30ms
step:3030/5100 lr:0.001 train_loss:3.4228 train_time:1033788ms step_avg:342.31ms
step:3031/5100 lr:0.001 train_loss:3.3865 train_time:1034184ms step_avg:342.33ms
step:3032/5100 lr:0.001 train_loss:3.4333 train_time:1034580ms step_avg:342.35ms
step:3033/5100 lr:0.001 train_loss:3.4465 train_time:1034976ms step_avg:342.37ms
step:3034/5100 lr:0.001 train_loss:3.4912 train_time:1035373ms step_avg:342.39ms
step:3035/5100 lr:0.001 train_loss:3.3113 train_time:1035769ms step_avg:342.40ms
step:3036/5100 lr:0.001 train_loss:3.4023 train_time:1036165ms step_avg:342.42ms
step:3037/5100 lr:0.001 train_loss:3.5343 train_time:1036562ms step_avg:342.44ms
step:3038/5100 lr:0.001 train_loss:3.3677 train_time:1036958ms step_avg:342.46ms
step:3039/5100 lr:0.001 train_loss:3.3328 train_time:1037354ms step_avg:342.47ms
step:3040/5100 lr:0.001 train_loss:3.5175 train_time:1037950ms step_avg:342.56ms
step:3041/5100 lr:0.001 train_loss:3.5671 train_time:1038345ms step_avg:342.58ms
step:3042/5100 lr:0.001 train_loss:3.3522 train_time:1038741ms step_avg:342.59ms
step:3043/5100 lr:0.001 train_loss:3.3097 train_time:1039137ms step_avg:342.61ms
step:3044/5100 lr:0.001 train_loss:3.3473 train_time:1039533ms step_avg:342.63ms
step:3045/5100 lr:0.001 train_loss:3.2693 train_time:1039928ms step_avg:342.65ms
step:3046/5100 lr:0.001 train_loss:3.4250 train_time:1040324ms step_avg:342.66ms
step:3047/5100 lr:0.001 train_loss:3.3317 train_time:1040720ms step_avg:342.68ms
step:3048/5100 lr:0.001 train_loss:3.8668 train_time:1041325ms step_avg:342.77ms
step:3049/5100 lr:0.001 train_loss:3.0749 train_time:1041720ms step_avg:342.78ms
step:3050/5100 lr:0.001 train_loss:3.4452 train_time:1042117ms step_avg:342.80ms
step:3051/5100 lr:0.001 train_loss:3.4034 train_time:1042515ms step_avg:342.82ms
step:3052/5100 lr:0.001 train_loss:3.4618 train_time:1042909ms step_avg:342.84ms
step:3053/5100 lr:0.001 train_loss:3.6104 train_time:1043305ms step_avg:342.85ms
step:3054/5100 lr:0.001 train_loss:3.3736 train_time:1043701ms step_avg:342.87ms
step:3055/5100 lr:0.001 train_loss:3.4462 train_time:1044097ms step_avg:342.89ms
step:3056/5100 lr:0.001 train_loss:3.4854 train_time:1044492ms step_avg:342.91ms
step:3057/5100 lr:0.001 train_loss:3.4228 train_time:1044888ms step_avg:342.92ms
step:3058/5100 lr:0.001 train_loss:3.4670 train_time:1045284ms step_avg:342.94ms
step:3059/5100 lr:0.001 train_loss:3.3409 train_time:1045680ms step_avg:342.96ms
step:3060/5100 lr:0.001 train_loss:3.3825 train_time:1046076ms step_avg:342.98ms
step:3061/5100 lr:0.001 train_loss:3.5965 train_time:1046472ms step_avg:342.99ms
step:3062/5100 lr:0.001 train_loss:3.5384 train_time:1046867ms step_avg:343.01ms
step:3063/5100 lr:0.001 train_loss:3.5099 train_time:1047264ms step_avg:343.03ms
step:3064/5100 lr:0.001 train_loss:3.3655 train_time:1047659ms step_avg:343.04ms
step:3065/5100 lr:0.001 train_loss:3.3630 train_time:1048055ms step_avg:343.06ms
step:3066/5100 lr:0.001 train_loss:3.5740 train_time:1048451ms step_avg:343.08ms
step:3067/5100 lr:0.001 train_loss:3.3478 train_time:1048846ms step_avg:343.10ms
step:3068/5100 lr:0.001 train_loss:3.4814 train_time:1049242ms step_avg:343.11ms
step:3069/5100 lr:0.001 train_loss:3.4918 train_time:1049638ms step_avg:343.13ms
step:3070/5100 lr:0.001 train_loss:3.3964 train_time:1050034ms step_avg:343.15ms
step:3071/5100 lr:0.001 train_loss:3.4365 train_time:1050430ms step_avg:343.17ms
step:3072/5100 lr:0.001 train_loss:3.4649 train_time:1050825ms step_avg:343.18ms
step:3073/5100 lr:0.001 train_loss:3.3913 train_time:1051221ms step_avg:343.20ms
step:3074/5100 lr:0.001 train_loss:3.2745 train_time:1051617ms step_avg:343.22ms
step:3075/5100 lr:0.001 train_loss:3.4056 train_time:1052013ms step_avg:343.23ms
step:3076/5100 lr:0.001 train_loss:3.3456 train_time:1052409ms step_avg:343.25ms
step:3077/5100 lr:0.001 train_loss:3.3182 train_time:1052805ms step_avg:343.27ms
step:3078/5100 lr:0.001 train_loss:3.4553 train_time:1053205ms step_avg:343.29ms
step:3079/5100 lr:0.001 train_loss:3.4660 train_time:1053602ms step_avg:343.30ms
step:3080/5100 lr:0.001 train_loss:3.3484 train_time:1053994ms step_avg:343.32ms
step:3081/5100 lr:0.001 train_loss:3.3893 train_time:1054390ms step_avg:343.34ms
step:3082/5100 lr:0.001 train_loss:3.3628 train_time:1054785ms step_avg:343.35ms
step:3083/5100 lr:0.001 train_loss:3.3709 train_time:1055181ms step_avg:343.37ms
step:3084/5100 lr:0.001 train_loss:3.5916 train_time:1055577ms step_avg:343.39ms
step:3085/5100 lr:0.001 train_loss:3.2668 train_time:1055973ms step_avg:343.41ms
step:3086/5100 lr:0.001 train_loss:4.3201 train_time:1056369ms step_avg:343.42ms
step:3087/5100 lr:0.001 train_loss:3.3601 train_time:1056765ms step_avg:343.44ms
step:3088/5100 lr:0.001 train_loss:3.4779 train_time:1057161ms step_avg:343.46ms
step:3089/5100 lr:0.001 train_loss:3.5812 train_time:1057557ms step_avg:343.47ms
step:3090/5100 lr:0.001 train_loss:3.3111 train_time:1057953ms step_avg:343.49ms
step:3091/5100 lr:0.001 train_loss:3.3887 train_time:1058349ms step_avg:343.51ms
step:3092/5100 lr:0.001 train_loss:3.3807 train_time:1058744ms step_avg:343.53ms
step:3093/5100 lr:0.001 train_loss:3.4283 train_time:1059140ms step_avg:343.54ms
step:3094/5100 lr:0.001 train_loss:3.4245 train_time:1059536ms step_avg:343.56ms
step:3095/5100 lr:0.001 train_loss:3.2539 train_time:1059932ms step_avg:343.58ms
step:3096/5100 lr:0.001 train_loss:3.4812 train_time:1060328ms step_avg:343.59ms
step:3097/5100 lr:0.001 train_loss:3.3686 train_time:1060723ms step_avg:343.61ms
step:3098/5100 lr:0.001 train_loss:3.6587 train_time:1061119ms step_avg:343.63ms
step:3099/5100 lr:0.001 train_loss:3.4257 train_time:1061516ms step_avg:343.64ms
step:3100/5100 lr:0.001 train_loss:3.3695 train_time:1061912ms step_avg:343.66ms
step:3101/5100 lr:0.0009995000000000002 train_loss:3.4190 train_time:1062307ms step_avg:343.68ms
step:3102/5100 lr:0.000999 train_loss:3.3622 train_time:1062703ms step_avg:343.69ms
step:3103/5100 lr:0.0009985 train_loss:3.3702 train_time:1063100ms step_avg:343.71ms
step:3104/5100 lr:0.000998 train_loss:3.8290 train_time:1063496ms step_avg:343.73ms
step:3105/5100 lr:0.0009975000000000001 train_loss:3.3834 train_time:1063892ms step_avg:343.75ms
step:3106/5100 lr:0.000997 train_loss:3.4486 train_time:1064288ms step_avg:343.76ms
step:3107/5100 lr:0.0009965 train_loss:3.5320 train_time:1064684ms step_avg:343.78ms
step:3108/5100 lr:0.000996 train_loss:3.4383 train_time:1065088ms step_avg:343.80ms
step:3109/5100 lr:0.0009955 train_loss:3.5250 train_time:1065483ms step_avg:343.82ms
step:3110/5100 lr:0.000995 train_loss:3.3769 train_time:1065873ms step_avg:343.83ms
step:3111/5100 lr:0.0009945000000000002 train_loss:3.9135 train_time:1066268ms step_avg:343.85ms
step:3112/5100 lr:0.000994 train_loss:3.5637 train_time:1066664ms step_avg:343.86ms
step:3113/5100 lr:0.0009935 train_loss:3.0568 train_time:1067060ms step_avg:343.88ms
step:3114/5100 lr:0.000993 train_loss:3.3308 train_time:1067457ms step_avg:343.90ms
step:3115/5100 lr:0.0009925000000000001 train_loss:3.1773 train_time:1067853ms step_avg:343.91ms
step:3116/5100 lr:0.000992 train_loss:3.6184 train_time:1068249ms step_avg:343.93ms
step:3117/5100 lr:0.0009915 train_loss:3.4317 train_time:1068645ms step_avg:343.95ms
step:3118/5100 lr:0.000991 train_loss:3.5965 train_time:1069041ms step_avg:343.96ms
step:3119/5100 lr:0.0009905 train_loss:3.4353 train_time:1069437ms step_avg:343.98ms
step:3120/5100 lr:0.00099 train_loss:3.5297 train_time:1069833ms step_avg:344.00ms
step:3121/5100 lr:0.0009895000000000001 train_loss:3.5323 train_time:1070229ms step_avg:344.01ms
step:3122/5100 lr:0.000989 train_loss:3.4630 train_time:1070624ms step_avg:344.03ms
step:3123/5100 lr:0.0009885 train_loss:3.3272 train_time:1071021ms step_avg:344.05ms
step:3124/5100 lr:0.000988 train_loss:3.3405 train_time:1071416ms step_avg:344.06ms
step:3125/5100 lr:0.0009875 train_loss:3.4218 train_time:1071813ms step_avg:344.08ms
step:3125/5100 val_loss:3.4248 train_time:1071827ms step_avg:344.09ms
step:3126/5100 lr:0.000987 train_loss:3.8586 train_time:1075971ms step_avg:345.31ms
step:3127/5100 lr:0.0009865 train_loss:3.4361 train_time:1076368ms step_avg:345.32ms
step:3128/5100 lr:0.0009860000000000001 train_loss:3.3554 train_time:1076764ms step_avg:345.34ms
step:3129/5100 lr:0.0009855 train_loss:3.5379 train_time:1077160ms step_avg:345.35ms
step:3130/5100 lr:0.000985 train_loss:3.5675 train_time:1077556ms step_avg:345.37ms
step:3131/5100 lr:0.0009845000000000001 train_loss:3.5454 train_time:1077952ms step_avg:345.39ms
step:3132/5100 lr:0.000984 train_loss:3.2683 train_time:1078348ms step_avg:345.40ms
step:3133/5100 lr:0.0009835 train_loss:3.4263 train_time:1078744ms step_avg:345.42ms
step:3134/5100 lr:0.000983 train_loss:3.4187 train_time:1079141ms step_avg:345.44ms
step:3135/5100 lr:0.0009825 train_loss:3.5172 train_time:1079536ms step_avg:345.45ms
step:3136/5100 lr:0.000982 train_loss:3.4455 train_time:1079932ms step_avg:345.47ms
step:3137/5100 lr:0.0009815000000000002 train_loss:3.2150 train_time:1080327ms step_avg:345.48ms
step:3138/5100 lr:0.000981 train_loss:3.2924 train_time:1080723ms step_avg:345.50ms
step:3139/5100 lr:0.0009805 train_loss:3.4475 train_time:1081119ms step_avg:345.52ms
step:3140/5100 lr:0.00098 train_loss:3.4636 train_time:1081515ms step_avg:345.53ms
step:3141/5100 lr:0.0009795000000000001 train_loss:3.2774 train_time:1081911ms step_avg:345.55ms
step:3142/5100 lr:0.000979 train_loss:3.4646 train_time:1082307ms step_avg:345.56ms
step:3143/5100 lr:0.0009785 train_loss:3.2678 train_time:1082703ms step_avg:345.58ms
step:3144/5100 lr:0.000978 train_loss:3.6387 train_time:1083099ms step_avg:345.60ms
step:3145/5100 lr:0.0009775 train_loss:3.8593 train_time:1083494ms step_avg:345.61ms
step:3146/5100 lr:0.000977 train_loss:3.6949 train_time:1084438ms step_avg:345.80ms
step:3147/5100 lr:0.0009765 train_loss:3.3898 train_time:1084834ms step_avg:345.82ms
step:3148/5100 lr:0.000976 train_loss:3.4281 train_time:1085230ms step_avg:345.83ms
step:3149/5100 lr:0.0009755 train_loss:3.3428 train_time:1085626ms step_avg:345.85ms
step:3150/5100 lr:0.000975 train_loss:3.5285 train_time:1086022ms step_avg:345.87ms
step:3151/5100 lr:0.0009745000000000001 train_loss:3.2494 train_time:1086418ms step_avg:345.88ms
step:3152/5100 lr:0.000974 train_loss:3.4751 train_time:1086813ms step_avg:345.90ms
step:3153/5100 lr:0.0009735000000000001 train_loss:3.5792 train_time:1087209ms step_avg:345.91ms
step:3154/5100 lr:0.000973 train_loss:3.4029 train_time:1087605ms step_avg:345.93ms
step:3155/5100 lr:0.0009725000000000001 train_loss:3.6035 train_time:1088001ms step_avg:345.95ms
step:3156/5100 lr:0.000972 train_loss:4.0250 train_time:1088396ms step_avg:345.96ms
step:3157/5100 lr:0.0009715 train_loss:3.3308 train_time:1088793ms step_avg:345.98ms
step:3158/5100 lr:0.000971 train_loss:3.4210 train_time:1089189ms step_avg:345.99ms
step:3159/5100 lr:0.0009705 train_loss:3.5557 train_time:1089585ms step_avg:346.01ms
step:3160/5100 lr:0.0009699999999999999 train_loss:3.3421 train_time:1089981ms step_avg:346.03ms
step:3161/5100 lr:0.0009695000000000001 train_loss:3.4784 train_time:1090377ms step_avg:346.04ms
step:3162/5100 lr:0.000969 train_loss:3.2474 train_time:1090773ms step_avg:346.06ms
step:3163/5100 lr:0.0009685000000000001 train_loss:3.3525 train_time:1091169ms step_avg:346.07ms
step:3164/5100 lr:0.000968 train_loss:3.4541 train_time:1091565ms step_avg:346.09ms
step:3165/5100 lr:0.0009675 train_loss:3.5069 train_time:1091961ms step_avg:346.10ms
step:3166/5100 lr:0.000967 train_loss:3.4108 train_time:1092357ms step_avg:346.12ms
step:3167/5100 lr:0.0009665 train_loss:3.3624 train_time:1092754ms step_avg:346.14ms
step:3168/5100 lr:0.000966 train_loss:3.4805 train_time:1093151ms step_avg:346.15ms
step:3169/5100 lr:0.0009655 train_loss:3.7096 train_time:1093546ms step_avg:346.17ms
step:3170/5100 lr:0.000965 train_loss:3.6345 train_time:1093942ms step_avg:346.18ms
step:3171/5100 lr:0.0009645000000000001 train_loss:3.5103 train_time:1094338ms step_avg:346.20ms
step:3172/5100 lr:0.000964 train_loss:3.4737 train_time:1094733ms step_avg:346.22ms
step:3173/5100 lr:0.0009635000000000001 train_loss:3.4219 train_time:1095129ms step_avg:346.23ms
step:3174/5100 lr:0.000963 train_loss:3.2846 train_time:1095525ms step_avg:346.25ms
step:3175/5100 lr:0.0009625 train_loss:3.2236 train_time:1095921ms step_avg:346.26ms
step:3176/5100 lr:0.000962 train_loss:3.2384 train_time:1096317ms step_avg:346.28ms
step:3177/5100 lr:0.0009615 train_loss:3.4397 train_time:1096712ms step_avg:346.29ms
step:3178/5100 lr:0.0009609999999999999 train_loss:3.2166 train_time:1097108ms step_avg:346.31ms
step:3179/5100 lr:0.0009605000000000001 train_loss:3.4000 train_time:1097504ms step_avg:346.32ms
step:3180/5100 lr:0.00096 train_loss:3.5474 train_time:1097900ms step_avg:346.34ms
step:3181/5100 lr:0.0009595000000000001 train_loss:3.4307 train_time:1098296ms step_avg:346.36ms
step:3182/5100 lr:0.000959 train_loss:3.4707 train_time:1098693ms step_avg:346.37ms
step:3183/5100 lr:0.0009585 train_loss:3.4898 train_time:1099089ms step_avg:346.39ms
step:3184/5100 lr:0.000958 train_loss:3.2972 train_time:1099485ms step_avg:346.40ms
step:3185/5100 lr:0.0009575 train_loss:3.4087 train_time:1099882ms step_avg:346.42ms
step:3186/5100 lr:0.000957 train_loss:3.6362 train_time:1100278ms step_avg:346.44ms
step:3187/5100 lr:0.0009565 train_loss:3.4155 train_time:1100674ms step_avg:346.45ms
step:3188/5100 lr:0.0009559999999999999 train_loss:3.3880 train_time:1101070ms step_avg:346.47ms
step:3189/5100 lr:0.0009555000000000001 train_loss:3.3586 train_time:1101466ms step_avg:346.48ms
step:3190/5100 lr:0.000955 train_loss:3.5421 train_time:1101863ms step_avg:346.50ms
step:3191/5100 lr:0.0009545 train_loss:3.4899 train_time:1102259ms step_avg:346.51ms
step:3192/5100 lr:0.000954 train_loss:3.3847 train_time:1102655ms step_avg:346.53ms
step:3193/5100 lr:0.0009535 train_loss:3.5886 train_time:1103051ms step_avg:346.54ms
step:3194/5100 lr:0.000953 train_loss:3.5146 train_time:1103447ms step_avg:346.56ms
step:3195/5100 lr:0.0009525 train_loss:3.3180 train_time:1103843ms step_avg:346.58ms
step:3196/5100 lr:0.0009519999999999999 train_loss:3.7485 train_time:1104239ms step_avg:346.59ms
step:3197/5100 lr:0.0009515 train_loss:3.4008 train_time:1104635ms step_avg:346.61ms
step:3198/5100 lr:0.000951 train_loss:3.3327 train_time:1105030ms step_avg:346.62ms
step:3199/5100 lr:0.0009505000000000001 train_loss:3.3609 train_time:1105426ms step_avg:346.64ms
step:3200/5100 lr:0.00095 train_loss:3.3115 train_time:1105822ms step_avg:346.65ms
step:3201/5100 lr:0.0009495 train_loss:4.0696 train_time:1106218ms step_avg:346.67ms
step:3202/5100 lr:0.000949 train_loss:3.4319 train_time:1106614ms step_avg:346.68ms
step:3203/5100 lr:0.0009485 train_loss:3.2142 train_time:1107010ms step_avg:346.70ms
step:3204/5100 lr:0.000948 train_loss:3.4050 train_time:1107405ms step_avg:346.71ms
step:3205/5100 lr:0.0009475 train_loss:3.2120 train_time:1107801ms step_avg:346.73ms
step:3206/5100 lr:0.0009469999999999999 train_loss:3.2484 train_time:1108197ms step_avg:346.75ms
step:3207/5100 lr:0.0009465000000000001 train_loss:3.2076 train_time:1108593ms step_avg:346.76ms
step:3208/5100 lr:0.000946 train_loss:3.3800 train_time:1108989ms step_avg:346.78ms
step:3209/5100 lr:0.0009455 train_loss:3.4296 train_time:1109386ms step_avg:346.79ms
step:3210/5100 lr:0.000945 train_loss:3.3240 train_time:1109782ms step_avg:346.81ms
step:3211/5100 lr:0.0009445 train_loss:3.3407 train_time:1110177ms step_avg:346.82ms
step:3212/5100 lr:0.000944 train_loss:3.4076 train_time:1110573ms step_avg:346.84ms
step:3213/5100 lr:0.0009435 train_loss:3.6664 train_time:1110969ms step_avg:346.85ms
step:3214/5100 lr:0.0009429999999999999 train_loss:3.1670 train_time:1111365ms step_avg:346.87ms
step:3215/5100 lr:0.0009425 train_loss:3.5760 train_time:1111762ms step_avg:346.88ms
step:3216/5100 lr:0.000942 train_loss:3.5201 train_time:1112157ms step_avg:346.90ms
step:3217/5100 lr:0.0009415000000000001 train_loss:3.5703 train_time:1112554ms step_avg:346.91ms
step:3218/5100 lr:0.000941 train_loss:3.2820 train_time:1112950ms step_avg:346.93ms
step:3219/5100 lr:0.0009405 train_loss:3.2394 train_time:1113345ms step_avg:346.94ms
step:3220/5100 lr:0.00094 train_loss:3.3021 train_time:1113741ms step_avg:346.96ms
step:3221/5100 lr:0.0009395 train_loss:3.7199 train_time:1114137ms step_avg:346.98ms
step:3222/5100 lr:0.000939 train_loss:3.1936 train_time:1114533ms step_avg:346.99ms
step:3223/5100 lr:0.0009385 train_loss:3.3880 train_time:1114929ms step_avg:347.01ms
step:3224/5100 lr:0.0009379999999999999 train_loss:3.3090 train_time:1115325ms step_avg:347.02ms
step:3225/5100 lr:0.0009375 train_loss:3.3662 train_time:1115721ms step_avg:347.04ms
step:3226/5100 lr:0.0009370000000000001 train_loss:3.3903 train_time:1116117ms step_avg:347.05ms
step:3227/5100 lr:0.0009365 train_loss:3.5694 train_time:1116513ms step_avg:347.07ms
step:3228/5100 lr:0.0009360000000000001 train_loss:3.4917 train_time:1116909ms step_avg:347.08ms
step:3229/5100 lr:0.0009355 train_loss:3.3791 train_time:1117311ms step_avg:347.10ms
step:3230/5100 lr:0.0009350000000000001 train_loss:3.3183 train_time:1117904ms step_avg:347.18ms
step:3231/5100 lr:0.0009345 train_loss:3.2910 train_time:1118299ms step_avg:347.19ms
step:3232/5100 lr:0.000934 train_loss:3.2682 train_time:1118695ms step_avg:347.21ms
step:3233/5100 lr:0.0009335 train_loss:3.4016 train_time:1119091ms step_avg:347.22ms
step:3234/5100 lr:0.000933 train_loss:3.2389 train_time:1119486ms step_avg:347.24ms
step:3235/5100 lr:0.0009325000000000001 train_loss:3.3167 train_time:1119883ms step_avg:347.25ms
step:3236/5100 lr:0.0009320000000000001 train_loss:3.4270 train_time:1120279ms step_avg:347.27ms
step:3237/5100 lr:0.0009315 train_loss:3.2400 train_time:1120675ms step_avg:347.28ms
step:3238/5100 lr:0.0009310000000000001 train_loss:3.1614 train_time:1121072ms step_avg:347.30ms
step:3239/5100 lr:0.0009305 train_loss:3.4741 train_time:1121676ms step_avg:347.38ms
step:3240/5100 lr:0.00093 train_loss:4.0617 train_time:1122072ms step_avg:347.39ms
step:3241/5100 lr:0.0009295 train_loss:3.4391 train_time:1122468ms step_avg:347.41ms
step:3242/5100 lr:0.000929 train_loss:3.2894 train_time:1122863ms step_avg:347.42ms
step:3243/5100 lr:0.0009285 train_loss:3.3961 train_time:1123259ms step_avg:347.44ms
step:3244/5100 lr:0.0009280000000000001 train_loss:3.4093 train_time:1123655ms step_avg:347.45ms
step:3245/5100 lr:0.0009275 train_loss:3.4574 train_time:1124051ms step_avg:347.47ms
step:3246/5100 lr:0.0009270000000000001 train_loss:3.4701 train_time:1124447ms step_avg:347.48ms
step:3247/5100 lr:0.0009265 train_loss:3.2391 train_time:1124843ms step_avg:347.50ms
step:3248/5100 lr:0.0009260000000000001 train_loss:2.9712 train_time:1125239ms step_avg:347.51ms
step:3249/5100 lr:0.0009255 train_loss:3.4930 train_time:1125635ms step_avg:347.53ms
step:3250/5100 lr:0.000925 train_loss:3.2444 train_time:1126031ms step_avg:347.54ms
step:3250/5100 val_loss:3.4057 train_time:1126046ms step_avg:347.55ms
step:3251/5100 lr:0.0009245 train_loss:3.4402 train_time:1130202ms step_avg:348.72ms
step:3252/5100 lr:0.000924 train_loss:3.4096 train_time:1130598ms step_avg:348.73ms
step:3253/5100 lr:0.0009235000000000001 train_loss:3.4941 train_time:1130994ms step_avg:348.75ms
step:3254/5100 lr:0.0009230000000000001 train_loss:3.3614 train_time:1131390ms step_avg:348.76ms
step:3255/5100 lr:0.0009225 train_loss:3.5392 train_time:1131785ms step_avg:348.78ms
step:3256/5100 lr:0.0009220000000000001 train_loss:3.2802 train_time:1132182ms step_avg:348.79ms
step:3257/5100 lr:0.0009215 train_loss:3.4695 train_time:1132579ms step_avg:348.81ms
step:3258/5100 lr:0.000921 train_loss:3.5585 train_time:1132974ms step_avg:348.82ms
step:3259/5100 lr:0.0009205 train_loss:3.4551 train_time:1133369ms step_avg:348.84ms
step:3260/5100 lr:0.00092 train_loss:3.4186 train_time:1133765ms step_avg:348.85ms
step:3261/5100 lr:0.0009195 train_loss:3.4156 train_time:1134161ms step_avg:348.87ms
step:3262/5100 lr:0.0009190000000000001 train_loss:3.4077 train_time:1134556ms step_avg:348.88ms
step:3263/5100 lr:0.0009185 train_loss:3.5760 train_time:1134952ms step_avg:348.89ms
step:3264/5100 lr:0.0009180000000000001 train_loss:3.3659 train_time:1135348ms step_avg:348.91ms
step:3265/5100 lr:0.0009175 train_loss:3.4063 train_time:1135744ms step_avg:348.92ms
step:3266/5100 lr:0.0009170000000000001 train_loss:3.4072 train_time:1136139ms step_avg:348.94ms
step:3267/5100 lr:0.0009165 train_loss:3.3104 train_time:1136535ms step_avg:348.95ms
step:3268/5100 lr:0.000916 train_loss:3.3203 train_time:1136931ms step_avg:348.97ms
step:3269/5100 lr:0.0009155 train_loss:3.4990 train_time:1137327ms step_avg:348.98ms
step:3270/5100 lr:0.000915 train_loss:3.4849 train_time:1137723ms step_avg:348.99ms
step:3271/5100 lr:0.0009145 train_loss:3.2544 train_time:1138119ms step_avg:349.01ms
step:3272/5100 lr:0.0009140000000000001 train_loss:3.4475 train_time:1138514ms step_avg:349.02ms
step:3273/5100 lr:0.0009135 train_loss:3.4862 train_time:1138909ms step_avg:349.04ms
step:3274/5100 lr:0.0009130000000000001 train_loss:3.5499 train_time:1139305ms step_avg:349.05ms
step:3275/5100 lr:0.0009125 train_loss:3.1481 train_time:1139701ms step_avg:349.07ms
step:3276/5100 lr:0.000912 train_loss:3.3228 train_time:1140096ms step_avg:349.08ms
step:3277/5100 lr:0.0009115 train_loss:3.5199 train_time:1140492ms step_avg:349.09ms
step:3278/5100 lr:0.000911 train_loss:3.3920 train_time:1140888ms step_avg:349.11ms
step:3279/5100 lr:0.0009105 train_loss:3.3276 train_time:1141283ms step_avg:349.12ms
step:3280/5100 lr:0.00091 train_loss:3.6204 train_time:1141679ms step_avg:349.14ms
step:3281/5100 lr:0.0009095 train_loss:3.4085 train_time:1142074ms step_avg:349.15ms
step:3282/5100 lr:0.0009090000000000001 train_loss:3.5616 train_time:1142470ms step_avg:349.17ms
step:3283/5100 lr:0.0009085 train_loss:3.2150 train_time:1142866ms step_avg:349.18ms
step:3284/5100 lr:0.0009080000000000001 train_loss:3.3170 train_time:1143261ms step_avg:349.19ms
step:3285/5100 lr:0.0009075 train_loss:3.2536 train_time:1143657ms step_avg:349.21ms
step:3286/5100 lr:0.000907 train_loss:3.3060 train_time:1144052ms step_avg:349.22ms
step:3287/5100 lr:0.0009065 train_loss:3.3100 train_time:1144448ms step_avg:349.24ms
step:3288/5100 lr:0.000906 train_loss:3.5349 train_time:1144843ms step_avg:349.25ms
step:3289/5100 lr:0.0009055 train_loss:3.1627 train_time:1145239ms step_avg:349.26ms
step:3290/5100 lr:0.0009050000000000001 train_loss:3.3072 train_time:1145634ms step_avg:349.28ms
step:3291/5100 lr:0.0009045 train_loss:3.3651 train_time:1146030ms step_avg:349.29ms
step:3292/5100 lr:0.0009040000000000001 train_loss:3.6945 train_time:1146426ms step_avg:349.31ms
step:3293/5100 lr:0.0009035 train_loss:2.9894 train_time:1146823ms step_avg:349.32ms
step:3294/5100 lr:0.000903 train_loss:3.7092 train_time:1147219ms step_avg:349.34ms
step:3295/5100 lr:0.0009025 train_loss:3.3108 train_time:1147613ms step_avg:349.35ms
step:3296/5100 lr:0.000902 train_loss:3.1786 train_time:1148009ms step_avg:349.36ms
step:3297/5100 lr:0.0009015 train_loss:3.5614 train_time:1148406ms step_avg:349.38ms
step:3298/5100 lr:0.000901 train_loss:3.5700 train_time:1148802ms step_avg:349.39ms
step:3299/5100 lr:0.0009004999999999999 train_loss:3.3452 train_time:1149198ms step_avg:349.41ms
step:3300/5100 lr:0.0009000000000000001 train_loss:3.5119 train_time:1149593ms step_avg:349.42ms
step:3301/5100 lr:0.0008995 train_loss:3.3596 train_time:1149989ms step_avg:349.43ms
step:3302/5100 lr:0.0008990000000000001 train_loss:3.4033 train_time:1150385ms step_avg:349.45ms
step:3303/5100 lr:0.0008985 train_loss:3.3706 train_time:1150781ms step_avg:349.46ms
step:3304/5100 lr:0.000898 train_loss:3.2790 train_time:1151177ms step_avg:349.48ms
step:3305/5100 lr:0.0008975 train_loss:3.3845 train_time:1151572ms step_avg:349.49ms
step:3306/5100 lr:0.000897 train_loss:3.5524 train_time:1151968ms step_avg:349.50ms
step:3307/5100 lr:0.0008964999999999999 train_loss:3.4438 train_time:1152364ms step_avg:349.52ms
step:3308/5100 lr:0.000896 train_loss:3.4105 train_time:1152759ms step_avg:349.53ms
step:3309/5100 lr:0.0008955 train_loss:3.3313 train_time:1153154ms step_avg:349.55ms
step:3310/5100 lr:0.0008950000000000001 train_loss:3.4321 train_time:1153551ms step_avg:349.56ms
step:3311/5100 lr:0.0008945 train_loss:3.3351 train_time:1153947ms step_avg:349.58ms
step:3312/5100 lr:0.000894 train_loss:3.4679 train_time:1154343ms step_avg:349.59ms
step:3313/5100 lr:0.0008935 train_loss:3.5395 train_time:1154739ms step_avg:349.60ms
step:3314/5100 lr:0.000893 train_loss:3.4391 train_time:1155134ms step_avg:349.62ms
step:3315/5100 lr:0.0008925 train_loss:3.3186 train_time:1155529ms step_avg:349.63ms
step:3316/5100 lr:0.000892 train_loss:3.3620 train_time:1155925ms step_avg:349.64ms
step:3317/5100 lr:0.0008914999999999999 train_loss:3.3785 train_time:1156322ms step_avg:349.66ms
step:3318/5100 lr:0.0008910000000000001 train_loss:3.3609 train_time:1156718ms step_avg:349.67ms
step:3319/5100 lr:0.0008905 train_loss:3.2822 train_time:1157113ms step_avg:349.69ms
step:3320/5100 lr:0.0008900000000000001 train_loss:3.9337 train_time:1157509ms step_avg:349.70ms
step:3321/5100 lr:0.0008895 train_loss:3.3540 train_time:1157905ms step_avg:349.71ms
step:3322/5100 lr:0.000889 train_loss:3.4496 train_time:1158301ms step_avg:349.73ms
step:3323/5100 lr:0.0008885 train_loss:3.1548 train_time:1158697ms step_avg:349.74ms
step:3324/5100 lr:0.000888 train_loss:3.3120 train_time:1159092ms step_avg:349.76ms
step:3325/5100 lr:0.0008874999999999999 train_loss:3.6202 train_time:1159488ms step_avg:349.77ms
step:3326/5100 lr:0.000887 train_loss:3.1957 train_time:1159883ms step_avg:349.78ms
step:3327/5100 lr:0.0008865 train_loss:3.6408 train_time:1160279ms step_avg:349.80ms
step:3328/5100 lr:0.0008860000000000001 train_loss:3.4079 train_time:1160674ms step_avg:349.81ms
step:3329/5100 lr:0.0008855 train_loss:3.3481 train_time:1161070ms step_avg:349.83ms
step:3330/5100 lr:0.000885 train_loss:3.4884 train_time:1161466ms step_avg:349.84ms
step:3331/5100 lr:0.0008845 train_loss:3.2872 train_time:1161862ms step_avg:349.85ms
step:3332/5100 lr:0.000884 train_loss:3.2566 train_time:1162257ms step_avg:349.87ms
step:3333/5100 lr:0.0008835 train_loss:3.3720 train_time:1162653ms step_avg:349.88ms
step:3334/5100 lr:0.000883 train_loss:3.3910 train_time:1163049ms step_avg:349.89ms
step:3335/5100 lr:0.0008824999999999999 train_loss:3.4895 train_time:1163445ms step_avg:349.91ms
step:3336/5100 lr:0.000882 train_loss:3.4995 train_time:1163840ms step_avg:349.92ms
step:3337/5100 lr:0.0008815 train_loss:3.8153 train_time:1164236ms step_avg:349.94ms
step:3338/5100 lr:0.0008810000000000001 train_loss:3.3257 train_time:1164632ms step_avg:349.95ms
step:3339/5100 lr:0.0008805 train_loss:3.3266 train_time:1165028ms step_avg:349.96ms
step:3340/5100 lr:0.00088 train_loss:3.4503 train_time:1165424ms step_avg:349.98ms
step:3341/5100 lr:0.0008795 train_loss:3.4020 train_time:1165820ms step_avg:349.99ms
step:3342/5100 lr:0.000879 train_loss:3.2693 train_time:1166216ms step_avg:350.00ms
step:3343/5100 lr:0.0008784999999999999 train_loss:3.3012 train_time:1166611ms step_avg:350.02ms
step:3344/5100 lr:0.000878 train_loss:3.4944 train_time:1167007ms step_avg:350.03ms
step:3345/5100 lr:0.0008774999999999999 train_loss:3.3421 train_time:1167403ms step_avg:350.05ms
step:3346/5100 lr:0.0008770000000000001 train_loss:3.5015 train_time:1167799ms step_avg:350.06ms
step:3347/5100 lr:0.0008765 train_loss:3.4157 train_time:1168195ms step_avg:350.07ms
step:3348/5100 lr:0.000876 train_loss:3.4536 train_time:1168591ms step_avg:350.09ms
step:3349/5100 lr:0.0008755 train_loss:3.4373 train_time:1168987ms step_avg:350.10ms
step:3350/5100 lr:0.000875 train_loss:3.2942 train_time:1169383ms step_avg:350.11ms
step:3351/5100 lr:0.0008745000000000001 train_loss:3.3671 train_time:1169780ms step_avg:350.13ms
step:3352/5100 lr:0.000874 train_loss:3.3828 train_time:1170175ms step_avg:350.14ms
step:3353/5100 lr:0.0008735 train_loss:3.3567 train_time:1170571ms step_avg:350.16ms
step:3354/5100 lr:0.000873 train_loss:3.5519 train_time:1170966ms step_avg:350.17ms
step:3355/5100 lr:0.0008725000000000001 train_loss:3.3872 train_time:1171363ms step_avg:350.18ms
step:3356/5100 lr:0.000872 train_loss:3.4783 train_time:1171760ms step_avg:350.20ms
step:3357/5100 lr:0.0008715000000000001 train_loss:3.4111 train_time:1172155ms step_avg:350.21ms
step:3358/5100 lr:0.000871 train_loss:3.2666 train_time:1172550ms step_avg:350.22ms
step:3359/5100 lr:0.0008705000000000001 train_loss:3.3991 train_time:1172946ms step_avg:350.24ms
step:3360/5100 lr:0.00087 train_loss:3.4229 train_time:1173342ms step_avg:350.25ms
step:3361/5100 lr:0.0008695 train_loss:3.6196 train_time:1173738ms step_avg:350.26ms
step:3362/5100 lr:0.000869 train_loss:3.4120 train_time:1174133ms step_avg:350.28ms
step:3363/5100 lr:0.0008685 train_loss:3.3027 train_time:1174529ms step_avg:350.29ms
step:3364/5100 lr:0.0008680000000000001 train_loss:3.3397 train_time:1174925ms step_avg:350.31ms
step:3365/5100 lr:0.0008675000000000001 train_loss:3.3498 train_time:1175320ms step_avg:350.32ms
step:3366/5100 lr:0.000867 train_loss:3.4080 train_time:1175716ms step_avg:350.33ms
step:3367/5100 lr:0.0008665000000000001 train_loss:3.5541 train_time:1176112ms step_avg:350.35ms
step:3368/5100 lr:0.000866 train_loss:3.1215 train_time:1176508ms step_avg:350.36ms
step:3369/5100 lr:0.0008655000000000001 train_loss:3.4443 train_time:1176904ms step_avg:350.37ms
step:3370/5100 lr:0.000865 train_loss:3.3149 train_time:1177300ms step_avg:350.39ms
step:3371/5100 lr:0.0008645 train_loss:3.3548 train_time:1177696ms step_avg:350.40ms
step:3372/5100 lr:0.000864 train_loss:3.3935 train_time:1178091ms step_avg:350.41ms
step:3373/5100 lr:0.0008635 train_loss:4.0236 train_time:1178488ms step_avg:350.43ms
step:3374/5100 lr:0.000863 train_loss:3.6059 train_time:1178884ms step_avg:350.44ms
step:3375/5100 lr:0.0008625000000000001 train_loss:3.5019 train_time:1179280ms step_avg:350.45ms
step:3375/5100 val_loss:3.3955 train_time:1179294ms step_avg:350.46ms
step:3376/5100 lr:0.000862 train_loss:3.3328 train_time:1183496ms step_avg:351.60ms
step:3377/5100 lr:0.0008615000000000001 train_loss:3.4728 train_time:1183892ms step_avg:351.62ms
step:3378/5100 lr:0.000861 train_loss:3.4816 train_time:1184288ms step_avg:351.63ms
step:3379/5100 lr:0.0008605 train_loss:3.4155 train_time:1184684ms step_avg:351.64ms
step:3380/5100 lr:0.00086 train_loss:3.4472 train_time:1185079ms step_avg:351.66ms
step:3381/5100 lr:0.0008595 train_loss:3.4124 train_time:1185475ms step_avg:351.67ms
step:3382/5100 lr:0.000859 train_loss:3.2984 train_time:1185872ms step_avg:351.68ms
step:3383/5100 lr:0.0008585000000000001 train_loss:3.4172 train_time:1186268ms step_avg:351.70ms
step:3384/5100 lr:0.000858 train_loss:3.3952 train_time:1186664ms step_avg:351.71ms
step:3385/5100 lr:0.0008575000000000001 train_loss:3.4392 train_time:1187059ms step_avg:351.72ms
step:3386/5100 lr:0.000857 train_loss:3.4254 train_time:1187455ms step_avg:351.73ms
step:3387/5100 lr:0.0008565000000000001 train_loss:3.2619 train_time:1187851ms step_avg:351.75ms
step:3388/5100 lr:0.000856 train_loss:3.4168 train_time:1188246ms step_avg:351.76ms
step:3389/5100 lr:0.0008555 train_loss:3.3416 train_time:1188642ms step_avg:351.77ms
step:3390/5100 lr:0.000855 train_loss:3.3752 train_time:1189038ms step_avg:351.79ms
step:3391/5100 lr:0.0008545 train_loss:3.3018 train_time:1189434ms step_avg:351.80ms
step:3392/5100 lr:0.000854 train_loss:3.4637 train_time:1189830ms step_avg:351.81ms
step:3393/5100 lr:0.0008535000000000001 train_loss:3.2990 train_time:1190226ms step_avg:351.83ms
step:3394/5100 lr:0.000853 train_loss:3.2565 train_time:1190621ms step_avg:351.84ms
step:3395/5100 lr:0.0008525000000000001 train_loss:3.3917 train_time:1191017ms step_avg:351.85ms
step:3396/5100 lr:0.000852 train_loss:3.4369 train_time:1191413ms step_avg:351.86ms
step:3397/5100 lr:0.0008515 train_loss:3.4651 train_time:1191810ms step_avg:351.88ms
step:3398/5100 lr:0.000851 train_loss:3.4399 train_time:1192207ms step_avg:351.89ms
step:3399/5100 lr:0.0008505 train_loss:3.3144 train_time:1192606ms step_avg:351.90ms
step:3400/5100 lr:0.00085 train_loss:3.3881 train_time:1192997ms step_avg:351.92ms
step:3401/5100 lr:0.0008495000000000001 train_loss:3.5997 train_time:1193393ms step_avg:351.93ms
step:3402/5100 lr:0.000849 train_loss:4.0203 train_time:1193789ms step_avg:351.94ms
step:3403/5100 lr:0.0008485000000000001 train_loss:3.5404 train_time:1194184ms step_avg:351.96ms
step:3404/5100 lr:0.000848 train_loss:3.1960 train_time:1194580ms step_avg:351.97ms
step:3405/5100 lr:0.0008475000000000001 train_loss:3.6228 train_time:1194976ms step_avg:351.98ms
step:3406/5100 lr:0.000847 train_loss:3.2517 train_time:1195372ms step_avg:351.99ms
step:3407/5100 lr:0.0008465 train_loss:3.4425 train_time:1195768ms step_avg:352.01ms
step:3408/5100 lr:0.000846 train_loss:3.2814 train_time:1196164ms step_avg:352.02ms
step:3409/5100 lr:0.0008455 train_loss:3.3383 train_time:1196560ms step_avg:352.03ms
step:3410/5100 lr:0.0008449999999999999 train_loss:3.2827 train_time:1196956ms step_avg:352.05ms
step:3411/5100 lr:0.0008445000000000001 train_loss:3.4809 train_time:1197352ms step_avg:352.06ms
step:3412/5100 lr:0.000844 train_loss:3.2968 train_time:1197748ms step_avg:352.07ms
step:3413/5100 lr:0.0008435000000000001 train_loss:3.5157 train_time:1198144ms step_avg:352.08ms
step:3414/5100 lr:0.000843 train_loss:3.3150 train_time:1198540ms step_avg:352.10ms
step:3415/5100 lr:0.0008425 train_loss:3.4164 train_time:1198936ms step_avg:352.11ms
step:3416/5100 lr:0.000842 train_loss:3.3229 train_time:1199333ms step_avg:352.12ms
step:3417/5100 lr:0.0008415 train_loss:3.4774 train_time:1199728ms step_avg:352.14ms
step:3418/5100 lr:0.000841 train_loss:3.3455 train_time:1200124ms step_avg:352.15ms
step:3419/5100 lr:0.0008405 train_loss:3.1035 train_time:1200521ms step_avg:352.16ms
step:3420/5100 lr:0.00084 train_loss:3.2827 train_time:1201117ms step_avg:352.23ms
step:3421/5100 lr:0.0008395000000000001 train_loss:3.4396 train_time:1201513ms step_avg:352.25ms
step:3422/5100 lr:0.000839 train_loss:3.3229 train_time:1201908ms step_avg:352.26ms
step:3423/5100 lr:0.0008385 train_loss:3.3868 train_time:1202304ms step_avg:352.27ms
step:3424/5100 lr:0.000838 train_loss:3.4039 train_time:1202700ms step_avg:352.28ms
step:3425/5100 lr:0.0008375 train_loss:3.5748 train_time:1203096ms step_avg:352.30ms
step:3426/5100 lr:0.000837 train_loss:3.3314 train_time:1203500ms step_avg:352.31ms
step:3427/5100 lr:0.0008365 train_loss:3.3821 train_time:1203892ms step_avg:352.32ms
step:3428/5100 lr:0.0008359999999999999 train_loss:3.3122 train_time:1204836ms step_avg:352.50ms
step:3429/5100 lr:0.0008355000000000001 train_loss:3.4232 train_time:1205444ms step_avg:352.57ms
step:3430/5100 lr:0.000835 train_loss:3.3590 train_time:1205841ms step_avg:352.59ms
step:3431/5100 lr:0.0008345000000000001 train_loss:3.2762 train_time:1206238ms step_avg:352.60ms
step:3432/5100 lr:0.000834 train_loss:3.5556 train_time:1206635ms step_avg:352.61ms
step:3433/5100 lr:0.0008335 train_loss:3.6836 train_time:1207031ms step_avg:352.62ms
step:3434/5100 lr:0.000833 train_loss:3.4068 train_time:1207427ms step_avg:352.64ms
step:3435/5100 lr:0.0008325 train_loss:3.3893 train_time:1207823ms step_avg:352.65ms
step:3436/5100 lr:0.000832 train_loss:3.3789 train_time:1208220ms step_avg:352.66ms
step:3437/5100 lr:0.0008315 train_loss:3.2843 train_time:1208615ms step_avg:352.67ms
step:3438/5100 lr:0.0008309999999999999 train_loss:3.3390 train_time:1209012ms step_avg:352.69ms
step:3439/5100 lr:0.0008305000000000001 train_loss:3.4469 train_time:1209408ms step_avg:352.70ms
step:3440/5100 lr:0.00083 train_loss:3.5876 train_time:1209804ms step_avg:352.71ms
step:3441/5100 lr:0.0008295 train_loss:3.2960 train_time:1210200ms step_avg:352.73ms
step:3442/5100 lr:0.000829 train_loss:3.6500 train_time:1210595ms step_avg:352.74ms
step:3443/5100 lr:0.0008285 train_loss:3.4478 train_time:1210991ms step_avg:352.75ms
step:3444/5100 lr:0.000828 train_loss:3.2812 train_time:1211387ms step_avg:352.76ms
step:3445/5100 lr:0.0008275 train_loss:3.3056 train_time:1211782ms step_avg:352.77ms
step:3446/5100 lr:0.0008269999999999999 train_loss:3.3690 train_time:1212178ms step_avg:352.79ms
step:3447/5100 lr:0.0008265 train_loss:3.5126 train_time:1212574ms step_avg:352.80ms
step:3448/5100 lr:0.000826 train_loss:3.2644 train_time:1212970ms step_avg:352.81ms
step:3449/5100 lr:0.0008255000000000001 train_loss:3.5015 train_time:1213366ms step_avg:352.83ms
step:3450/5100 lr:0.000825 train_loss:3.3686 train_time:1213762ms step_avg:352.84ms
step:3451/5100 lr:0.0008245 train_loss:3.5378 train_time:1214158ms step_avg:352.85ms
step:3452/5100 lr:0.000824 train_loss:3.4692 train_time:1214554ms step_avg:352.86ms
step:3453/5100 lr:0.0008235 train_loss:3.3718 train_time:1214950ms step_avg:352.88ms
step:3454/5100 lr:0.000823 train_loss:3.2758 train_time:1215345ms step_avg:352.89ms
step:3455/5100 lr:0.0008225 train_loss:3.6448 train_time:1215741ms step_avg:352.90ms
step:3456/5100 lr:0.0008219999999999999 train_loss:3.4125 train_time:1216137ms step_avg:352.91ms
step:3457/5100 lr:0.0008215000000000001 train_loss:3.2597 train_time:1216532ms step_avg:352.92ms
step:3458/5100 lr:0.000821 train_loss:3.5655 train_time:1216928ms step_avg:352.94ms
step:3459/5100 lr:0.0008205 train_loss:3.5370 train_time:1217324ms step_avg:352.95ms
step:3460/5100 lr:0.00082 train_loss:3.4712 train_time:1217721ms step_avg:352.96ms
step:3461/5100 lr:0.0008195 train_loss:3.2945 train_time:1218116ms step_avg:352.97ms
step:3462/5100 lr:0.000819 train_loss:3.6176 train_time:1218512ms step_avg:352.99ms
step:3463/5100 lr:0.0008185 train_loss:3.1907 train_time:1218911ms step_avg:353.00ms
step:3464/5100 lr:0.0008179999999999999 train_loss:3.5437 train_time:1219303ms step_avg:353.01ms
step:3465/5100 lr:0.0008175 train_loss:3.3305 train_time:1219699ms step_avg:353.02ms
step:3466/5100 lr:0.000817 train_loss:3.4304 train_time:1220095ms step_avg:353.04ms
step:3467/5100 lr:0.0008165000000000001 train_loss:3.4590 train_time:1220491ms step_avg:353.05ms
step:3468/5100 lr:0.000816 train_loss:3.3087 train_time:1220886ms step_avg:353.06ms
step:3469/5100 lr:0.0008155 train_loss:3.4024 train_time:1221282ms step_avg:353.07ms
step:3470/5100 lr:0.000815 train_loss:3.3864 train_time:1221677ms step_avg:353.09ms
step:3471/5100 lr:0.0008145 train_loss:3.3374 train_time:1222073ms step_avg:353.10ms
step:3472/5100 lr:0.0008139999999999999 train_loss:3.3457 train_time:1222470ms step_avg:353.11ms
step:3473/5100 lr:0.0008135 train_loss:3.2689 train_time:1222866ms step_avg:353.12ms
step:3474/5100 lr:0.0008129999999999999 train_loss:3.3558 train_time:1223262ms step_avg:353.14ms
step:3475/5100 lr:0.0008125000000000001 train_loss:3.4507 train_time:1223657ms step_avg:353.15ms
step:3476/5100 lr:0.0008120000000000001 train_loss:3.4130 train_time:1224053ms step_avg:353.16ms
step:3477/5100 lr:0.0008115 train_loss:3.4206 train_time:1224448ms step_avg:353.17ms
step:3478/5100 lr:0.0008110000000000001 train_loss:3.4596 train_time:1224844ms step_avg:353.18ms
step:3479/5100 lr:0.0008105 train_loss:3.3124 train_time:1225241ms step_avg:353.20ms
step:3480/5100 lr:0.0008100000000000001 train_loss:3.5932 train_time:1225636ms step_avg:353.21ms
step:3481/5100 lr:0.0008095 train_loss:4.2319 train_time:1226033ms step_avg:353.22ms
step:3482/5100 lr:0.000809 train_loss:3.4309 train_time:1226430ms step_avg:353.23ms
step:3483/5100 lr:0.0008085 train_loss:3.4306 train_time:1226824ms step_avg:353.25ms
step:3484/5100 lr:0.000808 train_loss:3.3938 train_time:1227220ms step_avg:353.26ms
step:3485/5100 lr:0.0008075000000000001 train_loss:3.3953 train_time:1227617ms step_avg:353.27ms
step:3486/5100 lr:0.0008070000000000001 train_loss:3.2328 train_time:1228011ms step_avg:353.28ms
step:3487/5100 lr:0.0008065 train_loss:3.3719 train_time:1228412ms step_avg:353.30ms
step:3488/5100 lr:0.0008060000000000001 train_loss:3.1277 train_time:1228803ms step_avg:353.31ms
step:3489/5100 lr:0.0008055 train_loss:3.5747 train_time:1229199ms step_avg:353.32ms
step:3490/5100 lr:0.000805 train_loss:3.3652 train_time:1229594ms step_avg:353.33ms
step:3491/5100 lr:0.0008045 train_loss:3.3822 train_time:1229990ms step_avg:353.34ms
step:3492/5100 lr:0.000804 train_loss:3.4200 train_time:1230394ms step_avg:353.36ms
step:3493/5100 lr:0.0008035 train_loss:3.3825 train_time:1230784ms step_avg:353.37ms
step:3494/5100 lr:0.0008030000000000001 train_loss:3.4075 train_time:1231178ms step_avg:353.38ms
step:3495/5100 lr:0.0008025 train_loss:3.6425 train_time:1231574ms step_avg:353.39ms
step:3496/5100 lr:0.0008020000000000001 train_loss:3.3651 train_time:1231969ms step_avg:353.40ms
step:3497/5100 lr:0.0008015 train_loss:3.3182 train_time:1232365ms step_avg:353.42ms
step:3498/5100 lr:0.0008010000000000001 train_loss:3.5760 train_time:1232761ms step_avg:353.43ms
step:3499/5100 lr:0.0008005 train_loss:3.4546 train_time:1233156ms step_avg:353.44ms
step:3500/5100 lr:0.0008 train_loss:3.3594 train_time:1233553ms step_avg:353.45ms
step:3500/5100 val_loss:3.3752 train_time:1233567ms step_avg:353.46ms
step:3501/5100 lr:0.0007995 train_loss:3.1854 train_time:1237723ms step_avg:354.55ms
step:3502/5100 lr:0.000799 train_loss:3.5824 train_time:1238119ms step_avg:354.56ms
step:3503/5100 lr:0.0007985000000000001 train_loss:3.3857 train_time:1238515ms step_avg:354.57ms
step:3504/5100 lr:0.0007980000000000001 train_loss:3.4594 train_time:1238911ms step_avg:354.58ms
step:3505/5100 lr:0.0007975 train_loss:3.4879 train_time:1239307ms step_avg:354.59ms
step:3506/5100 lr:0.0007970000000000001 train_loss:3.3032 train_time:1239704ms step_avg:354.61ms
step:3507/5100 lr:0.0007965 train_loss:3.4985 train_time:1240100ms step_avg:354.62ms
step:3508/5100 lr:0.000796 train_loss:3.3742 train_time:1240496ms step_avg:354.63ms
step:3509/5100 lr:0.0007955 train_loss:3.3598 train_time:1240893ms step_avg:354.64ms
step:3510/5100 lr:0.000795 train_loss:3.5562 train_time:1241289ms step_avg:354.65ms
step:3511/5100 lr:0.0007945 train_loss:3.2971 train_time:1241686ms step_avg:354.67ms
step:3512/5100 lr:0.0007940000000000001 train_loss:3.3631 train_time:1242082ms step_avg:354.68ms
step:3513/5100 lr:0.0007935 train_loss:3.4429 train_time:1242478ms step_avg:354.69ms
step:3514/5100 lr:0.0007930000000000001 train_loss:3.5178 train_time:1242876ms step_avg:354.70ms
step:3515/5100 lr:0.0007925 train_loss:3.2349 train_time:1243272ms step_avg:354.71ms
step:3516/5100 lr:0.0007920000000000001 train_loss:3.3952 train_time:1243666ms step_avg:354.72ms
step:3517/5100 lr:0.0007915 train_loss:3.2543 train_time:1244061ms step_avg:354.74ms
step:3518/5100 lr:0.000791 train_loss:3.6922 train_time:1244457ms step_avg:354.75ms
step:3519/5100 lr:0.0007905 train_loss:3.3203 train_time:1244853ms step_avg:354.76ms
step:3520/5100 lr:0.00079 train_loss:3.2230 train_time:1245248ms step_avg:354.77ms
step:3521/5100 lr:0.0007894999999999999 train_loss:3.3999 train_time:1245644ms step_avg:354.78ms
step:3522/5100 lr:0.0007890000000000001 train_loss:3.2367 train_time:1246040ms step_avg:354.80ms
step:3523/5100 lr:0.0007885 train_loss:3.2805 train_time:1246436ms step_avg:354.81ms
step:3524/5100 lr:0.0007880000000000001 train_loss:3.3734 train_time:1246832ms step_avg:354.82ms
step:3525/5100 lr:0.0007875 train_loss:3.3340 train_time:1247228ms step_avg:354.83ms
step:3526/5100 lr:0.000787 train_loss:3.4517 train_time:1247623ms step_avg:354.84ms
step:3527/5100 lr:0.0007865 train_loss:3.3062 train_time:1248018ms step_avg:354.85ms
step:3528/5100 lr:0.000786 train_loss:3.2350 train_time:1248414ms step_avg:354.86ms
step:3529/5100 lr:0.0007855 train_loss:3.5782 train_time:1248809ms step_avg:354.88ms
step:3530/5100 lr:0.000785 train_loss:3.4992 train_time:1249206ms step_avg:354.89ms
step:3531/5100 lr:0.0007845 train_loss:3.3562 train_time:1249602ms step_avg:354.90ms
step:3532/5100 lr:0.0007840000000000001 train_loss:3.2764 train_time:1249997ms step_avg:354.91ms
step:3533/5100 lr:0.0007835 train_loss:3.4547 train_time:1250393ms step_avg:354.92ms
step:3534/5100 lr:0.0007830000000000001 train_loss:3.2908 train_time:1250790ms step_avg:354.93ms
step:3535/5100 lr:0.0007825 train_loss:3.5208 train_time:1251186ms step_avg:354.95ms
step:3536/5100 lr:0.000782 train_loss:3.3838 train_time:1251582ms step_avg:354.96ms
step:3537/5100 lr:0.0007815 train_loss:3.0954 train_time:1251978ms step_avg:354.97ms
step:3538/5100 lr:0.000781 train_loss:3.5348 train_time:1252374ms step_avg:354.98ms
step:3539/5100 lr:0.0007804999999999999 train_loss:3.3356 train_time:1252769ms step_avg:354.99ms
step:3540/5100 lr:0.0007800000000000001 train_loss:3.1871 train_time:1253172ms step_avg:355.01ms
step:3541/5100 lr:0.0007795 train_loss:3.2310 train_time:1253571ms step_avg:355.02ms
step:3542/5100 lr:0.0007790000000000001 train_loss:3.2815 train_time:1253962ms step_avg:355.03ms
step:3543/5100 lr:0.0007785 train_loss:3.2675 train_time:1254358ms step_avg:355.04ms
step:3544/5100 lr:0.000778 train_loss:3.2192 train_time:1254753ms step_avg:355.05ms
step:3545/5100 lr:0.0007775 train_loss:3.4846 train_time:1255158ms step_avg:355.07ms
step:3546/5100 lr:0.000777 train_loss:3.4116 train_time:1255551ms step_avg:355.08ms
step:3547/5100 lr:0.0007765 train_loss:3.3019 train_time:1255940ms step_avg:355.09ms
step:3548/5100 lr:0.000776 train_loss:3.3066 train_time:1256336ms step_avg:355.10ms
step:3549/5100 lr:0.0007754999999999999 train_loss:3.5723 train_time:1256733ms step_avg:355.11ms
step:3550/5100 lr:0.0007750000000000001 train_loss:3.3035 train_time:1257128ms step_avg:355.12ms
step:3551/5100 lr:0.0007745 train_loss:3.4621 train_time:1257525ms step_avg:355.13ms
step:3552/5100 lr:0.0007740000000000001 train_loss:3.5635 train_time:1257921ms step_avg:355.14ms
step:3553/5100 lr:0.0007735 train_loss:3.5188 train_time:1258317ms step_avg:355.16ms
step:3554/5100 lr:0.000773 train_loss:3.4648 train_time:1258713ms step_avg:355.17ms
step:3555/5100 lr:0.0007725 train_loss:3.2778 train_time:1259109ms step_avg:355.18ms
step:3556/5100 lr:0.000772 train_loss:3.2849 train_time:1259505ms step_avg:355.19ms
step:3557/5100 lr:0.0007714999999999999 train_loss:3.3961 train_time:1259901ms step_avg:355.20ms
step:3558/5100 lr:0.000771 train_loss:3.5057 train_time:1260299ms step_avg:355.21ms
step:3559/5100 lr:0.0007705 train_loss:3.2809 train_time:1260694ms step_avg:355.23ms
step:3560/5100 lr:0.0007700000000000001 train_loss:3.2043 train_time:1261089ms step_avg:355.24ms
step:3561/5100 lr:0.0007695 train_loss:3.3738 train_time:1261485ms step_avg:355.25ms
step:3562/5100 lr:0.000769 train_loss:3.4798 train_time:1261881ms step_avg:355.26ms
step:3563/5100 lr:0.0007685 train_loss:3.4038 train_time:1262277ms step_avg:355.27ms
step:3564/5100 lr:0.000768 train_loss:3.3272 train_time:1262673ms step_avg:355.28ms
step:3565/5100 lr:0.0007675 train_loss:3.1747 train_time:1263075ms step_avg:355.30ms
step:3566/5100 lr:0.000767 train_loss:3.2610 train_time:1263466ms step_avg:355.31ms
step:3567/5100 lr:0.0007664999999999999 train_loss:3.4300 train_time:1263862ms step_avg:355.32ms
step:3568/5100 lr:0.0007660000000000001 train_loss:3.9205 train_time:1264258ms step_avg:355.33ms
step:3569/5100 lr:0.0007655 train_loss:3.4303 train_time:1264663ms step_avg:355.34ms
step:3570/5100 lr:0.0007650000000000001 train_loss:3.4036 train_time:1265062ms step_avg:355.35ms
step:3571/5100 lr:0.0007645 train_loss:3.2261 train_time:1265452ms step_avg:355.36ms
step:3572/5100 lr:0.000764 train_loss:3.6259 train_time:1265848ms step_avg:355.38ms
step:3573/5100 lr:0.0007635 train_loss:3.2747 train_time:1266244ms step_avg:355.39ms
step:3574/5100 lr:0.000763 train_loss:3.1327 train_time:1266640ms step_avg:355.40ms
step:3575/5100 lr:0.0007624999999999999 train_loss:3.3623 train_time:1267036ms step_avg:355.41ms
step:3576/5100 lr:0.000762 train_loss:3.5379 train_time:1267433ms step_avg:355.42ms
step:3577/5100 lr:0.0007615 train_loss:3.3767 train_time:1267829ms step_avg:355.43ms
step:3578/5100 lr:0.0007610000000000001 train_loss:3.3837 train_time:1268225ms step_avg:355.44ms
step:3579/5100 lr:0.0007605 train_loss:3.4896 train_time:1268621ms step_avg:355.46ms
step:3580/5100 lr:0.00076 train_loss:3.6806 train_time:1269016ms step_avg:355.47ms
step:3581/5100 lr:0.0007595 train_loss:3.1966 train_time:1269412ms step_avg:355.48ms
step:3582/5100 lr:0.000759 train_loss:3.3938 train_time:1269808ms step_avg:355.49ms
step:3583/5100 lr:0.0007585 train_loss:3.5654 train_time:1270204ms step_avg:355.50ms
step:3584/5100 lr:0.000758 train_loss:3.5607 train_time:1270601ms step_avg:355.51ms
step:3585/5100 lr:0.0007574999999999999 train_loss:3.3204 train_time:1270997ms step_avg:355.52ms
step:3586/5100 lr:0.000757 train_loss:3.3174 train_time:1271393ms step_avg:355.53ms
step:3587/5100 lr:0.0007565 train_loss:3.4540 train_time:1271789ms step_avg:355.55ms
step:3588/5100 lr:0.000756 train_loss:3.3830 train_time:1272185ms step_avg:355.56ms
step:3589/5100 lr:0.0007555 train_loss:3.3209 train_time:1272581ms step_avg:355.57ms
step:3590/5100 lr:0.000755 train_loss:3.2989 train_time:1272977ms step_avg:355.58ms
step:3591/5100 lr:0.0007545 train_loss:3.2350 train_time:1273374ms step_avg:355.59ms
step:3592/5100 lr:0.000754 train_loss:3.3175 train_time:1273769ms step_avg:355.60ms
step:3593/5100 lr:0.0007534999999999999 train_loss:3.4419 train_time:1274165ms step_avg:355.61ms
step:3594/5100 lr:0.000753 train_loss:3.3361 train_time:1274562ms step_avg:355.63ms
step:3595/5100 lr:0.0007524999999999999 train_loss:3.3134 train_time:1274958ms step_avg:355.64ms
step:3596/5100 lr:0.0007520000000000001 train_loss:3.3177 train_time:1275354ms step_avg:355.65ms
step:3597/5100 lr:0.0007515 train_loss:3.3008 train_time:1275750ms step_avg:355.66ms
step:3598/5100 lr:0.000751 train_loss:3.4654 train_time:1276146ms step_avg:355.67ms
step:3599/5100 lr:0.0007505 train_loss:3.6575 train_time:1276542ms step_avg:355.68ms
step:3600/5100 lr:0.00075 train_loss:3.4331 train_time:1276937ms step_avg:355.69ms
step:3601/5100 lr:0.0007495000000000001 train_loss:3.4831 train_time:1277333ms step_avg:355.70ms
step:3602/5100 lr:0.000749 train_loss:3.3759 train_time:1277728ms step_avg:355.72ms
step:3603/5100 lr:0.0007485 train_loss:3.4221 train_time:1278124ms step_avg:355.73ms
step:3604/5100 lr:0.000748 train_loss:3.1482 train_time:1278521ms step_avg:355.74ms
step:3605/5100 lr:0.0007475000000000001 train_loss:3.3144 train_time:1278916ms step_avg:355.75ms
step:3606/5100 lr:0.000747 train_loss:3.6793 train_time:1279312ms step_avg:355.76ms
step:3607/5100 lr:0.0007465000000000001 train_loss:3.3834 train_time:1279708ms step_avg:355.77ms
step:3608/5100 lr:0.000746 train_loss:3.1884 train_time:1280104ms step_avg:355.78ms
step:3609/5100 lr:0.0007455000000000001 train_loss:3.3711 train_time:1280499ms step_avg:355.79ms
step:3610/5100 lr:0.000745 train_loss:3.5038 train_time:1281095ms step_avg:355.86ms
step:3611/5100 lr:0.0007445 train_loss:3.4026 train_time:1281491ms step_avg:355.87ms
step:3612/5100 lr:0.000744 train_loss:3.3855 train_time:1281887ms step_avg:355.88ms
step:3613/5100 lr:0.0007435 train_loss:3.6565 train_time:1282283ms step_avg:355.89ms
step:3614/5100 lr:0.0007430000000000001 train_loss:3.2628 train_time:1282678ms step_avg:355.90ms
step:3615/5100 lr:0.0007425000000000001 train_loss:3.2569 train_time:1283074ms step_avg:355.92ms
step:3616/5100 lr:0.000742 train_loss:3.7818 train_time:1283470ms step_avg:355.93ms
step:3617/5100 lr:0.0007415000000000001 train_loss:3.3054 train_time:1283866ms step_avg:355.94ms
step:3618/5100 lr:0.000741 train_loss:3.2824 train_time:1284262ms step_avg:355.95ms
step:3619/5100 lr:0.0007405000000000001 train_loss:3.2017 train_time:1284658ms step_avg:355.96ms
step:3620/5100 lr:0.00074 train_loss:3.3611 train_time:1285263ms step_avg:356.03ms
step:3621/5100 lr:0.0007395 train_loss:3.2467 train_time:1285669ms step_avg:356.04ms
step:3622/5100 lr:0.000739 train_loss:3.5027 train_time:1286058ms step_avg:356.05ms
step:3623/5100 lr:0.0007385 train_loss:3.2265 train_time:1286453ms step_avg:356.06ms
step:3624/5100 lr:0.000738 train_loss:3.3242 train_time:1286849ms step_avg:356.07ms
step:3625/5100 lr:0.0007375000000000001 train_loss:3.6577 train_time:1287246ms step_avg:356.08ms
step:3625/5100 val_loss:3.3608 train_time:1287261ms step_avg:356.09ms
step:3626/5100 lr:0.000737 train_loss:3.4797 train_time:1291424ms step_avg:357.14ms
step:3627/5100 lr:0.0007365000000000001 train_loss:3.2258 train_time:1291821ms step_avg:357.15ms
step:3628/5100 lr:0.000736 train_loss:3.3756 train_time:1292216ms step_avg:357.16ms
step:3629/5100 lr:0.0007355 train_loss:3.9687 train_time:1292612ms step_avg:357.17ms
step:3630/5100 lr:0.000735 train_loss:3.5613 train_time:1293008ms step_avg:357.18ms
step:3631/5100 lr:0.0007345 train_loss:3.2272 train_time:1293404ms step_avg:357.20ms
step:3632/5100 lr:0.000734 train_loss:3.3820 train_time:1293800ms step_avg:357.21ms
step:3633/5100 lr:0.0007335000000000001 train_loss:3.6380 train_time:1294195ms step_avg:357.22ms
step:3634/5100 lr:0.000733 train_loss:3.3553 train_time:1294591ms step_avg:357.23ms
step:3635/5100 lr:0.0007325000000000001 train_loss:3.3469 train_time:1294987ms step_avg:357.24ms
step:3636/5100 lr:0.000732 train_loss:3.3655 train_time:1295383ms step_avg:357.25ms
step:3637/5100 lr:0.0007315 train_loss:3.0853 train_time:1295779ms step_avg:357.26ms
step:3638/5100 lr:0.000731 train_loss:3.4456 train_time:1296175ms step_avg:357.27ms
step:3639/5100 lr:0.0007305 train_loss:3.5130 train_time:1296571ms step_avg:357.28ms
step:3640/5100 lr:0.00073 train_loss:3.4691 train_time:1296967ms step_avg:357.29ms
step:3641/5100 lr:0.0007295 train_loss:3.4501 train_time:1297363ms step_avg:357.30ms
step:3642/5100 lr:0.000729 train_loss:3.2861 train_time:1297759ms step_avg:357.31ms
step:3643/5100 lr:0.0007285000000000001 train_loss:3.2394 train_time:1298155ms step_avg:357.32ms
step:3644/5100 lr:0.000728 train_loss:3.3366 train_time:1298561ms step_avg:357.34ms
step:3645/5100 lr:0.0007275000000000001 train_loss:3.5512 train_time:1298957ms step_avg:357.35ms
step:3646/5100 lr:0.000727 train_loss:3.3464 train_time:1299345ms step_avg:357.36ms
step:3647/5100 lr:0.0007265 train_loss:3.3103 train_time:1299741ms step_avg:357.37ms
step:3648/5100 lr:0.000726 train_loss:3.4640 train_time:1300137ms step_avg:357.38ms
step:3649/5100 lr:0.0007255 train_loss:3.3262 train_time:1300533ms step_avg:357.39ms
step:3650/5100 lr:0.000725 train_loss:3.3374 train_time:1300929ms step_avg:357.40ms
step:3651/5100 lr:0.0007245000000000001 train_loss:3.3568 train_time:1301325ms step_avg:357.41ms
step:3652/5100 lr:0.000724 train_loss:3.2989 train_time:1301721ms step_avg:357.42ms
step:3653/5100 lr:0.0007235000000000001 train_loss:3.0996 train_time:1302117ms step_avg:357.43ms
step:3654/5100 lr:0.000723 train_loss:3.3838 train_time:1302513ms step_avg:357.44ms
step:3655/5100 lr:0.0007225 train_loss:3.2819 train_time:1302908ms step_avg:357.45ms
step:3656/5100 lr:0.000722 train_loss:3.4005 train_time:1303304ms step_avg:357.46ms
step:3657/5100 lr:0.0007215 train_loss:3.1939 train_time:1303700ms step_avg:357.47ms
step:3658/5100 lr:0.000721 train_loss:3.4731 train_time:1304096ms step_avg:357.48ms
step:3659/5100 lr:0.0007205 train_loss:3.2929 train_time:1304492ms step_avg:357.49ms
step:3660/5100 lr:0.0007199999999999999 train_loss:3.0615 train_time:1304888ms step_avg:357.50ms
step:3661/5100 lr:0.0007195000000000001 train_loss:3.4495 train_time:1305284ms step_avg:357.51ms
step:3662/5100 lr:0.000719 train_loss:3.2722 train_time:1305680ms step_avg:357.52ms
step:3663/5100 lr:0.0007185000000000001 train_loss:3.5269 train_time:1306076ms step_avg:357.54ms
step:3664/5100 lr:0.000718 train_loss:3.4229 train_time:1306472ms step_avg:357.55ms
step:3665/5100 lr:0.0007175 train_loss:3.3713 train_time:1306867ms step_avg:357.56ms
step:3666/5100 lr:0.000717 train_loss:3.2906 train_time:1307263ms step_avg:357.57ms
step:3667/5100 lr:0.0007165 train_loss:3.3572 train_time:1307659ms step_avg:357.58ms
step:3668/5100 lr:0.000716 train_loss:3.4446 train_time:1308056ms step_avg:357.59ms
step:3669/5100 lr:0.0007155 train_loss:3.3806 train_time:1308453ms step_avg:357.60ms
step:3670/5100 lr:0.000715 train_loss:3.2383 train_time:1308849ms step_avg:357.61ms
step:3671/5100 lr:0.0007145000000000001 train_loss:3.3521 train_time:1309246ms step_avg:357.62ms
step:3672/5100 lr:0.000714 train_loss:3.3289 train_time:1309642ms step_avg:357.63ms
step:3673/5100 lr:0.0007135 train_loss:3.5115 train_time:1310038ms step_avg:357.64ms
step:3674/5100 lr:0.000713 train_loss:3.3564 train_time:1310434ms step_avg:357.65ms
step:3675/5100 lr:0.0007125 train_loss:3.2819 train_time:1310830ms step_avg:357.66ms
step:3676/5100 lr:0.000712 train_loss:3.3222 train_time:1311226ms step_avg:357.67ms
step:3677/5100 lr:0.0007115 train_loss:3.3780 train_time:1311622ms step_avg:357.68ms
step:3678/5100 lr:0.0007109999999999999 train_loss:3.5540 train_time:1312018ms step_avg:357.69ms
step:3679/5100 lr:0.0007105000000000001 train_loss:3.3935 train_time:1312414ms step_avg:357.70ms
step:3680/5100 lr:0.00071 train_loss:3.4110 train_time:1312810ms step_avg:357.71ms
step:3681/5100 lr:0.0007095000000000001 train_loss:3.6569 train_time:1313206ms step_avg:357.72ms
step:3682/5100 lr:0.000709 train_loss:3.3483 train_time:1313602ms step_avg:357.73ms
step:3683/5100 lr:0.0007085 train_loss:3.4542 train_time:1313998ms step_avg:357.75ms
step:3684/5100 lr:0.000708 train_loss:3.2643 train_time:1314394ms step_avg:357.76ms
step:3685/5100 lr:0.0007075 train_loss:3.3570 train_time:1314790ms step_avg:357.77ms
step:3686/5100 lr:0.000707 train_loss:3.2639 train_time:1315186ms step_avg:357.78ms
step:3687/5100 lr:0.0007065 train_loss:3.3936 train_time:1315582ms step_avg:357.79ms
step:3688/5100 lr:0.0007059999999999999 train_loss:3.4687 train_time:1315977ms step_avg:357.80ms
step:3689/5100 lr:0.0007055000000000001 train_loss:3.2828 train_time:1316373ms step_avg:357.81ms
step:3690/5100 lr:0.000705 train_loss:3.3485 train_time:1316769ms step_avg:357.82ms
step:3691/5100 lr:0.0007045 train_loss:3.3420 train_time:1317165ms step_avg:357.83ms
step:3692/5100 lr:0.000704 train_loss:3.2638 train_time:1317562ms step_avg:357.84ms
step:3693/5100 lr:0.0007035 train_loss:3.5751 train_time:1317958ms step_avg:357.85ms
step:3694/5100 lr:0.000703 train_loss:3.3304 train_time:1318354ms step_avg:357.86ms
step:3695/5100 lr:0.0007025 train_loss:3.3435 train_time:1318750ms step_avg:357.87ms
step:3696/5100 lr:0.0007019999999999999 train_loss:3.3362 train_time:1319146ms step_avg:357.88ms
step:3697/5100 lr:0.0007015 train_loss:3.2821 train_time:1319542ms step_avg:357.89ms
step:3698/5100 lr:0.000701 train_loss:3.4178 train_time:1319938ms step_avg:357.90ms
step:3699/5100 lr:0.0007005000000000001 train_loss:3.4888 train_time:1320333ms step_avg:357.91ms
step:3700/5100 lr:0.0007 train_loss:3.3577 train_time:1320730ms step_avg:357.92ms
step:3701/5100 lr:0.0006995 train_loss:3.3132 train_time:1321126ms step_avg:357.93ms
step:3702/5100 lr:0.000699 train_loss:3.3413 train_time:1321522ms step_avg:357.94ms
step:3703/5100 lr:0.0006985 train_loss:3.3410 train_time:1321918ms step_avg:357.95ms
step:3704/5100 lr:0.0006979999999999999 train_loss:3.1838 train_time:1322314ms step_avg:357.96ms
step:3705/5100 lr:0.0006975 train_loss:3.4694 train_time:1322710ms step_avg:357.97ms
step:3706/5100 lr:0.0006969999999999999 train_loss:3.5007 train_time:1323106ms step_avg:357.98ms
step:3707/5100 lr:0.0006965000000000001 train_loss:3.2241 train_time:1323502ms step_avg:357.99ms
step:3708/5100 lr:0.000696 train_loss:3.4438 train_time:1323898ms step_avg:358.00ms
step:3709/5100 lr:0.0006955 train_loss:3.3218 train_time:1324295ms step_avg:358.01ms
step:3710/5100 lr:0.000695 train_loss:3.6071 train_time:1324691ms step_avg:358.02ms
step:3711/5100 lr:0.0006945 train_loss:3.3762 train_time:1325086ms step_avg:358.03ms
step:3712/5100 lr:0.000694 train_loss:3.1801 train_time:1325482ms step_avg:358.04ms
step:3713/5100 lr:0.0006935 train_loss:3.3934 train_time:1325879ms step_avg:358.06ms
step:3714/5100 lr:0.0006929999999999999 train_loss:3.2943 train_time:1326274ms step_avg:358.07ms
step:3715/5100 lr:0.0006925 train_loss:3.6164 train_time:1326671ms step_avg:358.08ms
step:3716/5100 lr:0.000692 train_loss:3.2375 train_time:1327067ms step_avg:358.09ms
step:3717/5100 lr:0.0006915000000000001 train_loss:3.1546 train_time:1327464ms step_avg:358.10ms
step:3718/5100 lr:0.000691 train_loss:3.1654 train_time:1327869ms step_avg:358.11ms
step:3719/5100 lr:0.0006905 train_loss:3.4436 train_time:1328260ms step_avg:358.12ms
step:3720/5100 lr:0.00069 train_loss:3.3998 train_time:1328656ms step_avg:358.13ms
step:3721/5100 lr:0.0006895 train_loss:3.2669 train_time:1329053ms step_avg:358.14ms
step:3722/5100 lr:0.0006889999999999999 train_loss:3.4452 train_time:1329449ms step_avg:358.15ms
step:3723/5100 lr:0.0006885 train_loss:3.1606 train_time:1329845ms step_avg:358.16ms
step:3724/5100 lr:0.0006879999999999999 train_loss:3.2540 train_time:1330241ms step_avg:358.17ms
step:3725/5100 lr:0.0006875 train_loss:3.3881 train_time:1330637ms step_avg:358.18ms
step:3726/5100 lr:0.0006870000000000001 train_loss:3.3407 train_time:1331032ms step_avg:358.19ms
step:3727/5100 lr:0.0006865 train_loss:3.3783 train_time:1331428ms step_avg:358.20ms
step:3728/5100 lr:0.0006860000000000001 train_loss:3.2501 train_time:1331824ms step_avg:358.21ms
step:3729/5100 lr:0.0006855 train_loss:3.3775 train_time:1332221ms step_avg:358.22ms
step:3730/5100 lr:0.0006850000000000001 train_loss:3.5455 train_time:1332617ms step_avg:358.23ms
step:3731/5100 lr:0.0006845 train_loss:3.3187 train_time:1333013ms step_avg:358.24ms
step:3732/5100 lr:0.000684 train_loss:3.5667 train_time:1333409ms step_avg:358.25ms
step:3733/5100 lr:0.0006835 train_loss:3.1088 train_time:1333805ms step_avg:358.26ms
step:3734/5100 lr:0.000683 train_loss:3.2184 train_time:1334201ms step_avg:358.27ms
step:3735/5100 lr:0.0006825000000000001 train_loss:3.4034 train_time:1334597ms step_avg:358.28ms
step:3736/5100 lr:0.0006820000000000001 train_loss:3.3823 train_time:1334993ms step_avg:358.29ms
step:3737/5100 lr:0.0006815 train_loss:3.4092 train_time:1335389ms step_avg:358.30ms
step:3738/5100 lr:0.0006810000000000001 train_loss:3.3938 train_time:1335785ms step_avg:358.31ms
step:3739/5100 lr:0.0006805 train_loss:3.3052 train_time:1336182ms step_avg:358.32ms
step:3740/5100 lr:0.00068 train_loss:3.3063 train_time:1336578ms step_avg:358.33ms
step:3741/5100 lr:0.0006795 train_loss:3.4993 train_time:1336973ms step_avg:358.34ms
step:3742/5100 lr:0.000679 train_loss:3.6772 train_time:1337370ms step_avg:358.35ms
step:3743/5100 lr:0.0006785 train_loss:3.2338 train_time:1337765ms step_avg:358.36ms
step:3744/5100 lr:0.0006780000000000001 train_loss:3.0884 train_time:1338162ms step_avg:358.37ms
step:3745/5100 lr:0.0006775 train_loss:3.2425 train_time:1338558ms step_avg:358.38ms
step:3746/5100 lr:0.0006770000000000001 train_loss:3.3708 train_time:1338954ms step_avg:358.39ms
step:3747/5100 lr:0.0006765 train_loss:3.3866 train_time:1339350ms step_avg:358.40ms
step:3748/5100 lr:0.0006760000000000001 train_loss:3.3596 train_time:1339747ms step_avg:358.41ms
step:3749/5100 lr:0.0006755 train_loss:3.3439 train_time:1340143ms step_avg:358.42ms
step:3750/5100 lr:0.000675 train_loss:3.4372 train_time:1340539ms step_avg:358.43ms
step:3750/5100 val_loss:3.3473 train_time:1340554ms step_avg:358.44ms
step:3751/5100 lr:0.0006745 train_loss:3.3790 train_time:1344695ms step_avg:359.45ms
step:3752/5100 lr:0.000674 train_loss:3.4649 train_time:1345091ms step_avg:359.46ms
step:3753/5100 lr:0.0006735 train_loss:3.4733 train_time:1345488ms step_avg:359.47ms
step:3754/5100 lr:0.0006730000000000001 train_loss:3.4851 train_time:1345884ms step_avg:359.48ms
step:3755/5100 lr:0.0006725 train_loss:3.3042 train_time:1346279ms step_avg:359.49ms
step:3756/5100 lr:0.0006720000000000001 train_loss:3.5017 train_time:1346675ms step_avg:359.50ms
step:3757/5100 lr:0.0006715 train_loss:3.3305 train_time:1347070ms step_avg:359.51ms
step:3758/5100 lr:0.000671 train_loss:3.3923 train_time:1347466ms step_avg:359.52ms
step:3759/5100 lr:0.0006705 train_loss:3.4648 train_time:1347862ms step_avg:359.53ms
step:3760/5100 lr:0.00067 train_loss:3.2757 train_time:1348257ms step_avg:359.54ms
step:3761/5100 lr:0.0006695 train_loss:3.3542 train_time:1348653ms step_avg:359.54ms
step:3762/5100 lr:0.0006690000000000001 train_loss:3.4604 train_time:1349048ms step_avg:359.55ms
step:3763/5100 lr:0.0006685 train_loss:3.3402 train_time:1349445ms step_avg:359.56ms
step:3764/5100 lr:0.0006680000000000001 train_loss:3.2996 train_time:1349840ms step_avg:359.57ms
step:3765/5100 lr:0.0006675 train_loss:3.3002 train_time:1350236ms step_avg:359.58ms
step:3766/5100 lr:0.0006670000000000001 train_loss:3.5194 train_time:1350631ms step_avg:359.59ms
step:3767/5100 lr:0.0006665 train_loss:3.4940 train_time:1351027ms step_avg:359.60ms
step:3768/5100 lr:0.000666 train_loss:3.1716 train_time:1351422ms step_avg:359.61ms
step:3769/5100 lr:0.0006655 train_loss:3.5745 train_time:1351818ms step_avg:359.62ms
step:3770/5100 lr:0.000665 train_loss:3.3025 train_time:1352214ms step_avg:359.63ms
step:3771/5100 lr:0.0006644999999999999 train_loss:3.5467 train_time:1352609ms step_avg:359.64ms
step:3772/5100 lr:0.0006640000000000001 train_loss:3.3274 train_time:1353005ms step_avg:359.65ms
step:3773/5100 lr:0.0006635 train_loss:3.3468 train_time:1353401ms step_avg:359.66ms
step:3774/5100 lr:0.0006630000000000001 train_loss:3.3375 train_time:1353797ms step_avg:359.67ms
step:3775/5100 lr:0.0006625 train_loss:3.1964 train_time:1354194ms step_avg:359.68ms
step:3776/5100 lr:0.000662 train_loss:3.3899 train_time:1354589ms step_avg:359.69ms
step:3777/5100 lr:0.0006615 train_loss:3.3124 train_time:1354986ms step_avg:359.70ms
step:3778/5100 lr:0.000661 train_loss:3.3064 train_time:1355390ms step_avg:359.71ms
step:3779/5100 lr:0.0006605 train_loss:3.3933 train_time:1355779ms step_avg:359.72ms
step:3780/5100 lr:0.00066 train_loss:3.3565 train_time:1356175ms step_avg:359.73ms
step:3781/5100 lr:0.0006595 train_loss:3.2465 train_time:1356571ms step_avg:359.74ms
step:3782/5100 lr:0.0006590000000000001 train_loss:3.5920 train_time:1356967ms step_avg:359.75ms
step:3783/5100 lr:0.0006585 train_loss:3.5177 train_time:1357363ms step_avg:359.76ms
step:3784/5100 lr:0.0006580000000000001 train_loss:3.5706 train_time:1357758ms step_avg:359.77ms
step:3785/5100 lr:0.0006575 train_loss:3.4910 train_time:1358154ms step_avg:359.78ms
step:3786/5100 lr:0.000657 train_loss:3.4070 train_time:1358549ms step_avg:359.79ms
step:3787/5100 lr:0.0006565 train_loss:3.0688 train_time:1358945ms step_avg:359.79ms
step:3788/5100 lr:0.000656 train_loss:3.3259 train_time:1359341ms step_avg:359.80ms
step:3789/5100 lr:0.0006554999999999999 train_loss:3.4950 train_time:1359736ms step_avg:359.81ms
step:3790/5100 lr:0.0006550000000000001 train_loss:3.3631 train_time:1360132ms step_avg:359.82ms
step:3791/5100 lr:0.0006545 train_loss:3.4047 train_time:1360527ms step_avg:359.83ms
step:3792/5100 lr:0.0006540000000000001 train_loss:3.3852 train_time:1360923ms step_avg:359.84ms
step:3793/5100 lr:0.0006535 train_loss:3.4833 train_time:1361320ms step_avg:359.85ms
step:3794/5100 lr:0.000653 train_loss:3.3924 train_time:1361715ms step_avg:359.86ms
step:3795/5100 lr:0.0006525 train_loss:3.2793 train_time:1362110ms step_avg:359.87ms
step:3796/5100 lr:0.000652 train_loss:3.3795 train_time:1362506ms step_avg:359.88ms
step:3797/5100 lr:0.0006515 train_loss:3.3929 train_time:1362902ms step_avg:359.89ms
step:3798/5100 lr:0.000651 train_loss:3.2967 train_time:1363298ms step_avg:359.90ms
step:3799/5100 lr:0.0006504999999999999 train_loss:3.2638 train_time:1363694ms step_avg:359.91ms
step:3800/5100 lr:0.0006500000000000001 train_loss:3.4835 train_time:1364287ms step_avg:359.97ms
step:3801/5100 lr:0.0006495 train_loss:3.3016 train_time:1364682ms step_avg:359.98ms
step:3802/5100 lr:0.0006490000000000001 train_loss:3.3094 train_time:1365082ms step_avg:359.99ms
step:3803/5100 lr:0.0006485 train_loss:3.4235 train_time:1365475ms step_avg:360.00ms
step:3804/5100 lr:0.000648 train_loss:3.4150 train_time:1365870ms step_avg:360.01ms
step:3805/5100 lr:0.0006475 train_loss:3.6573 train_time:1366266ms step_avg:360.02ms
step:3806/5100 lr:0.000647 train_loss:3.3306 train_time:1366662ms step_avg:360.03ms
step:3807/5100 lr:0.0006464999999999999 train_loss:3.3812 train_time:1367058ms step_avg:360.04ms
step:3808/5100 lr:0.000646 train_loss:3.4173 train_time:1367454ms step_avg:360.05ms
step:3809/5100 lr:0.0006455 train_loss:3.2695 train_time:1367849ms step_avg:360.06ms
step:3810/5100 lr:0.0006450000000000001 train_loss:3.3551 train_time:1368456ms step_avg:360.12ms
step:3811/5100 lr:0.0006445 train_loss:3.2284 train_time:1368852ms step_avg:360.13ms
step:3812/5100 lr:0.000644 train_loss:3.4496 train_time:1369247ms step_avg:360.14ms
step:3813/5100 lr:0.0006435 train_loss:3.4546 train_time:1369643ms step_avg:360.15ms
step:3814/5100 lr:0.000643 train_loss:3.2779 train_time:1370040ms step_avg:360.16ms
step:3815/5100 lr:0.0006425 train_loss:3.4641 train_time:1370437ms step_avg:360.17ms
step:3816/5100 lr:0.000642 train_loss:3.4902 train_time:1370833ms step_avg:360.18ms
step:3817/5100 lr:0.0006414999999999999 train_loss:3.3522 train_time:1371229ms step_avg:360.19ms
step:3818/5100 lr:0.0006410000000000001 train_loss:3.2329 train_time:1371625ms step_avg:360.20ms
step:3819/5100 lr:0.0006405 train_loss:3.3209 train_time:1372021ms step_avg:360.21ms
step:3820/5100 lr:0.00064 train_loss:3.4106 train_time:1372418ms step_avg:360.21ms
step:3821/5100 lr:0.0006395 train_loss:3.2159 train_time:1372815ms step_avg:360.22ms
step:3822/5100 lr:0.000639 train_loss:3.5364 train_time:1373210ms step_avg:360.23ms
step:3823/5100 lr:0.0006385 train_loss:3.3580 train_time:1373607ms step_avg:360.24ms
step:3824/5100 lr:0.000638 train_loss:3.3465 train_time:1374003ms step_avg:360.25ms
step:3825/5100 lr:0.0006374999999999999 train_loss:3.6194 train_time:1374400ms step_avg:360.26ms
step:3826/5100 lr:0.000637 train_loss:3.4206 train_time:1374796ms step_avg:360.27ms
step:3827/5100 lr:0.0006365 train_loss:3.4350 train_time:1375194ms step_avg:360.28ms
step:3828/5100 lr:0.0006360000000000001 train_loss:3.2550 train_time:1375589ms step_avg:360.29ms
step:3829/5100 lr:0.0006355 train_loss:3.3128 train_time:1375986ms step_avg:360.30ms
step:3830/5100 lr:0.000635 train_loss:3.2891 train_time:1376382ms step_avg:360.31ms
step:3831/5100 lr:0.0006345 train_loss:3.3927 train_time:1376779ms step_avg:360.32ms
step:3832/5100 lr:0.000634 train_loss:3.1963 train_time:1377176ms step_avg:360.33ms
step:3833/5100 lr:0.0006335 train_loss:3.3155 train_time:1377571ms step_avg:360.34ms
step:3834/5100 lr:0.000633 train_loss:3.3158 train_time:1377977ms step_avg:360.35ms
step:3835/5100 lr:0.0006324999999999999 train_loss:3.5198 train_time:1378365ms step_avg:360.36ms
step:3836/5100 lr:0.000632 train_loss:3.3854 train_time:1378767ms step_avg:360.37ms
step:3837/5100 lr:0.0006315 train_loss:3.9526 train_time:1379158ms step_avg:360.38ms
step:3838/5100 lr:0.000631 train_loss:3.4081 train_time:1379554ms step_avg:360.39ms
step:3839/5100 lr:0.0006305 train_loss:3.2916 train_time:1379950ms step_avg:360.39ms
step:3840/5100 lr:0.00063 train_loss:3.3248 train_time:1380346ms step_avg:360.40ms
step:3841/5100 lr:0.0006295 train_loss:3.5818 train_time:1380743ms step_avg:360.41ms
step:3842/5100 lr:0.000629 train_loss:3.2507 train_time:1381139ms step_avg:360.42ms
step:3843/5100 lr:0.0006284999999999999 train_loss:3.3810 train_time:1381536ms step_avg:360.43ms
step:3844/5100 lr:0.000628 train_loss:3.2964 train_time:1381931ms step_avg:360.44ms
step:3845/5100 lr:0.0006274999999999999 train_loss:3.0698 train_time:1382327ms step_avg:360.45ms
step:3846/5100 lr:0.0006270000000000001 train_loss:3.5299 train_time:1382723ms step_avg:360.46ms
step:3847/5100 lr:0.0006265 train_loss:3.4302 train_time:1383120ms step_avg:360.47ms
step:3848/5100 lr:0.000626 train_loss:3.3249 train_time:1383517ms step_avg:360.48ms
step:3849/5100 lr:0.0006255 train_loss:3.4241 train_time:1383913ms step_avg:360.49ms
step:3850/5100 lr:0.000625 train_loss:3.4527 train_time:1384308ms step_avg:360.50ms
step:3851/5100 lr:0.0006245000000000001 train_loss:3.2945 train_time:1384704ms step_avg:360.51ms
step:3852/5100 lr:0.000624 train_loss:3.2538 train_time:1385100ms step_avg:360.52ms
step:3853/5100 lr:0.0006235 train_loss:3.5476 train_time:1385496ms step_avg:360.52ms
step:3854/5100 lr:0.000623 train_loss:3.3031 train_time:1385891ms step_avg:360.53ms
step:3855/5100 lr:0.0006225000000000001 train_loss:3.1109 train_time:1386286ms step_avg:360.54ms
step:3856/5100 lr:0.000622 train_loss:3.4757 train_time:1386682ms step_avg:360.55ms
step:3857/5100 lr:0.0006215000000000001 train_loss:3.2789 train_time:1387078ms step_avg:360.56ms
step:3858/5100 lr:0.000621 train_loss:3.3518 train_time:1387473ms step_avg:360.57ms
step:3859/5100 lr:0.0006205000000000001 train_loss:3.3377 train_time:1387868ms step_avg:360.58ms
step:3860/5100 lr:0.00062 train_loss:3.2846 train_time:1388272ms step_avg:360.59ms
step:3861/5100 lr:0.0006195 train_loss:3.4053 train_time:1388660ms step_avg:360.60ms
step:3862/5100 lr:0.000619 train_loss:3.1540 train_time:1389056ms step_avg:360.61ms
step:3863/5100 lr:0.0006185 train_loss:3.1363 train_time:1389450ms step_avg:360.62ms
step:3864/5100 lr:0.0006180000000000001 train_loss:3.3487 train_time:1389846ms step_avg:360.62ms
step:3865/5100 lr:0.0006175000000000001 train_loss:3.3400 train_time:1390241ms step_avg:360.63ms
step:3866/5100 lr:0.000617 train_loss:3.2849 train_time:1390637ms step_avg:360.64ms
step:3867/5100 lr:0.0006165000000000001 train_loss:3.3619 train_time:1391034ms step_avg:360.65ms
step:3868/5100 lr:0.000616 train_loss:3.3015 train_time:1391988ms step_avg:360.81ms
step:3869/5100 lr:0.0006155 train_loss:3.4830 train_time:1392385ms step_avg:360.81ms
step:3870/5100 lr:0.000615 train_loss:3.5906 train_time:1392781ms step_avg:360.82ms
step:3871/5100 lr:0.0006145 train_loss:3.4042 train_time:1393178ms step_avg:360.83ms
step:3872/5100 lr:0.000614 train_loss:3.4124 train_time:1393574ms step_avg:360.84ms
step:3873/5100 lr:0.0006135 train_loss:3.4115 train_time:1393970ms step_avg:360.85ms
step:3874/5100 lr:0.000613 train_loss:3.3740 train_time:1394366ms step_avg:360.86ms
step:3875/5100 lr:0.0006125000000000001 train_loss:3.4582 train_time:1394762ms step_avg:360.87ms
step:3875/5100 val_loss:3.3350 train_time:1394777ms step_avg:360.87ms
step:3876/5100 lr:0.000612 train_loss:3.2834 train_time:1398987ms step_avg:361.87ms
step:3877/5100 lr:0.0006115000000000001 train_loss:3.4448 train_time:1399382ms step_avg:361.88ms
step:3878/5100 lr:0.000611 train_loss:3.6536 train_time:1399779ms step_avg:361.89ms
step:3879/5100 lr:0.0006105 train_loss:3.4612 train_time:1400175ms step_avg:361.90ms
step:3880/5100 lr:0.00061 train_loss:3.3273 train_time:1400573ms step_avg:361.91ms
step:3881/5100 lr:0.0006095 train_loss:3.4316 train_time:1400968ms step_avg:361.91ms
step:3882/5100 lr:0.000609 train_loss:3.3500 train_time:1401370ms step_avg:361.92ms
step:3883/5100 lr:0.0006085000000000001 train_loss:3.4900 train_time:1401761ms step_avg:361.93ms
step:3884/5100 lr:0.000608 train_loss:3.3629 train_time:1402156ms step_avg:361.94ms
step:3885/5100 lr:0.0006075000000000001 train_loss:3.4100 train_time:1402553ms step_avg:361.95ms
step:3886/5100 lr:0.000607 train_loss:3.3639 train_time:1402948ms step_avg:361.96ms
step:3887/5100 lr:0.0006065 train_loss:3.4071 train_time:1403345ms step_avg:361.97ms
step:3888/5100 lr:0.000606 train_loss:3.3235 train_time:1403742ms step_avg:361.98ms
step:3889/5100 lr:0.0006055 train_loss:3.2808 train_time:1404138ms step_avg:361.98ms
step:3890/5100 lr:0.000605 train_loss:3.3003 train_time:1404534ms step_avg:361.99ms
step:3891/5100 lr:0.0006045 train_loss:3.2806 train_time:1404931ms step_avg:362.00ms
step:3892/5100 lr:0.000604 train_loss:3.2601 train_time:1405326ms step_avg:362.01ms
step:3893/5100 lr:0.0006035000000000001 train_loss:3.2619 train_time:1405722ms step_avg:362.02ms
step:3894/5100 lr:0.000603 train_loss:3.2425 train_time:1406118ms step_avg:362.03ms
step:3895/5100 lr:0.0006025000000000001 train_loss:3.2196 train_time:1406513ms step_avg:362.04ms
step:3896/5100 lr:0.000602 train_loss:3.3120 train_time:1406910ms step_avg:362.05ms
step:3897/5100 lr:0.0006015 train_loss:3.3233 train_time:1407305ms step_avg:362.05ms
step:3898/5100 lr:0.000601 train_loss:3.3688 train_time:1407701ms step_avg:362.06ms
step:3899/5100 lr:0.0006005 train_loss:3.1738 train_time:1408098ms step_avg:362.07ms
step:3900/5100 lr:0.0006 train_loss:3.4278 train_time:1408495ms step_avg:362.08ms
step:3901/5100 lr:0.0005995000000000001 train_loss:3.3555 train_time:1408891ms step_avg:362.09ms
step:3902/5100 lr:0.000599 train_loss:3.7629 train_time:1409287ms step_avg:362.10ms
step:3903/5100 lr:0.0005985000000000001 train_loss:3.2449 train_time:1409683ms step_avg:362.11ms
step:3904/5100 lr:0.000598 train_loss:3.3686 train_time:1410079ms step_avg:362.12ms
step:3905/5100 lr:0.0005975 train_loss:3.5081 train_time:1410475ms step_avg:362.12ms
step:3906/5100 lr:0.000597 train_loss:3.8894 train_time:1410871ms step_avg:362.13ms
step:3907/5100 lr:0.0005965 train_loss:3.1165 train_time:1411266ms step_avg:362.14ms
step:3908/5100 lr:0.000596 train_loss:3.3864 train_time:1411662ms step_avg:362.15ms
step:3909/5100 lr:0.0005955 train_loss:3.5339 train_time:1412058ms step_avg:362.16ms
step:3910/5100 lr:0.0005949999999999999 train_loss:3.4193 train_time:1412454ms step_avg:362.17ms
step:3911/5100 lr:0.0005945000000000001 train_loss:3.5135 train_time:1412850ms step_avg:362.18ms
step:3912/5100 lr:0.000594 train_loss:3.3214 train_time:1413245ms step_avg:362.18ms
step:3913/5100 lr:0.0005935000000000001 train_loss:3.3139 train_time:1413641ms step_avg:362.19ms
step:3914/5100 lr:0.000593 train_loss:3.2657 train_time:1414036ms step_avg:362.20ms
step:3915/5100 lr:0.0005925 train_loss:3.3001 train_time:1414433ms step_avg:362.21ms
step:3916/5100 lr:0.000592 train_loss:3.4425 train_time:1414829ms step_avg:362.22ms
step:3917/5100 lr:0.0005915 train_loss:3.4021 train_time:1415225ms step_avg:362.23ms
step:3918/5100 lr:0.0005909999999999999 train_loss:3.3817 train_time:1415620ms step_avg:362.24ms
step:3919/5100 lr:0.0005905 train_loss:3.3376 train_time:1416016ms step_avg:362.25ms
step:3920/5100 lr:0.00059 train_loss:3.2595 train_time:1416955ms step_avg:362.39ms
step:3921/5100 lr:0.0005895000000000001 train_loss:3.2728 train_time:1417351ms step_avg:362.40ms
step:3922/5100 lr:0.000589 train_loss:3.2931 train_time:1417747ms step_avg:362.41ms
step:3923/5100 lr:0.0005885 train_loss:3.5632 train_time:1418143ms step_avg:362.42ms
step:3924/5100 lr:0.000588 train_loss:3.2894 train_time:1418540ms step_avg:362.43ms
step:3925/5100 lr:0.0005875 train_loss:3.1942 train_time:1418936ms step_avg:362.44ms
step:3926/5100 lr:0.000587 train_loss:3.2275 train_time:1419333ms step_avg:362.44ms
step:3927/5100 lr:0.0005865 train_loss:3.3700 train_time:1419729ms step_avg:362.45ms
step:3928/5100 lr:0.0005859999999999999 train_loss:3.6253 train_time:1420125ms step_avg:362.46ms
step:3929/5100 lr:0.0005855000000000001 train_loss:3.2669 train_time:1420521ms step_avg:362.47ms
step:3930/5100 lr:0.000585 train_loss:3.2121 train_time:1420917ms step_avg:362.48ms
step:3931/5100 lr:0.0005845000000000001 train_loss:3.4049 train_time:1421314ms step_avg:362.49ms
step:3932/5100 lr:0.000584 train_loss:3.2879 train_time:1421710ms step_avg:362.50ms
step:3933/5100 lr:0.0005835 train_loss:3.3628 train_time:1422106ms step_avg:362.50ms
step:3934/5100 lr:0.000583 train_loss:3.4191 train_time:1422502ms step_avg:362.51ms
step:3935/5100 lr:0.0005825 train_loss:3.4485 train_time:1422898ms step_avg:362.52ms
step:3936/5100 lr:0.0005819999999999999 train_loss:3.3117 train_time:1423295ms step_avg:362.53ms
step:3937/5100 lr:0.0005815 train_loss:3.3936 train_time:1423691ms step_avg:362.54ms
step:3938/5100 lr:0.0005809999999999999 train_loss:3.3028 train_time:1424087ms step_avg:362.55ms
step:3939/5100 lr:0.0005805000000000001 train_loss:3.6121 train_time:1424483ms step_avg:362.56ms
step:3940/5100 lr:0.00058 train_loss:3.3702 train_time:1424880ms step_avg:362.56ms
step:3941/5100 lr:0.0005795 train_loss:3.4347 train_time:1425276ms step_avg:362.57ms
step:3942/5100 lr:0.000579 train_loss:3.3438 train_time:1425673ms step_avg:362.58ms
step:3943/5100 lr:0.0005785 train_loss:3.3557 train_time:1426069ms step_avg:362.59ms
step:3944/5100 lr:0.000578 train_loss:3.4123 train_time:1426466ms step_avg:362.60ms
step:3945/5100 lr:0.0005775 train_loss:3.4536 train_time:1426862ms step_avg:362.61ms
step:3946/5100 lr:0.0005769999999999999 train_loss:3.4129 train_time:1427258ms step_avg:362.62ms
step:3947/5100 lr:0.0005765 train_loss:3.4439 train_time:1427655ms step_avg:362.63ms
step:3948/5100 lr:0.000576 train_loss:3.3378 train_time:1428052ms step_avg:362.63ms
step:3949/5100 lr:0.0005755000000000001 train_loss:3.2871 train_time:1428448ms step_avg:362.64ms
step:3950/5100 lr:0.000575 train_loss:3.2675 train_time:1428844ms step_avg:362.65ms
step:3951/5100 lr:0.0005745 train_loss:3.3993 train_time:1429241ms step_avg:362.66ms
step:3952/5100 lr:0.000574 train_loss:3.5963 train_time:1429637ms step_avg:362.67ms
step:3953/5100 lr:0.0005735 train_loss:3.4035 train_time:1430034ms step_avg:362.68ms
step:3954/5100 lr:0.0005729999999999999 train_loss:3.0886 train_time:1430430ms step_avg:362.69ms
step:3955/5100 lr:0.0005725 train_loss:3.3690 train_time:1430826ms step_avg:362.69ms
step:3956/5100 lr:0.0005719999999999999 train_loss:3.1992 train_time:1431222ms step_avg:362.70ms
step:3957/5100 lr:0.0005715000000000001 train_loss:3.2785 train_time:1431618ms step_avg:362.71ms
step:3958/5100 lr:0.000571 train_loss:3.1952 train_time:1432015ms step_avg:362.72ms
step:3959/5100 lr:0.0005705 train_loss:3.4038 train_time:1432412ms step_avg:362.73ms
step:3960/5100 lr:0.00057 train_loss:3.3503 train_time:1432808ms step_avg:362.74ms
step:3961/5100 lr:0.0005695 train_loss:3.0478 train_time:1433205ms step_avg:362.74ms
step:3962/5100 lr:0.000569 train_loss:3.2126 train_time:1433602ms step_avg:362.75ms
step:3963/5100 lr:0.0005685 train_loss:3.4177 train_time:1433998ms step_avg:362.76ms
step:3964/5100 lr:0.0005679999999999999 train_loss:3.3090 train_time:1434394ms step_avg:362.77ms
step:3965/5100 lr:0.0005675 train_loss:3.2331 train_time:1434791ms step_avg:362.78ms
step:3966/5100 lr:0.000567 train_loss:3.2841 train_time:1435187ms step_avg:362.79ms
step:3967/5100 lr:0.0005665000000000001 train_loss:3.0273 train_time:1435583ms step_avg:362.80ms
step:3968/5100 lr:0.000566 train_loss:3.3441 train_time:1435980ms step_avg:362.80ms
step:3969/5100 lr:0.0005655 train_loss:3.4189 train_time:1436385ms step_avg:362.82ms
step:3970/5100 lr:0.000565 train_loss:3.2683 train_time:1436775ms step_avg:362.82ms
step:3971/5100 lr:0.0005645 train_loss:3.4002 train_time:1437171ms step_avg:362.83ms
step:3972/5100 lr:0.0005639999999999999 train_loss:3.4511 train_time:1437567ms step_avg:362.84ms
step:3973/5100 lr:0.0005635 train_loss:3.3772 train_time:1437964ms step_avg:362.85ms
step:3974/5100 lr:0.0005629999999999999 train_loss:3.2236 train_time:1438360ms step_avg:362.86ms
step:3975/5100 lr:0.0005625000000000001 train_loss:3.4045 train_time:1438756ms step_avg:362.86ms
step:3976/5100 lr:0.0005620000000000001 train_loss:3.4171 train_time:1439153ms step_avg:362.87ms
step:3977/5100 lr:0.0005615 train_loss:3.2507 train_time:1439550ms step_avg:362.88ms
step:3978/5100 lr:0.0005610000000000001 train_loss:3.3769 train_time:1439946ms step_avg:362.89ms
step:3979/5100 lr:0.0005605 train_loss:3.3061 train_time:1440343ms step_avg:362.90ms
step:3980/5100 lr:0.0005600000000000001 train_loss:3.5426 train_time:1440739ms step_avg:362.91ms
step:3981/5100 lr:0.0005595 train_loss:3.3549 train_time:1441135ms step_avg:362.91ms
step:3982/5100 lr:0.000559 train_loss:3.4282 train_time:1441532ms step_avg:362.92ms
step:3983/5100 lr:0.0005585 train_loss:3.3998 train_time:1441928ms step_avg:362.93ms
step:3984/5100 lr:0.000558 train_loss:3.3356 train_time:1442324ms step_avg:362.94ms
step:3985/5100 lr:0.0005575 train_loss:3.4555 train_time:1442720ms step_avg:362.95ms
step:3986/5100 lr:0.0005570000000000001 train_loss:3.2292 train_time:1443675ms step_avg:363.10ms
step:3987/5100 lr:0.0005565 train_loss:3.3699 train_time:1444071ms step_avg:363.11ms
step:3988/5100 lr:0.0005560000000000001 train_loss:3.4482 train_time:1444467ms step_avg:363.11ms
step:3989/5100 lr:0.0005555 train_loss:3.3544 train_time:1444863ms step_avg:363.12ms
step:3990/5100 lr:0.000555 train_loss:3.3632 train_time:1445458ms step_avg:363.18ms
step:3991/5100 lr:0.0005545 train_loss:3.7720 train_time:1445853ms step_avg:363.19ms
step:3992/5100 lr:0.000554 train_loss:3.2689 train_time:1446250ms step_avg:363.20ms
step:3993/5100 lr:0.0005535 train_loss:3.3794 train_time:1446646ms step_avg:363.21ms
step:3994/5100 lr:0.0005530000000000001 train_loss:3.3076 train_time:1447042ms step_avg:363.21ms
step:3995/5100 lr:0.0005525 train_loss:3.4351 train_time:1447438ms step_avg:363.22ms
step:3996/5100 lr:0.0005520000000000001 train_loss:3.2881 train_time:1447836ms step_avg:363.23ms
step:3997/5100 lr:0.0005515 train_loss:3.3692 train_time:1448233ms step_avg:363.24ms
step:3998/5100 lr:0.0005510000000000001 train_loss:2.5539 train_time:1448629ms step_avg:363.25ms
step:3999/5100 lr:0.0005505 train_loss:3.3042 train_time:1449025ms step_avg:363.26ms
step:4000/5100 lr:0.00055 train_loss:3.3340 train_time:1449421ms step_avg:363.26ms
step:4000/5100 val_loss:3.3237 train_time:1449437ms step_avg:363.27ms
step:4001/5100 lr:0.0005495 train_loss:3.2037 train_time:1453722ms step_avg:364.25ms
step:4002/5100 lr:0.000549 train_loss:3.4050 train_time:1454118ms step_avg:364.26ms
step:4003/5100 lr:0.0005485 train_loss:3.2465 train_time:1454514ms step_avg:364.27ms
step:4004/5100 lr:0.0005480000000000001 train_loss:3.3415 train_time:1454910ms step_avg:364.27ms
step:4005/5100 lr:0.0005475 train_loss:3.3254 train_time:1455306ms step_avg:364.28ms
step:4006/5100 lr:0.0005470000000000001 train_loss:3.0577 train_time:1455702ms step_avg:364.29ms
step:4007/5100 lr:0.0005465 train_loss:3.3732 train_time:1456098ms step_avg:364.30ms
step:4008/5100 lr:0.000546 train_loss:3.3824 train_time:1456494ms step_avg:364.31ms
step:4009/5100 lr:0.0005455 train_loss:3.1858 train_time:1456890ms step_avg:364.31ms
step:4010/5100 lr:0.000545 train_loss:3.3910 train_time:1457834ms step_avg:364.46ms
step:4011/5100 lr:0.0005445 train_loss:3.3001 train_time:1458230ms step_avg:364.47ms
step:4012/5100 lr:0.0005440000000000001 train_loss:3.2932 train_time:1458626ms step_avg:364.47ms
step:4013/5100 lr:0.0005435 train_loss:3.3768 train_time:1459022ms step_avg:364.48ms
step:4014/5100 lr:0.0005430000000000001 train_loss:3.1233 train_time:1459417ms step_avg:364.49ms
step:4015/5100 lr:0.0005425 train_loss:3.3591 train_time:1459813ms step_avg:364.50ms
step:4016/5100 lr:0.0005420000000000001 train_loss:2.5095 train_time:1460208ms step_avg:364.51ms
step:4017/5100 lr:0.0005415 train_loss:3.3162 train_time:1460611ms step_avg:364.51ms
step:4018/5100 lr:0.000541 train_loss:3.3856 train_time:1461002ms step_avg:364.52ms
step:4019/5100 lr:0.0005405 train_loss:3.3659 train_time:1461398ms step_avg:364.53ms
step:4020/5100 lr:0.00054 train_loss:3.1900 train_time:1461794ms step_avg:364.54ms
step:4021/5100 lr:0.0005394999999999999 train_loss:3.1918 train_time:1462190ms step_avg:364.54ms
step:4022/5100 lr:0.0005390000000000001 train_loss:3.2475 train_time:1462585ms step_avg:364.55ms
step:4023/5100 lr:0.0005385 train_loss:3.6163 train_time:1462981ms step_avg:364.56ms
step:4024/5100 lr:0.0005380000000000001 train_loss:3.3675 train_time:1463377ms step_avg:364.57ms
step:4025/5100 lr:0.0005375 train_loss:3.3349 train_time:1463773ms step_avg:364.58ms
step:4026/5100 lr:0.000537 train_loss:3.3876 train_time:1464169ms step_avg:364.58ms
step:4027/5100 lr:0.0005365 train_loss:3.3437 train_time:1464564ms step_avg:364.59ms
step:4028/5100 lr:0.000536 train_loss:3.3470 train_time:1464960ms step_avg:364.60ms
step:4029/5100 lr:0.0005355 train_loss:3.2662 train_time:1465356ms step_avg:364.61ms
step:4030/5100 lr:0.000535 train_loss:3.4110 train_time:1465752ms step_avg:364.61ms
step:4031/5100 lr:0.0005345 train_loss:3.4637 train_time:1466148ms step_avg:364.62ms
step:4032/5100 lr:0.0005340000000000001 train_loss:3.5900 train_time:1466543ms step_avg:364.63ms
step:4033/5100 lr:0.0005335 train_loss:3.3873 train_time:1466939ms step_avg:364.64ms
step:4034/5100 lr:0.000533 train_loss:3.1195 train_time:1467334ms step_avg:364.65ms
step:4035/5100 lr:0.0005325 train_loss:3.3709 train_time:1467730ms step_avg:364.65ms
step:4036/5100 lr:0.000532 train_loss:3.3991 train_time:1468125ms step_avg:364.66ms
step:4037/5100 lr:0.0005315 train_loss:3.3646 train_time:1468521ms step_avg:364.67ms
step:4038/5100 lr:0.000531 train_loss:3.4363 train_time:1468917ms step_avg:364.68ms
step:4039/5100 lr:0.0005304999999999999 train_loss:3.3498 train_time:1469313ms step_avg:364.68ms
step:4040/5100 lr:0.0005300000000000001 train_loss:3.2879 train_time:1469708ms step_avg:364.69ms
step:4041/5100 lr:0.0005295 train_loss:3.3195 train_time:1470104ms step_avg:364.70ms
step:4042/5100 lr:0.0005290000000000001 train_loss:3.3167 train_time:1470500ms step_avg:364.71ms
step:4043/5100 lr:0.0005285 train_loss:3.2090 train_time:1470896ms step_avg:364.72ms
step:4044/5100 lr:0.000528 train_loss:3.3657 train_time:1471292ms step_avg:364.72ms
step:4045/5100 lr:0.0005275 train_loss:3.2123 train_time:1471688ms step_avg:364.73ms
step:4046/5100 lr:0.000527 train_loss:3.3911 train_time:1472084ms step_avg:364.74ms
step:4047/5100 lr:0.0005265 train_loss:3.1230 train_time:1472480ms step_avg:364.75ms
step:4048/5100 lr:0.000526 train_loss:3.3769 train_time:1472876ms step_avg:364.75ms
step:4049/5100 lr:0.0005254999999999999 train_loss:3.1947 train_time:1473271ms step_avg:364.76ms
step:4050/5100 lr:0.0005250000000000001 train_loss:3.3483 train_time:1473667ms step_avg:364.77ms
step:4051/5100 lr:0.0005245 train_loss:3.2861 train_time:1474063ms step_avg:364.78ms
step:4052/5100 lr:0.000524 train_loss:3.0950 train_time:1475001ms step_avg:364.92ms
step:4053/5100 lr:0.0005235 train_loss:3.3278 train_time:1475396ms step_avg:364.93ms
step:4054/5100 lr:0.000523 train_loss:3.4356 train_time:1475792ms step_avg:364.93ms
step:4055/5100 lr:0.0005225 train_loss:3.4189 train_time:1476189ms step_avg:364.94ms
step:4056/5100 lr:0.000522 train_loss:3.4836 train_time:1476585ms step_avg:364.95ms
step:4057/5100 lr:0.0005214999999999999 train_loss:3.4770 train_time:1476981ms step_avg:364.96ms
step:4058/5100 lr:0.000521 train_loss:3.3986 train_time:1477378ms step_avg:364.96ms
step:4059/5100 lr:0.0005205 train_loss:3.3005 train_time:1477774ms step_avg:364.97ms
step:4060/5100 lr:0.0005200000000000001 train_loss:3.2054 train_time:1478170ms step_avg:364.98ms
step:4061/5100 lr:0.0005195 train_loss:3.2122 train_time:1478566ms step_avg:364.99ms
step:4062/5100 lr:0.000519 train_loss:3.3503 train_time:1478962ms step_avg:365.00ms
step:4063/5100 lr:0.0005185 train_loss:3.2300 train_time:1479359ms step_avg:365.00ms
step:4064/5100 lr:0.000518 train_loss:3.4505 train_time:1479754ms step_avg:365.01ms
step:4065/5100 lr:0.0005175 train_loss:3.4082 train_time:1480150ms step_avg:365.02ms
step:4066/5100 lr:0.000517 train_loss:3.3461 train_time:1480546ms step_avg:365.03ms
step:4067/5100 lr:0.0005164999999999999 train_loss:3.2750 train_time:1480943ms step_avg:365.03ms
step:4068/5100 lr:0.0005160000000000001 train_loss:3.3461 train_time:1481339ms step_avg:365.04ms
step:4069/5100 lr:0.0005155 train_loss:3.2522 train_time:1481735ms step_avg:365.05ms
step:4070/5100 lr:0.000515 train_loss:3.2714 train_time:1482131ms step_avg:365.06ms
step:4071/5100 lr:0.0005145 train_loss:3.1910 train_time:1482528ms step_avg:365.06ms
step:4072/5100 lr:0.000514 train_loss:3.4482 train_time:1482924ms step_avg:365.07ms
step:4073/5100 lr:0.0005135 train_loss:3.3113 train_time:1483320ms step_avg:365.08ms
step:4074/5100 lr:0.000513 train_loss:3.3216 train_time:1483719ms step_avg:365.09ms
step:4075/5100 lr:0.0005124999999999999 train_loss:3.2843 train_time:1484113ms step_avg:365.10ms
step:4076/5100 lr:0.000512 train_loss:3.6830 train_time:1484509ms step_avg:365.10ms
step:4077/5100 lr:0.0005115 train_loss:3.1692 train_time:1484905ms step_avg:365.11ms
step:4078/5100 lr:0.0005110000000000001 train_loss:3.3315 train_time:1485301ms step_avg:365.12ms
step:4079/5100 lr:0.0005105 train_loss:3.2024 train_time:1485698ms step_avg:365.13ms
step:4080/5100 lr:0.00051 train_loss:3.3016 train_time:1486094ms step_avg:365.13ms
step:4081/5100 lr:0.0005095 train_loss:3.2211 train_time:1486490ms step_avg:365.14ms
step:4082/5100 lr:0.000509 train_loss:3.3225 train_time:1486887ms step_avg:365.15ms
step:4083/5100 lr:0.0005085 train_loss:3.2558 train_time:1487283ms step_avg:365.16ms
step:4084/5100 lr:0.000508 train_loss:3.4883 train_time:1487679ms step_avg:365.16ms
step:4085/5100 lr:0.0005074999999999999 train_loss:3.4911 train_time:1488075ms step_avg:365.17ms
step:4086/5100 lr:0.000507 train_loss:3.4118 train_time:1488471ms step_avg:365.18ms
step:4087/5100 lr:0.0005065 train_loss:3.3507 train_time:1488867ms step_avg:365.19ms
step:4088/5100 lr:0.000506 train_loss:3.2042 train_time:1489263ms step_avg:365.19ms
step:4089/5100 lr:0.0005055 train_loss:3.2667 train_time:1489660ms step_avg:365.20ms
step:4090/5100 lr:0.000505 train_loss:3.3042 train_time:1490056ms step_avg:365.21ms
step:4091/5100 lr:0.0005045 train_loss:3.6307 train_time:1490453ms step_avg:365.22ms
step:4092/5100 lr:0.000504 train_loss:3.1718 train_time:1490849ms step_avg:365.23ms
step:4093/5100 lr:0.0005034999999999999 train_loss:3.4830 train_time:1491245ms step_avg:365.23ms
step:4094/5100 lr:0.000503 train_loss:3.2818 train_time:1491641ms step_avg:365.24ms
step:4095/5100 lr:0.0005024999999999999 train_loss:3.3784 train_time:1492038ms step_avg:365.25ms
step:4096/5100 lr:0.0005020000000000001 train_loss:3.4542 train_time:1492434ms step_avg:365.26ms
step:4097/5100 lr:0.0005015 train_loss:3.3387 train_time:1492829ms step_avg:365.26ms
step:4098/5100 lr:0.000501 train_loss:3.2823 train_time:1493225ms step_avg:365.27ms
step:4099/5100 lr:0.0005005 train_loss:3.2226 train_time:1493622ms step_avg:365.28ms
step:4100/5100 lr:0.0005 train_loss:3.3344 train_time:1494019ms step_avg:365.29ms
step:4101/5100 lr:0.0004995 train_loss:3.2957 train_time:1494415ms step_avg:365.29ms
step:4102/5100 lr:0.000499 train_loss:3.3361 train_time:1494810ms step_avg:365.30ms
step:4103/5100 lr:0.0004985 train_loss:3.3296 train_time:1495207ms step_avg:365.31ms
step:4104/5100 lr:0.000498 train_loss:3.4237 train_time:1495603ms step_avg:365.32ms
step:4105/5100 lr:0.0004975 train_loss:3.4633 train_time:1496000ms step_avg:365.32ms
step:4106/5100 lr:0.000497 train_loss:3.2127 train_time:1496396ms step_avg:365.33ms
step:4107/5100 lr:0.0004965 train_loss:3.3516 train_time:1496792ms step_avg:365.34ms
step:4108/5100 lr:0.000496 train_loss:3.4933 train_time:1497188ms step_avg:365.35ms
step:4109/5100 lr:0.0004955 train_loss:3.4165 train_time:1497585ms step_avg:365.35ms
step:4110/5100 lr:0.000495 train_loss:3.3044 train_time:1497982ms step_avg:365.36ms
step:4111/5100 lr:0.0004945 train_loss:3.3831 train_time:1498378ms step_avg:365.37ms
step:4112/5100 lr:0.000494 train_loss:2.8194 train_time:1498774ms step_avg:365.38ms
step:4113/5100 lr:0.0004935 train_loss:3.3658 train_time:1499170ms step_avg:365.38ms
step:4114/5100 lr:0.0004930000000000001 train_loss:3.2731 train_time:1499567ms step_avg:365.39ms
step:4115/5100 lr:0.0004925 train_loss:3.3683 train_time:1499963ms step_avg:365.40ms
step:4116/5100 lr:0.000492 train_loss:3.2883 train_time:1500359ms step_avg:365.41ms
step:4117/5100 lr:0.0004915 train_loss:3.3175 train_time:1500755ms step_avg:365.41ms
step:4118/5100 lr:0.000491 train_loss:3.4029 train_time:1501151ms step_avg:365.42ms
step:4119/5100 lr:0.0004905 train_loss:3.3076 train_time:1501547ms step_avg:365.43ms
step:4120/5100 lr:0.00049 train_loss:4.0050 train_time:1501944ms step_avg:365.44ms
step:4121/5100 lr:0.0004895 train_loss:3.2447 train_time:1502341ms step_avg:365.44ms
step:4122/5100 lr:0.000489 train_loss:3.2628 train_time:1502737ms step_avg:365.45ms
step:4123/5100 lr:0.0004885 train_loss:3.4612 train_time:1503134ms step_avg:365.46ms
step:4124/5100 lr:0.000488 train_loss:3.2612 train_time:1503530ms step_avg:365.47ms
step:4125/5100 lr:0.0004875 train_loss:3.3633 train_time:1503926ms step_avg:365.47ms
step:4125/5100 val_loss:3.3086 train_time:1503941ms step_avg:365.48ms
step:4126/5100 lr:0.000487 train_loss:3.4747 train_time:1508039ms step_avg:366.38ms
step:4127/5100 lr:0.0004865 train_loss:3.2339 train_time:1508435ms step_avg:366.39ms
step:4128/5100 lr:0.000486 train_loss:3.2069 train_time:1508832ms step_avg:366.40ms
step:4129/5100 lr:0.0004855 train_loss:3.3197 train_time:1509228ms step_avg:366.41ms
step:4130/5100 lr:0.00048499999999999997 train_loss:3.5662 train_time:1509624ms step_avg:366.41ms
step:4131/5100 lr:0.0004845 train_loss:3.4462 train_time:1510020ms step_avg:366.42ms
step:4132/5100 lr:0.000484 train_loss:3.3931 train_time:1510416ms step_avg:366.43ms
step:4133/5100 lr:0.0004835 train_loss:3.3291 train_time:1510812ms step_avg:366.44ms
step:4134/5100 lr:0.000483 train_loss:3.3099 train_time:1511208ms step_avg:366.44ms
step:4135/5100 lr:0.0004825 train_loss:3.3798 train_time:1511604ms step_avg:366.45ms
step:4136/5100 lr:0.000482 train_loss:3.3682 train_time:1512547ms step_avg:366.59ms
step:4137/5100 lr:0.0004815 train_loss:3.4458 train_time:1512943ms step_avg:366.60ms
step:4138/5100 lr:0.000481 train_loss:3.2593 train_time:1513340ms step_avg:366.60ms
step:4139/5100 lr:0.00048049999999999997 train_loss:3.3031 train_time:1513736ms step_avg:366.61ms
step:4140/5100 lr:0.00048 train_loss:3.3107 train_time:1514133ms step_avg:366.62ms
step:4141/5100 lr:0.0004795 train_loss:3.3252 train_time:1514528ms step_avg:366.63ms
step:4142/5100 lr:0.000479 train_loss:3.3075 train_time:1514924ms step_avg:366.63ms
step:4143/5100 lr:0.0004785 train_loss:3.2813 train_time:1515321ms step_avg:366.64ms
step:4144/5100 lr:0.00047799999999999996 train_loss:3.2358 train_time:1515717ms step_avg:366.65ms
step:4145/5100 lr:0.0004775 train_loss:3.5528 train_time:1516115ms step_avg:366.65ms
step:4146/5100 lr:0.000477 train_loss:3.4528 train_time:1516513ms step_avg:366.66ms
step:4147/5100 lr:0.0004765 train_loss:3.2641 train_time:1516907ms step_avg:366.67ms
step:4148/5100 lr:0.00047599999999999997 train_loss:3.3830 train_time:1517302ms step_avg:366.68ms
step:4149/5100 lr:0.0004755 train_loss:3.4215 train_time:1517699ms step_avg:366.68ms
step:4150/5100 lr:0.000475 train_loss:3.4263 train_time:1518095ms step_avg:366.69ms
step:4151/5100 lr:0.0004745 train_loss:3.3428 train_time:1518492ms step_avg:366.70ms
step:4152/5100 lr:0.000474 train_loss:3.5965 train_time:1518888ms step_avg:366.70ms
step:4153/5100 lr:0.00047349999999999996 train_loss:3.8110 train_time:1519285ms step_avg:366.71ms
step:4154/5100 lr:0.000473 train_loss:3.3002 train_time:1519681ms step_avg:366.72ms
step:4155/5100 lr:0.0004725 train_loss:3.1740 train_time:1520077ms step_avg:366.73ms
step:4156/5100 lr:0.000472 train_loss:3.3103 train_time:1520474ms step_avg:366.73ms
step:4157/5100 lr:0.00047149999999999997 train_loss:3.5312 train_time:1520871ms step_avg:366.74ms
step:4158/5100 lr:0.000471 train_loss:3.2180 train_time:1521266ms step_avg:366.75ms
step:4159/5100 lr:0.0004705 train_loss:3.1015 train_time:1521662ms step_avg:366.75ms
step:4160/5100 lr:0.00047 train_loss:3.4445 train_time:1522058ms step_avg:366.76ms
step:4161/5100 lr:0.0004695 train_loss:3.3826 train_time:1522455ms step_avg:366.77ms
step:4162/5100 lr:0.00046899999999999996 train_loss:3.4461 train_time:1522852ms step_avg:366.78ms
step:4163/5100 lr:0.00046850000000000006 train_loss:3.0146 train_time:1523247ms step_avg:366.78ms
step:4164/5100 lr:0.00046800000000000005 train_loss:3.4156 train_time:1523642ms step_avg:366.79ms
step:4165/5100 lr:0.00046750000000000003 train_loss:3.3225 train_time:1524038ms step_avg:366.80ms
step:4166/5100 lr:0.000467 train_loss:3.2313 train_time:1524434ms step_avg:366.80ms
step:4167/5100 lr:0.0004665 train_loss:3.1951 train_time:1524830ms step_avg:366.81ms
step:4168/5100 lr:0.00046600000000000005 train_loss:3.4645 train_time:1525225ms step_avg:366.82ms
step:4169/5100 lr:0.00046550000000000004 train_loss:3.3165 train_time:1525621ms step_avg:366.82ms
step:4170/5100 lr:0.000465 train_loss:3.3396 train_time:1526024ms step_avg:366.83ms
step:4171/5100 lr:0.0004645 train_loss:3.4200 train_time:1526413ms step_avg:366.84ms
step:4172/5100 lr:0.00046400000000000006 train_loss:3.5368 train_time:1526809ms step_avg:366.84ms
step:4173/5100 lr:0.00046350000000000004 train_loss:3.0565 train_time:1527203ms step_avg:366.85ms
step:4174/5100 lr:0.00046300000000000003 train_loss:3.2458 train_time:1527600ms step_avg:366.86ms
step:4175/5100 lr:0.0004625 train_loss:3.3476 train_time:1527995ms step_avg:366.87ms
step:4176/5100 lr:0.000462 train_loss:3.4063 train_time:1528391ms step_avg:366.87ms
step:4177/5100 lr:0.00046150000000000005 train_loss:3.3617 train_time:1528786ms step_avg:366.88ms
step:4178/5100 lr:0.00046100000000000004 train_loss:3.2353 train_time:1529181ms step_avg:366.89ms
step:4179/5100 lr:0.0004605 train_loss:3.2558 train_time:1529577ms step_avg:366.89ms
step:4180/5100 lr:0.00046 train_loss:3.2766 train_time:1530170ms step_avg:366.95ms
step:4181/5100 lr:0.00045950000000000006 train_loss:3.1706 train_time:1530566ms step_avg:366.95ms
step:4182/5100 lr:0.00045900000000000004 train_loss:3.6271 train_time:1530962ms step_avg:366.96ms
step:4183/5100 lr:0.00045850000000000003 train_loss:3.2504 train_time:1531358ms step_avg:366.97ms
step:4184/5100 lr:0.000458 train_loss:3.3686 train_time:1531754ms step_avg:366.97ms
step:4185/5100 lr:0.0004575 train_loss:3.4359 train_time:1532149ms step_avg:366.98ms
step:4186/5100 lr:0.00045700000000000005 train_loss:3.6589 train_time:1532544ms step_avg:366.99ms
step:4187/5100 lr:0.00045650000000000004 train_loss:3.3177 train_time:1532940ms step_avg:367.00ms
step:4188/5100 lr:0.000456 train_loss:3.3246 train_time:1533336ms step_avg:367.00ms
step:4189/5100 lr:0.0004555 train_loss:3.2014 train_time:1533732ms step_avg:367.01ms
step:4190/5100 lr:0.000455 train_loss:3.2072 train_time:1534128ms step_avg:367.02ms
step:4191/5100 lr:0.00045450000000000004 train_loss:3.2532 train_time:1534728ms step_avg:367.07ms
step:4192/5100 lr:0.00045400000000000003 train_loss:3.3246 train_time:1535124ms step_avg:367.08ms
step:4193/5100 lr:0.0004535 train_loss:3.3625 train_time:1535520ms step_avg:367.09ms
step:4194/5100 lr:0.000453 train_loss:3.6309 train_time:1535916ms step_avg:367.09ms
step:4195/5100 lr:0.00045250000000000005 train_loss:3.3456 train_time:1536313ms step_avg:367.10ms
step:4196/5100 lr:0.00045200000000000004 train_loss:3.1949 train_time:1536709ms step_avg:367.11ms
step:4197/5100 lr:0.0004515 train_loss:3.3554 train_time:1537105ms step_avg:367.11ms
step:4198/5100 lr:0.000451 train_loss:3.3587 train_time:1537500ms step_avg:367.12ms
step:4199/5100 lr:0.0004505 train_loss:3.3116 train_time:1537897ms step_avg:367.13ms
step:4200/5100 lr:0.00045000000000000004 train_loss:3.1786 train_time:1538293ms step_avg:367.13ms
step:4201/5100 lr:0.00044950000000000003 train_loss:3.4244 train_time:1538689ms step_avg:367.14ms
step:4202/5100 lr:0.000449 train_loss:3.2965 train_time:1539084ms step_avg:367.15ms
step:4203/5100 lr:0.0004485 train_loss:3.3218 train_time:1539480ms step_avg:367.15ms
step:4204/5100 lr:0.000448 train_loss:3.4430 train_time:1539876ms step_avg:367.16ms
step:4205/5100 lr:0.00044750000000000004 train_loss:3.2229 train_time:1540272ms step_avg:367.17ms
step:4206/5100 lr:0.000447 train_loss:3.3263 train_time:1540668ms step_avg:367.18ms
step:4207/5100 lr:0.0004465 train_loss:3.7684 train_time:1541063ms step_avg:367.18ms
step:4208/5100 lr:0.000446 train_loss:2.8132 train_time:1541459ms step_avg:367.19ms
step:4209/5100 lr:0.00044550000000000004 train_loss:3.5442 train_time:1541855ms step_avg:367.20ms
step:4210/5100 lr:0.00044500000000000003 train_loss:3.4515 train_time:1542251ms step_avg:367.20ms
step:4211/5100 lr:0.0004445 train_loss:3.1622 train_time:1542647ms step_avg:367.21ms
step:4212/5100 lr:0.000444 train_loss:3.3149 train_time:1543043ms step_avg:367.22ms
step:4213/5100 lr:0.0004435 train_loss:3.3259 train_time:1543439ms step_avg:367.22ms
step:4214/5100 lr:0.00044300000000000003 train_loss:3.1669 train_time:1543835ms step_avg:367.23ms
step:4215/5100 lr:0.0004425 train_loss:3.2342 train_time:1544231ms step_avg:367.24ms
step:4216/5100 lr:0.000442 train_loss:3.2720 train_time:1544627ms step_avg:367.24ms
step:4217/5100 lr:0.0004415 train_loss:4.0779 train_time:1545022ms step_avg:367.25ms
step:4218/5100 lr:0.000441 train_loss:3.3801 train_time:1545418ms step_avg:367.26ms
step:4219/5100 lr:0.00044050000000000003 train_loss:3.4823 train_time:1545814ms step_avg:367.26ms
step:4220/5100 lr:0.00044 train_loss:3.3313 train_time:1546210ms step_avg:367.27ms
step:4221/5100 lr:0.0004395 train_loss:3.6000 train_time:1546606ms step_avg:367.28ms
step:4222/5100 lr:0.000439 train_loss:3.3563 train_time:1547001ms step_avg:367.28ms
step:4223/5100 lr:0.00043850000000000003 train_loss:3.4180 train_time:1547397ms step_avg:367.29ms
step:4224/5100 lr:0.000438 train_loss:3.1613 train_time:1547793ms step_avg:367.30ms
step:4225/5100 lr:0.0004375 train_loss:3.2359 train_time:1548189ms step_avg:367.30ms
step:4226/5100 lr:0.000437 train_loss:3.4037 train_time:1548585ms step_avg:367.31ms
step:4227/5100 lr:0.0004365 train_loss:3.2062 train_time:1548981ms step_avg:367.32ms
step:4228/5100 lr:0.000436 train_loss:3.3161 train_time:1549376ms step_avg:367.32ms
step:4229/5100 lr:0.0004355 train_loss:3.4094 train_time:1549772ms step_avg:367.33ms
step:4230/5100 lr:0.000435 train_loss:3.1489 train_time:1550168ms step_avg:367.34ms
step:4231/5100 lr:0.0004345 train_loss:3.2692 train_time:1550564ms step_avg:367.35ms
step:4232/5100 lr:0.00043400000000000003 train_loss:3.3973 train_time:1550960ms step_avg:367.35ms
step:4233/5100 lr:0.0004335 train_loss:3.3329 train_time:1551356ms step_avg:367.36ms
step:4234/5100 lr:0.000433 train_loss:3.5630 train_time:1551752ms step_avg:367.37ms
step:4235/5100 lr:0.0004325 train_loss:3.2837 train_time:1552148ms step_avg:367.37ms
step:4236/5100 lr:0.000432 train_loss:3.7052 train_time:1552544ms step_avg:367.38ms
step:4237/5100 lr:0.0004315 train_loss:3.4088 train_time:1552940ms step_avg:367.39ms
step:4238/5100 lr:0.000431 train_loss:3.3365 train_time:1553336ms step_avg:367.39ms
step:4239/5100 lr:0.0004305 train_loss:3.2860 train_time:1553732ms step_avg:367.40ms
step:4240/5100 lr:0.00043 train_loss:3.2430 train_time:1554127ms step_avg:367.41ms
step:4241/5100 lr:0.0004295 train_loss:3.4067 train_time:1554523ms step_avg:367.41ms
step:4242/5100 lr:0.000429 train_loss:3.2607 train_time:1554919ms step_avg:367.42ms
step:4243/5100 lr:0.0004285 train_loss:3.3873 train_time:1555315ms step_avg:367.43ms
step:4244/5100 lr:0.000428 train_loss:3.4812 train_time:1555714ms step_avg:367.43ms
step:4245/5100 lr:0.0004275 train_loss:3.3905 train_time:1556110ms step_avg:367.44ms
step:4246/5100 lr:0.000427 train_loss:3.2600 train_time:1556505ms step_avg:367.45ms
step:4247/5100 lr:0.0004265 train_loss:3.3804 train_time:1556901ms step_avg:367.45ms
step:4248/5100 lr:0.000426 train_loss:3.2603 train_time:1557297ms step_avg:367.46ms
step:4249/5100 lr:0.0004255 train_loss:3.3007 train_time:1557693ms step_avg:367.47ms
step:4250/5100 lr:0.000425 train_loss:3.3384 train_time:1558090ms step_avg:367.47ms
step:4250/5100 val_loss:3.2968 train_time:1558105ms step_avg:367.48ms
step:4251/5100 lr:0.0004245 train_loss:3.3779 train_time:1562199ms step_avg:368.36ms
step:4252/5100 lr:0.000424 train_loss:3.2704 train_time:1562596ms step_avg:368.36ms
step:4253/5100 lr:0.0004235 train_loss:3.4327 train_time:1562992ms step_avg:368.37ms
step:4254/5100 lr:0.000423 train_loss:3.2515 train_time:1563388ms step_avg:368.38ms
step:4255/5100 lr:0.00042249999999999997 train_loss:3.1992 train_time:1563785ms step_avg:368.38ms
step:4256/5100 lr:0.000422 train_loss:3.5679 train_time:1564181ms step_avg:368.39ms
step:4257/5100 lr:0.0004215 train_loss:3.0812 train_time:1564577ms step_avg:368.40ms
step:4258/5100 lr:0.000421 train_loss:3.0894 train_time:1564973ms step_avg:368.40ms
step:4259/5100 lr:0.0004205 train_loss:3.3257 train_time:1565369ms step_avg:368.41ms
step:4260/5100 lr:0.00042 train_loss:3.8190 train_time:1565765ms step_avg:368.42ms
step:4261/5100 lr:0.0004195 train_loss:3.2275 train_time:1566161ms step_avg:368.42ms
step:4262/5100 lr:0.000419 train_loss:3.6050 train_time:1566557ms step_avg:368.43ms
step:4263/5100 lr:0.0004185 train_loss:3.3405 train_time:1566953ms step_avg:368.43ms
step:4264/5100 lr:0.00041799999999999997 train_loss:3.1740 train_time:1567349ms step_avg:368.44ms
step:4265/5100 lr:0.0004175 train_loss:3.2480 train_time:1567745ms step_avg:368.45ms
step:4266/5100 lr:0.000417 train_loss:3.1554 train_time:1568142ms step_avg:368.45ms
step:4267/5100 lr:0.0004165 train_loss:3.4428 train_time:1568538ms step_avg:368.46ms
step:4268/5100 lr:0.000416 train_loss:3.4077 train_time:1568933ms step_avg:368.47ms
step:4269/5100 lr:0.00041549999999999996 train_loss:3.3287 train_time:1569330ms step_avg:368.47ms
step:4270/5100 lr:0.000415 train_loss:3.4148 train_time:1569726ms step_avg:368.48ms
step:4271/5100 lr:0.0004145 train_loss:3.3544 train_time:1570123ms step_avg:368.49ms
step:4272/5100 lr:0.000414 train_loss:3.3065 train_time:1570526ms step_avg:368.50ms
step:4273/5100 lr:0.00041349999999999997 train_loss:3.2939 train_time:1570917ms step_avg:368.50ms
step:4274/5100 lr:0.000413 train_loss:3.4824 train_time:1571313ms step_avg:368.51ms
step:4275/5100 lr:0.0004125 train_loss:3.1720 train_time:1571709ms step_avg:368.51ms
step:4276/5100 lr:0.000412 train_loss:3.2527 train_time:1572105ms step_avg:368.52ms
step:4277/5100 lr:0.0004115 train_loss:3.2568 train_time:1572502ms step_avg:368.53ms
step:4278/5100 lr:0.00041099999999999996 train_loss:3.2330 train_time:1572897ms step_avg:368.53ms
step:4279/5100 lr:0.0004105 train_loss:3.9909 train_time:1573294ms step_avg:368.54ms
step:4280/5100 lr:0.00041 train_loss:3.2250 train_time:1573690ms step_avg:368.55ms
step:4281/5100 lr:0.0004095 train_loss:3.3208 train_time:1574086ms step_avg:368.55ms
step:4282/5100 lr:0.00040899999999999997 train_loss:3.3476 train_time:1574483ms step_avg:368.56ms
step:4283/5100 lr:0.0004085 train_loss:3.4527 train_time:1574879ms step_avg:368.57ms
step:4284/5100 lr:0.000408 train_loss:3.4686 train_time:1575275ms step_avg:368.57ms
step:4285/5100 lr:0.0004075 train_loss:3.3159 train_time:1575671ms step_avg:368.58ms
step:4286/5100 lr:0.00040699999999999997 train_loss:3.5007 train_time:1576068ms step_avg:368.58ms
step:4287/5100 lr:0.00040649999999999996 train_loss:3.2077 train_time:1576464ms step_avg:368.59ms
step:4288/5100 lr:0.00040600000000000006 train_loss:3.2236 train_time:1576862ms step_avg:368.60ms
step:4289/5100 lr:0.00040550000000000004 train_loss:3.1651 train_time:1577257ms step_avg:368.60ms
step:4290/5100 lr:0.00040500000000000003 train_loss:3.2678 train_time:1577653ms step_avg:368.61ms
step:4291/5100 lr:0.0004045 train_loss:3.4199 train_time:1578049ms step_avg:368.62ms
step:4292/5100 lr:0.000404 train_loss:3.4028 train_time:1578445ms step_avg:368.62ms
step:4293/5100 lr:0.00040350000000000005 train_loss:3.3056 train_time:1578841ms step_avg:368.63ms
step:4294/5100 lr:0.00040300000000000004 train_loss:3.3955 train_time:1579235ms step_avg:368.64ms
step:4295/5100 lr:0.0004025 train_loss:3.3619 train_time:1579631ms step_avg:368.64ms
step:4296/5100 lr:0.000402 train_loss:3.3340 train_time:1580027ms step_avg:368.65ms
step:4297/5100 lr:0.00040150000000000006 train_loss:3.1914 train_time:1580423ms step_avg:368.65ms
step:4298/5100 lr:0.00040100000000000004 train_loss:3.3889 train_time:1580819ms step_avg:368.66ms
step:4299/5100 lr:0.00040050000000000003 train_loss:3.3305 train_time:1581215ms step_avg:368.67ms
step:4300/5100 lr:0.0004 train_loss:3.3575 train_time:1581611ms step_avg:368.67ms
step:4301/5100 lr:0.0003995 train_loss:3.2548 train_time:1582007ms step_avg:368.68ms
step:4302/5100 lr:0.00039900000000000005 train_loss:3.3538 train_time:1582403ms step_avg:368.69ms
step:4303/5100 lr:0.00039850000000000004 train_loss:3.3175 train_time:1582798ms step_avg:368.69ms
step:4304/5100 lr:0.000398 train_loss:3.1943 train_time:1583195ms step_avg:368.70ms
step:4305/5100 lr:0.0003975 train_loss:3.4637 train_time:1583591ms step_avg:368.71ms
step:4306/5100 lr:0.00039700000000000005 train_loss:3.3417 train_time:1583986ms step_avg:368.71ms
step:4307/5100 lr:0.00039650000000000004 train_loss:3.2785 train_time:1584382ms step_avg:368.72ms
step:4308/5100 lr:0.00039600000000000003 train_loss:3.3389 train_time:1584778ms step_avg:368.72ms
step:4309/5100 lr:0.0003955 train_loss:3.4646 train_time:1585174ms step_avg:368.73ms
step:4310/5100 lr:0.000395 train_loss:3.1987 train_time:1585570ms step_avg:368.74ms
step:4311/5100 lr:0.00039450000000000005 train_loss:3.1856 train_time:1585966ms step_avg:368.74ms
step:4312/5100 lr:0.00039400000000000004 train_loss:3.2842 train_time:1586362ms step_avg:368.75ms
step:4313/5100 lr:0.0003935 train_loss:3.2567 train_time:1586758ms step_avg:368.76ms
step:4314/5100 lr:0.000393 train_loss:3.2723 train_time:1587155ms step_avg:368.76ms
step:4315/5100 lr:0.0003925 train_loss:3.3845 train_time:1587550ms step_avg:368.77ms
step:4316/5100 lr:0.00039200000000000004 train_loss:3.2235 train_time:1587946ms step_avg:368.78ms
step:4317/5100 lr:0.00039150000000000003 train_loss:4.1721 train_time:1588342ms step_avg:368.78ms
step:4318/5100 lr:0.000391 train_loss:3.3188 train_time:1588738ms step_avg:368.79ms
step:4319/5100 lr:0.0003905 train_loss:3.3190 train_time:1589134ms step_avg:368.79ms
step:4320/5100 lr:0.00039000000000000005 train_loss:3.4176 train_time:1589530ms step_avg:368.80ms
step:4321/5100 lr:0.00038950000000000003 train_loss:3.5947 train_time:1589925ms step_avg:368.81ms
step:4322/5100 lr:0.000389 train_loss:3.2502 train_time:1590322ms step_avg:368.81ms
step:4323/5100 lr:0.0003885 train_loss:3.1452 train_time:1590717ms step_avg:368.82ms
step:4324/5100 lr:0.000388 train_loss:3.4487 train_time:1591113ms step_avg:368.83ms
step:4325/5100 lr:0.00038750000000000004 train_loss:3.2814 train_time:1591509ms step_avg:368.83ms
step:4326/5100 lr:0.00038700000000000003 train_loss:3.3300 train_time:1591905ms step_avg:368.84ms
step:4327/5100 lr:0.0003865 train_loss:3.2237 train_time:1592301ms step_avg:368.84ms
step:4328/5100 lr:0.000386 train_loss:3.1994 train_time:1592697ms step_avg:368.85ms
step:4329/5100 lr:0.0003855 train_loss:3.4497 train_time:1593092ms step_avg:368.86ms
step:4330/5100 lr:0.00038500000000000003 train_loss:3.4509 train_time:1593488ms step_avg:368.86ms
step:4331/5100 lr:0.0003845 train_loss:3.2528 train_time:1593884ms step_avg:368.87ms
step:4332/5100 lr:0.000384 train_loss:3.3587 train_time:1594280ms step_avg:368.88ms
step:4333/5100 lr:0.0003835 train_loss:3.3507 train_time:1594676ms step_avg:368.88ms
step:4334/5100 lr:0.00038300000000000004 train_loss:3.1758 train_time:1595072ms step_avg:368.89ms
step:4335/5100 lr:0.00038250000000000003 train_loss:3.0377 train_time:1595468ms step_avg:368.89ms
step:4336/5100 lr:0.000382 train_loss:3.1524 train_time:1595864ms step_avg:368.90ms
step:4337/5100 lr:0.0003815 train_loss:3.1302 train_time:1596261ms step_avg:368.91ms
step:4338/5100 lr:0.000381 train_loss:3.2519 train_time:1596657ms step_avg:368.91ms
step:4339/5100 lr:0.00038050000000000003 train_loss:3.1957 train_time:1597052ms step_avg:368.92ms
step:4340/5100 lr:0.00038 train_loss:3.1329 train_time:1597448ms step_avg:368.93ms
step:4341/5100 lr:0.0003795 train_loss:3.3961 train_time:1597844ms step_avg:368.93ms
step:4342/5100 lr:0.000379 train_loss:3.2604 train_time:1598241ms step_avg:368.94ms
step:4343/5100 lr:0.0003785 train_loss:3.4634 train_time:1598636ms step_avg:368.94ms
step:4344/5100 lr:0.000378 train_loss:4.0682 train_time:1599032ms step_avg:368.95ms
step:4345/5100 lr:0.0003775 train_loss:3.2643 train_time:1599427ms step_avg:368.96ms
step:4346/5100 lr:0.000377 train_loss:3.3952 train_time:1599829ms step_avg:368.96ms
step:4347/5100 lr:0.0003765 train_loss:3.4829 train_time:1600220ms step_avg:368.97ms
step:4348/5100 lr:0.00037600000000000003 train_loss:3.1912 train_time:1600616ms step_avg:368.98ms
step:4349/5100 lr:0.0003755 train_loss:3.2956 train_time:1601011ms step_avg:368.98ms
step:4350/5100 lr:0.000375 train_loss:3.0640 train_time:1601407ms step_avg:368.99ms
step:4351/5100 lr:0.0003745 train_loss:3.2451 train_time:1601803ms step_avg:368.99ms
step:4352/5100 lr:0.000374 train_loss:3.3749 train_time:1602199ms step_avg:369.00ms
step:4353/5100 lr:0.0003735 train_loss:3.4137 train_time:1602596ms step_avg:369.01ms
step:4354/5100 lr:0.000373 train_loss:3.3489 train_time:1602991ms step_avg:369.01ms
step:4355/5100 lr:0.0003725 train_loss:3.3591 train_time:1603387ms step_avg:369.02ms
step:4356/5100 lr:0.000372 train_loss:3.3777 train_time:1603784ms step_avg:369.03ms
step:4357/5100 lr:0.00037150000000000003 train_loss:3.1264 train_time:1604180ms step_avg:369.03ms
step:4358/5100 lr:0.000371 train_loss:3.2022 train_time:1604575ms step_avg:369.04ms
step:4359/5100 lr:0.0003705 train_loss:3.0051 train_time:1604971ms step_avg:369.04ms
step:4360/5100 lr:0.00037 train_loss:3.2696 train_time:1605367ms step_avg:369.05ms
step:4361/5100 lr:0.0003695 train_loss:3.3210 train_time:1605764ms step_avg:369.06ms
step:4362/5100 lr:0.000369 train_loss:3.2280 train_time:1606160ms step_avg:369.06ms
step:4363/5100 lr:0.0003685 train_loss:3.4659 train_time:1606555ms step_avg:369.07ms
step:4364/5100 lr:0.000368 train_loss:3.4032 train_time:1606957ms step_avg:369.08ms
step:4365/5100 lr:0.0003675 train_loss:3.1098 train_time:1607348ms step_avg:369.08ms
step:4366/5100 lr:0.000367 train_loss:3.0728 train_time:1607744ms step_avg:369.09ms
step:4367/5100 lr:0.0003665 train_loss:3.1880 train_time:1608139ms step_avg:369.09ms
step:4368/5100 lr:0.000366 train_loss:3.2932 train_time:1608535ms step_avg:369.10ms
step:4369/5100 lr:0.0003655 train_loss:3.4123 train_time:1608931ms step_avg:369.11ms
step:4370/5100 lr:0.000365 train_loss:3.4071 train_time:1609524ms step_avg:369.16ms
step:4371/5100 lr:0.0003645 train_loss:3.4262 train_time:1609920ms step_avg:369.16ms
step:4372/5100 lr:0.000364 train_loss:3.6674 train_time:1610315ms step_avg:369.17ms
step:4373/5100 lr:0.0003635 train_loss:3.3798 train_time:1610711ms step_avg:369.17ms
step:4374/5100 lr:0.000363 train_loss:3.3728 train_time:1611106ms step_avg:369.18ms
step:4375/5100 lr:0.0003625 train_loss:3.4035 train_time:1611502ms step_avg:369.19ms
step:4375/5100 val_loss:3.2851 train_time:1611517ms step_avg:369.19ms
step:4376/5100 lr:0.000362 train_loss:3.2726 train_time:1615612ms step_avg:370.04ms
step:4377/5100 lr:0.0003615 train_loss:3.2799 train_time:1616010ms step_avg:370.05ms
step:4378/5100 lr:0.000361 train_loss:3.2800 train_time:1616406ms step_avg:370.06ms
step:4379/5100 lr:0.0003605 train_loss:3.4463 train_time:1616802ms step_avg:370.06ms
step:4380/5100 lr:0.00035999999999999997 train_loss:3.3807 train_time:1617198ms step_avg:370.07ms
step:4381/5100 lr:0.0003595 train_loss:3.5278 train_time:1617594ms step_avg:370.07ms
step:4382/5100 lr:0.000359 train_loss:3.2164 train_time:1618201ms step_avg:370.13ms
step:4383/5100 lr:0.0003585 train_loss:3.2516 train_time:1618597ms step_avg:370.13ms
step:4384/5100 lr:0.000358 train_loss:3.2058 train_time:1618993ms step_avg:370.14ms
step:4385/5100 lr:0.0003575 train_loss:2.9994 train_time:1619389ms step_avg:370.15ms
step:4386/5100 lr:0.000357 train_loss:3.0538 train_time:1619784ms step_avg:370.15ms
step:4387/5100 lr:0.0003565 train_loss:3.2681 train_time:1620180ms step_avg:370.16ms
step:4388/5100 lr:0.000356 train_loss:3.4008 train_time:1620576ms step_avg:370.16ms
step:4389/5100 lr:0.00035549999999999997 train_loss:3.8821 train_time:1620972ms step_avg:370.17ms
step:4390/5100 lr:0.000355 train_loss:3.2429 train_time:1621368ms step_avg:370.18ms
step:4391/5100 lr:0.0003545 train_loss:3.2959 train_time:1621764ms step_avg:370.18ms
step:4392/5100 lr:0.000354 train_loss:3.2691 train_time:1622160ms step_avg:370.19ms
step:4393/5100 lr:0.0003535 train_loss:3.1456 train_time:1622556ms step_avg:370.19ms
step:4394/5100 lr:0.00035299999999999996 train_loss:3.3364 train_time:1622952ms step_avg:370.20ms
step:4395/5100 lr:0.0003525 train_loss:3.3091 train_time:1623349ms step_avg:370.21ms
step:4396/5100 lr:0.000352 train_loss:3.2995 train_time:1623745ms step_avg:370.21ms
step:4397/5100 lr:0.0003515 train_loss:3.1929 train_time:1624141ms step_avg:370.22ms
step:4398/5100 lr:0.00035099999999999997 train_loss:3.4873 train_time:1624537ms step_avg:370.22ms
step:4399/5100 lr:0.0003505 train_loss:3.3319 train_time:1624932ms step_avg:370.23ms
step:4400/5100 lr:0.00035 train_loss:3.2302 train_time:1625328ms step_avg:370.23ms
step:4401/5100 lr:0.0003495 train_loss:3.3319 train_time:1625724ms step_avg:370.24ms
step:4402/5100 lr:0.00034899999999999997 train_loss:3.1690 train_time:1626119ms step_avg:370.25ms
step:4403/5100 lr:0.00034849999999999996 train_loss:3.2801 train_time:1626515ms step_avg:370.25ms
step:4404/5100 lr:0.000348 train_loss:3.2801 train_time:1626911ms step_avg:370.26ms
step:4405/5100 lr:0.0003475 train_loss:3.2004 train_time:1627307ms step_avg:370.26ms
step:4406/5100 lr:0.000347 train_loss:3.2165 train_time:1627703ms step_avg:370.27ms
step:4407/5100 lr:0.00034649999999999997 train_loss:3.1011 train_time:1628098ms step_avg:370.27ms
step:4408/5100 lr:0.000346 train_loss:3.1854 train_time:1628493ms step_avg:370.28ms
step:4409/5100 lr:0.0003455 train_loss:3.6846 train_time:1628890ms step_avg:370.29ms
step:4410/5100 lr:0.000345 train_loss:3.1857 train_time:1629285ms step_avg:370.29ms
step:4411/5100 lr:0.00034449999999999997 train_loss:3.3077 train_time:1629681ms step_avg:370.30ms
step:4412/5100 lr:0.00034399999999999996 train_loss:3.2384 train_time:1630077ms step_avg:370.30ms
step:4413/5100 lr:0.00034350000000000006 train_loss:3.2076 train_time:1630474ms step_avg:370.31ms
step:4414/5100 lr:0.00034300000000000004 train_loss:3.4263 train_time:1630870ms step_avg:370.32ms
step:4415/5100 lr:0.00034250000000000003 train_loss:3.3818 train_time:1631265ms step_avg:370.32ms
step:4416/5100 lr:0.000342 train_loss:3.3064 train_time:1631661ms step_avg:370.33ms
step:4417/5100 lr:0.0003415 train_loss:3.5857 train_time:1632057ms step_avg:370.33ms
step:4418/5100 lr:0.00034100000000000005 train_loss:3.3899 train_time:1632459ms step_avg:370.34ms
step:4419/5100 lr:0.00034050000000000004 train_loss:3.3871 train_time:1632850ms step_avg:370.34ms
step:4420/5100 lr:0.00034 train_loss:3.5874 train_time:1633245ms step_avg:370.35ms
step:4421/5100 lr:0.0003395 train_loss:3.3075 train_time:1633641ms step_avg:370.36ms
step:4422/5100 lr:0.00033900000000000005 train_loss:3.2626 train_time:1634044ms step_avg:370.36ms
step:4423/5100 lr:0.00033850000000000004 train_loss:3.3245 train_time:1634433ms step_avg:370.37ms
step:4424/5100 lr:0.00033800000000000003 train_loss:3.3831 train_time:1634829ms step_avg:370.37ms
step:4425/5100 lr:0.0003375 train_loss:3.1961 train_time:1635225ms step_avg:370.38ms
step:4426/5100 lr:0.000337 train_loss:3.1047 train_time:1635621ms step_avg:370.39ms
step:4427/5100 lr:0.00033650000000000005 train_loss:3.3100 train_time:1636017ms step_avg:370.39ms
step:4428/5100 lr:0.00033600000000000004 train_loss:3.6256 train_time:1636414ms step_avg:370.40ms
step:4429/5100 lr:0.0003355 train_loss:3.2473 train_time:1636810ms step_avg:370.40ms
step:4430/5100 lr:0.000335 train_loss:3.1935 train_time:1637206ms step_avg:370.41ms
step:4431/5100 lr:0.00033450000000000005 train_loss:3.2047 train_time:1637602ms step_avg:370.41ms
step:4432/5100 lr:0.00033400000000000004 train_loss:3.3544 train_time:1637998ms step_avg:370.42ms
step:4433/5100 lr:0.00033350000000000003 train_loss:3.3002 train_time:1638394ms step_avg:370.43ms
step:4434/5100 lr:0.000333 train_loss:3.3929 train_time:1638790ms step_avg:370.43ms
step:4435/5100 lr:0.0003325 train_loss:3.3051 train_time:1639186ms step_avg:370.44ms
step:4436/5100 lr:0.00033200000000000005 train_loss:3.2013 train_time:1639582ms step_avg:370.44ms
step:4437/5100 lr:0.00033150000000000003 train_loss:3.2659 train_time:1639978ms step_avg:370.45ms
step:4438/5100 lr:0.000331 train_loss:3.1456 train_time:1640374ms step_avg:370.45ms
step:4439/5100 lr:0.0003305 train_loss:3.1442 train_time:1640770ms step_avg:370.46ms
step:4440/5100 lr:0.00033 train_loss:3.3207 train_time:1641165ms step_avg:370.47ms
step:4441/5100 lr:0.00032950000000000004 train_loss:3.4506 train_time:1641561ms step_avg:370.47ms
step:4442/5100 lr:0.00032900000000000003 train_loss:3.2598 train_time:1641956ms step_avg:370.48ms
step:4443/5100 lr:0.0003285 train_loss:3.1166 train_time:1642361ms step_avg:370.49ms
step:4444/5100 lr:0.000328 train_loss:3.3036 train_time:1642751ms step_avg:370.49ms
step:4445/5100 lr:0.00032750000000000005 train_loss:3.1051 train_time:1643147ms step_avg:370.50ms
step:4446/5100 lr:0.00032700000000000003 train_loss:3.2995 train_time:1643543ms step_avg:370.50ms
step:4447/5100 lr:0.0003265 train_loss:3.2087 train_time:1643938ms step_avg:370.51ms
step:4448/5100 lr:0.000326 train_loss:3.2844 train_time:1644334ms step_avg:370.51ms
step:4449/5100 lr:0.0003255 train_loss:3.0852 train_time:1644730ms step_avg:370.52ms
step:4450/5100 lr:0.00032500000000000004 train_loss:3.1967 train_time:1645126ms step_avg:370.52ms
step:4451/5100 lr:0.00032450000000000003 train_loss:3.1132 train_time:1645521ms step_avg:370.53ms
step:4452/5100 lr:0.000324 train_loss:3.1911 train_time:1645917ms step_avg:370.54ms
step:4453/5100 lr:0.0003235 train_loss:3.1918 train_time:1646313ms step_avg:370.54ms
step:4454/5100 lr:0.000323 train_loss:3.2728 train_time:1646709ms step_avg:370.55ms
step:4455/5100 lr:0.00032250000000000003 train_loss:3.4783 train_time:1647104ms step_avg:370.55ms
step:4456/5100 lr:0.000322 train_loss:3.2865 train_time:1647500ms step_avg:370.56ms
step:4457/5100 lr:0.0003215 train_loss:3.3570 train_time:1647896ms step_avg:370.56ms
step:4458/5100 lr:0.000321 train_loss:3.2304 train_time:1648292ms step_avg:370.57ms
step:4459/5100 lr:0.00032050000000000004 train_loss:3.2011 train_time:1648688ms step_avg:370.57ms
step:4460/5100 lr:0.00032 train_loss:3.1843 train_time:1649083ms step_avg:370.58ms
step:4461/5100 lr:0.0003195 train_loss:3.0094 train_time:1649479ms step_avg:370.59ms
step:4462/5100 lr:0.000319 train_loss:3.3581 train_time:1649875ms step_avg:370.59ms
step:4463/5100 lr:0.0003185 train_loss:3.3687 train_time:1650271ms step_avg:370.60ms
step:4464/5100 lr:0.00031800000000000003 train_loss:3.2015 train_time:1650667ms step_avg:370.60ms
step:4465/5100 lr:0.0003175 train_loss:3.2724 train_time:1651063ms step_avg:370.61ms
step:4466/5100 lr:0.000317 train_loss:3.2840 train_time:1651459ms step_avg:370.61ms
step:4467/5100 lr:0.0003165 train_loss:3.2434 train_time:1651855ms step_avg:370.62ms
step:4468/5100 lr:0.000316 train_loss:3.2245 train_time:1652252ms step_avg:370.63ms
step:4469/5100 lr:0.0003155 train_loss:3.2888 train_time:1652647ms step_avg:370.63ms
step:4470/5100 lr:0.000315 train_loss:3.2924 train_time:1653043ms step_avg:370.64ms
step:4471/5100 lr:0.0003145 train_loss:3.5940 train_time:1653439ms step_avg:370.64ms
step:4472/5100 lr:0.000314 train_loss:3.2745 train_time:1653835ms step_avg:370.65ms
step:4473/5100 lr:0.00031350000000000003 train_loss:3.2396 train_time:1654231ms step_avg:370.65ms
step:4474/5100 lr:0.000313 train_loss:3.0073 train_time:1654628ms step_avg:370.66ms
step:4475/5100 lr:0.0003125 train_loss:3.4322 train_time:1655023ms step_avg:370.67ms
step:4476/5100 lr:0.000312 train_loss:3.0972 train_time:1655419ms step_avg:370.67ms
step:4477/5100 lr:0.0003115 train_loss:3.0295 train_time:1655815ms step_avg:370.68ms
step:4478/5100 lr:0.000311 train_loss:3.3268 train_time:1656211ms step_avg:370.68ms
step:4479/5100 lr:0.0003105 train_loss:2.8197 train_time:1656607ms step_avg:370.69ms
step:4480/5100 lr:0.00031 train_loss:3.2636 train_time:1657003ms step_avg:370.69ms
step:4481/5100 lr:0.0003095 train_loss:3.3375 train_time:1657399ms step_avg:370.70ms
step:4482/5100 lr:0.00030900000000000003 train_loss:3.2405 train_time:1657795ms step_avg:370.71ms
step:4483/5100 lr:0.0003085 train_loss:3.2634 train_time:1658191ms step_avg:370.71ms
step:4484/5100 lr:0.000308 train_loss:3.3063 train_time:1658588ms step_avg:370.72ms
step:4485/5100 lr:0.0003075 train_loss:3.3419 train_time:1658983ms step_avg:370.72ms
step:4486/5100 lr:0.000307 train_loss:3.1793 train_time:1659379ms step_avg:370.73ms
step:4487/5100 lr:0.0003065 train_loss:3.4919 train_time:1659775ms step_avg:370.73ms
step:4488/5100 lr:0.000306 train_loss:3.3579 train_time:1660171ms step_avg:370.74ms
step:4489/5100 lr:0.0003055 train_loss:3.3500 train_time:1660566ms step_avg:370.74ms
step:4490/5100 lr:0.000305 train_loss:3.1222 train_time:1660962ms step_avg:370.75ms
step:4491/5100 lr:0.0003045 train_loss:3.2505 train_time:1661358ms step_avg:370.76ms
step:4492/5100 lr:0.000304 train_loss:3.3268 train_time:1661754ms step_avg:370.76ms
step:4493/5100 lr:0.0003035 train_loss:3.1309 train_time:1662151ms step_avg:370.77ms
step:4494/5100 lr:0.000303 train_loss:3.1477 train_time:1662547ms step_avg:370.77ms
step:4495/5100 lr:0.0003025 train_loss:3.0536 train_time:1662942ms step_avg:370.78ms
step:4496/5100 lr:0.000302 train_loss:3.2546 train_time:1663338ms step_avg:370.78ms
step:4497/5100 lr:0.0003015 train_loss:2.8979 train_time:1663734ms step_avg:370.79ms
step:4498/5100 lr:0.000301 train_loss:3.4956 train_time:1664130ms step_avg:370.80ms
step:4499/5100 lr:0.0003005 train_loss:3.2696 train_time:1664526ms step_avg:370.80ms
step:4500/5100 lr:0.0003 train_loss:3.3271 train_time:1664922ms step_avg:370.81ms
step:4500/5100 val_loss:3.2743 train_time:1664938ms step_avg:370.81ms
step:4501/5100 lr:0.0002995 train_loss:3.6637 train_time:1669012ms step_avg:371.63ms
step:4502/5100 lr:0.000299 train_loss:3.0263 train_time:1669409ms step_avg:371.64ms
step:4503/5100 lr:0.0002985 train_loss:3.4468 train_time:1669806ms step_avg:371.65ms
step:4504/5100 lr:0.000298 train_loss:3.1053 train_time:1670202ms step_avg:371.65ms
step:4505/5100 lr:0.00029749999999999997 train_loss:3.4473 train_time:1670598ms step_avg:371.66ms
step:4506/5100 lr:0.000297 train_loss:3.2473 train_time:1670994ms step_avg:371.66ms
step:4507/5100 lr:0.0002965 train_loss:3.2861 train_time:1671390ms step_avg:371.67ms
step:4508/5100 lr:0.000296 train_loss:3.3227 train_time:1671786ms step_avg:371.67ms
step:4509/5100 lr:0.00029549999999999997 train_loss:3.4501 train_time:1672182ms step_avg:371.68ms
step:4510/5100 lr:0.000295 train_loss:3.2114 train_time:1672578ms step_avg:371.68ms
step:4511/5100 lr:0.0002945 train_loss:3.2404 train_time:1672973ms step_avg:371.69ms
step:4512/5100 lr:0.000294 train_loss:3.5887 train_time:1673438ms step_avg:371.71ms
step:4513/5100 lr:0.0002935 train_loss:3.5854 train_time:1673833ms step_avg:371.72ms
step:4514/5100 lr:0.00029299999999999997 train_loss:3.3089 train_time:1674229ms step_avg:371.72ms
step:4515/5100 lr:0.0002925 train_loss:3.1717 train_time:1674625ms step_avg:371.73ms
step:4516/5100 lr:0.000292 train_loss:3.3378 train_time:1675020ms step_avg:371.73ms
step:4517/5100 lr:0.0002915 train_loss:3.3428 train_time:1675416ms step_avg:371.74ms
step:4518/5100 lr:0.00029099999999999997 train_loss:3.3455 train_time:1675811ms step_avg:371.74ms
step:4519/5100 lr:0.00029049999999999996 train_loss:3.3635 train_time:1676208ms step_avg:371.75ms
step:4520/5100 lr:0.00029 train_loss:3.3257 train_time:1676603ms step_avg:371.75ms
step:4521/5100 lr:0.0002895 train_loss:3.3367 train_time:1676998ms step_avg:371.76ms
step:4522/5100 lr:0.000289 train_loss:3.2001 train_time:1677394ms step_avg:371.76ms
step:4523/5100 lr:0.00028849999999999997 train_loss:3.3898 train_time:1677790ms step_avg:371.77ms
step:4524/5100 lr:0.000288 train_loss:3.2340 train_time:1678186ms step_avg:371.77ms
step:4525/5100 lr:0.0002875 train_loss:3.3423 train_time:1678582ms step_avg:371.78ms
step:4526/5100 lr:0.000287 train_loss:3.3176 train_time:1678977ms step_avg:371.78ms
step:4527/5100 lr:0.00028649999999999997 train_loss:3.1177 train_time:1679373ms step_avg:371.79ms
step:4528/5100 lr:0.00028599999999999996 train_loss:3.2236 train_time:1679769ms step_avg:371.79ms
step:4529/5100 lr:0.0002855 train_loss:3.5074 train_time:1680165ms step_avg:371.80ms
step:4530/5100 lr:0.000285 train_loss:3.3665 train_time:1680561ms step_avg:371.81ms
step:4531/5100 lr:0.0002845 train_loss:3.3981 train_time:1680957ms step_avg:371.81ms
step:4532/5100 lr:0.00028399999999999996 train_loss:3.1786 train_time:1681352ms step_avg:371.82ms
step:4533/5100 lr:0.0002835 train_loss:3.2715 train_time:1681748ms step_avg:371.82ms
step:4534/5100 lr:0.000283 train_loss:3.3182 train_time:1682143ms step_avg:371.83ms
step:4535/5100 lr:0.0002825 train_loss:3.2216 train_time:1682538ms step_avg:371.83ms
step:4536/5100 lr:0.00028199999999999997 train_loss:3.1795 train_time:1682934ms step_avg:371.84ms
step:4537/5100 lr:0.00028149999999999996 train_loss:3.2285 train_time:1683330ms step_avg:371.84ms
step:4538/5100 lr:0.00028100000000000005 train_loss:3.4279 train_time:1683725ms step_avg:371.85ms
step:4539/5100 lr:0.00028050000000000004 train_loss:3.1440 train_time:1684121ms step_avg:371.85ms
step:4540/5100 lr:0.00028000000000000003 train_loss:3.2963 train_time:1684517ms step_avg:371.86ms
step:4541/5100 lr:0.0002795 train_loss:3.3345 train_time:1684912ms step_avg:371.86ms
step:4542/5100 lr:0.000279 train_loss:3.3996 train_time:1685308ms step_avg:371.87ms
step:4543/5100 lr:0.00027850000000000005 train_loss:3.3970 train_time:1685704ms step_avg:371.87ms
step:4544/5100 lr:0.00027800000000000004 train_loss:3.2066 train_time:1686099ms step_avg:371.88ms
step:4545/5100 lr:0.0002775 train_loss:3.2973 train_time:1686495ms step_avg:371.88ms
step:4546/5100 lr:0.000277 train_loss:3.1032 train_time:1686891ms step_avg:371.89ms
step:4547/5100 lr:0.00027650000000000005 train_loss:3.1344 train_time:1687287ms step_avg:371.89ms
step:4548/5100 lr:0.00027600000000000004 train_loss:3.3766 train_time:1687683ms step_avg:371.90ms
step:4549/5100 lr:0.00027550000000000003 train_loss:3.2063 train_time:1688078ms step_avg:371.91ms
step:4550/5100 lr:0.000275 train_loss:3.1440 train_time:1688474ms step_avg:371.91ms
step:4551/5100 lr:0.0002745 train_loss:3.1210 train_time:1688870ms step_avg:371.92ms
step:4552/5100 lr:0.00027400000000000005 train_loss:3.1113 train_time:1689266ms step_avg:371.92ms
step:4553/5100 lr:0.00027350000000000003 train_loss:3.3046 train_time:1689661ms step_avg:371.93ms
step:4554/5100 lr:0.000273 train_loss:3.1962 train_time:1690062ms step_avg:371.93ms
step:4555/5100 lr:0.0002725 train_loss:3.2569 train_time:1690462ms step_avg:371.94ms
step:4556/5100 lr:0.00027200000000000005 train_loss:3.0052 train_time:1690852ms step_avg:371.94ms
step:4557/5100 lr:0.00027150000000000004 train_loss:3.3162 train_time:1691249ms step_avg:371.95ms
step:4558/5100 lr:0.00027100000000000003 train_loss:3.1099 train_time:1691644ms step_avg:371.95ms
step:4559/5100 lr:0.0002705 train_loss:3.2550 train_time:1692046ms step_avg:371.96ms
step:4560/5100 lr:0.00027 train_loss:3.3086 train_time:1692632ms step_avg:372.01ms
step:4561/5100 lr:0.00026950000000000005 train_loss:3.4026 train_time:1693027ms step_avg:372.01ms
step:4562/5100 lr:0.00026900000000000003 train_loss:3.3013 train_time:1693423ms step_avg:372.02ms
step:4563/5100 lr:0.0002685 train_loss:3.2171 train_time:1693819ms step_avg:372.02ms
step:4564/5100 lr:0.000268 train_loss:3.5482 train_time:1694214ms step_avg:372.03ms
step:4565/5100 lr:0.0002675 train_loss:3.4606 train_time:1694611ms step_avg:372.03ms
step:4566/5100 lr:0.00026700000000000004 train_loss:3.4860 train_time:1695007ms step_avg:372.04ms
step:4567/5100 lr:0.0002665 train_loss:3.4226 train_time:1695402ms step_avg:372.04ms
step:4568/5100 lr:0.000266 train_loss:3.1911 train_time:1695798ms step_avg:372.05ms
step:4569/5100 lr:0.0002655 train_loss:3.3091 train_time:1696194ms step_avg:372.05ms
step:4570/5100 lr:0.00026500000000000004 train_loss:3.3012 train_time:1696590ms step_avg:372.06ms
step:4571/5100 lr:0.00026450000000000003 train_loss:3.2167 train_time:1696985ms step_avg:372.06ms
step:4572/5100 lr:0.000264 train_loss:3.3426 train_time:1697585ms step_avg:372.11ms
step:4573/5100 lr:0.0002635 train_loss:3.3574 train_time:1697980ms step_avg:372.12ms
step:4574/5100 lr:0.000263 train_loss:3.2209 train_time:1698376ms step_avg:372.12ms
step:4575/5100 lr:0.00026250000000000004 train_loss:3.2688 train_time:1698772ms step_avg:372.13ms
step:4576/5100 lr:0.000262 train_loss:3.3901 train_time:1699168ms step_avg:372.13ms
step:4577/5100 lr:0.0002615 train_loss:3.5050 train_time:1699564ms step_avg:372.14ms
step:4578/5100 lr:0.000261 train_loss:3.3201 train_time:1699959ms step_avg:372.15ms
step:4579/5100 lr:0.0002605 train_loss:3.2567 train_time:1700356ms step_avg:372.15ms
step:4580/5100 lr:0.00026000000000000003 train_loss:3.4482 train_time:1700751ms step_avg:372.16ms
step:4581/5100 lr:0.0002595 train_loss:3.1707 train_time:1701147ms step_avg:372.16ms
step:4582/5100 lr:0.000259 train_loss:3.1356 train_time:1701543ms step_avg:372.17ms
step:4583/5100 lr:0.0002585 train_loss:3.4682 train_time:1701946ms step_avg:372.17ms
step:4584/5100 lr:0.00025800000000000004 train_loss:3.1098 train_time:1702339ms step_avg:372.18ms
step:4585/5100 lr:0.0002575 train_loss:3.2032 train_time:1702731ms step_avg:372.18ms
step:4586/5100 lr:0.000257 train_loss:3.3329 train_time:1703128ms step_avg:372.19ms
step:4587/5100 lr:0.0002565 train_loss:3.3321 train_time:1703524ms step_avg:372.19ms
step:4588/5100 lr:0.000256 train_loss:3.2959 train_time:1703919ms step_avg:372.20ms
step:4589/5100 lr:0.00025550000000000003 train_loss:3.2229 train_time:1704315ms step_avg:372.20ms
step:4590/5100 lr:0.000255 train_loss:3.2809 train_time:1704711ms step_avg:372.21ms
step:4591/5100 lr:0.0002545 train_loss:3.2793 train_time:1705107ms step_avg:372.21ms
step:4592/5100 lr:0.000254 train_loss:3.2116 train_time:1705503ms step_avg:372.22ms
step:4593/5100 lr:0.0002535 train_loss:3.2853 train_time:1705898ms step_avg:372.22ms
step:4594/5100 lr:0.000253 train_loss:3.1502 train_time:1706294ms step_avg:372.23ms
step:4595/5100 lr:0.0002525 train_loss:3.1840 train_time:1706691ms step_avg:372.23ms
step:4596/5100 lr:0.000252 train_loss:3.3661 train_time:1707087ms step_avg:372.24ms
step:4597/5100 lr:0.0002515 train_loss:3.4092 train_time:1707482ms step_avg:372.24ms
step:4598/5100 lr:0.00025100000000000003 train_loss:3.1832 train_time:1707878ms step_avg:372.25ms
step:4599/5100 lr:0.0002505 train_loss:3.1303 train_time:1708274ms step_avg:372.25ms
step:4600/5100 lr:0.00025 train_loss:3.2188 train_time:1708670ms step_avg:372.26ms
step:4601/5100 lr:0.0002495 train_loss:3.4066 train_time:1709067ms step_avg:372.26ms
step:4602/5100 lr:0.000249 train_loss:3.4097 train_time:1709463ms step_avg:372.27ms
step:4603/5100 lr:0.0002485 train_loss:3.3305 train_time:1709858ms step_avg:372.27ms
step:4604/5100 lr:0.000248 train_loss:3.2835 train_time:1710254ms step_avg:372.28ms
step:4605/5100 lr:0.0002475 train_loss:3.4754 train_time:1710650ms step_avg:372.29ms
step:4606/5100 lr:0.000247 train_loss:3.2913 train_time:1711046ms step_avg:372.29ms
step:4607/5100 lr:0.00024650000000000003 train_loss:3.0420 train_time:1711451ms step_avg:372.30ms
step:4608/5100 lr:0.000246 train_loss:3.3653 train_time:1711838ms step_avg:372.30ms
step:4609/5100 lr:0.0002455 train_loss:3.2295 train_time:1712234ms step_avg:372.31ms
step:4610/5100 lr:0.000245 train_loss:3.3550 train_time:1712631ms step_avg:372.31ms
step:4611/5100 lr:0.0002445 train_loss:3.3599 train_time:1713027ms step_avg:372.32ms
step:4612/5100 lr:0.000244 train_loss:3.2593 train_time:1713423ms step_avg:372.32ms
step:4613/5100 lr:0.0002435 train_loss:3.2007 train_time:1713818ms step_avg:372.33ms
step:4614/5100 lr:0.000243 train_loss:3.2144 train_time:1714213ms step_avg:372.33ms
step:4615/5100 lr:0.00024249999999999999 train_loss:3.1674 train_time:1714610ms step_avg:372.34ms
step:4616/5100 lr:0.000242 train_loss:3.3167 train_time:1715006ms step_avg:372.34ms
step:4617/5100 lr:0.0002415 train_loss:3.2772 train_time:1715401ms step_avg:372.35ms
step:4618/5100 lr:0.000241 train_loss:3.3390 train_time:1715797ms step_avg:372.35ms
step:4619/5100 lr:0.0002405 train_loss:3.3233 train_time:1716193ms step_avg:372.36ms
step:4620/5100 lr:0.00024 train_loss:3.3732 train_time:1716589ms step_avg:372.36ms
step:4621/5100 lr:0.0002395 train_loss:3.1976 train_time:1716985ms step_avg:372.37ms
step:4622/5100 lr:0.00023899999999999998 train_loss:3.2820 train_time:1717381ms step_avg:372.37ms
step:4623/5100 lr:0.0002385 train_loss:3.5153 train_time:1717777ms step_avg:372.38ms
step:4624/5100 lr:0.00023799999999999998 train_loss:3.2384 train_time:1718172ms step_avg:372.38ms
step:4625/5100 lr:0.0002375 train_loss:3.0092 train_time:1718569ms step_avg:372.39ms
step:4625/5100 val_loss:3.2637 train_time:1718584ms step_avg:372.39ms
step:4626/5100 lr:0.000237 train_loss:3.2688 train_time:1722651ms step_avg:373.19ms
step:4627/5100 lr:0.0002365 train_loss:3.1360 train_time:1723048ms step_avg:373.20ms
step:4628/5100 lr:0.000236 train_loss:3.3633 train_time:1723444ms step_avg:373.20ms
step:4629/5100 lr:0.0002355 train_loss:3.1605 train_time:1723840ms step_avg:373.21ms
step:4630/5100 lr:0.000235 train_loss:3.3474 train_time:1724236ms step_avg:373.21ms
step:4631/5100 lr:0.00023449999999999998 train_loss:3.4176 train_time:1724632ms step_avg:373.22ms
step:4632/5100 lr:0.00023400000000000002 train_loss:3.4695 train_time:1725028ms step_avg:373.22ms
step:4633/5100 lr:0.0002335 train_loss:3.0019 train_time:1725424ms step_avg:373.23ms
step:4634/5100 lr:0.00023300000000000003 train_loss:3.2843 train_time:1725821ms step_avg:373.23ms
step:4635/5100 lr:0.0002325 train_loss:3.2673 train_time:1726217ms step_avg:373.24ms
step:4636/5100 lr:0.00023200000000000003 train_loss:3.1168 train_time:1726613ms step_avg:373.24ms
step:4637/5100 lr:0.00023150000000000002 train_loss:3.3478 train_time:1727008ms step_avg:373.25ms
step:4638/5100 lr:0.000231 train_loss:3.2692 train_time:1727406ms step_avg:373.25ms
step:4639/5100 lr:0.00023050000000000002 train_loss:3.0781 train_time:1727802ms step_avg:373.26ms
step:4640/5100 lr:0.00023 train_loss:3.2302 train_time:1728198ms step_avg:373.26ms
step:4641/5100 lr:0.00022950000000000002 train_loss:3.3419 train_time:1728593ms step_avg:373.27ms
step:4642/5100 lr:0.000229 train_loss:3.5256 train_time:1728989ms step_avg:373.27ms
step:4643/5100 lr:0.00022850000000000002 train_loss:3.1327 train_time:1729385ms step_avg:373.28ms
step:4644/5100 lr:0.000228 train_loss:3.4306 train_time:1729781ms step_avg:373.28ms
step:4645/5100 lr:0.0002275 train_loss:3.2384 train_time:1730177ms step_avg:373.29ms
step:4646/5100 lr:0.00022700000000000002 train_loss:3.2025 train_time:1730572ms step_avg:373.29ms
step:4647/5100 lr:0.0002265 train_loss:3.3503 train_time:1730969ms step_avg:373.30ms
step:4648/5100 lr:0.00022600000000000002 train_loss:3.1284 train_time:1731365ms step_avg:373.30ms
step:4649/5100 lr:0.0002255 train_loss:3.3604 train_time:1731761ms step_avg:373.30ms
step:4650/5100 lr:0.00022500000000000002 train_loss:3.2573 train_time:1732157ms step_avg:373.31ms
step:4651/5100 lr:0.0002245 train_loss:3.2551 train_time:1732553ms step_avg:373.31ms
step:4652/5100 lr:0.000224 train_loss:3.1090 train_time:1732949ms step_avg:373.32ms
step:4653/5100 lr:0.0002235 train_loss:3.2224 train_time:1733345ms step_avg:373.32ms
step:4654/5100 lr:0.000223 train_loss:3.2234 train_time:1733741ms step_avg:373.33ms
step:4655/5100 lr:0.00022250000000000001 train_loss:3.5643 train_time:1734137ms step_avg:373.33ms
step:4656/5100 lr:0.000222 train_loss:3.2762 train_time:1734533ms step_avg:373.34ms
step:4657/5100 lr:0.00022150000000000002 train_loss:3.2377 train_time:1734928ms step_avg:373.34ms
step:4658/5100 lr:0.000221 train_loss:3.2303 train_time:1735324ms step_avg:373.35ms
step:4659/5100 lr:0.0002205 train_loss:3.3908 train_time:1735720ms step_avg:373.35ms
step:4660/5100 lr:0.00022 train_loss:3.3764 train_time:1736115ms step_avg:373.36ms
step:4661/5100 lr:0.0002195 train_loss:3.3057 train_time:1736511ms step_avg:373.36ms
step:4662/5100 lr:0.000219 train_loss:3.1767 train_time:1736907ms step_avg:373.37ms
step:4663/5100 lr:0.0002185 train_loss:3.4369 train_time:1737303ms step_avg:373.37ms
step:4664/5100 lr:0.000218 train_loss:3.4941 train_time:1737699ms step_avg:373.38ms
step:4665/5100 lr:0.0002175 train_loss:3.2873 train_time:1738095ms step_avg:373.38ms
step:4666/5100 lr:0.00021700000000000002 train_loss:3.2093 train_time:1738491ms step_avg:373.39ms
step:4667/5100 lr:0.0002165 train_loss:3.3857 train_time:1738887ms step_avg:373.39ms
step:4668/5100 lr:0.000216 train_loss:3.1773 train_time:1739283ms step_avg:373.40ms
step:4669/5100 lr:0.0002155 train_loss:3.0977 train_time:1739679ms step_avg:373.40ms
step:4670/5100 lr:0.000215 train_loss:3.2075 train_time:1740074ms step_avg:373.41ms
step:4671/5100 lr:0.0002145 train_loss:3.1352 train_time:1740470ms step_avg:373.41ms
step:4672/5100 lr:0.000214 train_loss:3.1773 train_time:1740866ms step_avg:373.42ms
step:4673/5100 lr:0.0002135 train_loss:3.1395 train_time:1741262ms step_avg:373.42ms
step:4674/5100 lr:0.000213 train_loss:3.3510 train_time:1741658ms step_avg:373.43ms
step:4675/5100 lr:0.0002125 train_loss:3.2027 train_time:1742053ms step_avg:373.43ms
step:4676/5100 lr:0.000212 train_loss:3.1642 train_time:1742449ms step_avg:373.44ms
step:4677/5100 lr:0.0002115 train_loss:3.3858 train_time:1742845ms step_avg:373.44ms
step:4678/5100 lr:0.000211 train_loss:3.2524 train_time:1743241ms step_avg:373.44ms
step:4679/5100 lr:0.0002105 train_loss:3.2583 train_time:1743637ms step_avg:373.45ms
step:4680/5100 lr:0.00021 train_loss:3.2682 train_time:1744033ms step_avg:373.45ms
step:4681/5100 lr:0.0002095 train_loss:3.3306 train_time:1744428ms step_avg:373.46ms
step:4682/5100 lr:0.00020899999999999998 train_loss:3.3898 train_time:1744824ms step_avg:373.46ms
step:4683/5100 lr:0.0002085 train_loss:3.2768 train_time:1745220ms step_avg:373.47ms
step:4684/5100 lr:0.000208 train_loss:3.3153 train_time:1745617ms step_avg:373.47ms
step:4685/5100 lr:0.0002075 train_loss:3.3327 train_time:1746012ms step_avg:373.48ms
step:4686/5100 lr:0.000207 train_loss:3.2045 train_time:1746408ms step_avg:373.48ms
step:4687/5100 lr:0.0002065 train_loss:3.4596 train_time:1746805ms step_avg:373.49ms
step:4688/5100 lr:0.000206 train_loss:3.0725 train_time:1747202ms step_avg:373.49ms
step:4689/5100 lr:0.00020549999999999998 train_loss:3.1293 train_time:1747597ms step_avg:373.50ms
step:4690/5100 lr:0.000205 train_loss:3.3244 train_time:1747993ms step_avg:373.50ms
step:4691/5100 lr:0.00020449999999999998 train_loss:3.1554 train_time:1748389ms step_avg:373.51ms
step:4692/5100 lr:0.000204 train_loss:3.1714 train_time:1748786ms step_avg:373.51ms
step:4693/5100 lr:0.00020349999999999999 train_loss:3.2122 train_time:1749182ms step_avg:373.52ms
step:4694/5100 lr:0.00020300000000000003 train_loss:3.1098 train_time:1749578ms step_avg:373.52ms
step:4695/5100 lr:0.00020250000000000002 train_loss:3.2201 train_time:1749973ms step_avg:373.53ms
step:4696/5100 lr:0.000202 train_loss:3.4614 train_time:1750369ms step_avg:373.53ms
step:4697/5100 lr:0.00020150000000000002 train_loss:3.5199 train_time:1750765ms step_avg:373.54ms
step:4698/5100 lr:0.000201 train_loss:3.2259 train_time:1751162ms step_avg:373.54ms
step:4699/5100 lr:0.00020050000000000002 train_loss:3.1365 train_time:1751557ms step_avg:373.55ms
step:4700/5100 lr:0.0002 train_loss:3.4706 train_time:1751953ms step_avg:373.55ms
step:4701/5100 lr:0.00019950000000000002 train_loss:3.1444 train_time:1752349ms step_avg:373.56ms
step:4702/5100 lr:0.000199 train_loss:3.0266 train_time:1752746ms step_avg:373.56ms
step:4703/5100 lr:0.00019850000000000003 train_loss:3.2249 train_time:1753142ms step_avg:373.57ms
step:4704/5100 lr:0.00019800000000000002 train_loss:3.1469 train_time:1753538ms step_avg:373.57ms
step:4705/5100 lr:0.0001975 train_loss:3.1941 train_time:1753934ms step_avg:373.57ms
step:4706/5100 lr:0.00019700000000000002 train_loss:3.2245 train_time:1754330ms step_avg:373.58ms
step:4707/5100 lr:0.0001965 train_loss:3.2784 train_time:1754726ms step_avg:373.58ms
step:4708/5100 lr:0.00019600000000000002 train_loss:3.4087 train_time:1755122ms step_avg:373.59ms
step:4709/5100 lr:0.0001955 train_loss:3.1995 train_time:1755518ms step_avg:373.59ms
step:4710/5100 lr:0.00019500000000000002 train_loss:3.3402 train_time:1755914ms step_avg:373.60ms
step:4711/5100 lr:0.0001945 train_loss:3.3111 train_time:1756310ms step_avg:373.60ms
step:4712/5100 lr:0.000194 train_loss:3.2692 train_time:1756706ms step_avg:373.61ms
step:4713/5100 lr:0.00019350000000000001 train_loss:3.2763 train_time:1757102ms step_avg:373.61ms
step:4714/5100 lr:0.000193 train_loss:3.2701 train_time:1757498ms step_avg:373.62ms
step:4715/5100 lr:0.00019250000000000002 train_loss:3.3318 train_time:1757893ms step_avg:373.62ms
step:4716/5100 lr:0.000192 train_loss:3.2177 train_time:1758289ms step_avg:373.63ms
step:4717/5100 lr:0.00019150000000000002 train_loss:3.1479 train_time:1758685ms step_avg:373.63ms
step:4718/5100 lr:0.000191 train_loss:3.3287 train_time:1759081ms step_avg:373.64ms
step:4719/5100 lr:0.0001905 train_loss:3.2523 train_time:1759477ms step_avg:373.64ms
step:4720/5100 lr:0.00019 train_loss:3.2659 train_time:1759873ms step_avg:373.65ms
step:4721/5100 lr:0.0001895 train_loss:3.2154 train_time:1760269ms step_avg:373.65ms
step:4722/5100 lr:0.000189 train_loss:3.1666 train_time:1760665ms step_avg:373.66ms
step:4723/5100 lr:0.0001885 train_loss:3.3082 train_time:1761061ms step_avg:373.66ms
step:4724/5100 lr:0.00018800000000000002 train_loss:3.2949 train_time:1761458ms step_avg:373.67ms
step:4725/5100 lr:0.0001875 train_loss:3.1895 train_time:1761853ms step_avg:373.67ms
step:4726/5100 lr:0.000187 train_loss:3.3663 train_time:1762249ms step_avg:373.67ms
step:4727/5100 lr:0.0001865 train_loss:3.3533 train_time:1762645ms step_avg:373.68ms
step:4728/5100 lr:0.000186 train_loss:3.2839 train_time:1763041ms step_avg:373.68ms
step:4729/5100 lr:0.0001855 train_loss:3.1509 train_time:1763437ms step_avg:373.69ms
step:4730/5100 lr:0.000185 train_loss:3.1138 train_time:1763833ms step_avg:373.69ms
step:4731/5100 lr:0.0001845 train_loss:3.2388 train_time:1764229ms step_avg:373.70ms
step:4732/5100 lr:0.000184 train_loss:3.3313 train_time:1764626ms step_avg:373.70ms
step:4733/5100 lr:0.0001835 train_loss:3.2376 train_time:1765022ms step_avg:373.71ms
step:4734/5100 lr:0.000183 train_loss:3.1470 train_time:1765417ms step_avg:373.71ms
step:4735/5100 lr:0.0001825 train_loss:3.2577 train_time:1765813ms step_avg:373.72ms
step:4736/5100 lr:0.000182 train_loss:3.2127 train_time:1766209ms step_avg:373.72ms
step:4737/5100 lr:0.0001815 train_loss:3.6408 train_time:1766605ms step_avg:373.73ms
step:4738/5100 lr:0.000181 train_loss:3.2218 train_time:1767002ms step_avg:373.73ms
step:4739/5100 lr:0.0001805 train_loss:3.3338 train_time:1767398ms step_avg:373.74ms
step:4740/5100 lr:0.00017999999999999998 train_loss:3.0390 train_time:1767793ms step_avg:373.74ms
step:4741/5100 lr:0.0001795 train_loss:3.3023 train_time:1768189ms step_avg:373.75ms
step:4742/5100 lr:0.000179 train_loss:3.1167 train_time:1768585ms step_avg:373.75ms
step:4743/5100 lr:0.0001785 train_loss:3.2293 train_time:1768981ms step_avg:373.75ms
step:4744/5100 lr:0.000178 train_loss:3.1593 train_time:1769378ms step_avg:373.76ms
step:4745/5100 lr:0.0001775 train_loss:3.1761 train_time:1769774ms step_avg:373.76ms
step:4746/5100 lr:0.000177 train_loss:3.3728 train_time:1770170ms step_avg:373.77ms
step:4747/5100 lr:0.00017649999999999998 train_loss:3.2729 train_time:1770565ms step_avg:373.77ms
step:4748/5100 lr:0.000176 train_loss:3.4431 train_time:1770961ms step_avg:373.78ms
step:4749/5100 lr:0.00017549999999999998 train_loss:3.3741 train_time:1771366ms step_avg:373.78ms
step:4750/5100 lr:0.000175 train_loss:3.1627 train_time:1771952ms step_avg:373.83ms
step:4750/5100 val_loss:3.2535 train_time:1771967ms step_avg:373.83ms
step:4751/5100 lr:0.00017449999999999999 train_loss:3.2356 train_time:1776045ms step_avg:374.61ms
step:4752/5100 lr:0.000174 train_loss:3.3166 train_time:1776440ms step_avg:374.62ms
step:4753/5100 lr:0.0001735 train_loss:3.2139 train_time:1776837ms step_avg:374.62ms
step:4754/5100 lr:0.000173 train_loss:3.1197 train_time:1777233ms step_avg:374.63ms
step:4755/5100 lr:0.0001725 train_loss:3.2010 train_time:1777630ms step_avg:374.63ms
step:4756/5100 lr:0.00017199999999999998 train_loss:3.2274 train_time:1778025ms step_avg:374.64ms
step:4757/5100 lr:0.00017150000000000002 train_loss:3.1953 train_time:1778421ms step_avg:374.64ms
step:4758/5100 lr:0.000171 train_loss:3.1963 train_time:1778817ms step_avg:374.65ms
step:4759/5100 lr:0.00017050000000000002 train_loss:3.4161 train_time:1779213ms step_avg:374.65ms
step:4760/5100 lr:0.00017 train_loss:3.1590 train_time:1779609ms step_avg:374.65ms
step:4761/5100 lr:0.00016950000000000003 train_loss:3.2199 train_time:1780004ms step_avg:374.66ms
step:4762/5100 lr:0.00016900000000000002 train_loss:3.1177 train_time:1780400ms step_avg:374.66ms
step:4763/5100 lr:0.0001685 train_loss:3.1074 train_time:1780997ms step_avg:374.71ms
step:4764/5100 lr:0.00016800000000000002 train_loss:3.2446 train_time:1781393ms step_avg:374.71ms
step:4765/5100 lr:0.0001675 train_loss:3.3042 train_time:1781789ms step_avg:374.72ms
step:4766/5100 lr:0.00016700000000000002 train_loss:3.3614 train_time:1782184ms step_avg:374.72ms
step:4767/5100 lr:0.0001665 train_loss:3.2247 train_time:1782580ms step_avg:374.73ms
step:4768/5100 lr:0.00016600000000000002 train_loss:3.2866 train_time:1782976ms step_avg:374.73ms
step:4769/5100 lr:0.0001655 train_loss:3.1360 train_time:1783372ms step_avg:374.74ms
step:4770/5100 lr:0.000165 train_loss:3.2330 train_time:1783768ms step_avg:374.74ms
step:4771/5100 lr:0.00016450000000000001 train_loss:3.2515 train_time:1784164ms step_avg:374.75ms
step:4772/5100 lr:0.000164 train_loss:3.4770 train_time:1784560ms step_avg:374.75ms
step:4773/5100 lr:0.00016350000000000002 train_loss:3.3171 train_time:1784956ms step_avg:374.75ms
step:4774/5100 lr:0.000163 train_loss:3.1447 train_time:1785360ms step_avg:374.76ms
step:4775/5100 lr:0.00016250000000000002 train_loss:3.1744 train_time:1785749ms step_avg:374.76ms
step:4776/5100 lr:0.000162 train_loss:3.3206 train_time:1786144ms step_avg:374.77ms
step:4777/5100 lr:0.0001615 train_loss:3.1847 train_time:1786540ms step_avg:374.77ms
step:4778/5100 lr:0.000161 train_loss:3.3401 train_time:1786937ms step_avg:374.78ms
step:4779/5100 lr:0.0001605 train_loss:3.2581 train_time:1787333ms step_avg:374.78ms
step:4780/5100 lr:0.00016 train_loss:3.2164 train_time:1787729ms step_avg:374.79ms
step:4781/5100 lr:0.0001595 train_loss:3.2687 train_time:1788124ms step_avg:374.79ms
step:4782/5100 lr:0.00015900000000000002 train_loss:3.3010 train_time:1788521ms step_avg:374.79ms
step:4783/5100 lr:0.0001585 train_loss:3.3164 train_time:1788917ms step_avg:374.80ms
step:4784/5100 lr:0.000158 train_loss:3.1805 train_time:1789314ms step_avg:374.80ms
step:4785/5100 lr:0.0001575 train_loss:3.2101 train_time:1789710ms step_avg:374.81ms
step:4786/5100 lr:0.000157 train_loss:3.1452 train_time:1790105ms step_avg:374.81ms
step:4787/5100 lr:0.0001565 train_loss:3.4376 train_time:1790500ms step_avg:374.82ms
step:4788/5100 lr:0.000156 train_loss:3.2038 train_time:1790896ms step_avg:374.82ms
step:4789/5100 lr:0.0001555 train_loss:3.2148 train_time:1791292ms step_avg:374.83ms
step:4790/5100 lr:0.000155 train_loss:3.2572 train_time:1791688ms step_avg:374.83ms
step:4791/5100 lr:0.00015450000000000001 train_loss:3.2974 train_time:1792084ms step_avg:374.83ms
step:4792/5100 lr:0.000154 train_loss:3.1680 train_time:1792480ms step_avg:374.84ms
step:4793/5100 lr:0.0001535 train_loss:3.1787 train_time:1792876ms step_avg:374.84ms
step:4794/5100 lr:0.000153 train_loss:3.2889 train_time:1793272ms step_avg:374.85ms
step:4795/5100 lr:0.0001525 train_loss:3.4346 train_time:1793668ms step_avg:374.85ms
step:4796/5100 lr:0.000152 train_loss:3.2473 train_time:1794063ms step_avg:374.86ms
step:4797/5100 lr:0.0001515 train_loss:3.2349 train_time:1794459ms step_avg:374.86ms
step:4798/5100 lr:0.000151 train_loss:3.2785 train_time:1794855ms step_avg:374.87ms
step:4799/5100 lr:0.0001505 train_loss:3.2707 train_time:1795251ms step_avg:374.87ms
step:4800/5100 lr:0.00015 train_loss:3.2499 train_time:1795648ms step_avg:374.87ms
step:4801/5100 lr:0.0001495 train_loss:3.2881 train_time:1796043ms step_avg:374.88ms
step:4802/5100 lr:0.000149 train_loss:3.2586 train_time:1796439ms step_avg:374.88ms
step:4803/5100 lr:0.0001485 train_loss:3.2413 train_time:1796836ms step_avg:374.89ms
step:4804/5100 lr:0.000148 train_loss:3.5174 train_time:1797231ms step_avg:374.89ms
step:4805/5100 lr:0.0001475 train_loss:3.4849 train_time:1797627ms step_avg:374.90ms
step:4806/5100 lr:0.000147 train_loss:3.2704 train_time:1798023ms step_avg:374.90ms
step:4807/5100 lr:0.00014649999999999998 train_loss:3.2453 train_time:1798418ms step_avg:374.90ms
step:4808/5100 lr:0.000146 train_loss:3.2900 train_time:1798820ms step_avg:374.91ms
step:4809/5100 lr:0.00014549999999999999 train_loss:3.2105 train_time:1799211ms step_avg:374.91ms
step:4810/5100 lr:0.000145 train_loss:3.1845 train_time:1799607ms step_avg:374.92ms
step:4811/5100 lr:0.0001445 train_loss:3.2599 train_time:1800003ms step_avg:374.92ms
step:4812/5100 lr:0.000144 train_loss:3.0740 train_time:1800398ms step_avg:374.93ms
step:4813/5100 lr:0.0001435 train_loss:3.4256 train_time:1800794ms step_avg:374.93ms
step:4814/5100 lr:0.00014299999999999998 train_loss:3.1924 train_time:1801190ms step_avg:374.94ms
step:4815/5100 lr:0.0001425 train_loss:3.3033 train_time:1801586ms step_avg:374.94ms
step:4816/5100 lr:0.00014199999999999998 train_loss:3.2245 train_time:1801982ms step_avg:374.94ms
step:4817/5100 lr:0.0001415 train_loss:3.3116 train_time:1802378ms step_avg:374.95ms
step:4818/5100 lr:0.00014099999999999998 train_loss:3.1972 train_time:1802774ms step_avg:374.95ms
step:4819/5100 lr:0.00014050000000000003 train_loss:3.2724 train_time:1803170ms step_avg:374.96ms
step:4820/5100 lr:0.00014000000000000001 train_loss:3.2389 train_time:1803566ms step_avg:374.96ms
step:4821/5100 lr:0.0001395 train_loss:2.9496 train_time:1803962ms step_avg:374.97ms
step:4822/5100 lr:0.00013900000000000002 train_loss:3.2028 train_time:1804358ms step_avg:374.97ms
step:4823/5100 lr:0.0001385 train_loss:3.2164 train_time:1804755ms step_avg:374.97ms
step:4824/5100 lr:0.00013800000000000002 train_loss:3.2592 train_time:1805151ms step_avg:374.98ms
step:4825/5100 lr:0.0001375 train_loss:3.1016 train_time:1805547ms step_avg:374.98ms
step:4826/5100 lr:0.00013700000000000002 train_loss:3.1799 train_time:1805943ms step_avg:374.99ms
step:4827/5100 lr:0.0001365 train_loss:2.9305 train_time:1806339ms step_avg:374.99ms
step:4828/5100 lr:0.00013600000000000003 train_loss:3.3214 train_time:1806735ms step_avg:375.00ms
step:4829/5100 lr:0.00013550000000000001 train_loss:3.2524 train_time:1807131ms step_avg:375.00ms
step:4830/5100 lr:0.000135 train_loss:3.4089 train_time:1807527ms step_avg:375.01ms
step:4831/5100 lr:0.00013450000000000002 train_loss:3.1299 train_time:1807923ms step_avg:375.01ms
step:4832/5100 lr:0.000134 train_loss:3.1814 train_time:1808318ms step_avg:375.01ms
step:4833/5100 lr:0.00013350000000000002 train_loss:3.2403 train_time:1808715ms step_avg:375.02ms
step:4834/5100 lr:0.000133 train_loss:3.3222 train_time:1809111ms step_avg:375.02ms
step:4835/5100 lr:0.00013250000000000002 train_loss:3.0242 train_time:1809507ms step_avg:375.03ms
step:4836/5100 lr:0.000132 train_loss:3.1389 train_time:1809903ms step_avg:375.03ms
step:4837/5100 lr:0.0001315 train_loss:3.2371 train_time:1810299ms step_avg:375.04ms
step:4838/5100 lr:0.000131 train_loss:3.1771 train_time:1810694ms step_avg:375.04ms
step:4839/5100 lr:0.0001305 train_loss:3.0463 train_time:1811090ms step_avg:375.04ms
step:4840/5100 lr:0.00013000000000000002 train_loss:3.4225 train_time:1811486ms step_avg:375.05ms
step:4841/5100 lr:0.0001295 train_loss:3.2090 train_time:1811882ms step_avg:375.05ms
step:4842/5100 lr:0.00012900000000000002 train_loss:3.1908 train_time:1812278ms step_avg:375.06ms
step:4843/5100 lr:0.0001285 train_loss:3.1845 train_time:1812674ms step_avg:375.06ms
step:4844/5100 lr:0.000128 train_loss:2.9642 train_time:1813070ms step_avg:375.07ms
step:4845/5100 lr:0.0001275 train_loss:3.3002 train_time:1813466ms step_avg:375.07ms
step:4846/5100 lr:0.000127 train_loss:3.1542 train_time:1813873ms step_avg:375.08ms
step:4847/5100 lr:0.0001265 train_loss:3.1596 train_time:1814263ms step_avg:375.08ms
step:4848/5100 lr:0.000126 train_loss:3.0705 train_time:1814659ms step_avg:375.08ms
step:4849/5100 lr:0.00012550000000000001 train_loss:3.1519 train_time:1815055ms step_avg:375.09ms
step:4850/5100 lr:0.000125 train_loss:3.2686 train_time:1815451ms step_avg:375.09ms
step:4851/5100 lr:0.0001245 train_loss:3.1206 train_time:1815847ms step_avg:375.10ms
step:4852/5100 lr:0.000124 train_loss:3.3325 train_time:1816243ms step_avg:375.10ms
step:4853/5100 lr:0.0001235 train_loss:3.0971 train_time:1816639ms step_avg:375.11ms
step:4854/5100 lr:0.000123 train_loss:3.1598 train_time:1817036ms step_avg:375.11ms
step:4855/5100 lr:0.0001225 train_loss:3.4025 train_time:1817432ms step_avg:375.11ms
step:4856/5100 lr:0.000122 train_loss:3.2812 train_time:1817828ms step_avg:375.12ms
step:4857/5100 lr:0.0001215 train_loss:3.3869 train_time:1818224ms step_avg:375.12ms
step:4858/5100 lr:0.000121 train_loss:3.2573 train_time:1818620ms step_avg:375.13ms
step:4859/5100 lr:0.0001205 train_loss:3.2232 train_time:1819017ms step_avg:375.13ms
step:4860/5100 lr:0.00012 train_loss:3.2971 train_time:1819414ms step_avg:375.14ms
step:4861/5100 lr:0.00011949999999999999 train_loss:3.2685 train_time:1819810ms step_avg:375.14ms
step:4862/5100 lr:0.00011899999999999999 train_loss:3.3307 train_time:1820205ms step_avg:375.15ms
step:4863/5100 lr:0.0001185 train_loss:3.2887 train_time:1820602ms step_avg:375.15ms
step:4864/5100 lr:0.000118 train_loss:3.1381 train_time:1820997ms step_avg:375.15ms
step:4865/5100 lr:0.0001175 train_loss:3.0015 train_time:1821394ms step_avg:375.16ms
step:4866/5100 lr:0.00011700000000000001 train_loss:3.2199 train_time:1821791ms step_avg:375.16ms
step:4867/5100 lr:0.00011650000000000001 train_loss:3.2639 train_time:1822185ms step_avg:375.17ms
step:4868/5100 lr:0.00011600000000000001 train_loss:3.2050 train_time:1822581ms step_avg:375.17ms
step:4869/5100 lr:0.0001155 train_loss:3.2781 train_time:1822978ms step_avg:375.18ms
step:4870/5100 lr:0.000115 train_loss:3.1622 train_time:1823374ms step_avg:375.18ms
step:4871/5100 lr:0.0001145 train_loss:3.1218 train_time:1823771ms step_avg:375.18ms
step:4872/5100 lr:0.000114 train_loss:3.2725 train_time:1824167ms step_avg:375.19ms
step:4873/5100 lr:0.00011350000000000001 train_loss:3.1721 train_time:1824563ms step_avg:375.19ms
step:4874/5100 lr:0.00011300000000000001 train_loss:3.2794 train_time:1824959ms step_avg:375.20ms
step:4875/5100 lr:0.00011250000000000001 train_loss:3.4679 train_time:1825356ms step_avg:375.20ms
step:4875/5100 val_loss:3.2448 train_time:1825370ms step_avg:375.20ms
step:4876/5100 lr:0.000112 train_loss:3.2655 train_time:1829538ms step_avg:375.98ms
step:4877/5100 lr:0.0001115 train_loss:3.1859 train_time:1829935ms step_avg:375.99ms
step:4878/5100 lr:0.000111 train_loss:3.1767 train_time:1830331ms step_avg:375.99ms
step:4879/5100 lr:0.0001105 train_loss:3.1591 train_time:1830729ms step_avg:376.00ms
step:4880/5100 lr:0.00011 train_loss:3.1193 train_time:1831126ms step_avg:376.00ms
step:4881/5100 lr:0.0001095 train_loss:3.3235 train_time:1831523ms step_avg:376.01ms
step:4882/5100 lr:0.000109 train_loss:3.1841 train_time:1831918ms step_avg:376.01ms
step:4883/5100 lr:0.00010850000000000001 train_loss:3.2866 train_time:1832315ms step_avg:376.01ms
step:4884/5100 lr:0.000108 train_loss:3.1496 train_time:1832710ms step_avg:376.02ms
step:4885/5100 lr:0.0001075 train_loss:3.2547 train_time:1833107ms step_avg:376.02ms
step:4886/5100 lr:0.000107 train_loss:3.1615 train_time:1833503ms step_avg:376.03ms
step:4887/5100 lr:0.0001065 train_loss:3.3234 train_time:1833930ms step_avg:376.04ms
step:4888/5100 lr:0.000106 train_loss:3.2122 train_time:1834327ms step_avg:376.04ms
step:4889/5100 lr:0.0001055 train_loss:3.1686 train_time:1834723ms step_avg:376.04ms
step:4890/5100 lr:0.000105 train_loss:3.3360 train_time:1835120ms step_avg:376.05ms
step:4891/5100 lr:0.00010449999999999999 train_loss:3.2606 train_time:1835516ms step_avg:376.05ms
step:4892/5100 lr:0.000104 train_loss:3.0851 train_time:1835912ms step_avg:376.06ms
step:4893/5100 lr:0.0001035 train_loss:3.2310 train_time:1836308ms step_avg:376.06ms
step:4894/5100 lr:0.000103 train_loss:3.2058 train_time:1836705ms step_avg:376.07ms
step:4895/5100 lr:0.0001025 train_loss:3.3532 train_time:1837101ms step_avg:376.07ms
step:4896/5100 lr:0.000102 train_loss:3.2524 train_time:1837497ms step_avg:376.07ms
step:4897/5100 lr:0.00010150000000000001 train_loss:3.3487 train_time:1837893ms step_avg:376.08ms
step:4898/5100 lr:0.000101 train_loss:3.1782 train_time:1838289ms step_avg:376.08ms
step:4899/5100 lr:0.0001005 train_loss:3.2409 train_time:1838685ms step_avg:376.09ms
step:4900/5100 lr:0.0001 train_loss:3.3893 train_time:1839081ms step_avg:376.09ms
step:4901/5100 lr:9.95e-05 train_loss:3.1058 train_time:1839476ms step_avg:376.09ms
step:4902/5100 lr:9.900000000000001e-05 train_loss:3.2256 train_time:1839873ms step_avg:376.10ms
step:4903/5100 lr:9.850000000000001e-05 train_loss:3.1107 train_time:1840269ms step_avg:376.10ms
step:4904/5100 lr:9.800000000000001e-05 train_loss:3.2785 train_time:1840665ms step_avg:376.11ms
step:4905/5100 lr:9.750000000000001e-05 train_loss:3.3848 train_time:1841061ms step_avg:376.11ms
step:4906/5100 lr:9.7e-05 train_loss:3.1932 train_time:1841457ms step_avg:376.11ms
step:4907/5100 lr:9.65e-05 train_loss:3.2044 train_time:1841853ms step_avg:376.12ms
step:4908/5100 lr:9.6e-05 train_loss:3.3595 train_time:1842250ms step_avg:376.12ms
step:4909/5100 lr:9.55e-05 train_loss:3.4166 train_time:1842646ms step_avg:376.13ms
step:4910/5100 lr:9.5e-05 train_loss:3.2536 train_time:1843041ms step_avg:376.13ms
step:4911/5100 lr:9.45e-05 train_loss:3.2022 train_time:1843436ms step_avg:376.13ms
step:4912/5100 lr:9.400000000000001e-05 train_loss:3.2613 train_time:1843833ms step_avg:376.14ms
step:4913/5100 lr:9.35e-05 train_loss:3.2348 train_time:1844229ms step_avg:376.14ms
step:4914/5100 lr:9.3e-05 train_loss:3.1495 train_time:1844625ms step_avg:376.15ms
step:4915/5100 lr:9.25e-05 train_loss:3.3571 train_time:1845021ms step_avg:376.15ms
step:4916/5100 lr:9.2e-05 train_loss:3.1094 train_time:1845416ms step_avg:376.15ms
step:4917/5100 lr:9.15e-05 train_loss:3.3372 train_time:1845813ms step_avg:376.16ms
step:4918/5100 lr:9.1e-05 train_loss:3.3083 train_time:1846209ms step_avg:376.16ms
step:4919/5100 lr:9.05e-05 train_loss:3.3054 train_time:1846605ms step_avg:376.17ms
step:4920/5100 lr:8.999999999999999e-05 train_loss:3.1216 train_time:1847002ms step_avg:376.17ms
step:4921/5100 lr:8.95e-05 train_loss:3.3075 train_time:1847397ms step_avg:376.18ms
step:4922/5100 lr:8.9e-05 train_loss:3.1297 train_time:1847793ms step_avg:376.18ms
step:4923/5100 lr:8.85e-05 train_loss:3.2376 train_time:1848189ms step_avg:376.18ms
step:4924/5100 lr:8.8e-05 train_loss:3.3051 train_time:1848590ms step_avg:376.19ms
step:4925/5100 lr:8.75e-05 train_loss:3.8227 train_time:1848981ms step_avg:376.19ms
step:4926/5100 lr:8.7e-05 train_loss:3.2007 train_time:1849376ms step_avg:376.20ms
step:4927/5100 lr:8.65e-05 train_loss:3.2872 train_time:1849772ms step_avg:376.20ms
step:4928/5100 lr:8.599999999999999e-05 train_loss:3.1240 train_time:1850168ms step_avg:376.20ms
step:4929/5100 lr:8.55e-05 train_loss:3.2757 train_time:1850566ms step_avg:376.21ms
step:4930/5100 lr:8.5e-05 train_loss:3.2703 train_time:1850962ms step_avg:376.21ms
step:4931/5100 lr:8.450000000000001e-05 train_loss:3.3328 train_time:1851366ms step_avg:376.22ms
step:4932/5100 lr:8.400000000000001e-05 train_loss:3.1784 train_time:1851754ms step_avg:376.22ms
step:4933/5100 lr:8.350000000000001e-05 train_loss:3.5261 train_time:1852150ms step_avg:376.22ms
step:4934/5100 lr:8.300000000000001e-05 train_loss:3.3845 train_time:1852547ms step_avg:376.23ms
step:4935/5100 lr:8.25e-05 train_loss:3.2685 train_time:1852943ms step_avg:376.23ms
step:4936/5100 lr:8.2e-05 train_loss:3.2119 train_time:1853338ms step_avg:376.24ms
step:4937/5100 lr:8.15e-05 train_loss:3.1752 train_time:1853735ms step_avg:376.24ms
step:4938/5100 lr:8.1e-05 train_loss:3.2301 train_time:1854130ms step_avg:376.24ms
step:4939/5100 lr:8.05e-05 train_loss:3.0037 train_time:1854527ms step_avg:376.25ms
step:4940/5100 lr:8e-05 train_loss:3.2449 train_time:1855117ms step_avg:376.29ms
step:4941/5100 lr:7.950000000000001e-05 train_loss:3.3731 train_time:1855513ms step_avg:376.30ms
step:4942/5100 lr:7.9e-05 train_loss:3.2659 train_time:1855910ms step_avg:376.30ms
step:4943/5100 lr:7.85e-05 train_loss:3.2157 train_time:1856307ms step_avg:376.30ms
step:4944/5100 lr:7.8e-05 train_loss:3.1740 train_time:1856704ms step_avg:376.31ms
step:4945/5100 lr:7.75e-05 train_loss:3.0816 train_time:1857100ms step_avg:376.31ms
step:4946/5100 lr:7.7e-05 train_loss:3.1886 train_time:1857496ms step_avg:376.32ms
step:4947/5100 lr:7.65e-05 train_loss:3.1845 train_time:1857892ms step_avg:376.32ms
step:4948/5100 lr:7.6e-05 train_loss:3.1072 train_time:1858290ms step_avg:376.32ms
step:4949/5100 lr:7.55e-05 train_loss:3.0989 train_time:1858686ms step_avg:376.33ms
step:4950/5100 lr:7.5e-05 train_loss:3.2694 train_time:1859082ms step_avg:376.33ms
step:4951/5100 lr:7.45e-05 train_loss:3.0318 train_time:1859479ms step_avg:376.34ms
step:4952/5100 lr:7.4e-05 train_loss:3.1932 train_time:1859875ms step_avg:376.34ms
step:4953/5100 lr:7.35e-05 train_loss:3.3484 train_time:1860476ms step_avg:376.39ms
step:4954/5100 lr:7.3e-05 train_loss:3.3241 train_time:1860873ms step_avg:376.39ms
step:4955/5100 lr:7.25e-05 train_loss:2.9452 train_time:1861269ms step_avg:376.39ms
step:4956/5100 lr:7.2e-05 train_loss:3.3305 train_time:1861665ms step_avg:376.40ms
step:4957/5100 lr:7.149999999999999e-05 train_loss:3.7559 train_time:1862061ms step_avg:376.40ms
step:4958/5100 lr:7.099999999999999e-05 train_loss:3.1249 train_time:1862457ms step_avg:376.41ms
step:4959/5100 lr:7.049999999999999e-05 train_loss:3.1604 train_time:1862853ms step_avg:376.41ms
step:4960/5100 lr:7.000000000000001e-05 train_loss:3.3820 train_time:1863249ms step_avg:376.41ms
step:4961/5100 lr:6.950000000000001e-05 train_loss:3.0510 train_time:1863646ms step_avg:376.42ms
step:4962/5100 lr:6.900000000000001e-05 train_loss:3.3583 train_time:1864043ms step_avg:376.42ms
step:4963/5100 lr:6.850000000000001e-05 train_loss:3.1610 train_time:1864439ms step_avg:376.43ms
step:4964/5100 lr:6.800000000000001e-05 train_loss:3.3472 train_time:1864836ms step_avg:376.43ms
step:4965/5100 lr:6.75e-05 train_loss:3.1533 train_time:1865232ms step_avg:376.43ms
step:4966/5100 lr:6.7e-05 train_loss:3.1755 train_time:1865628ms step_avg:376.44ms
step:4967/5100 lr:6.65e-05 train_loss:3.1370 train_time:1866024ms step_avg:376.44ms
step:4968/5100 lr:6.6e-05 train_loss:3.0900 train_time:1866420ms step_avg:376.45ms
step:4969/5100 lr:6.55e-05 train_loss:3.3077 train_time:1866816ms step_avg:376.45ms
step:4970/5100 lr:6.500000000000001e-05 train_loss:3.1438 train_time:1867212ms step_avg:376.45ms
step:4971/5100 lr:6.450000000000001e-05 train_loss:3.1556 train_time:1867608ms step_avg:376.46ms
step:4972/5100 lr:6.4e-05 train_loss:3.2789 train_time:1868005ms step_avg:376.46ms
step:4973/5100 lr:6.35e-05 train_loss:3.5609 train_time:1868401ms step_avg:376.47ms
step:4974/5100 lr:6.3e-05 train_loss:3.1431 train_time:1868797ms step_avg:376.47ms
step:4975/5100 lr:6.25e-05 train_loss:3.3002 train_time:1869192ms step_avg:376.47ms
step:4976/5100 lr:6.2e-05 train_loss:3.1428 train_time:1869589ms step_avg:376.48ms
step:4977/5100 lr:6.15e-05 train_loss:4.3322 train_time:1869986ms step_avg:376.48ms
step:4978/5100 lr:6.1e-05 train_loss:3.1829 train_time:1870381ms step_avg:376.49ms
step:4979/5100 lr:6.05e-05 train_loss:3.2592 train_time:1870777ms step_avg:376.49ms
step:4980/5100 lr:6e-05 train_loss:3.2945 train_time:1871174ms step_avg:376.49ms
step:4981/5100 lr:5.9499999999999996e-05 train_loss:4.3587 train_time:1871570ms step_avg:376.50ms
step:4982/5100 lr:5.9e-05 train_loss:3.4397 train_time:1871966ms step_avg:376.50ms
step:4983/5100 lr:5.8500000000000006e-05 train_loss:3.3315 train_time:1872362ms step_avg:376.51ms
step:4984/5100 lr:5.800000000000001e-05 train_loss:3.3025 train_time:1872758ms step_avg:376.51ms
step:4985/5100 lr:5.75e-05 train_loss:3.3210 train_time:1873155ms step_avg:376.51ms
step:4986/5100 lr:5.7e-05 train_loss:3.1971 train_time:1873551ms step_avg:376.52ms
step:4987/5100 lr:5.6500000000000005e-05 train_loss:3.2161 train_time:1873948ms step_avg:376.52ms
step:4988/5100 lr:5.6e-05 train_loss:3.3185 train_time:1874345ms step_avg:376.53ms
step:4989/5100 lr:5.55e-05 train_loss:3.1805 train_time:1874741ms step_avg:376.53ms
step:4990/5100 lr:5.5e-05 train_loss:3.1339 train_time:1875136ms step_avg:376.53ms
step:4991/5100 lr:5.45e-05 train_loss:3.2906 train_time:1875532ms step_avg:376.54ms
step:4992/5100 lr:5.4e-05 train_loss:3.1504 train_time:1875928ms step_avg:376.54ms
step:4993/5100 lr:5.35e-05 train_loss:3.4009 train_time:1876325ms step_avg:376.55ms
step:4994/5100 lr:5.3e-05 train_loss:3.3647 train_time:1876721ms step_avg:376.55ms
step:4995/5100 lr:5.25e-05 train_loss:3.0563 train_time:1877117ms step_avg:376.55ms
step:4996/5100 lr:5.2e-05 train_loss:2.9437 train_time:1877514ms step_avg:376.56ms
step:4997/5100 lr:5.15e-05 train_loss:3.6239 train_time:1877910ms step_avg:376.56ms
step:4998/5100 lr:5.1e-05 train_loss:3.5206 train_time:1878306ms step_avg:376.57ms
step:4999/5100 lr:5.05e-05 train_loss:3.2446 train_time:1878702ms step_avg:376.57ms
step:5000/5100 lr:5e-05 train_loss:3.2948 train_time:1879098ms step_avg:376.57ms
step:5000/5100 val_loss:3.2381 train_time:1879114ms step_avg:376.58ms
step:5001/5100 lr:4.9500000000000004e-05 train_loss:3.3036 train_time:1883308ms step_avg:377.34ms
step:5002/5100 lr:4.9000000000000005e-05 train_loss:3.1986 train_time:1883704ms step_avg:377.34ms
step:5003/5100 lr:4.85e-05 train_loss:3.1953 train_time:1884100ms step_avg:377.35ms
step:5004/5100 lr:4.8e-05 train_loss:3.3500 train_time:1884497ms step_avg:377.35ms
step:5005/5100 lr:4.75e-05 train_loss:3.0213 train_time:1884893ms step_avg:377.36ms
step:5006/5100 lr:4.7000000000000004e-05 train_loss:3.2536 train_time:1885290ms step_avg:377.36ms
step:5007/5100 lr:4.65e-05 train_loss:3.1826 train_time:1885686ms step_avg:377.36ms
step:5008/5100 lr:4.6e-05 train_loss:3.4385 train_time:1886082ms step_avg:377.37ms
step:5009/5100 lr:4.55e-05 train_loss:3.2804 train_time:1886477ms step_avg:377.37ms
step:5010/5100 lr:4.4999999999999996e-05 train_loss:3.2962 train_time:1886873ms step_avg:377.37ms
step:5011/5100 lr:4.45e-05 train_loss:3.3361 train_time:1887269ms step_avg:377.38ms
step:5012/5100 lr:4.4e-05 train_loss:3.4595 train_time:1887665ms step_avg:377.38ms
step:5013/5100 lr:4.35e-05 train_loss:3.2900 train_time:1888060ms step_avg:377.39ms
step:5014/5100 lr:4.2999999999999995e-05 train_loss:3.2731 train_time:1888456ms step_avg:377.39ms
step:5015/5100 lr:4.25e-05 train_loss:3.2623 train_time:1888853ms step_avg:377.39ms
step:5016/5100 lr:4.2000000000000004e-05 train_loss:3.3515 train_time:1889249ms step_avg:377.40ms
step:5017/5100 lr:4.1500000000000006e-05 train_loss:3.1515 train_time:1889644ms step_avg:377.40ms
step:5018/5100 lr:4.1e-05 train_loss:3.0179 train_time:1890041ms step_avg:377.40ms
step:5019/5100 lr:4.05e-05 train_loss:3.2081 train_time:1890436ms step_avg:377.41ms
step:5020/5100 lr:4e-05 train_loss:3.2847 train_time:1890833ms step_avg:377.41ms
step:5021/5100 lr:3.95e-05 train_loss:3.0618 train_time:1891229ms step_avg:377.42ms
step:5022/5100 lr:3.9e-05 train_loss:3.2172 train_time:1891624ms step_avg:377.42ms
step:5023/5100 lr:3.85e-05 train_loss:3.5771 train_time:1892021ms step_avg:377.42ms
step:5024/5100 lr:3.8e-05 train_loss:3.1847 train_time:1892416ms step_avg:377.43ms
step:5025/5100 lr:3.75e-05 train_loss:3.2604 train_time:1892812ms step_avg:377.43ms
step:5026/5100 lr:3.7e-05 train_loss:3.0429 train_time:1893209ms step_avg:377.43ms
step:5027/5100 lr:3.65e-05 train_loss:3.2757 train_time:1893605ms step_avg:377.44ms
step:5028/5100 lr:3.6e-05 train_loss:3.1868 train_time:1894000ms step_avg:377.44ms
step:5029/5100 lr:3.5499999999999996e-05 train_loss:3.1292 train_time:1894396ms step_avg:377.44ms
step:5030/5100 lr:3.5000000000000004e-05 train_loss:3.2017 train_time:1894793ms step_avg:377.45ms
step:5031/5100 lr:3.4500000000000005e-05 train_loss:3.2234 train_time:1895189ms step_avg:377.45ms
step:5032/5100 lr:3.4000000000000007e-05 train_loss:3.9105 train_time:1895586ms step_avg:377.46ms
step:5033/5100 lr:3.35e-05 train_loss:3.1325 train_time:1895981ms step_avg:377.46ms
step:5034/5100 lr:3.3e-05 train_loss:3.1955 train_time:1896377ms step_avg:377.46ms
step:5035/5100 lr:3.2500000000000004e-05 train_loss:3.2559 train_time:1896772ms step_avg:377.47ms
step:5036/5100 lr:3.2e-05 train_loss:3.3859 train_time:1897168ms step_avg:377.47ms
step:5037/5100 lr:3.15e-05 train_loss:3.1550 train_time:1897563ms step_avg:377.47ms
step:5038/5100 lr:3.1e-05 train_loss:3.5219 train_time:1897959ms step_avg:377.48ms
step:5039/5100 lr:3.05e-05 train_loss:3.1567 train_time:1898356ms step_avg:377.48ms
step:5040/5100 lr:3e-05 train_loss:3.2914 train_time:1898752ms step_avg:377.49ms
step:5041/5100 lr:2.95e-05 train_loss:3.3830 train_time:1899147ms step_avg:377.49ms
step:5042/5100 lr:2.9000000000000004e-05 train_loss:3.3427 train_time:1899543ms step_avg:377.49ms
step:5043/5100 lr:2.85e-05 train_loss:3.1601 train_time:1899939ms step_avg:377.50ms
step:5044/5100 lr:2.8e-05 train_loss:3.2395 train_time:1900335ms step_avg:377.50ms
step:5045/5100 lr:2.75e-05 train_loss:3.0561 train_time:1900731ms step_avg:377.50ms
step:5046/5100 lr:2.7e-05 train_loss:3.3384 train_time:1901127ms step_avg:377.51ms
step:5047/5100 lr:2.65e-05 train_loss:3.3903 train_time:1901523ms step_avg:377.51ms
step:5048/5100 lr:2.6e-05 train_loss:3.1423 train_time:1901919ms step_avg:377.51ms
step:5049/5100 lr:2.55e-05 train_loss:3.1607 train_time:1902316ms step_avg:377.52ms
step:5050/5100 lr:2.5e-05 train_loss:3.1346 train_time:1902712ms step_avg:377.52ms
step:5051/5100 lr:2.4500000000000003e-05 train_loss:3.2245 train_time:1903108ms step_avg:377.53ms
step:5052/5100 lr:2.4e-05 train_loss:3.1471 train_time:1903504ms step_avg:377.53ms
step:5053/5100 lr:2.3500000000000002e-05 train_loss:3.4042 train_time:1903900ms step_avg:377.53ms
step:5054/5100 lr:2.3e-05 train_loss:3.2093 train_time:1904296ms step_avg:377.54ms
step:5055/5100 lr:2.2499999999999998e-05 train_loss:3.3187 train_time:1904692ms step_avg:377.54ms
step:5056/5100 lr:2.2e-05 train_loss:3.2185 train_time:1905088ms step_avg:377.54ms
step:5057/5100 lr:2.1499999999999997e-05 train_loss:3.4277 train_time:1905484ms step_avg:377.55ms
step:5058/5100 lr:2.1000000000000002e-05 train_loss:3.0973 train_time:1905880ms step_avg:377.55ms
step:5059/5100 lr:2.05e-05 train_loss:3.2353 train_time:1906276ms step_avg:377.56ms
step:5060/5100 lr:2e-05 train_loss:2.8249 train_time:1906672ms step_avg:377.56ms
step:5061/5100 lr:1.95e-05 train_loss:3.3309 train_time:1907068ms step_avg:377.56ms
step:5062/5100 lr:1.9e-05 train_loss:3.2306 train_time:1907463ms step_avg:377.57ms
step:5063/5100 lr:1.85e-05 train_loss:3.1542 train_time:1907860ms step_avg:377.57ms
step:5064/5100 lr:1.8e-05 train_loss:3.2135 train_time:1908256ms step_avg:377.57ms
step:5065/5100 lr:1.7500000000000002e-05 train_loss:3.1891 train_time:1908652ms step_avg:377.58ms
step:5066/5100 lr:1.7000000000000003e-05 train_loss:3.3502 train_time:1909048ms step_avg:377.58ms
step:5067/5100 lr:1.65e-05 train_loss:3.4826 train_time:1909444ms step_avg:377.58ms
step:5068/5100 lr:1.6e-05 train_loss:3.2619 train_time:1909840ms step_avg:377.59ms
step:5069/5100 lr:1.55e-05 train_loss:3.2072 train_time:1910237ms step_avg:377.59ms
step:5070/5100 lr:1.5e-05 train_loss:3.1146 train_time:1910633ms step_avg:377.60ms
step:5071/5100 lr:1.4500000000000002e-05 train_loss:2.8877 train_time:1911029ms step_avg:377.60ms
step:5072/5100 lr:1.4e-05 train_loss:3.2151 train_time:1911425ms step_avg:377.60ms
step:5073/5100 lr:1.35e-05 train_loss:3.2088 train_time:1911821ms step_avg:377.61ms
step:5074/5100 lr:1.3e-05 train_loss:3.2080 train_time:1912217ms step_avg:377.61ms
step:5075/5100 lr:1.25e-05 train_loss:3.4441 train_time:1912613ms step_avg:377.61ms
step:5076/5100 lr:1.2e-05 train_loss:3.3043 train_time:1913009ms step_avg:377.62ms
step:5077/5100 lr:1.15e-05 train_loss:3.2741 train_time:1913405ms step_avg:377.62ms
step:5078/5100 lr:1.1e-05 train_loss:3.3131 train_time:1913802ms step_avg:377.62ms
step:5079/5100 lr:1.0500000000000001e-05 train_loss:3.7826 train_time:1914198ms step_avg:377.63ms
step:5080/5100 lr:1e-05 train_loss:3.1990 train_time:1914594ms step_avg:377.63ms
step:5081/5100 lr:9.5e-06 train_loss:3.4788 train_time:1914990ms step_avg:377.64ms
step:5082/5100 lr:9e-06 train_loss:3.2970 train_time:1915386ms step_avg:377.64ms
step:5083/5100 lr:8.500000000000002e-06 train_loss:3.4083 train_time:1915782ms step_avg:377.64ms
step:5084/5100 lr:8e-06 train_loss:3.2285 train_time:1916178ms step_avg:377.65ms
step:5085/5100 lr:7.5e-06 train_loss:3.3496 train_time:1916574ms step_avg:377.65ms
step:5086/5100 lr:7e-06 train_loss:3.4104 train_time:1916970ms step_avg:377.65ms
step:5087/5100 lr:6.5e-06 train_loss:3.3017 train_time:1917366ms step_avg:377.66ms
step:5088/5100 lr:6e-06 train_loss:3.2067 train_time:1917762ms step_avg:377.66ms
step:5089/5100 lr:5.5e-06 train_loss:3.1418 train_time:1918158ms step_avg:377.66ms
step:5090/5100 lr:5e-06 train_loss:3.3114 train_time:1918554ms step_avg:377.67ms
step:5091/5100 lr:4.5e-06 train_loss:3.4724 train_time:1918950ms step_avg:377.67ms
step:5092/5100 lr:4e-06 train_loss:3.4148 train_time:1919345ms step_avg:377.68ms
step:5093/5100 lr:3.5e-06 train_loss:3.2482 train_time:1919741ms step_avg:377.68ms
step:5094/5100 lr:3e-06 train_loss:3.3359 train_time:1920137ms step_avg:377.68ms
step:5095/5100 lr:2.5e-06 train_loss:3.1219 train_time:1920534ms step_avg:377.69ms
step:5096/5100 lr:2e-06 train_loss:3.2110 train_time:1920930ms step_avg:377.69ms
step:5097/5100 lr:1.5e-06 train_loss:3.1239 train_time:1921325ms step_avg:377.69ms
step:5098/5100 lr:1e-06 train_loss:3.4016 train_time:1921721ms step_avg:377.70ms
step:5099/5100 lr:5e-07 train_loss:3.3017 train_time:1922117ms step_avg:377.70ms
step:5100/5100 lr:0.0 train_loss:3.2027 train_time:1922514ms step_avg:377.70ms
step:5100/5100 val_loss:3.2352 train_time:1922529ms step_avg:377.71ms
peak memory consumption: 52227 MiB
