/opt/conda/lib/python3.11/site-packages/torch/cuda/__init__.py:63: FutureWarning: The pynvml package is deprecated. Please install nvidia-ml-py instead. If you did not install pynvml directly, please report this to the maintainers of the package that installed pynvml for you.
  import pynvml  # type: ignore[import]
W0712 08:39:54.733000 2991980 site-packages/torch/distributed/run.py:774] 
W0712 08:39:54.733000 2991980 site-packages/torch/distributed/run.py:774] *****************************************
W0712 08:39:54.733000 2991980 site-packages/torch/distributed/run.py:774] Setting OMP_NUM_THREADS environment variable for each process to be 1 in default, to avoid your system being overloaded, please further tune the variable for optimal performance in your application as needed. 
W0712 08:39:54.733000 2991980 site-packages/torch/distributed/run.py:774] *****************************************
/opt/conda/lib/python3.11/site-packages/torch/cuda/__init__.py:63: FutureWarning: The pynvml package is deprecated. Please install nvidia-ml-py instead. If you did not install pynvml directly, please report this to the maintainers of the package that installed pynvml for you.
  import pynvml  # type: ignore[import]
/opt/conda/lib/python3.11/site-packages/torch/cuda/__init__.py:63: FutureWarning: The pynvml package is deprecated. Please install nvidia-ml-py instead. If you did not install pynvml directly, please report this to the maintainers of the package that installed pynvml for you.
  import pynvml  # type: ignore[import]
/opt/conda/lib/python3.11/site-packages/torch/cuda/__init__.py:63: FutureWarning: The pynvml package is deprecated. Please install nvidia-ml-py instead. If you did not install pynvml directly, please report this to the maintainers of the package that installed pynvml for you.
  import pynvml  # type: ignore[import]
/opt/conda/lib/python3.11/site-packages/torch/cuda/__init__.py:63: FutureWarning: The pynvml package is deprecated. Please install nvidia-ml-py instead. If you did not install pynvml directly, please report this to the maintainers of the package that installed pynvml for you.
  import pynvml  # type: ignore[import]
/opt/conda/lib/python3.11/site-packages/torch/cuda/__init__.py:63: FutureWarning: The pynvml package is deprecated. Please install nvidia-ml-py instead. If you did not install pynvml directly, please report this to the maintainers of the package that installed pynvml for you.
  import pynvml  # type: ignore[import]
/opt/conda/lib/python3.11/site-packages/torch/cuda/__init__.py:63: FutureWarning: The pynvml package is deprecated. Please install nvidia-ml-py instead. If you did not install pynvml directly, please report this to the maintainers of the package that installed pynvml for you.
  import pynvml  # type: ignore[import]
/opt/conda/lib/python3.11/site-packages/torch/cuda/__init__.py:63: FutureWarning: The pynvml package is deprecated. Please install nvidia-ml-py instead. If you did not install pynvml directly, please report this to the maintainers of the package that installed pynvml for you.
  import pynvml  # type: ignore[import]
/opt/conda/lib/python3.11/site-packages/torch/cuda/__init__.py:63: FutureWarning: The pynvml package is deprecated. Please install nvidia-ml-py instead. If you did not install pynvml directly, please report this to the maintainers of the package that installed pynvml for you.
  import pynvml  # type: ignore[import]
using device: cuda:5
using device: cuda:6
using device: cuda:0
Accumulation steps: 2
using device: cuda:4
using device: cuda:1
using device: cuda:7
using device: cuda:2
using device: cuda:3
Training DataLoader: total number of tokens: 2900000000 across 29 files
Validation DataLoader: total number of tokens: 100000000 across 1 files
number of parameters: 373.96M
number of parameters: 373.96M
number of parameters: 373.96M
number of parameters: 373.96M
number of parameters: 373.96M
number of parameters: 373.96M
number of parameters: 373.96M
number of parameters: 373.96M
Model size: 1426.53 MB
Number of parameters: 373955961
Number of trainable parameters: 373955961
Logging run in logs/ar_full_F78_0/
====================================================================================================
import datetime
import os
import sys

from coqpit import Coqpit
from optimizers import get_optimizer
from utils import get_model

with open(sys.argv[0]) as f:
    code = f.read()  # read the code of this file ASAP, for logging
import glob
import time
from dataclasses import dataclass, field

import numpy as np
import torch
import torch.distributed as dist
from torch.nn.parallel import DistributedDataParallel as DDP

os.environ["TORCH_NCCL_ASYNC_ERROR_HANDLING"] = "1"
os.environ["NCCL_TIMEOUT"] = "1800"

torch._dynamo.config.optimize_ddp = False
torch.set_float32_matmul_precision("high")


class TeeLogger:
    def __init__(self, filename):
        self.terminal = sys.stdout
        self.log = open(filename, "a")

    def write(self, message):
        self.terminal.write(message)
        self.log.write(message)
        self.log.flush()

    def flush(self):
        self.terminal.flush()

    def isatty(self):
        return hasattr(self.terminal, "isatty") and self.terminal.isatty()

    def fileno(self):
        return self.terminal.fileno()


# -----------------------------------------------------------------------------
# Our own simple Distributed Data Loader


def _peek_data_shard(filename):
    # only reads the header, returns header data
    with open(filename, "rb") as f:
        # first read the header, which is 256 int32 integers (4 bytes each)
        header = np.frombuffer(f.read(256 * 4), dtype=np.int32)
    if header[0] != 20240520:
        print("ERROR: magic number mismatch in the data .bin file!")
        print("---> HINT: Are you passing in a correct file with --input_bin?")
        print(
            "---> HINT: Dataset encoding changed recently, re-run data prepro or refer again to README"
        )
        print(
            "---> HINT: For example re-run: `python dev/data/tinyshakespeare.py`, then re-try"
        )
        exit(1)
    assert header[1] == 1, "unsupported version"
    ntok = header[2]  # number of tokens (claimed)
    return ntok  # for now just return the number of tokens


def _load_data_shard(filename):
    with open(filename, "rb") as f:
        # first read the header, which is 256 int32 integers (4 bytes each)
        header = np.frombuffer(f.read(256 * 4), dtype=np.int32)
        assert header[0] == 20240520, "magic number mismatch in the data .bin file"
        assert header[1] == 1, "unsupported version"
        ntok = header[2]  # number of tokens (claimed)
        # the rest of it are tokens, stored as uint16
        tokens = np.frombuffer(f.read(), dtype=np.uint16)
    assert len(tokens) == ntok, "number of tokens read does not match header?"
    return tokens


class DistributedDataLoader:
    def __init__(self, filename_pattern, B, T, process_rank, num_processes):
        self.process_rank = process_rank
        self.num_processes = num_processes
        self.B = B
        self.T = T

        # glob files that match the pattern
        self.files = sorted(glob.glob(filename_pattern))
        assert (
            len(self.files) > 0
        ), f"did not find any files that match the pattern {filename_pattern}"

        # load and validate all data shards, count number of tokens in total
        ntok_total = 0
        for fname in self.files:
            shard_ntok = _peek_data_shard(fname)
            assert shard_ntok >= num_processes * B * T + 1
            ntok_total += int(shard_ntok)
        self.ntok_total = ntok_total

        # kick things off
        self.reset()

    def reset(self):
        self.current_shard = 0
        self.current_position = self.process_rank * self.B * self.T
        self.tokens = _load_data_shard(self.files[self.current_shard])

    def advance(self):  # advance to next data shard
        self.current_shard = (self.current_shard + 1) % len(self.files)
        self.current_position = self.process_rank * self.B * self.T
        self.tokens = _load_data_shard(self.files[self.current_shard])

    def next_batch(self):
        B = self.B
        T = self.T
        buf = self.tokens[self.current_position : self.current_position + B * T + 1]
        buf = torch.tensor(buf.astype(np.int32), dtype=torch.long)
        x = (buf[:-1]).view(B, T)  # inputs
        y = (buf[1:]).view(B, T)  # targets
        # advance current position and load next shard if necessary
        self.current_position += B * T * self.num_processes
        if self.current_position + (B * T * self.num_processes + 1) > len(self.tokens):
            self.advance()
        return x.cuda(), y.cuda()


# -----------------------------------------------------------------------------
# Hyperparameters


@dataclass
class Hyperparameters(Coqpit):
    run_name: str = "nano_gpt+rms_norm+geglu+gqa+softcap"
    compile_model: bool = True
    # data hyperparams
    input_bin: str = "../data/fineweb10B/fineweb_train_*.bin"  # input .bin to train on
    input_val_bin: str = (
        "../data/fineweb10B/fineweb_val_*.bin"  # input .bin to eval validation loss on
    )

    # training
    batch_size: int = 8 * 64  # batch size, in sequences, across all devices
    device_batch_size: int = 32  # batch size, in sequences, per device, grad_accum_steps = batch_size // num_devices /// device_batch_size
    sequence_length: int = 1024  # sequence length, in tokens
    num_iterations: int = 5100  # number of iterations to run

    # optimizer
    optimizer_name: str = "Adam"
    optimizer_args: dict = field(
        default_factory=lambda: {
            "betas": (0.9, 0.95),
            "eps": 1e-8,
            "weight_decay": 0.0,
            "use_cautious_weight_decay": False,
        }
    )
    learning_rate: float = 0.001
    warmup_iters: int = 250
    warmdown_iters: int = 2000  # number of iterations of linear warmup/warmdown for triangular or trapezoidal schedule

    # evaluation and logging hyperparams
    val_loss_every: int = (
        125  # every how many steps to evaluate val loss? 0 for only at the end
    )
    val_tokens: int = 10485760  # how many tokens of validation data? it's important to keep this fixed for consistent comparisons
    save_every: int = (
        5000  # every how many steps to save the checkpoint? 0 for only at the end
    )

    # checkpoint params
    keep_last_n_checkpoints: int = 1  # number of checkpoints to keep
    save_best_model: bool = True  # whether to save best model based on val loss


# -----------------------------------------------------------------------------
# int main

if __name__ == "__main__":
    from argparse import ArgumentParser

    parser = ArgumentParser()
    parser.add_argument("--config", type=str, default=None)
    parser.add_argument("--run_name", type=str, default=None)
    parser.add_argument("--model_name", type=str, default="bla_gpt")
    cli_args = parser.parse_args()

    args = Hyperparameters()
    model_config, model = get_model(cli_args.model_name)

    if cli_args.config:
        model_config.load_json(cli_args.config)

    # Apply model-config values to matching training hyperparameters after
    # loading overrides (e.g. warmup_iters in a full-training recipe).
    for key, value in model_config.to_dict().items():
        if hasattr(args, key):
            setattr(args, key, value)

    if cli_args.run_name:
        args.run_name = cli_args.run_name

    # set up DDP (distributed data parallel). torchrun sets this env variable
    assert torch.cuda.is_available()
    dist.init_process_group(
        backend="nccl", init_method="env://", timeout=datetime.timedelta(minutes=30)
    )
    ddp_rank = int(os.environ["RANK"])
    ddp_local_rank = int(os.environ["LOCAL_RANK"])
    ddp_world_size = int(os.environ["WORLD_SIZE"])
    device = f"cuda:{ddp_local_rank}"
    torch.cuda.set_device(device)
    print(f"using device: {device}")
    master_process = ddp_rank == 0  # this process will do logging, checkpointing etc.

    # convenience variables
    B, T = args.device_batch_size, args.sequence_length
    # calculate the number of steps to take in the val loop.
    assert args.val_tokens % (B * T * ddp_world_size) == 0
    val_steps = args.val_tokens // (B * T * ddp_world_size)
    # calculate the steps of gradient accumulation required to attain the desired global batch size.
    assert args.batch_size % (B * ddp_world_size) == 0
    train_accumulation_steps = args.batch_size // (B * ddp_world_size)
    if master_process:
        print(f"Accumulation steps: {train_accumulation_steps}")

    # load tokens
    train_loader = DistributedDataLoader(args.input_bin, B, T, ddp_rank, ddp_world_size)
    val_loader = DistributedDataLoader(
        args.input_val_bin, B, T, ddp_rank, ddp_world_size
    )
    if master_process:
        print(
            f"Training DataLoader: total number of tokens: {train_loader.ntok_total} across {len(train_loader.files)} files"
        )
        print(
            f"Validation DataLoader: total number of tokens: {val_loader.ntok_total} across {len(val_loader.files)} files"
        )
    x, y = train_loader.next_batch()

    # there are only 50257 unique GPT-2 tokens; we extend to nearest multiple of 128 for efficiency. suggested to me by @Grad62304977.
    # this originates from Karpathy's experiments.
    torch.cuda.empty_cache()
    model = model(model_config)
    model = model.cuda()

    if args.compile_model:
        model = torch.compile(model)

    model_size = (
        sum(p.numel() for p in model.parameters()) * 4 / (1024**2)
    )  # size in MB

    num_parameters = sum(p.numel() for p in model.parameters())
    num_trainable_parameters = sum(
        p.numel() for p in model.parameters() if p.requires_grad
    )

    if master_process:
        print(f"Model size: {model_size:.2f} MB")
        print(f"Number of parameters: {num_parameters}")
        print(f"Number of trainable parameters: {num_trainable_parameters}")

    # here we wrap model into DDP container
    model = DDP(
        model,
        device_ids=[ddp_local_rank],
        find_unused_parameters=True,
        broadcast_buffers=False,
        gradient_as_bucket_view=True,
    )
    raw_model = model.module  # always contains the "raw" unwrapped model
    ctx = torch.amp.autocast(device_type="cuda", dtype=torch.bfloat16)

    # init the optimizer(s)
    # foreach == false to save VRAM

    optimizer1 = get_optimizer(
        args.optimizer_name, args.optimizer_args, args.learning_rate, raw_model
    )

    optimizers = [
        optimizer1,
    ]

    # learning rate decay scheduler (linear warmup and warmdown)
    def get_lr(it):
        assert it <= args.num_iterations
        # 1) linear warmup for warmup_iters steps
        if it < args.warmup_iters:
            return (it + 1) / args.warmup_iters
        # 2) constant lr for a while
        elif it < args.num_iterations - args.warmdown_iters:
            return 1.0
        # 3) linear warmdown
        else:
            decay_ratio = (args.num_iterations - it) / args.warmdown_iters
            return decay_ratio

    schedulers = [torch.optim.lr_scheduler.LambdaLR(opt, get_lr) for opt in optimizers]

    # begin logging
    if master_process:
        run_num = 0
        run_id = f"{args.run_name}_{run_num}"
        logdir = "logs/%s/" % run_id
        while os.path.exists(logdir):
            run_num += 1
            run_id = f"{args.run_name}_{run_num}"
            logdir = "logs/%s/" % run_id
        os.makedirs(logdir, exist_ok=True)
        logfile = "logs/%s.txt" % run_id
        print(f"Logging run in {logdir}")
        # create the log file and set up TeeLogger
        sys.stdout = TeeLogger(logfile)
        # begin the log by printing this file (the Python code)
        print("=" * 100)
        print(code)
        print("=" * 100)
        # log information about the hardware/software environment this is running on
        # and print the full `nvidia-smi` to file
        print(
            f"Running pytorch {torch.version.__version__} compiled for CUDA {torch.version.cuda}\nnvidia-smi:"
        )
        import subprocess

        result = subprocess.run(
            ["nvidia-smi"],
            stdout=subprocess.PIPE,
            stderr=subprocess.PIPE,
            text=True,
        )
        print(f"{result.stdout}")
        print("=" * 100)

    training_time_ms = 0
    best_val_loss = float("inf")
    # start the clock
    torch.cuda.synchronize()
    t0 = time.time()
    # begin training
    train_loader.reset()
    for step in range(args.num_iterations + 1):
        last_step = step == args.num_iterations
        # This effectively ignores timing first 10 steps, which are slower for weird reasons.
        # Alternately, and slightly more correctly in terms of benchmarking, we could do 10
        # steps with dummy data first, and then re-initialize the model and reset the loader.
        if step == 10:
            training_time_ms = 0
            t0 = time.time()
        timed_steps = (
            float("nan") if step <= 11 else (step - 10) + 1
        )  # <= 11 to avoid bug in val

        # once in a while evaluate the validation dataset
        if last_step or (args.val_loss_every > 0 and step % args.val_loss_every == 0):
            # stop the clock
            torch.cuda.synchronize()
            training_time_ms += 1000 * (time.time() - t0)
            # run validation batches
            model.eval()
            val_loader.reset()
            val_loss = 0.0
            with torch.no_grad():
                for _ in range(val_steps):
                    x_val, y_val = val_loader.next_batch()
                    with ctx:  # of course, we'd like to use no_grad() here too, but that creates a torch.compile error for some reason
                        _, loss = model(x_val, y_val)
                        metrics = None
                        if type(loss) is dict:
                            metrics = {k: v for k, v in loss.items() if k != "total"}
                            loss = loss["total"]
                        val_loss += loss.detach()
                        del loss
            dist.all_reduce(val_loss, op=dist.ReduceOp.AVG)
            val_loss /= val_steps
            # log val loss to console and to logfile
            if master_process:
                if metrics is None:
                    print(
                        f"step:{step}/{args.num_iterations} val_loss:{val_loss:.4f} train_time:{training_time_ms:.0f}ms step_avg:{training_time_ms/(timed_steps-1):.2f}ms"
                    )
                else:
                    print(
                        f"step:{step}/{args.num_iterations} val_loss:{val_loss:.4f} train_time:{training_time_ms:.0f}ms step_avg:{training_time_ms/(timed_steps-1):.2f}ms {metrics}"
                    )
                with open(logfile, "a") as f:
                    f.write(
                        f"step:{step}/{args.num_iterations} val_loss:{val_loss:.4f} train_time:{training_time_ms:.0f}ms step_avg:{training_time_ms/(timed_steps-1):.2f}ms\n"
                    )
            # start the clock again
            torch.cuda.synchronize()
            torch.cuda.empty_cache()
            t0 = time.time()

            # Save best model if validation loss improved
            if master_process and (args.save_best_model and val_loss < best_val_loss):
                best_val_loss = val_loss
                log = dict(
                    step=step,
                    code=code,
                    model_config=model_config.to_dict(),
                    train_config=args.to_dict(),
                    model=raw_model.state_dict(),
                    optimizers=[opt.state_dict() for opt in optimizers],
                    val_loss=val_loss,
                )
                best_model_path = f"logs/{run_id}/best_model_{step}.pt"
                torch.save(log, best_model_path)

                # Remove previous best model if exists
                for f in glob.glob(f"logs/{run_id}/best_model_*.pt"):
                    if f != best_model_path:
                        os.remove(f)

        if master_process and (
            last_step or (args.save_every > 0 and step % args.save_every == 0)
        ):
            # stop the clock
            torch.cuda.synchronize()
            training_time_ms += 1000 * (time.time() - t0)
            # save the state of the training process
            log = dict(
                step=step,
                code=code,
                model_config=model_config.to_dict(),
                train_config=args.to_dict(),
                model=raw_model.state_dict(),
                optimizers=[opt.state_dict() for opt in optimizers],
            )
            torch.save(log, "logs/%s/state_step%06d.pt" % (run_id, step))

            # Cleanup old checkpoints
            if args.keep_last_n_checkpoints > 0:
                checkpoints = sorted(glob.glob(f"logs/{run_id}/state_step*.pt"))
                if len(checkpoints) > args.keep_last_n_checkpoints:
                    for checkpoint in checkpoints[: -args.keep_last_n_checkpoints]:
                        os.remove(checkpoint)

            # start the clock again
            torch.cuda.synchronize()
            t0 = time.time()

        # bit confusing: we want to make sure to eval on 0th iteration
        # but also after the very last iteration. so we loop for step <= num_iterations
        # instead of just < num_iterations (one extra due to <=), only to do
        # the validation/sampling one last time, and then we break right here as we're done.
        if last_step:
            break

        # --------------- TRAINING SECTION BEGIN -----------------
        model.train()
        # Optional sequence-length curriculum from the model recipe. Data and
        # validation remain unchanged; only early train forwards use a prefix.
        curriculum_steps = getattr(model_config, "seq_curriculum_steps", 0)
        curriculum_len = getattr(model_config, "seq_curriculum_len", T)
        use_short_sequence = curriculum_steps > 0 and step < curriculum_steps
        for i in range(1, train_accumulation_steps + 1):
            # forward pass
            with ctx:
                if use_short_sequence:
                    _, loss = model(
                        x[:, :curriculum_len].contiguous(),
                        y[:, :curriculum_len].contiguous(),
                    )
                else:
                    _, loss = model(x, y)
                metrics = None
                if type(loss) is dict:
                    metrics = {k: v for k, v in loss.items() if k != "total"}
                    loss = loss["total"]
                train_loss = loss.detach()

            # advance the dataset for the next batch
            x, y = train_loader.next_batch()
            # backward pass
            if i < train_accumulation_steps:
                with (
                    model.no_sync()
                ):  # there's no need to sync gradients every accumulation step
                    loss.backward()
            else:
                loss.backward()  # just sync on the last step
        for p in model.parameters():
            if p.grad is not None:
                p.grad /= train_accumulation_steps
        # step the optimizers and schedulers
        for opt, sched in zip(optimizers, schedulers):
            opt.step()
            sched.step()
        # null the gradients
        model.zero_grad(set_to_none=True)
        # --------------- TRAINING SECTION END -------------------
        # everything that follows now is just diagnostics, prints, logging, etc.

        # dist.all_reduce(train_loss, op=dist.ReduceOp.AVG) # all-reducing the training loss would be more correct in terms of logging, but slower
        if master_process:
            approx_time = training_time_ms + 1000 * (time.time() - t0)
            lr = optimizers[0].param_groups[0]["lr"]
            if metrics is None:
                print(
                    f"step:{step+1}/{args.num_iterations} lr:{lr} train_loss:{train_loss.item():.4f} train_time:{approx_time:.0f}ms step_avg:{approx_time/timed_steps:.2f}ms"
                )
            else:
                print(
                    f"step:{step+1}/{args.num_iterations} lr:{lr} train_loss:{train_loss.item():.4f} train_time:{approx_time:.0f}ms step_avg:{approx_time/timed_steps:.2f}ms {metrics}"
                )

    if master_process:
        print(
            f"peak memory consumption: {torch.cuda.max_memory_allocated() // 1024 // 1024} MiB"
        )

    # -------------------------------------------------------------------------
    # clean up nice
    dist.destroy_process_group()

====================================================================================================
Running pytorch 2.8.0+cu129 compiled for CUDA 12.9
nvidia-smi:
Sun Jul 12 08:40:12 2026       
+-----------------------------------------------------------------------------------------+
| NVIDIA-SMI 590.48.01              Driver Version: 590.48.01      CUDA Version: 13.1     |
+-----------------------------------------+------------------------+----------------------+
| GPU  Name                 Persistence-M | Bus-Id          Disp.A | Volatile Uncorr. ECC |
| Fan  Temp   Perf          Pwr:Usage/Cap |           Memory-Usage | GPU-Util  Compute M. |
|                                         |                        |               MIG M. |
|=========================================+========================+======================|
|   0  NVIDIA H100 80GB HBM3          On  |   00000000:19:00.0 Off |                    0 |
| N/A   28C    P0            116W /  700W |    4660MiB /  81559MiB |      0%      Default |
|                                         |                        |             Disabled |
+-----------------------------------------+------------------------+----------------------+
|   1  NVIDIA H100 80GB HBM3          On  |   00000000:3B:00.0 Off |                    0 |
| N/A   28C    P0            120W /  700W |    4660MiB /  81559MiB |     13%      Default |
|                                         |                        |             Disabled |
+-----------------------------------------+------------------------+----------------------+
|   2  NVIDIA H100 80GB HBM3          On  |   00000000:4C:00.0 Off |                    0 |
| N/A   25C    P0            114W /  700W |    4660MiB /  81559MiB |      9%      Default |
|                                         |                        |             Disabled |
+-----------------------------------------+------------------------+----------------------+
|   3  NVIDIA H100 80GB HBM3          On  |   00000000:5D:00.0 Off |                    0 |
| N/A   27C    P0            118W /  700W |    4660MiB /  81559MiB |      0%      Default |
|                                         |                        |             Disabled |
+-----------------------------------------+------------------------+----------------------+
|   4  NVIDIA H100 80GB HBM3          On  |   00000000:9B:00.0 Off |                    0 |
| N/A   28C    P0            117W /  700W |    4660MiB /  81559MiB |     14%      Default |
|                                         |                        |             Disabled |
+-----------------------------------------+------------------------+----------------------+
|   5  NVIDIA H100 80GB HBM3          On  |   00000000:BB:00.0 Off |                    0 |
| N/A   27C    P0            119W /  700W |    4660MiB /  81559MiB |      0%      Default |
|                                         |                        |             Disabled |
+-----------------------------------------+------------------------+----------------------+
|   6  NVIDIA H100 80GB HBM3          On  |   00000000:CB:00.0 Off |                    0 |
| N/A   27C    P0            120W /  700W |    4660MiB /  81559MiB |     14%      Default |
|                                         |                        |             Disabled |
+-----------------------------------------+------------------------+----------------------+
|   7  NVIDIA H100 80GB HBM3          On  |   00000000:DB:00.0 Off |                    0 |
| N/A   37C    P0            126W /  700W |    4660MiB /  81559MiB |     13%      Default |
|                                         |                        |             Disabled |
+-----------------------------------------+------------------------+----------------------+

+-----------------------------------------------------------------------------------------+
| Processes:                                                                              |
|  GPU   GI   CI              PID   Type   Process name                        GPU Memory |
|        ID   ID                                                               Usage      |
|=========================================================================================|
|    0   N/A  N/A         2992047      C   /opt/conda/bin/python3.11              4650MiB |
|    1   N/A  N/A         2992048      C   /opt/conda/bin/python3.11              4650MiB |
|    2   N/A  N/A         2992049      C   /opt/conda/bin/python3.11              4650MiB |
|    3   N/A  N/A         2992050      C   /opt/conda/bin/python3.11              4650MiB |
|    4   N/A  N/A         2992051      C   /opt/conda/bin/python3.11              4650MiB |
|    5   N/A  N/A         2992052      C   /opt/conda/bin/python3.11              4650MiB |
|    6   N/A  N/A         2992053      C   /opt/conda/bin/python3.11              4650MiB |
|    7   N/A  N/A         2992054      C   /opt/conda/bin/python3.11              4650MiB |
+-----------------------------------------------------------------------------------------+

====================================================================================================
[rank1]:W0712 08:40:15.275000 2992048 site-packages/torch/_dynamo/variables/tensor.py:1047] [1/0] Graph break from `Tensor.item()`, consider setting:
[rank1]:W0712 08:40:15.275000 2992048 site-packages/torch/_dynamo/variables/tensor.py:1047] [1/0]     torch._dynamo.config.capture_scalar_outputs = True
[rank1]:W0712 08:40:15.275000 2992048 site-packages/torch/_dynamo/variables/tensor.py:1047] [1/0] or:
[rank1]:W0712 08:40:15.275000 2992048 site-packages/torch/_dynamo/variables/tensor.py:1047] [1/0]     env TORCHDYNAMO_CAPTURE_SCALAR_OUTPUTS=1
[rank1]:W0712 08:40:15.275000 2992048 site-packages/torch/_dynamo/variables/tensor.py:1047] [1/0] to include these operations in the captured graph.
[rank1]:W0712 08:40:15.275000 2992048 site-packages/torch/_dynamo/variables/tensor.py:1047] [1/0] 
[rank1]:W0712 08:40:15.275000 2992048 site-packages/torch/_dynamo/variables/tensor.py:1047] [1/0] Graph break: from user code at:
[rank1]:W0712 08:40:15.275000 2992048 site-packages/torch/_dynamo/variables/tensor.py:1047] [1/0]   File "/nvme/BlaGPT/bla_gpt/bla_gpt.py", line 939, in forward
[rank1]:W0712 08:40:15.275000 2992048 site-packages/torch/_dynamo/variables/tensor.py:1047] [1/0]     loss_dict = {"ntp_loss": ntp_loss.detach().item()}
[rank1]:W0712 08:40:15.275000 2992048 site-packages/torch/_dynamo/variables/tensor.py:1047] [1/0] 
[rank1]:W0712 08:40:15.275000 2992048 site-packages/torch/_dynamo/variables/tensor.py:1047] [1/0] 
[rank2]:W0712 08:40:15.277000 2992049 site-packages/torch/_dynamo/variables/tensor.py:1047] [1/0] Graph break from `Tensor.item()`, consider setting:
[rank2]:W0712 08:40:15.277000 2992049 site-packages/torch/_dynamo/variables/tensor.py:1047] [1/0]     torch._dynamo.config.capture_scalar_outputs = True
[rank2]:W0712 08:40:15.277000 2992049 site-packages/torch/_dynamo/variables/tensor.py:1047] [1/0] or:
[rank2]:W0712 08:40:15.277000 2992049 site-packages/torch/_dynamo/variables/tensor.py:1047] [1/0]     env TORCHDYNAMO_CAPTURE_SCALAR_OUTPUTS=1
[rank2]:W0712 08:40:15.277000 2992049 site-packages/torch/_dynamo/variables/tensor.py:1047] [1/0] to include these operations in the captured graph.
[rank2]:W0712 08:40:15.277000 2992049 site-packages/torch/_dynamo/variables/tensor.py:1047] [1/0] 
[rank2]:W0712 08:40:15.277000 2992049 site-packages/torch/_dynamo/variables/tensor.py:1047] [1/0] Graph break: from user code at:
[rank2]:W0712 08:40:15.277000 2992049 site-packages/torch/_dynamo/variables/tensor.py:1047] [1/0]   File "/nvme/BlaGPT/bla_gpt/bla_gpt.py", line 939, in forward
[rank2]:W0712 08:40:15.277000 2992049 site-packages/torch/_dynamo/variables/tensor.py:1047] [1/0]     loss_dict = {"ntp_loss": ntp_loss.detach().item()}
[rank2]:W0712 08:40:15.277000 2992049 site-packages/torch/_dynamo/variables/tensor.py:1047] [1/0] 
[rank2]:W0712 08:40:15.277000 2992049 site-packages/torch/_dynamo/variables/tensor.py:1047] [1/0] 
[rank6]:W0712 08:40:15.278000 2992053 site-packages/torch/_dynamo/variables/tensor.py:1047] [1/0] Graph break from `Tensor.item()`, consider setting:
[rank6]:W0712 08:40:15.278000 2992053 site-packages/torch/_dynamo/variables/tensor.py:1047] [1/0]     torch._dynamo.config.capture_scalar_outputs = True
[rank6]:W0712 08:40:15.278000 2992053 site-packages/torch/_dynamo/variables/tensor.py:1047] [1/0] or:
[rank6]:W0712 08:40:15.278000 2992053 site-packages/torch/_dynamo/variables/tensor.py:1047] [1/0]     env TORCHDYNAMO_CAPTURE_SCALAR_OUTPUTS=1
[rank6]:W0712 08:40:15.278000 2992053 site-packages/torch/_dynamo/variables/tensor.py:1047] [1/0] to include these operations in the captured graph.
[rank6]:W0712 08:40:15.278000 2992053 site-packages/torch/_dynamo/variables/tensor.py:1047] [1/0] 
[rank6]:W0712 08:40:15.278000 2992053 site-packages/torch/_dynamo/variables/tensor.py:1047] [1/0] Graph break: from user code at:
[rank6]:W0712 08:40:15.278000 2992053 site-packages/torch/_dynamo/variables/tensor.py:1047] [1/0]   File "/nvme/BlaGPT/bla_gpt/bla_gpt.py", line 939, in forward
[rank6]:W0712 08:40:15.278000 2992053 site-packages/torch/_dynamo/variables/tensor.py:1047] [1/0]     loss_dict = {"ntp_loss": ntp_loss.detach().item()}
[rank6]:W0712 08:40:15.278000 2992053 site-packages/torch/_dynamo/variables/tensor.py:1047] [1/0] 
[rank6]:W0712 08:40:15.278000 2992053 site-packages/torch/_dynamo/variables/tensor.py:1047] [1/0] 
[rank5]:W0712 08:40:15.299000 2992052 site-packages/torch/_dynamo/variables/tensor.py:1047] [1/0] Graph break from `Tensor.item()`, consider setting:
[rank5]:W0712 08:40:15.299000 2992052 site-packages/torch/_dynamo/variables/tensor.py:1047] [1/0]     torch._dynamo.config.capture_scalar_outputs = True
[rank5]:W0712 08:40:15.299000 2992052 site-packages/torch/_dynamo/variables/tensor.py:1047] [1/0] or:
[rank5]:W0712 08:40:15.299000 2992052 site-packages/torch/_dynamo/variables/tensor.py:1047] [1/0]     env TORCHDYNAMO_CAPTURE_SCALAR_OUTPUTS=1
[rank5]:W0712 08:40:15.299000 2992052 site-packages/torch/_dynamo/variables/tensor.py:1047] [1/0] to include these operations in the captured graph.
[rank5]:W0712 08:40:15.299000 2992052 site-packages/torch/_dynamo/variables/tensor.py:1047] [1/0] 
[rank5]:W0712 08:40:15.299000 2992052 site-packages/torch/_dynamo/variables/tensor.py:1047] [1/0] Graph break: from user code at:
[rank5]:W0712 08:40:15.299000 2992052 site-packages/torch/_dynamo/variables/tensor.py:1047] [1/0]   File "/nvme/BlaGPT/bla_gpt/bla_gpt.py", line 939, in forward
[rank5]:W0712 08:40:15.299000 2992052 site-packages/torch/_dynamo/variables/tensor.py:1047] [1/0]     loss_dict = {"ntp_loss": ntp_loss.detach().item()}
[rank5]:W0712 08:40:15.299000 2992052 site-packages/torch/_dynamo/variables/tensor.py:1047] [1/0] 
[rank5]:W0712 08:40:15.299000 2992052 site-packages/torch/_dynamo/variables/tensor.py:1047] [1/0] 
[rank3]:W0712 08:40:15.310000 2992050 site-packages/torch/_dynamo/variables/tensor.py:1047] [1/0] Graph break from `Tensor.item()`, consider setting:
[rank3]:W0712 08:40:15.310000 2992050 site-packages/torch/_dynamo/variables/tensor.py:1047] [1/0]     torch._dynamo.config.capture_scalar_outputs = True
[rank3]:W0712 08:40:15.310000 2992050 site-packages/torch/_dynamo/variables/tensor.py:1047] [1/0] or:
[rank3]:W0712 08:40:15.310000 2992050 site-packages/torch/_dynamo/variables/tensor.py:1047] [1/0]     env TORCHDYNAMO_CAPTURE_SCALAR_OUTPUTS=1
[rank3]:W0712 08:40:15.310000 2992050 site-packages/torch/_dynamo/variables/tensor.py:1047] [1/0] to include these operations in the captured graph.
[rank3]:W0712 08:40:15.310000 2992050 site-packages/torch/_dynamo/variables/tensor.py:1047] [1/0] 
[rank3]:W0712 08:40:15.310000 2992050 site-packages/torch/_dynamo/variables/tensor.py:1047] [1/0] Graph break: from user code at:
[rank3]:W0712 08:40:15.310000 2992050 site-packages/torch/_dynamo/variables/tensor.py:1047] [1/0]   File "/nvme/BlaGPT/bla_gpt/bla_gpt.py", line 939, in forward
[rank3]:W0712 08:40:15.310000 2992050 site-packages/torch/_dynamo/variables/tensor.py:1047] [1/0]     loss_dict = {"ntp_loss": ntp_loss.detach().item()}
[rank3]:W0712 08:40:15.310000 2992050 site-packages/torch/_dynamo/variables/tensor.py:1047] [1/0] 
[rank3]:W0712 08:40:15.310000 2992050 site-packages/torch/_dynamo/variables/tensor.py:1047] [1/0] 
[rank7]:W0712 08:40:15.317000 2992054 site-packages/torch/_dynamo/variables/tensor.py:1047] [1/0] Graph break from `Tensor.item()`, consider setting:
[rank7]:W0712 08:40:15.317000 2992054 site-packages/torch/_dynamo/variables/tensor.py:1047] [1/0]     torch._dynamo.config.capture_scalar_outputs = True
[rank7]:W0712 08:40:15.317000 2992054 site-packages/torch/_dynamo/variables/tensor.py:1047] [1/0] or:
[rank7]:W0712 08:40:15.317000 2992054 site-packages/torch/_dynamo/variables/tensor.py:1047] [1/0]     env TORCHDYNAMO_CAPTURE_SCALAR_OUTPUTS=1
[rank7]:W0712 08:40:15.317000 2992054 site-packages/torch/_dynamo/variables/tensor.py:1047] [1/0] to include these operations in the captured graph.
[rank7]:W0712 08:40:15.317000 2992054 site-packages/torch/_dynamo/variables/tensor.py:1047] [1/0] 
[rank7]:W0712 08:40:15.317000 2992054 site-packages/torch/_dynamo/variables/tensor.py:1047] [1/0] Graph break: from user code at:
[rank7]:W0712 08:40:15.317000 2992054 site-packages/torch/_dynamo/variables/tensor.py:1047] [1/0]   File "/nvme/BlaGPT/bla_gpt/bla_gpt.py", line 939, in forward
[rank7]:W0712 08:40:15.317000 2992054 site-packages/torch/_dynamo/variables/tensor.py:1047] [1/0]     loss_dict = {"ntp_loss": ntp_loss.detach().item()}
[rank7]:W0712 08:40:15.317000 2992054 site-packages/torch/_dynamo/variables/tensor.py:1047] [1/0] 
[rank7]:W0712 08:40:15.317000 2992054 site-packages/torch/_dynamo/variables/tensor.py:1047] [1/0] 
[rank4]:W0712 08:40:15.380000 2992051 site-packages/torch/_dynamo/variables/tensor.py:1047] [1/0] Graph break from `Tensor.item()`, consider setting:
[rank4]:W0712 08:40:15.380000 2992051 site-packages/torch/_dynamo/variables/tensor.py:1047] [1/0]     torch._dynamo.config.capture_scalar_outputs = True
[rank4]:W0712 08:40:15.380000 2992051 site-packages/torch/_dynamo/variables/tensor.py:1047] [1/0] or:
[rank4]:W0712 08:40:15.380000 2992051 site-packages/torch/_dynamo/variables/tensor.py:1047] [1/0]     env TORCHDYNAMO_CAPTURE_SCALAR_OUTPUTS=1
[rank4]:W0712 08:40:15.380000 2992051 site-packages/torch/_dynamo/variables/tensor.py:1047] [1/0] to include these operations in the captured graph.
[rank4]:W0712 08:40:15.380000 2992051 site-packages/torch/_dynamo/variables/tensor.py:1047] [1/0] 
[rank4]:W0712 08:40:15.380000 2992051 site-packages/torch/_dynamo/variables/tensor.py:1047] [1/0] Graph break: from user code at:
[rank4]:W0712 08:40:15.380000 2992051 site-packages/torch/_dynamo/variables/tensor.py:1047] [1/0]   File "/nvme/BlaGPT/bla_gpt/bla_gpt.py", line 939, in forward
[rank4]:W0712 08:40:15.380000 2992051 site-packages/torch/_dynamo/variables/tensor.py:1047] [1/0]     loss_dict = {"ntp_loss": ntp_loss.detach().item()}
[rank4]:W0712 08:40:15.380000 2992051 site-packages/torch/_dynamo/variables/tensor.py:1047] [1/0] 
[rank4]:W0712 08:40:15.380000 2992051 site-packages/torch/_dynamo/variables/tensor.py:1047] [1/0] 
[rank0]:W0712 08:40:16.085000 2992047 site-packages/torch/_dynamo/variables/tensor.py:1047] [1/0] Graph break from `Tensor.item()`, consider setting:
[rank0]:W0712 08:40:16.085000 2992047 site-packages/torch/_dynamo/variables/tensor.py:1047] [1/0]     torch._dynamo.config.capture_scalar_outputs = True
[rank0]:W0712 08:40:16.085000 2992047 site-packages/torch/_dynamo/variables/tensor.py:1047] [1/0] or:
[rank0]:W0712 08:40:16.085000 2992047 site-packages/torch/_dynamo/variables/tensor.py:1047] [1/0]     env TORCHDYNAMO_CAPTURE_SCALAR_OUTPUTS=1
[rank0]:W0712 08:40:16.085000 2992047 site-packages/torch/_dynamo/variables/tensor.py:1047] [1/0] to include these operations in the captured graph.
[rank0]:W0712 08:40:16.085000 2992047 site-packages/torch/_dynamo/variables/tensor.py:1047] [1/0] 
[rank0]:W0712 08:40:16.085000 2992047 site-packages/torch/_dynamo/variables/tensor.py:1047] [1/0] Graph break: from user code at:
[rank0]:W0712 08:40:16.085000 2992047 site-packages/torch/_dynamo/variables/tensor.py:1047] [1/0]   File "/nvme/BlaGPT/bla_gpt/bla_gpt.py", line 939, in forward
[rank0]:W0712 08:40:16.085000 2992047 site-packages/torch/_dynamo/variables/tensor.py:1047] [1/0]     loss_dict = {"ntp_loss": ntp_loss.detach().item()}
[rank0]:W0712 08:40:16.085000 2992047 site-packages/torch/_dynamo/variables/tensor.py:1047] [1/0] 
[rank0]:W0712 08:40:16.085000 2992047 site-packages/torch/_dynamo/variables/tensor.py:1047] [1/0] 
/opt/conda/lib/python3.11/site-packages/torch/_inductor/lowering.py:7095: UserWarning: 
Online softmax is disabled on the fly since Inductor decides to
split the reduction. Cut an issue to PyTorch if this is an
important use case and you want to speed it up with online
softmax.

  warnings.warn(
/opt/conda/lib/python3.11/site-packages/torch/_inductor/lowering.py:7095: UserWarning: 
Online softmax is disabled on the fly since Inductor decides to
split the reduction. Cut an issue to PyTorch if this is an
important use case and you want to speed it up with online
softmax.

  warnings.warn(
/opt/conda/lib/python3.11/site-packages/torch/_inductor/lowering.py:7095: UserWarning: 
Online softmax is disabled on the fly since Inductor decides to
split the reduction. Cut an issue to PyTorch if this is an
important use case and you want to speed it up with online
softmax.

  warnings.warn(
/opt/conda/lib/python3.11/site-packages/torch/_inductor/lowering.py:7095: UserWarning: 
Online softmax is disabled on the fly since Inductor decides to
split the reduction. Cut an issue to PyTorch if this is an
important use case and you want to speed it up with online
softmax.

  warnings.warn(
/opt/conda/lib/python3.11/site-packages/torch/_inductor/lowering.py:7095: UserWarning: 
Online softmax is disabled on the fly since Inductor decides to
split the reduction. Cut an issue to PyTorch if this is an
important use case and you want to speed it up with online
softmax.

  warnings.warn(
/opt/conda/lib/python3.11/site-packages/torch/_inductor/lowering.py:7095: UserWarning: 
Online softmax is disabled on the fly since Inductor decides to
split the reduction. Cut an issue to PyTorch if this is an
important use case and you want to speed it up with online
softmax.

  warnings.warn(
/opt/conda/lib/python3.11/site-packages/torch/_inductor/lowering.py:7095: UserWarning: 
Online softmax is disabled on the fly since Inductor decides to
split the reduction. Cut an issue to PyTorch if this is an
important use case and you want to speed it up with online
softmax.

  warnings.warn(
/opt/conda/lib/python3.11/site-packages/torch/_inductor/lowering.py:7095: UserWarning: 
Online softmax is disabled on the fly since Inductor decides to
split the reduction. Cut an issue to PyTorch if this is an
important use case and you want to speed it up with online
softmax.

  warnings.warn(
step:0/5100 val_loss:10.8964 train_time:208ms step_avg:nanms
/opt/conda/lib/python3.11/site-packages/torch/_inductor/lowering.py:7095: UserWarning: 
Online softmax is disabled on the fly since Inductor decides to
split the reduction. Cut an issue to PyTorch if this is an
important use case and you want to speed it up with online
softmax.

  warnings.warn(
/opt/conda/lib/python3.11/site-packages/torch/_inductor/lowering.py:7095: UserWarning: 
Online softmax is disabled on the fly since Inductor decides to
split the reduction. Cut an issue to PyTorch if this is an
important use case and you want to speed it up with online
softmax.

  warnings.warn(
/opt/conda/lib/python3.11/site-packages/torch/_inductor/lowering.py:7095: UserWarning: 
Online softmax is disabled on the fly since Inductor decides to
split the reduction. Cut an issue to PyTorch if this is an
important use case and you want to speed it up with online
softmax.

  warnings.warn(
/opt/conda/lib/python3.11/site-packages/torch/_inductor/lowering.py:7095: UserWarning: 
Online softmax is disabled on the fly since Inductor decides to
split the reduction. Cut an issue to PyTorch if this is an
important use case and you want to speed it up with online
softmax.

  warnings.warn(
/opt/conda/lib/python3.11/site-packages/torch/_inductor/lowering.py:7095: UserWarning: 
Online softmax is disabled on the fly since Inductor decides to
split the reduction. Cut an issue to PyTorch if this is an
important use case and you want to speed it up with online
softmax.

  warnings.warn(
/opt/conda/lib/python3.11/site-packages/torch/_inductor/lowering.py:7095: UserWarning: 
Online softmax is disabled on the fly since Inductor decides to
split the reduction. Cut an issue to PyTorch if this is an
important use case and you want to speed it up with online
softmax.

  warnings.warn(
/opt/conda/lib/python3.11/site-packages/torch/_inductor/lowering.py:7095: UserWarning: 
Online softmax is disabled on the fly since Inductor decides to
split the reduction. Cut an issue to PyTorch if this is an
important use case and you want to speed it up with online
softmax.

  warnings.warn(
/opt/conda/lib/python3.11/site-packages/torch/_inductor/lowering.py:7095: UserWarning: 
Online softmax is disabled on the fly since Inductor decides to
split the reduction. Cut an issue to PyTorch if this is an
important use case and you want to speed it up with online
softmax.

  warnings.warn(
/opt/conda/lib/python3.11/site-packages/torch/_inductor/lowering.py:7095: UserWarning: 
Online softmax is disabled on the fly since Inductor decides to
split the reduction. Cut an issue to PyTorch if this is an
important use case and you want to speed it up with online
softmax.

  warnings.warn(
/opt/conda/lib/python3.11/site-packages/torch/_inductor/lowering.py:7095: UserWarning: 
Online softmax is disabled on the fly since Inductor decides to
split the reduction. Cut an issue to PyTorch if this is an
important use case and you want to speed it up with online
softmax.

  warnings.warn(
/opt/conda/lib/python3.11/site-packages/torch/_inductor/lowering.py:7095: UserWarning: 
Online softmax is disabled on the fly since Inductor decides to
split the reduction. Cut an issue to PyTorch if this is an
important use case and you want to speed it up with online
softmax.

  warnings.warn(
/opt/conda/lib/python3.11/site-packages/torch/_inductor/lowering.py:7095: UserWarning: 
Online softmax is disabled on the fly since Inductor decides to
split the reduction. Cut an issue to PyTorch if this is an
important use case and you want to speed it up with online
softmax.

  warnings.warn(
/opt/conda/lib/python3.11/site-packages/torch/_inductor/lowering.py:7095: UserWarning: 
Online softmax is disabled on the fly since Inductor decides to
split the reduction. Cut an issue to PyTorch if this is an
important use case and you want to speed it up with online
softmax.

  warnings.warn(
/opt/conda/lib/python3.11/site-packages/torch/_inductor/lowering.py:7095: UserWarning: 
Online softmax is disabled on the fly since Inductor decides to
split the reduction. Cut an issue to PyTorch if this is an
important use case and you want to speed it up with online
softmax.

  warnings.warn(
/opt/conda/lib/python3.11/site-packages/torch/_inductor/lowering.py:7095: UserWarning: 
Online softmax is disabled on the fly since Inductor decides to
split the reduction. Cut an issue to PyTorch if this is an
important use case and you want to speed it up with online
softmax.

  warnings.warn(
/opt/conda/lib/python3.11/site-packages/torch/_inductor/lowering.py:7095: UserWarning: 
Online softmax is disabled on the fly since Inductor decides to
split the reduction. Cut an issue to PyTorch if this is an
important use case and you want to speed it up with online
softmax.

  warnings.warn(
[rank3]:[W712 08:42:58.097648075 reducer.cpp:1457] Warning: find_unused_parameters=True was specified in DDP constructor, but did not find any unused parameters in the forward pass. This flag results in an extra traversal of the autograd graph every iteration,  which can adversely affect performance. If your model indeed never has any unused parameters in the forward pass, consider turning this flag off. Note that this warning may be a false positive if your model has flow control causing later iterations to have unused parameters. (function operator())
[rank2]:[W712 08:42:58.166923218 reducer.cpp:1457] Warning: find_unused_parameters=True was specified in DDP constructor, but did not find any unused parameters in the forward pass. This flag results in an extra traversal of the autograd graph every iteration,  which can adversely affect performance. If your model indeed never has any unused parameters in the forward pass, consider turning this flag off. Note that this warning may be a false positive if your model has flow control causing later iterations to have unused parameters. (function operator())
[rank5]:[W712 08:42:58.805797389 reducer.cpp:1457] Warning: find_unused_parameters=True was specified in DDP constructor, but did not find any unused parameters in the forward pass. This flag results in an extra traversal of the autograd graph every iteration,  which can adversely affect performance. If your model indeed never has any unused parameters in the forward pass, consider turning this flag off. Note that this warning may be a false positive if your model has flow control causing later iterations to have unused parameters. (function operator())
[rank4]:[W712 08:42:58.839878287 reducer.cpp:1457] Warning: find_unused_parameters=True was specified in DDP constructor, but did not find any unused parameters in the forward pass. This flag results in an extra traversal of the autograd graph every iteration,  which can adversely affect performance. If your model indeed never has any unused parameters in the forward pass, consider turning this flag off. Note that this warning may be a false positive if your model has flow control causing later iterations to have unused parameters. (function operator())
[rank7]:[W712 08:42:59.157856770 reducer.cpp:1457] Warning: find_unused_parameters=True was specified in DDP constructor, but did not find any unused parameters in the forward pass. This flag results in an extra traversal of the autograd graph every iteration,  which can adversely affect performance. If your model indeed never has any unused parameters in the forward pass, consider turning this flag off. Note that this warning may be a false positive if your model has flow control causing later iterations to have unused parameters. (function operator())
[rank1]:[W712 08:42:59.331213104 reducer.cpp:1457] Warning: find_unused_parameters=True was specified in DDP constructor, but did not find any unused parameters in the forward pass. This flag results in an extra traversal of the autograd graph every iteration,  which can adversely affect performance. If your model indeed never has any unused parameters in the forward pass, consider turning this flag off. Note that this warning may be a false positive if your model has flow control causing later iterations to have unused parameters. (function operator())
[rank6]:[W712 08:42:59.414182204 reducer.cpp:1457] Warning: find_unused_parameters=True was specified in DDP constructor, but did not find any unused parameters in the forward pass. This flag results in an extra traversal of the autograd graph every iteration,  which can adversely affect performance. If your model indeed never has any unused parameters in the forward pass, consider turning this flag off. Note that this warning may be a false positive if your model has flow control causing later iterations to have unused parameters. (function operator())
[rank0]:[W712 08:43:02.959893010 reducer.cpp:1457] Warning: find_unused_parameters=True was specified in DDP constructor, but did not find any unused parameters in the forward pass. This flag results in an extra traversal of the autograd graph every iteration,  which can adversely affect performance. If your model indeed never has any unused parameters in the forward pass, consider turning this flag off. Note that this warning may be a false positive if your model has flow control causing later iterations to have unused parameters. (function operator())
step:1/5100 lr:2e-05 train_loss:10.8975 train_time:131856ms step_avg:nanms
step:2/5100 lr:3e-05 train_loss:10.8832 train_time:132082ms step_avg:nanms
step:3/5100 lr:4e-05 train_loss:10.8633 train_time:132297ms step_avg:nanms
step:4/5100 lr:5e-05 train_loss:10.8210 train_time:132512ms step_avg:nanms
step:5/5100 lr:6e-05 train_loss:10.7807 train_time:132727ms step_avg:nanms
step:6/5100 lr:7.000000000000001e-05 train_loss:10.7137 train_time:132942ms step_avg:nanms
step:7/5100 lr:8e-05 train_loss:10.6433 train_time:133157ms step_avg:nanms
step:8/5100 lr:8.999999999999999e-05 train_loss:10.5873 train_time:133371ms step_avg:nanms
step:9/5100 lr:0.0001 train_loss:10.5073 train_time:133586ms step_avg:nanms
step:10/5100 lr:0.00011 train_loss:10.4184 train_time:133800ms step_avg:nanms
step:11/5100 lr:0.00012 train_loss:10.3252 train_time:204ms step_avg:nanms
step:12/5100 lr:0.00013000000000000002 train_loss:10.2862 train_time:419ms step_avg:nanms
step:13/5100 lr:0.00014000000000000001 train_loss:10.2028 train_time:635ms step_avg:211.62ms
step:14/5100 lr:0.00015 train_loss:10.1806 train_time:849ms step_avg:212.29ms
step:15/5100 lr:0.00016 train_loss:10.1399 train_time:1066ms step_avg:213.18ms
step:16/5100 lr:0.00017 train_loss:10.1469 train_time:1284ms step_avg:213.98ms
step:17/5100 lr:0.00017999999999999998 train_loss:10.1077 train_time:1498ms step_avg:214.04ms
step:18/5100 lr:0.00019 train_loss:10.0419 train_time:1713ms step_avg:214.09ms
step:19/5100 lr:0.0002 train_loss:10.1135 train_time:1927ms step_avg:214.16ms
step:20/5100 lr:0.00021 train_loss:10.0233 train_time:2142ms step_avg:214.22ms
step:21/5100 lr:0.00022 train_loss:10.0327 train_time:2357ms step_avg:214.28ms
step:22/5100 lr:0.00023 train_loss:10.1128 train_time:2575ms step_avg:214.55ms
step:23/5100 lr:0.00024 train_loss:9.9801 train_time:2792ms step_avg:214.74ms
step:24/5100 lr:0.00025 train_loss:10.0436 train_time:3006ms step_avg:214.75ms
step:25/5100 lr:0.00026000000000000003 train_loss:9.9679 train_time:3221ms step_avg:214.76ms
step:26/5100 lr:0.00027 train_loss:9.8696 train_time:3437ms step_avg:214.81ms
step:27/5100 lr:0.00028000000000000003 train_loss:9.7967 train_time:3651ms step_avg:214.79ms
step:28/5100 lr:0.00029 train_loss:9.7886 train_time:3866ms step_avg:214.76ms
step:29/5100 lr:0.0003 train_loss:9.8432 train_time:4080ms step_avg:214.75ms
step:30/5100 lr:0.00031 train_loss:9.8429 train_time:4300ms step_avg:215.01ms
step:31/5100 lr:0.00032 train_loss:9.6865 train_time:4516ms step_avg:215.03ms
step:32/5100 lr:0.00033 train_loss:9.6987 train_time:4730ms step_avg:215.00ms
step:33/5100 lr:0.00034 train_loss:9.7535 train_time:4945ms step_avg:215.02ms
step:34/5100 lr:0.00035 train_loss:9.7006 train_time:5159ms step_avg:214.98ms
step:35/5100 lr:0.00035999999999999997 train_loss:9.7346 train_time:5374ms step_avg:214.96ms
step:36/5100 lr:0.00037 train_loss:9.5676 train_time:5588ms step_avg:214.94ms
step:37/5100 lr:0.00038 train_loss:9.6114 train_time:5803ms step_avg:214.93ms
step:38/5100 lr:0.00039000000000000005 train_loss:9.4307 train_time:6018ms step_avg:214.91ms
step:39/5100 lr:0.0004 train_loss:9.4628 train_time:6233ms step_avg:214.92ms
step:40/5100 lr:0.00041 train_loss:9.4153 train_time:6459ms step_avg:215.29ms
step:41/5100 lr:0.00042 train_loss:9.3756 train_time:6675ms step_avg:215.31ms
step:42/5100 lr:0.00043 train_loss:9.1190 train_time:6888ms step_avg:215.25ms
step:43/5100 lr:0.00044 train_loss:9.3354 train_time:7102ms step_avg:215.23ms
step:44/5100 lr:0.00045000000000000004 train_loss:9.2234 train_time:8391ms step_avg:246.78ms
step:45/5100 lr:0.00046 train_loss:9.2500 train_time:8604ms step_avg:245.84ms
step:46/5100 lr:0.00047 train_loss:9.0970 train_time:8819ms step_avg:244.96ms
step:47/5100 lr:0.00048 train_loss:9.0143 train_time:9033ms step_avg:244.14ms
step:48/5100 lr:0.00049 train_loss:9.1117 train_time:9248ms step_avg:243.36ms
step:49/5100 lr:0.0005 train_loss:8.9930 train_time:9465ms step_avg:242.68ms
step:50/5100 lr:0.00051 train_loss:9.0112 train_time:9679ms step_avg:241.98ms
step:51/5100 lr:0.0005200000000000001 train_loss:9.0156 train_time:9894ms step_avg:241.31ms
step:52/5100 lr:0.0005300000000000001 train_loss:8.9512 train_time:10108ms step_avg:240.67ms
step:53/5100 lr:0.00054 train_loss:8.7530 train_time:10325ms step_avg:240.11ms
step:54/5100 lr:0.00055 train_loss:8.7744 train_time:10539ms step_avg:239.53ms
step:55/5100 lr:0.0005600000000000001 train_loss:8.9162 train_time:10754ms step_avg:238.97ms
step:56/5100 lr:0.00057 train_loss:8.7783 train_time:10973ms step_avg:238.54ms
step:57/5100 lr:0.00058 train_loss:8.5921 train_time:11192ms step_avg:238.13ms
step:58/5100 lr:0.00059 train_loss:8.7914 train_time:11407ms step_avg:237.64ms
step:59/5100 lr:0.0006 train_loss:8.5931 train_time:11621ms step_avg:237.17ms
step:60/5100 lr:0.00061 train_loss:8.8273 train_time:11836ms step_avg:236.72ms
step:61/5100 lr:0.00062 train_loss:8.5701 train_time:12051ms step_avg:236.29ms
step:62/5100 lr:0.00063 train_loss:8.6540 train_time:12265ms step_avg:235.87ms
step:63/5100 lr:0.00064 train_loss:8.5234 train_time:12480ms step_avg:235.46ms
step:64/5100 lr:0.0006500000000000001 train_loss:9.3581 train_time:12694ms step_avg:235.07ms
step:65/5100 lr:0.00066 train_loss:8.3623 train_time:13845ms step_avg:251.73ms
step:66/5100 lr:0.00067 train_loss:8.5033 train_time:14060ms step_avg:251.07ms
step:67/5100 lr:0.00068 train_loss:8.3015 train_time:14289ms step_avg:250.69ms
step:68/5100 lr:0.00069 train_loss:8.6032 train_time:14504ms step_avg:250.06ms
step:69/5100 lr:0.0007 train_loss:8.1600 train_time:14718ms step_avg:249.45ms
step:70/5100 lr:0.00071 train_loss:8.2120 train_time:14932ms step_avg:248.87ms
step:71/5100 lr:0.0007199999999999999 train_loss:8.2386 train_time:15147ms step_avg:248.31ms
step:72/5100 lr:0.00073 train_loss:8.3340 train_time:15362ms step_avg:247.77ms
step:73/5100 lr:0.00074 train_loss:8.0498 train_time:15576ms step_avg:247.24ms
step:74/5100 lr:0.00075 train_loss:8.5297 train_time:15790ms step_avg:246.73ms
step:75/5100 lr:0.00076 train_loss:8.2187 train_time:16005ms step_avg:246.23ms
step:76/5100 lr:0.0007700000000000001 train_loss:8.1549 train_time:16220ms step_avg:245.75ms
step:77/5100 lr:0.0007800000000000001 train_loss:8.1288 train_time:16435ms step_avg:245.30ms
step:78/5100 lr:0.00079 train_loss:7.8085 train_time:16651ms step_avg:244.87ms
step:79/5100 lr:0.0008 train_loss:7.9623 train_time:16866ms step_avg:244.43ms
step:80/5100 lr:0.0008100000000000001 train_loss:8.0482 train_time:17080ms step_avg:244.01ms
step:81/5100 lr:0.00082 train_loss:7.7677 train_time:17295ms step_avg:243.60ms
step:82/5100 lr:0.00083 train_loss:7.9672 train_time:17510ms step_avg:243.19ms
step:83/5100 lr:0.00084 train_loss:7.8772 train_time:17724ms step_avg:242.79ms
step:84/5100 lr:0.00085 train_loss:7.6485 train_time:17938ms step_avg:242.41ms
step:85/5100 lr:0.00086 train_loss:7.6997 train_time:18153ms step_avg:242.03ms
step:86/5100 lr:0.00087 train_loss:7.8729 train_time:18367ms step_avg:241.67ms
step:87/5100 lr:0.00088 train_loss:7.7143 train_time:18581ms step_avg:241.32ms
step:88/5100 lr:0.0008900000000000001 train_loss:7.9867 train_time:18796ms step_avg:240.97ms
step:89/5100 lr:0.0009000000000000001 train_loss:7.7761 train_time:19010ms step_avg:240.64ms
step:90/5100 lr:0.00091 train_loss:7.7387 train_time:19225ms step_avg:240.31ms
step:91/5100 lr:0.00092 train_loss:7.7738 train_time:19439ms step_avg:239.99ms
step:92/5100 lr:0.00093 train_loss:7.9576 train_time:19654ms step_avg:239.69ms
step:93/5100 lr:0.00094 train_loss:7.6902 train_time:19869ms step_avg:239.38ms
step:94/5100 lr:0.00095 train_loss:7.6444 train_time:20083ms step_avg:239.09ms
step:95/5100 lr:0.00096 train_loss:7.5781 train_time:20297ms step_avg:238.79ms
step:96/5100 lr:0.0009699999999999999 train_loss:7.4968 train_time:20512ms step_avg:238.51ms
step:97/5100 lr:0.00098 train_loss:7.5043 train_time:20726ms step_avg:238.23ms
step:98/5100 lr:0.00099 train_loss:7.3919 train_time:20941ms step_avg:237.97ms
step:99/5100 lr:0.001 train_loss:7.4742 train_time:21155ms step_avg:237.70ms
step:100/5100 lr:0.001 train_loss:7.3061 train_time:21370ms step_avg:237.45ms
step:101/5100 lr:0.001 train_loss:7.5093 train_time:21585ms step_avg:237.20ms
step:102/5100 lr:0.001 train_loss:7.3792 train_time:21801ms step_avg:236.97ms
step:103/5100 lr:0.001 train_loss:7.2073 train_time:22016ms step_avg:236.73ms
step:104/5100 lr:0.001 train_loss:7.0970 train_time:22231ms step_avg:236.50ms
step:105/5100 lr:0.001 train_loss:7.3901 train_time:22449ms step_avg:236.31ms
step:106/5100 lr:0.001 train_loss:7.1579 train_time:22661ms step_avg:236.05ms
step:107/5100 lr:0.001 train_loss:7.2261 train_time:22879ms step_avg:235.87ms
step:108/5100 lr:0.001 train_loss:7.0763 train_time:23094ms step_avg:235.65ms
step:109/5100 lr:0.001 train_loss:7.2939 train_time:23308ms step_avg:235.43ms
step:110/5100 lr:0.001 train_loss:7.1339 train_time:23523ms step_avg:235.23ms
step:111/5100 lr:0.001 train_loss:7.1421 train_time:23737ms step_avg:235.02ms
step:112/5100 lr:0.001 train_loss:7.2006 train_time:23951ms step_avg:234.82ms
step:113/5100 lr:0.001 train_loss:7.1148 train_time:24166ms step_avg:234.62ms
step:114/5100 lr:0.001 train_loss:7.0429 train_time:24380ms step_avg:234.43ms
step:115/5100 lr:0.001 train_loss:7.1810 train_time:24595ms step_avg:234.23ms
step:116/5100 lr:0.001 train_loss:7.0493 train_time:24809ms step_avg:234.05ms
step:117/5100 lr:0.001 train_loss:6.9289 train_time:25023ms step_avg:233.86ms
step:118/5100 lr:0.001 train_loss:6.8409 train_time:25238ms step_avg:233.68ms
step:119/5100 lr:0.001 train_loss:6.8526 train_time:25453ms step_avg:233.51ms
step:120/5100 lr:0.001 train_loss:7.0185 train_time:25667ms step_avg:233.34ms
step:121/5100 lr:0.001 train_loss:6.8133 train_time:25881ms step_avg:233.16ms
step:122/5100 lr:0.001 train_loss:6.9837 train_time:26096ms step_avg:233.00ms
step:123/5100 lr:0.001 train_loss:6.7610 train_time:26311ms step_avg:232.84ms
step:124/5100 lr:0.001 train_loss:7.2689 train_time:26525ms step_avg:232.68ms
step:125/5100 lr:0.001 train_loss:6.8531 train_time:26740ms step_avg:232.52ms
step:125/5100 val_loss:6.8645 train_time:26750ms step_avg:232.61ms
step:126/5100 lr:0.001 train_loss:7.0150 train_time:30730ms step_avg:264.91ms
step:127/5100 lr:0.001 train_loss:6.9861 train_time:30945ms step_avg:264.49ms
step:128/5100 lr:0.001 train_loss:6.7397 train_time:31160ms step_avg:264.07ms
step:129/5100 lr:0.001 train_loss:7.2361 train_time:31375ms step_avg:263.65ms
step:130/5100 lr:0.001 train_loss:6.8268 train_time:31590ms step_avg:263.25ms
step:131/5100 lr:0.001 train_loss:6.7576 train_time:31816ms step_avg:262.94ms
step:132/5100 lr:0.001 train_loss:6.6527 train_time:32030ms step_avg:262.54ms
step:133/5100 lr:0.001 train_loss:6.7377 train_time:32245ms step_avg:262.15ms
step:134/5100 lr:0.001 train_loss:6.6293 train_time:32460ms step_avg:261.77ms
step:135/5100 lr:0.001 train_loss:6.6382 train_time:32674ms step_avg:261.40ms
step:136/5100 lr:0.001 train_loss:6.5501 train_time:33994ms step_avg:269.79ms
step:137/5100 lr:0.001 train_loss:6.5317 train_time:35345ms step_avg:278.31ms
step:138/5100 lr:0.001 train_loss:6.6557 train_time:35560ms step_avg:277.81ms
step:139/5100 lr:0.001 train_loss:6.5693 train_time:35775ms step_avg:277.32ms
step:140/5100 lr:0.001 train_loss:6.7123 train_time:35990ms step_avg:276.84ms
step:141/5100 lr:0.001 train_loss:6.5668 train_time:36205ms step_avg:276.37ms
step:142/5100 lr:0.001 train_loss:6.6738 train_time:36420ms step_avg:275.91ms
step:143/5100 lr:0.001 train_loss:6.6050 train_time:36634ms step_avg:275.45ms
step:144/5100 lr:0.001 train_loss:6.3997 train_time:36850ms step_avg:275.00ms
step:145/5100 lr:0.001 train_loss:6.2506 train_time:37064ms step_avg:274.55ms
step:146/5100 lr:0.001 train_loss:6.3985 train_time:37281ms step_avg:274.12ms
step:147/5100 lr:0.001 train_loss:6.4159 train_time:37497ms step_avg:273.70ms
step:148/5100 lr:0.001 train_loss:6.3851 train_time:37716ms step_avg:273.30ms
step:149/5100 lr:0.001 train_loss:6.9074 train_time:39155ms step_avg:281.69ms
step:150/5100 lr:0.001 train_loss:6.5174 train_time:39370ms step_avg:281.22ms
step:151/5100 lr:0.001 train_loss:6.4229 train_time:39586ms step_avg:280.75ms
step:152/5100 lr:0.001 train_loss:6.5555 train_time:39803ms step_avg:280.30ms
step:153/5100 lr:0.001 train_loss:6.3998 train_time:40018ms step_avg:279.84ms
step:154/5100 lr:0.001 train_loss:6.5949 train_time:40233ms step_avg:279.39ms
step:155/5100 lr:0.001 train_loss:6.2111 train_time:40448ms step_avg:278.95ms
step:156/5100 lr:0.001 train_loss:6.3529 train_time:40663ms step_avg:278.52ms
step:157/5100 lr:0.001 train_loss:6.4222 train_time:40878ms step_avg:278.08ms
step:158/5100 lr:0.001 train_loss:6.2646 train_time:41096ms step_avg:277.67ms
step:159/5100 lr:0.001 train_loss:6.2833 train_time:41356ms step_avg:277.56ms
step:160/5100 lr:0.001 train_loss:6.2705 train_time:41573ms step_avg:277.16ms
step:161/5100 lr:0.001 train_loss:6.3606 train_time:41789ms step_avg:276.75ms
step:162/5100 lr:0.001 train_loss:6.2991 train_time:42004ms step_avg:276.34ms
step:163/5100 lr:0.001 train_loss:6.2642 train_time:42219ms step_avg:275.94ms
step:164/5100 lr:0.001 train_loss:6.1415 train_time:42434ms step_avg:275.55ms
step:165/5100 lr:0.001 train_loss:6.0757 train_time:42649ms step_avg:275.16ms
step:166/5100 lr:0.001 train_loss:6.1648 train_time:42864ms step_avg:274.77ms
step:167/5100 lr:0.001 train_loss:6.0118 train_time:44242ms step_avg:281.79ms
step:168/5100 lr:0.001 train_loss:6.4530 train_time:44456ms step_avg:281.37ms
step:169/5100 lr:0.001 train_loss:6.0043 train_time:44671ms step_avg:280.95ms
step:170/5100 lr:0.001 train_loss:5.9385 train_time:44886ms step_avg:280.54ms
step:171/5100 lr:0.001 train_loss:6.1101 train_time:45101ms step_avg:280.13ms
step:172/5100 lr:0.001 train_loss:6.0934 train_time:45315ms step_avg:279.72ms
step:173/5100 lr:0.001 train_loss:6.2528 train_time:45531ms step_avg:279.33ms
step:174/5100 lr:0.001 train_loss:6.1965 train_time:45746ms step_avg:278.94ms
step:175/5100 lr:0.001 train_loss:6.2451 train_time:45961ms step_avg:278.55ms
step:176/5100 lr:0.001 train_loss:5.9295 train_time:46176ms step_avg:278.17ms
step:177/5100 lr:0.001 train_loss:5.8719 train_time:46391ms step_avg:277.79ms
step:178/5100 lr:0.001 train_loss:6.0864 train_time:46606ms step_avg:277.42ms
step:179/5100 lr:0.001 train_loss:5.9442 train_time:46821ms step_avg:277.05ms
step:180/5100 lr:0.001 train_loss:6.1699 train_time:47036ms step_avg:276.68ms
step:181/5100 lr:0.001 train_loss:5.9856 train_time:47252ms step_avg:276.32ms
step:182/5100 lr:0.001 train_loss:5.9827 train_time:47467ms step_avg:275.97ms
step:183/5100 lr:0.001 train_loss:5.9650 train_time:47683ms step_avg:275.62ms
step:184/5100 lr:0.001 train_loss:5.8781 train_time:47898ms step_avg:275.27ms
step:185/5100 lr:0.001 train_loss:6.1693 train_time:48113ms step_avg:274.93ms
step:186/5100 lr:0.001 train_loss:5.8671 train_time:48327ms step_avg:274.59ms
step:187/5100 lr:0.001 train_loss:6.5816 train_time:48545ms step_avg:274.27ms
step:188/5100 lr:0.001 train_loss:5.7410 train_time:48760ms step_avg:273.93ms
step:189/5100 lr:0.001 train_loss:5.7686 train_time:48978ms step_avg:273.62ms
step:190/5100 lr:0.001 train_loss:6.1504 train_time:49411ms step_avg:274.50ms
step:191/5100 lr:0.001 train_loss:6.0964 train_time:49830ms step_avg:275.31ms
step:192/5100 lr:0.001 train_loss:6.0489 train_time:50045ms step_avg:274.97ms
step:193/5100 lr:0.001 train_loss:5.8854 train_time:50260ms step_avg:274.64ms
step:194/5100 lr:0.001 train_loss:6.0074 train_time:50475ms step_avg:274.32ms
step:195/5100 lr:0.001 train_loss:5.7238 train_time:50690ms step_avg:274.00ms
step:196/5100 lr:0.001 train_loss:5.8823 train_time:50905ms step_avg:273.68ms
step:197/5100 lr:0.001 train_loss:5.9488 train_time:51119ms step_avg:273.37ms
step:198/5100 lr:0.001 train_loss:5.7088 train_time:51334ms step_avg:273.05ms
step:199/5100 lr:0.001 train_loss:5.6811 train_time:51549ms step_avg:272.75ms
step:200/5100 lr:0.001 train_loss:5.7776 train_time:51764ms step_avg:272.44ms
step:201/5100 lr:0.001 train_loss:7.0468 train_time:51979ms step_avg:272.14ms
step:202/5100 lr:0.001 train_loss:6.3265 train_time:52195ms step_avg:271.85ms
step:203/5100 lr:0.001 train_loss:5.6781 train_time:52410ms step_avg:271.55ms
step:204/5100 lr:0.001 train_loss:5.6847 train_time:52625ms step_avg:271.26ms
step:205/5100 lr:0.001 train_loss:5.5244 train_time:52839ms step_avg:270.97ms
step:206/5100 lr:0.001 train_loss:5.7582 train_time:53055ms step_avg:270.69ms
step:207/5100 lr:0.001 train_loss:5.7020 train_time:53269ms step_avg:270.40ms
step:208/5100 lr:0.001 train_loss:5.6748 train_time:53485ms step_avg:270.12ms
step:209/5100 lr:0.001 train_loss:5.9490 train_time:53699ms step_avg:269.84ms
step:210/5100 lr:0.001 train_loss:5.6159 train_time:53914ms step_avg:269.57ms
step:211/5100 lr:0.001 train_loss:5.6942 train_time:54128ms step_avg:269.29ms
step:212/5100 lr:0.001 train_loss:5.6160 train_time:54343ms step_avg:269.02ms
step:213/5100 lr:0.001 train_loss:5.6518 train_time:54557ms step_avg:268.75ms
step:214/5100 lr:0.001 train_loss:5.6006 train_time:54772ms step_avg:268.49ms
step:215/5100 lr:0.001 train_loss:5.6673 train_time:54986ms step_avg:268.23ms
step:216/5100 lr:0.001 train_loss:5.4529 train_time:55201ms step_avg:267.97ms
step:217/5100 lr:0.001 train_loss:5.7057 train_time:55416ms step_avg:267.71ms
step:218/5100 lr:0.001 train_loss:5.6998 train_time:55630ms step_avg:267.45ms
step:219/5100 lr:0.001 train_loss:5.2559 train_time:55845ms step_avg:267.20ms
step:220/5100 lr:0.001 train_loss:5.4839 train_time:56060ms step_avg:266.95ms
step:221/5100 lr:0.001 train_loss:5.8291 train_time:56274ms step_avg:266.70ms
step:222/5100 lr:0.001 train_loss:5.5696 train_time:56489ms step_avg:266.46ms
step:223/5100 lr:0.001 train_loss:5.7441 train_time:56704ms step_avg:266.22ms
step:224/5100 lr:0.001 train_loss:5.6534 train_time:56919ms step_avg:265.98ms
step:225/5100 lr:0.001 train_loss:5.5977 train_time:57142ms step_avg:265.78ms
step:226/5100 lr:0.001 train_loss:5.3206 train_time:57358ms step_avg:265.54ms
step:227/5100 lr:0.001 train_loss:5.4634 train_time:57572ms step_avg:265.31ms
step:228/5100 lr:0.001 train_loss:5.3725 train_time:57787ms step_avg:265.08ms
step:229/5100 lr:0.001 train_loss:5.4114 train_time:58005ms step_avg:264.86ms
step:230/5100 lr:0.001 train_loss:5.6227 train_time:58220ms step_avg:264.63ms
step:231/5100 lr:0.001 train_loss:5.5056 train_time:58434ms step_avg:264.41ms
step:232/5100 lr:0.001 train_loss:5.6110 train_time:58649ms step_avg:264.19ms
step:233/5100 lr:0.001 train_loss:5.4518 train_time:58864ms step_avg:263.96ms
step:234/5100 lr:0.001 train_loss:5.5963 train_time:59079ms step_avg:263.75ms
step:235/5100 lr:0.001 train_loss:5.8075 train_time:59294ms step_avg:263.53ms
step:236/5100 lr:0.001 train_loss:5.4449 train_time:59508ms step_avg:263.31ms
step:237/5100 lr:0.001 train_loss:5.7149 train_time:59727ms step_avg:263.12ms
step:238/5100 lr:0.001 train_loss:5.3753 train_time:59942ms step_avg:262.90ms
step:239/5100 lr:0.001 train_loss:5.3593 train_time:60157ms step_avg:262.69ms
step:240/5100 lr:0.001 train_loss:5.5728 train_time:60375ms step_avg:262.50ms
step:241/5100 lr:0.001 train_loss:5.7795 train_time:60590ms step_avg:262.30ms
step:242/5100 lr:0.001 train_loss:5.2780 train_time:60805ms step_avg:262.09ms
step:243/5100 lr:0.001 train_loss:5.8876 train_time:61020ms step_avg:261.89ms
step:244/5100 lr:0.001 train_loss:5.3982 train_time:61235ms step_avg:261.69ms
step:245/5100 lr:0.001 train_loss:5.3944 train_time:61450ms step_avg:261.49ms
step:246/5100 lr:0.001 train_loss:5.4719 train_time:61665ms step_avg:261.29ms
step:247/5100 lr:0.001 train_loss:5.3404 train_time:61880ms step_avg:261.10ms
step:248/5100 lr:0.001 train_loss:5.4298 train_time:62095ms step_avg:260.90ms
step:249/5100 lr:0.001 train_loss:5.2840 train_time:62310ms step_avg:260.71ms
step:250/5100 lr:0.001 train_loss:5.5814 train_time:62525ms step_avg:260.52ms
step:250/5100 val_loss:5.3984 train_time:62535ms step_avg:260.56ms
step:251/5100 lr:0.001 train_loss:5.3145 train_time:66518ms step_avg:276.01ms
step:252/5100 lr:0.001 train_loss:5.2406 train_time:66733ms step_avg:275.76ms
step:253/5100 lr:0.001 train_loss:5.1895 train_time:66950ms step_avg:275.52ms
step:254/5100 lr:0.001 train_loss:5.2332 train_time:67165ms step_avg:275.27ms
step:255/5100 lr:0.001 train_loss:5.3707 train_time:67380ms step_avg:275.02ms
step:256/5100 lr:0.001 train_loss:5.2140 train_time:67598ms step_avg:274.79ms
step:257/5100 lr:0.001 train_loss:5.3743 train_time:67812ms step_avg:274.54ms
step:258/5100 lr:0.001 train_loss:5.6923 train_time:68026ms step_avg:274.30ms
step:259/5100 lr:0.001 train_loss:5.0593 train_time:68245ms step_avg:274.08ms
step:260/5100 lr:0.001 train_loss:5.2436 train_time:68460ms step_avg:273.84ms
step:261/5100 lr:0.001 train_loss:5.2007 train_time:68675ms step_avg:273.61ms
step:262/5100 lr:0.001 train_loss:5.2397 train_time:68889ms step_avg:273.37ms
step:263/5100 lr:0.001 train_loss:5.4710 train_time:69104ms step_avg:273.14ms
step:264/5100 lr:0.001 train_loss:5.3514 train_time:69319ms step_avg:272.91ms
step:265/5100 lr:0.001 train_loss:6.0505 train_time:69534ms step_avg:272.68ms
step:266/5100 lr:0.001 train_loss:5.2532 train_time:69749ms step_avg:272.46ms
step:267/5100 lr:0.001 train_loss:5.6314 train_time:69963ms step_avg:272.23ms
step:268/5100 lr:0.001 train_loss:5.0567 train_time:70178ms step_avg:272.01ms
step:269/5100 lr:0.001 train_loss:4.9883 train_time:70393ms step_avg:271.79ms
step:270/5100 lr:0.001 train_loss:5.4540 train_time:70615ms step_avg:271.60ms
step:271/5100 lr:0.001 train_loss:5.3027 train_time:70829ms step_avg:271.38ms
step:272/5100 lr:0.001 train_loss:5.1926 train_time:71043ms step_avg:271.16ms
step:273/5100 lr:0.001 train_loss:5.0958 train_time:71257ms step_avg:270.94ms
step:274/5100 lr:0.001 train_loss:5.8029 train_time:71472ms step_avg:270.73ms
step:275/5100 lr:0.001 train_loss:4.9748 train_time:71686ms step_avg:270.51ms
step:276/5100 lr:0.001 train_loss:5.3436 train_time:71901ms step_avg:270.30ms
step:277/5100 lr:0.001 train_loss:5.4550 train_time:72116ms step_avg:270.10ms
step:278/5100 lr:0.001 train_loss:5.0008 train_time:72331ms step_avg:269.89ms
step:279/5100 lr:0.001 train_loss:5.4395 train_time:72545ms step_avg:269.68ms
step:280/5100 lr:0.001 train_loss:5.3013 train_time:72760ms step_avg:269.48ms
step:281/5100 lr:0.001 train_loss:5.0809 train_time:72974ms step_avg:269.28ms
step:282/5100 lr:0.001 train_loss:5.3763 train_time:73189ms step_avg:269.08ms
step:283/5100 lr:0.001 train_loss:5.4470 train_time:73403ms step_avg:268.88ms
step:284/5100 lr:0.001 train_loss:5.2206 train_time:73618ms step_avg:268.68ms
step:285/5100 lr:0.001 train_loss:5.0503 train_time:73832ms step_avg:268.48ms
step:286/5100 lr:0.001 train_loss:5.2086 train_time:74046ms step_avg:268.28ms
step:287/5100 lr:0.001 train_loss:5.0997 train_time:74264ms step_avg:268.10ms
step:288/5100 lr:0.001 train_loss:5.1301 train_time:74479ms step_avg:267.91ms
step:289/5100 lr:0.001 train_loss:5.2084 train_time:74694ms step_avg:267.72ms
step:290/5100 lr:0.001 train_loss:5.3444 train_time:74908ms step_avg:267.53ms
step:291/5100 lr:0.001 train_loss:5.1332 train_time:75123ms step_avg:267.34ms
step:292/5100 lr:0.001 train_loss:5.0162 train_time:75341ms step_avg:267.17ms
step:293/5100 lr:0.001 train_loss:5.1763 train_time:75556ms step_avg:266.98ms
step:294/5100 lr:0.001 train_loss:5.0335 train_time:75773ms step_avg:266.81ms
step:295/5100 lr:0.001 train_loss:4.9547 train_time:75991ms step_avg:266.64ms
step:296/5100 lr:0.001 train_loss:5.1486 train_time:76209ms step_avg:266.47ms
step:297/5100 lr:0.001 train_loss:5.0116 train_time:76428ms step_avg:266.30ms
step:298/5100 lr:0.001 train_loss:5.1644 train_time:76642ms step_avg:266.12ms
step:299/5100 lr:0.001 train_loss:4.8875 train_time:76857ms step_avg:265.94ms
step:300/5100 lr:0.001 train_loss:5.2697 train_time:77072ms step_avg:265.76ms
step:301/5100 lr:0.001 train_loss:5.0573 train_time:77286ms step_avg:265.59ms
step:302/5100 lr:0.001 train_loss:5.1446 train_time:77501ms step_avg:265.41ms
step:303/5100 lr:0.001 train_loss:4.9684 train_time:77715ms step_avg:265.24ms
step:304/5100 lr:0.001 train_loss:5.1719 train_time:77930ms step_avg:265.07ms
step:305/5100 lr:0.001 train_loss:5.1218 train_time:78144ms step_avg:264.90ms
step:306/5100 lr:0.001 train_loss:5.1272 train_time:78361ms step_avg:264.73ms
step:307/5100 lr:0.001 train_loss:5.1369 train_time:78575ms step_avg:264.56ms
step:308/5100 lr:0.001 train_loss:5.0101 train_time:78790ms step_avg:264.40ms
step:309/5100 lr:0.001 train_loss:5.3688 train_time:79004ms step_avg:264.23ms
step:310/5100 lr:0.001 train_loss:4.9653 train_time:79219ms step_avg:264.06ms
step:311/5100 lr:0.001 train_loss:5.1718 train_time:79433ms step_avg:263.90ms
step:312/5100 lr:0.001 train_loss:5.1235 train_time:79647ms step_avg:263.73ms
step:313/5100 lr:0.001 train_loss:4.9477 train_time:79862ms step_avg:263.57ms
step:314/5100 lr:0.001 train_loss:4.8176 train_time:80077ms step_avg:263.41ms
step:315/5100 lr:0.001 train_loss:5.0101 train_time:80292ms step_avg:263.25ms
step:316/5100 lr:0.001 train_loss:4.7415 train_time:80518ms step_avg:263.13ms
step:317/5100 lr:0.001 train_loss:5.1021 train_time:80733ms step_avg:262.97ms
step:318/5100 lr:0.001 train_loss:5.0849 train_time:80947ms step_avg:262.82ms
step:319/5100 lr:0.001 train_loss:4.9277 train_time:81162ms step_avg:262.66ms
step:320/5100 lr:0.001 train_loss:5.0032 train_time:81376ms step_avg:262.50ms
step:321/5100 lr:0.001 train_loss:4.8577 train_time:81591ms step_avg:262.35ms
step:322/5100 lr:0.001 train_loss:5.1584 train_time:81805ms step_avg:262.20ms
step:323/5100 lr:0.001 train_loss:5.0464 train_time:82019ms step_avg:262.04ms
step:324/5100 lr:0.001 train_loss:4.9294 train_time:82233ms step_avg:261.89ms
step:325/5100 lr:0.001 train_loss:4.9955 train_time:82448ms step_avg:261.74ms
step:326/5100 lr:0.001 train_loss:4.8697 train_time:82662ms step_avg:261.59ms
step:327/5100 lr:0.001 train_loss:4.9622 train_time:82876ms step_avg:261.44ms
step:328/5100 lr:0.001 train_loss:5.0131 train_time:83091ms step_avg:261.29ms
step:329/5100 lr:0.001 train_loss:5.0118 train_time:83305ms step_avg:261.14ms
step:330/5100 lr:0.001 train_loss:4.9566 train_time:83520ms step_avg:261.00ms
step:331/5100 lr:0.001 train_loss:4.9156 train_time:83734ms step_avg:260.85ms
step:332/5100 lr:0.001 train_loss:5.4022 train_time:83949ms step_avg:260.71ms
step:333/5100 lr:0.001 train_loss:4.8221 train_time:84164ms step_avg:260.57ms
step:334/5100 lr:0.001 train_loss:4.9376 train_time:84379ms step_avg:260.43ms
step:335/5100 lr:0.001 train_loss:4.8492 train_time:84593ms step_avg:260.29ms
step:336/5100 lr:0.001 train_loss:5.1652 train_time:84817ms step_avg:260.17ms
step:337/5100 lr:0.001 train_loss:4.8518 train_time:85032ms step_avg:260.04ms
step:338/5100 lr:0.001 train_loss:5.0478 train_time:85246ms step_avg:259.90ms
step:339/5100 lr:0.001 train_loss:4.9128 train_time:85461ms step_avg:259.76ms
step:340/5100 lr:0.001 train_loss:4.7214 train_time:85675ms step_avg:259.62ms
step:341/5100 lr:0.001 train_loss:4.5084 train_time:85890ms step_avg:259.49ms
step:342/5100 lr:0.001 train_loss:4.9195 train_time:86104ms step_avg:259.35ms
step:343/5100 lr:0.001 train_loss:5.0334 train_time:86319ms step_avg:259.22ms
step:344/5100 lr:0.001 train_loss:4.9709 train_time:86534ms step_avg:259.08ms
step:345/5100 lr:0.001 train_loss:4.9097 train_time:86748ms step_avg:258.95ms
step:346/5100 lr:0.001 train_loss:4.9559 train_time:86963ms step_avg:258.82ms
step:347/5100 lr:0.001 train_loss:4.9354 train_time:87177ms step_avg:258.69ms
step:348/5100 lr:0.001 train_loss:4.7890 train_time:87393ms step_avg:258.56ms
step:349/5100 lr:0.001 train_loss:4.9693 train_time:87608ms step_avg:258.43ms
step:350/5100 lr:0.001 train_loss:4.9290 train_time:87823ms step_avg:258.30ms
step:351/5100 lr:0.001 train_loss:4.8489 train_time:88039ms step_avg:258.18ms
step:352/5100 lr:0.001 train_loss:4.7837 train_time:88253ms step_avg:258.05ms
step:353/5100 lr:0.001 train_loss:4.9417 train_time:88468ms step_avg:257.92ms
step:354/5100 lr:0.001 train_loss:4.8072 train_time:88683ms step_avg:257.80ms
step:355/5100 lr:0.001 train_loss:4.7243 train_time:88898ms step_avg:257.67ms
step:356/5100 lr:0.001 train_loss:4.9832 train_time:89112ms step_avg:257.55ms
step:357/5100 lr:0.001 train_loss:4.7473 train_time:89335ms step_avg:257.45ms
step:358/5100 lr:0.001 train_loss:4.7733 train_time:89550ms step_avg:257.33ms
step:359/5100 lr:0.001 train_loss:4.6666 train_time:89808ms step_avg:257.33ms
step:360/5100 lr:0.001 train_loss:4.5380 train_time:90023ms step_avg:257.21ms
step:361/5100 lr:0.001 train_loss:5.3260 train_time:90237ms step_avg:257.09ms
step:362/5100 lr:0.001 train_loss:5.1732 train_time:90452ms step_avg:256.97ms
step:363/5100 lr:0.001 train_loss:4.9081 train_time:90666ms step_avg:256.84ms
step:364/5100 lr:0.001 train_loss:4.6768 train_time:90880ms step_avg:256.72ms
step:365/5100 lr:0.001 train_loss:4.7746 train_time:91094ms step_avg:256.60ms
step:366/5100 lr:0.001 train_loss:4.6852 train_time:91309ms step_avg:256.49ms
step:367/5100 lr:0.001 train_loss:4.9320 train_time:91523ms step_avg:256.37ms
step:368/5100 lr:0.001 train_loss:4.8458 train_time:91738ms step_avg:256.25ms
step:369/5100 lr:0.001 train_loss:4.9204 train_time:91952ms step_avg:256.13ms
step:370/5100 lr:0.001 train_loss:4.8126 train_time:92166ms step_avg:256.02ms
step:371/5100 lr:0.001 train_loss:4.4436 train_time:92381ms step_avg:255.90ms
step:372/5100 lr:0.001 train_loss:4.7942 train_time:92595ms step_avg:255.79ms
step:373/5100 lr:0.001 train_loss:4.8448 train_time:92810ms step_avg:255.67ms
step:374/5100 lr:0.001 train_loss:4.7329 train_time:93024ms step_avg:255.56ms
step:375/5100 lr:0.001 train_loss:4.7458 train_time:93239ms step_avg:255.45ms
step:375/5100 val_loss:4.8059 train_time:93249ms step_avg:255.48ms
step:376/5100 lr:0.001 train_loss:4.7108 train_time:97228ms step_avg:265.65ms
step:377/5100 lr:0.001 train_loss:4.7137 train_time:97442ms step_avg:265.51ms
step:378/5100 lr:0.001 train_loss:4.1787 train_time:97656ms step_avg:265.37ms
step:379/5100 lr:0.001 train_loss:4.4381 train_time:97871ms step_avg:265.23ms
step:380/5100 lr:0.001 train_loss:4.7107 train_time:98291ms step_avg:265.65ms
step:381/5100 lr:0.001 train_loss:4.8356 train_time:98709ms step_avg:266.06ms
step:382/5100 lr:0.001 train_loss:4.8985 train_time:98924ms step_avg:265.92ms
step:383/5100 lr:0.001 train_loss:4.7115 train_time:99138ms step_avg:265.79ms
step:384/5100 lr:0.001 train_loss:4.6848 train_time:99353ms step_avg:265.65ms
step:385/5100 lr:0.001 train_loss:4.6324 train_time:99569ms step_avg:265.52ms
step:386/5100 lr:0.001 train_loss:4.6260 train_time:99783ms step_avg:265.38ms
step:387/5100 lr:0.001 train_loss:4.8908 train_time:99998ms step_avg:265.25ms
step:388/5100 lr:0.001 train_loss:5.2572 train_time:100212ms step_avg:265.11ms
step:389/5100 lr:0.001 train_loss:4.7571 train_time:100427ms step_avg:264.98ms
step:390/5100 lr:0.001 train_loss:4.6647 train_time:100642ms step_avg:264.85ms
step:391/5100 lr:0.001 train_loss:4.6751 train_time:100856ms step_avg:264.71ms
step:392/5100 lr:0.001 train_loss:4.7805 train_time:101070ms step_avg:264.58ms
step:393/5100 lr:0.001 train_loss:4.9174 train_time:101285ms step_avg:264.45ms
step:394/5100 lr:0.001 train_loss:4.5776 train_time:101500ms step_avg:264.32ms
step:395/5100 lr:0.001 train_loss:4.5922 train_time:101717ms step_avg:264.20ms
step:396/5100 lr:0.001 train_loss:4.4719 train_time:101934ms step_avg:264.08ms
step:397/5100 lr:0.001 train_loss:4.7847 train_time:102149ms step_avg:263.95ms
step:398/5100 lr:0.001 train_loss:4.8682 train_time:102364ms step_avg:263.82ms
step:399/5100 lr:0.001 train_loss:4.8178 train_time:102578ms step_avg:263.70ms
step:400/5100 lr:0.001 train_loss:4.6976 train_time:102793ms step_avg:263.57ms
step:401/5100 lr:0.001 train_loss:5.0767 train_time:103007ms step_avg:263.45ms
step:402/5100 lr:0.001 train_loss:4.7622 train_time:103222ms step_avg:263.32ms
step:403/5100 lr:0.001 train_loss:4.9236 train_time:103436ms step_avg:263.20ms
step:404/5100 lr:0.001 train_loss:5.0270 train_time:103651ms step_avg:263.07ms
step:405/5100 lr:0.001 train_loss:4.6683 train_time:103866ms step_avg:262.95ms
step:406/5100 lr:0.001 train_loss:4.6645 train_time:104081ms step_avg:262.83ms
step:407/5100 lr:0.001 train_loss:4.8467 train_time:104295ms step_avg:262.71ms
step:408/5100 lr:0.001 train_loss:4.7482 train_time:104510ms step_avg:262.59ms
step:409/5100 lr:0.001 train_loss:4.5690 train_time:104726ms step_avg:262.47ms
step:410/5100 lr:0.001 train_loss:4.8401 train_time:104942ms step_avg:262.35ms
step:411/5100 lr:0.001 train_loss:4.6054 train_time:105157ms step_avg:262.24ms
step:412/5100 lr:0.001 train_loss:4.6610 train_time:105378ms step_avg:262.14ms
step:413/5100 lr:0.001 train_loss:5.1429 train_time:105593ms step_avg:262.02ms
step:414/5100 lr:0.001 train_loss:4.6082 train_time:105808ms step_avg:261.90ms
step:415/5100 lr:0.001 train_loss:4.6821 train_time:106022ms step_avg:261.78ms
step:416/5100 lr:0.001 train_loss:4.5335 train_time:106237ms step_avg:261.67ms
step:417/5100 lr:0.001 train_loss:4.7131 train_time:106451ms step_avg:261.55ms
step:418/5100 lr:0.001 train_loss:4.8206 train_time:106666ms step_avg:261.44ms
step:419/5100 lr:0.001 train_loss:4.5322 train_time:106887ms step_avg:261.34ms
step:420/5100 lr:0.001 train_loss:4.5974 train_time:107109ms step_avg:261.24ms
step:421/5100 lr:0.001 train_loss:4.5231 train_time:107323ms step_avg:261.13ms
step:422/5100 lr:0.001 train_loss:4.3742 train_time:107538ms step_avg:261.01ms
step:423/5100 lr:0.001 train_loss:4.5921 train_time:107752ms step_avg:260.90ms
step:424/5100 lr:0.001 train_loss:4.5497 train_time:107966ms step_avg:260.79ms
step:425/5100 lr:0.001 train_loss:4.6088 train_time:108181ms step_avg:260.68ms
step:426/5100 lr:0.001 train_loss:4.5667 train_time:108395ms step_avg:260.57ms
step:427/5100 lr:0.001 train_loss:4.5743 train_time:108610ms step_avg:260.46ms
step:428/5100 lr:0.001 train_loss:4.6099 train_time:108824ms step_avg:260.35ms
step:429/5100 lr:0.001 train_loss:4.6165 train_time:109039ms step_avg:260.24ms
step:430/5100 lr:0.001 train_loss:4.6046 train_time:109253ms step_avg:260.13ms
step:431/5100 lr:0.001 train_loss:4.6666 train_time:109468ms step_avg:260.02ms
step:432/5100 lr:0.001 train_loss:4.6686 train_time:109691ms step_avg:259.93ms
step:433/5100 lr:0.001 train_loss:4.5235 train_time:109907ms step_avg:259.83ms
step:434/5100 lr:0.001 train_loss:4.7048 train_time:110121ms step_avg:259.72ms
step:435/5100 lr:0.001 train_loss:4.6285 train_time:110336ms step_avg:259.61ms
step:436/5100 lr:0.001 train_loss:4.6963 train_time:110550ms step_avg:259.51ms
step:437/5100 lr:0.001 train_loss:4.4460 train_time:110765ms step_avg:259.40ms
step:438/5100 lr:0.001 train_loss:4.4634 train_time:110980ms step_avg:259.30ms
step:439/5100 lr:0.001 train_loss:4.6152 train_time:111203ms step_avg:259.21ms
step:440/5100 lr:0.001 train_loss:4.4187 train_time:111419ms step_avg:259.11ms
step:441/5100 lr:0.001 train_loss:4.8587 train_time:111633ms step_avg:259.01ms
step:442/5100 lr:0.001 train_loss:4.6005 train_time:111850ms step_avg:258.91ms
step:443/5100 lr:0.001 train_loss:4.5828 train_time:112068ms step_avg:258.82ms
step:444/5100 lr:0.001 train_loss:4.4221 train_time:112282ms step_avg:258.72ms
step:445/5100 lr:0.001 train_loss:4.5066 train_time:112497ms step_avg:258.61ms
step:446/5100 lr:0.001 train_loss:4.5068 train_time:112712ms step_avg:258.51ms
step:447/5100 lr:0.001 train_loss:4.5172 train_time:112926ms step_avg:258.41ms
step:448/5100 lr:0.001 train_loss:4.6358 train_time:113140ms step_avg:258.31ms
step:449/5100 lr:0.001 train_loss:4.5672 train_time:113355ms step_avg:258.21ms
step:450/5100 lr:0.001 train_loss:4.5805 train_time:113576ms step_avg:258.13ms
step:451/5100 lr:0.001 train_loss:4.6215 train_time:113791ms step_avg:258.03ms
step:452/5100 lr:0.001 train_loss:4.4730 train_time:114005ms step_avg:257.93ms
step:453/5100 lr:0.001 train_loss:4.3578 train_time:114221ms step_avg:257.83ms
step:454/5100 lr:0.001 train_loss:4.2884 train_time:114435ms step_avg:257.74ms
step:455/5100 lr:0.001 train_loss:4.3817 train_time:114649ms step_avg:257.64ms
step:456/5100 lr:0.001 train_loss:4.6649 train_time:114867ms step_avg:257.55ms
step:457/5100 lr:0.001 train_loss:4.5928 train_time:115081ms step_avg:257.45ms
step:458/5100 lr:0.001 train_loss:4.5533 train_time:115296ms step_avg:257.36ms
step:459/5100 lr:0.001 train_loss:4.6825 train_time:115511ms step_avg:257.26ms
step:460/5100 lr:0.001 train_loss:4.4461 train_time:115726ms step_avg:257.17ms
step:461/5100 lr:0.001 train_loss:4.5748 train_time:115940ms step_avg:257.07ms
step:462/5100 lr:0.001 train_loss:4.5387 train_time:116154ms step_avg:256.98ms
step:463/5100 lr:0.001 train_loss:4.5203 train_time:116369ms step_avg:256.89ms
step:464/5100 lr:0.001 train_loss:4.5839 train_time:116584ms step_avg:256.79ms
step:465/5100 lr:0.001 train_loss:4.4563 train_time:116798ms step_avg:256.70ms
step:466/5100 lr:0.001 train_loss:4.4726 train_time:117016ms step_avg:256.61ms
step:467/5100 lr:0.001 train_loss:4.6981 train_time:117231ms step_avg:256.52ms
step:468/5100 lr:0.001 train_loss:5.0457 train_time:117456ms step_avg:256.45ms
step:469/5100 lr:0.001 train_loss:4.4233 train_time:117671ms step_avg:256.36ms
step:470/5100 lr:0.001 train_loss:4.4725 train_time:117885ms step_avg:256.27ms
step:471/5100 lr:0.001 train_loss:4.5817 train_time:118100ms step_avg:256.18ms
step:472/5100 lr:0.001 train_loss:4.4920 train_time:118315ms step_avg:256.09ms
step:473/5100 lr:0.001 train_loss:4.5534 train_time:118529ms step_avg:256.00ms
step:474/5100 lr:0.001 train_loss:4.4454 train_time:118743ms step_avg:255.91ms
step:475/5100 lr:0.001 train_loss:4.2918 train_time:118957ms step_avg:255.82ms
step:476/5100 lr:0.001 train_loss:4.7368 train_time:119172ms step_avg:255.73ms
step:477/5100 lr:0.001 train_loss:4.4622 train_time:119386ms step_avg:255.64ms
step:478/5100 lr:0.001 train_loss:4.5306 train_time:119600ms step_avg:255.56ms
step:479/5100 lr:0.001 train_loss:4.5857 train_time:119815ms step_avg:255.47ms
step:480/5100 lr:0.001 train_loss:4.4990 train_time:120030ms step_avg:255.38ms
step:481/5100 lr:0.001 train_loss:4.5150 train_time:120244ms step_avg:255.30ms
step:482/5100 lr:0.001 train_loss:4.4930 train_time:120459ms step_avg:255.21ms
step:483/5100 lr:0.001 train_loss:4.2117 train_time:120673ms step_avg:255.12ms
step:484/5100 lr:0.001 train_loss:4.4332 train_time:120887ms step_avg:255.04ms
step:485/5100 lr:0.001 train_loss:4.5083 train_time:121102ms step_avg:254.95ms
step:486/5100 lr:0.001 train_loss:4.5459 train_time:121317ms step_avg:254.87ms
step:487/5100 lr:0.001 train_loss:4.3248 train_time:121532ms step_avg:254.78ms
step:488/5100 lr:0.001 train_loss:4.3859 train_time:121746ms step_avg:254.70ms
step:489/5100 lr:0.001 train_loss:4.4811 train_time:121963ms step_avg:254.62ms
step:490/5100 lr:0.001 train_loss:4.5774 train_time:122179ms step_avg:254.54ms
step:491/5100 lr:0.001 train_loss:4.5283 train_time:122395ms step_avg:254.46ms
step:492/5100 lr:0.001 train_loss:4.3326 train_time:122610ms step_avg:254.38ms
step:493/5100 lr:0.001 train_loss:4.8127 train_time:122828ms step_avg:254.30ms
step:494/5100 lr:0.001 train_loss:4.2849 train_time:123043ms step_avg:254.22ms
step:495/5100 lr:0.001 train_loss:4.4712 train_time:123257ms step_avg:254.14ms
step:496/5100 lr:0.001 train_loss:4.5662 train_time:123472ms step_avg:254.06ms
step:497/5100 lr:0.001 train_loss:4.3875 train_time:123686ms step_avg:253.98ms
step:498/5100 lr:0.001 train_loss:4.3734 train_time:123901ms step_avg:253.90ms
step:499/5100 lr:0.001 train_loss:4.5290 train_time:124116ms step_avg:253.82ms
step:500/5100 lr:0.001 train_loss:4.6331 train_time:124331ms step_avg:253.74ms
step:500/5100 val_loss:4.4595 train_time:124341ms step_avg:253.76ms
step:501/5100 lr:0.001 train_loss:4.5762 train_time:128763ms step_avg:262.25ms
step:502/5100 lr:0.001 train_loss:4.3514 train_time:128978ms step_avg:262.15ms
step:503/5100 lr:0.001 train_loss:4.5221 train_time:129192ms step_avg:262.05ms
step:504/5100 lr:0.001 train_loss:4.4411 train_time:129407ms step_avg:261.96ms
step:505/5100 lr:0.001 train_loss:4.5105 train_time:129621ms step_avg:261.86ms
step:506/5100 lr:0.001 train_loss:4.5031 train_time:129844ms step_avg:261.78ms
step:507/5100 lr:0.001 train_loss:4.3363 train_time:130058ms step_avg:261.69ms
step:508/5100 lr:0.001 train_loss:4.5427 train_time:130273ms step_avg:261.59ms
step:509/5100 lr:0.001 train_loss:4.7753 train_time:130487ms step_avg:261.50ms
step:510/5100 lr:0.001 train_loss:4.4294 train_time:130702ms step_avg:261.40ms
step:511/5100 lr:0.001 train_loss:4.4345 train_time:130917ms step_avg:261.31ms
step:512/5100 lr:0.001 train_loss:4.4118 train_time:131133ms step_avg:261.22ms
step:513/5100 lr:0.001 train_loss:4.4708 train_time:131349ms step_avg:261.13ms
step:514/5100 lr:0.001 train_loss:4.5606 train_time:131564ms step_avg:261.04ms
step:515/5100 lr:0.001 train_loss:4.4312 train_time:131779ms step_avg:260.95ms
step:516/5100 lr:0.001 train_loss:4.5871 train_time:131995ms step_avg:260.86ms
step:517/5100 lr:0.001 train_loss:4.6400 train_time:132210ms step_avg:260.77ms
step:518/5100 lr:0.001 train_loss:4.3175 train_time:132425ms step_avg:260.68ms
step:519/5100 lr:0.001 train_loss:4.6089 train_time:132639ms step_avg:260.59ms
step:520/5100 lr:0.001 train_loss:4.6643 train_time:132853ms step_avg:260.50ms
step:521/5100 lr:0.001 train_loss:4.5467 train_time:133068ms step_avg:260.41ms
step:522/5100 lr:0.001 train_loss:4.2830 train_time:133284ms step_avg:260.32ms
step:523/5100 lr:0.001 train_loss:4.3791 train_time:133499ms step_avg:260.23ms
step:524/5100 lr:0.001 train_loss:5.8280 train_time:133713ms step_avg:260.14ms
step:525/5100 lr:0.001 train_loss:4.3049 train_time:133927ms step_avg:260.05ms
step:526/5100 lr:0.001 train_loss:4.6166 train_time:134142ms step_avg:259.97ms
step:527/5100 lr:0.001 train_loss:4.2989 train_time:134357ms step_avg:259.88ms
step:528/5100 lr:0.001 train_loss:4.2015 train_time:134571ms step_avg:259.79ms
step:529/5100 lr:0.001 train_loss:4.4098 train_time:134785ms step_avg:259.70ms
step:530/5100 lr:0.001 train_loss:4.5908 train_time:135000ms step_avg:259.61ms
step:531/5100 lr:0.001 train_loss:4.3715 train_time:135214ms step_avg:259.53ms
step:532/5100 lr:0.001 train_loss:4.4860 train_time:135428ms step_avg:259.44ms
step:533/5100 lr:0.001 train_loss:4.5430 train_time:135642ms step_avg:259.35ms
step:534/5100 lr:0.001 train_loss:4.3303 train_time:135856ms step_avg:259.27ms
step:535/5100 lr:0.001 train_loss:4.3548 train_time:136071ms step_avg:259.18ms
step:536/5100 lr:0.001 train_loss:4.2441 train_time:136285ms step_avg:259.10ms
step:537/5100 lr:0.001 train_loss:4.3359 train_time:136500ms step_avg:259.01ms
step:538/5100 lr:0.001 train_loss:4.3764 train_time:136714ms step_avg:258.93ms
step:539/5100 lr:0.001 train_loss:4.3138 train_time:136928ms step_avg:258.84ms
step:540/5100 lr:0.001 train_loss:5.0868 train_time:137143ms step_avg:258.76ms
step:541/5100 lr:0.001 train_loss:4.3786 train_time:137357ms step_avg:258.68ms
step:542/5100 lr:0.001 train_loss:4.5944 train_time:137571ms step_avg:258.59ms
step:543/5100 lr:0.001 train_loss:4.2487 train_time:137786ms step_avg:258.51ms
step:544/5100 lr:0.001 train_loss:4.4688 train_time:138002ms step_avg:258.43ms
step:545/5100 lr:0.001 train_loss:4.5841 train_time:138216ms step_avg:258.35ms
step:546/5100 lr:0.001 train_loss:4.2790 train_time:138431ms step_avg:258.27ms
step:547/5100 lr:0.001 train_loss:4.5272 train_time:138647ms step_avg:258.19ms
step:548/5100 lr:0.001 train_loss:4.3965 train_time:138861ms step_avg:258.11ms
step:549/5100 lr:0.001 train_loss:4.4244 train_time:139075ms step_avg:258.02ms
step:550/5100 lr:0.001 train_loss:4.3625 train_time:139290ms step_avg:257.94ms
step:551/5100 lr:0.001 train_loss:4.3001 train_time:139507ms step_avg:257.87ms
step:552/5100 lr:0.001 train_loss:4.3393 train_time:139721ms step_avg:257.79ms
step:553/5100 lr:0.001 train_loss:4.3244 train_time:139935ms step_avg:257.71ms
step:554/5100 lr:0.001 train_loss:4.5894 train_time:140150ms step_avg:257.63ms
step:555/5100 lr:0.001 train_loss:4.3541 train_time:140365ms step_avg:257.55ms
step:556/5100 lr:0.001 train_loss:4.4453 train_time:140579ms step_avg:257.47ms
step:557/5100 lr:0.001 train_loss:4.3519 train_time:140794ms step_avg:257.39ms
step:558/5100 lr:0.001 train_loss:4.0233 train_time:141009ms step_avg:257.31ms
step:559/5100 lr:0.001 train_loss:4.3011 train_time:141225ms step_avg:257.24ms
step:560/5100 lr:0.001 train_loss:4.4311 train_time:141439ms step_avg:257.16ms
step:561/5100 lr:0.001 train_loss:4.4587 train_time:141654ms step_avg:257.09ms
step:562/5100 lr:0.001 train_loss:4.2520 train_time:141869ms step_avg:257.01ms
step:563/5100 lr:0.001 train_loss:4.2111 train_time:142084ms step_avg:256.93ms
step:564/5100 lr:0.001 train_loss:4.5367 train_time:142298ms step_avg:256.86ms
step:565/5100 lr:0.001 train_loss:4.1733 train_time:142513ms step_avg:256.78ms
step:566/5100 lr:0.001 train_loss:4.3779 train_time:142727ms step_avg:256.70ms
step:567/5100 lr:0.001 train_loss:4.3042 train_time:142942ms step_avg:256.63ms
step:568/5100 lr:0.001 train_loss:4.2682 train_time:143156ms step_avg:256.55ms
step:569/5100 lr:0.001 train_loss:4.1929 train_time:143370ms step_avg:256.48ms
step:570/5100 lr:0.001 train_loss:4.2557 train_time:143790ms step_avg:256.77ms
step:571/5100 lr:0.001 train_loss:4.3086 train_time:144005ms step_avg:256.69ms
step:572/5100 lr:0.001 train_loss:4.1657 train_time:144429ms step_avg:256.99ms
step:573/5100 lr:0.001 train_loss:4.1624 train_time:144644ms step_avg:256.92ms
step:574/5100 lr:0.001 train_loss:4.2328 train_time:144858ms step_avg:256.84ms
step:575/5100 lr:0.001 train_loss:4.6888 train_time:145073ms step_avg:256.77ms
step:576/5100 lr:0.001 train_loss:4.1892 train_time:145287ms step_avg:256.69ms
step:577/5100 lr:0.001 train_loss:4.2350 train_time:145501ms step_avg:256.62ms
step:578/5100 lr:0.001 train_loss:4.6164 train_time:145716ms step_avg:256.54ms
step:579/5100 lr:0.001 train_loss:4.2161 train_time:145930ms step_avg:256.47ms
step:580/5100 lr:0.001 train_loss:4.2489 train_time:146144ms step_avg:256.39ms
step:581/5100 lr:0.001 train_loss:4.5534 train_time:146359ms step_avg:256.32ms
step:582/5100 lr:0.001 train_loss:4.5495 train_time:146573ms step_avg:256.25ms
step:583/5100 lr:0.001 train_loss:4.5674 train_time:146788ms step_avg:256.17ms
step:584/5100 lr:0.001 train_loss:4.4682 train_time:147003ms step_avg:256.10ms
step:585/5100 lr:0.001 train_loss:4.3097 train_time:147217ms step_avg:256.03ms
step:586/5100 lr:0.001 train_loss:4.3050 train_time:147432ms step_avg:255.96ms
step:587/5100 lr:0.001 train_loss:4.3274 train_time:147646ms step_avg:255.89ms
step:588/5100 lr:0.001 train_loss:4.9715 train_time:147860ms step_avg:255.81ms
step:589/5100 lr:0.001 train_loss:4.0888 train_time:148075ms step_avg:255.74ms
step:590/5100 lr:0.001 train_loss:4.5261 train_time:148289ms step_avg:255.67ms
step:591/5100 lr:0.001 train_loss:4.5053 train_time:148504ms step_avg:255.60ms
step:592/5100 lr:0.001 train_loss:4.0929 train_time:148718ms step_avg:255.53ms
step:593/5100 lr:0.001 train_loss:4.2146 train_time:148935ms step_avg:255.46ms
step:594/5100 lr:0.001 train_loss:4.4891 train_time:149150ms step_avg:255.39ms
step:595/5100 lr:0.001 train_loss:4.2149 train_time:149365ms step_avg:255.32ms
step:596/5100 lr:0.001 train_loss:4.3645 train_time:149579ms step_avg:255.25ms
step:597/5100 lr:0.001 train_loss:4.3318 train_time:149795ms step_avg:255.19ms
step:598/5100 lr:0.001 train_loss:4.3201 train_time:150010ms step_avg:255.12ms
step:599/5100 lr:0.001 train_loss:4.2611 train_time:150224ms step_avg:255.05ms
step:600/5100 lr:0.001 train_loss:4.3674 train_time:150438ms step_avg:254.98ms
step:601/5100 lr:0.001 train_loss:4.2198 train_time:150656ms step_avg:254.92ms
step:602/5100 lr:0.001 train_loss:4.1320 train_time:150871ms step_avg:254.85ms
step:603/5100 lr:0.001 train_loss:4.2821 train_time:151085ms step_avg:254.78ms
step:604/5100 lr:0.001 train_loss:4.2916 train_time:151302ms step_avg:254.72ms
step:605/5100 lr:0.001 train_loss:4.3722 train_time:151516ms step_avg:254.65ms
step:606/5100 lr:0.001 train_loss:4.8164 train_time:151733ms step_avg:254.59ms
step:607/5100 lr:0.001 train_loss:4.6295 train_time:151948ms step_avg:254.52ms
step:608/5100 lr:0.001 train_loss:4.4337 train_time:152163ms step_avg:254.45ms
step:609/5100 lr:0.001 train_loss:4.3429 train_time:152382ms step_avg:254.39ms
step:610/5100 lr:0.001 train_loss:4.2986 train_time:152596ms step_avg:254.33ms
step:611/5100 lr:0.001 train_loss:4.2360 train_time:152811ms step_avg:254.26ms
step:612/5100 lr:0.001 train_loss:4.1667 train_time:153033ms step_avg:254.21ms
step:613/5100 lr:0.001 train_loss:4.3960 train_time:153248ms step_avg:254.14ms
step:614/5100 lr:0.001 train_loss:4.1575 train_time:153462ms step_avg:254.08ms
step:615/5100 lr:0.001 train_loss:4.2346 train_time:153676ms step_avg:254.01ms
step:616/5100 lr:0.001 train_loss:4.2228 train_time:153891ms step_avg:253.94ms
step:617/5100 lr:0.001 train_loss:4.4644 train_time:154105ms step_avg:253.88ms
step:618/5100 lr:0.001 train_loss:4.1855 train_time:154320ms step_avg:253.82ms
step:619/5100 lr:0.001 train_loss:4.2371 train_time:154535ms step_avg:253.75ms
step:620/5100 lr:0.001 train_loss:4.4793 train_time:154750ms step_avg:253.69ms
step:621/5100 lr:0.001 train_loss:4.2965 train_time:154964ms step_avg:253.62ms
step:622/5100 lr:0.001 train_loss:4.2403 train_time:155179ms step_avg:253.56ms
step:623/5100 lr:0.001 train_loss:4.2438 train_time:155394ms step_avg:253.50ms
step:624/5100 lr:0.001 train_loss:4.3992 train_time:155608ms step_avg:253.43ms
step:625/5100 lr:0.001 train_loss:4.3750 train_time:155823ms step_avg:253.37ms
step:625/5100 val_loss:4.2547 train_time:155833ms step_avg:253.39ms
step:626/5100 lr:0.001 train_loss:4.3333 train_time:160335ms step_avg:260.28ms
step:627/5100 lr:0.001 train_loss:4.3219 train_time:160549ms step_avg:260.21ms
step:628/5100 lr:0.001 train_loss:4.1297 train_time:160764ms step_avg:260.14ms
step:629/5100 lr:0.001 train_loss:4.3186 train_time:160981ms step_avg:260.07ms
step:630/5100 lr:0.001 train_loss:4.1319 train_time:161230ms step_avg:260.05ms
step:631/5100 lr:0.001 train_loss:4.2400 train_time:161445ms step_avg:259.98ms
step:632/5100 lr:0.001 train_loss:4.0891 train_time:161665ms step_avg:259.91ms
step:633/5100 lr:0.001 train_loss:4.2741 train_time:161879ms step_avg:259.84ms
step:634/5100 lr:0.001 train_loss:4.3343 train_time:162093ms step_avg:259.76ms
step:635/5100 lr:0.001 train_loss:4.2160 train_time:162308ms step_avg:259.69ms
step:636/5100 lr:0.001 train_loss:4.0709 train_time:162522ms step_avg:259.62ms
step:637/5100 lr:0.001 train_loss:4.2873 train_time:162737ms step_avg:259.55ms
step:638/5100 lr:0.001 train_loss:4.0346 train_time:162951ms step_avg:259.48ms
step:639/5100 lr:0.001 train_loss:4.1130 train_time:163166ms step_avg:259.41ms
step:640/5100 lr:0.001 train_loss:4.2019 train_time:163387ms step_avg:259.34ms
step:641/5100 lr:0.001 train_loss:4.2229 train_time:163601ms step_avg:259.27ms
step:642/5100 lr:0.001 train_loss:4.0634 train_time:163816ms step_avg:259.20ms
step:643/5100 lr:0.001 train_loss:4.6388 train_time:164030ms step_avg:259.13ms
step:644/5100 lr:0.001 train_loss:4.1733 train_time:164245ms step_avg:259.06ms
step:645/5100 lr:0.001 train_loss:4.1736 train_time:164459ms step_avg:258.99ms
step:646/5100 lr:0.001 train_loss:4.1428 train_time:164674ms step_avg:258.92ms
step:647/5100 lr:0.001 train_loss:4.0892 train_time:164888ms step_avg:258.85ms
step:648/5100 lr:0.001 train_loss:4.2349 train_time:165103ms step_avg:258.78ms
step:649/5100 lr:0.001 train_loss:4.6194 train_time:165317ms step_avg:258.71ms
step:650/5100 lr:0.001 train_loss:4.4095 train_time:165536ms step_avg:258.65ms
step:651/5100 lr:0.001 train_loss:4.1204 train_time:165751ms step_avg:258.58ms
step:652/5100 lr:0.001 train_loss:3.8976 train_time:165967ms step_avg:258.52ms
step:653/5100 lr:0.001 train_loss:4.2871 train_time:166181ms step_avg:258.45ms
step:654/5100 lr:0.001 train_loss:4.1840 train_time:166396ms step_avg:258.38ms
step:655/5100 lr:0.001 train_loss:4.3369 train_time:166610ms step_avg:258.31ms
step:656/5100 lr:0.001 train_loss:4.4808 train_time:166825ms step_avg:258.24ms
step:657/5100 lr:0.001 train_loss:4.4976 train_time:167040ms step_avg:258.18ms
step:658/5100 lr:0.001 train_loss:4.2171 train_time:167255ms step_avg:258.11ms
step:659/5100 lr:0.001 train_loss:4.1773 train_time:167470ms step_avg:258.04ms
step:660/5100 lr:0.001 train_loss:4.2572 train_time:167690ms step_avg:257.98ms
step:661/5100 lr:0.001 train_loss:4.3116 train_time:167918ms step_avg:257.94ms
step:662/5100 lr:0.001 train_loss:4.3824 train_time:168132ms step_avg:257.87ms
step:663/5100 lr:0.001 train_loss:4.1363 train_time:168349ms step_avg:257.81ms
step:664/5100 lr:0.001 train_loss:4.2521 train_time:168564ms step_avg:257.74ms
step:665/5100 lr:0.001 train_loss:4.2196 train_time:168778ms step_avg:257.68ms
step:666/5100 lr:0.001 train_loss:4.1426 train_time:168997ms step_avg:257.62ms
step:667/5100 lr:0.001 train_loss:4.2542 train_time:169211ms step_avg:257.55ms
step:668/5100 lr:0.001 train_loss:4.3433 train_time:169426ms step_avg:257.49ms
step:669/5100 lr:0.001 train_loss:4.2037 train_time:169641ms step_avg:257.42ms
step:670/5100 lr:0.001 train_loss:4.1984 train_time:169856ms step_avg:257.36ms
step:671/5100 lr:0.001 train_loss:4.3761 train_time:170070ms step_avg:257.29ms
step:672/5100 lr:0.001 train_loss:4.1493 train_time:170291ms step_avg:257.24ms
step:673/5100 lr:0.001 train_loss:4.0877 train_time:170505ms step_avg:257.17ms
step:674/5100 lr:0.001 train_loss:4.3667 train_time:170719ms step_avg:257.11ms
step:675/5100 lr:0.001 train_loss:4.3635 train_time:170934ms step_avg:257.04ms
step:676/5100 lr:0.001 train_loss:4.4214 train_time:171149ms step_avg:256.98ms
step:677/5100 lr:0.001 train_loss:4.1201 train_time:171363ms step_avg:256.92ms
step:678/5100 lr:0.001 train_loss:4.1685 train_time:171578ms step_avg:256.85ms
step:679/5100 lr:0.001 train_loss:4.1232 train_time:171792ms step_avg:256.79ms
step:680/5100 lr:0.001 train_loss:4.3066 train_time:172006ms step_avg:256.73ms
step:681/5100 lr:0.001 train_loss:4.2275 train_time:172220ms step_avg:256.66ms
step:682/5100 lr:0.001 train_loss:4.3917 train_time:172434ms step_avg:256.60ms
step:683/5100 lr:0.001 train_loss:4.1423 train_time:172649ms step_avg:256.54ms
step:684/5100 lr:0.001 train_loss:4.0985 train_time:172863ms step_avg:256.47ms
step:685/5100 lr:0.001 train_loss:4.4363 train_time:173077ms step_avg:256.41ms
step:686/5100 lr:0.001 train_loss:4.0865 train_time:173292ms step_avg:256.35ms
step:687/5100 lr:0.001 train_loss:4.3066 train_time:173506ms step_avg:256.29ms
step:688/5100 lr:0.001 train_loss:4.2475 train_time:173720ms step_avg:256.22ms
step:689/5100 lr:0.001 train_loss:4.1287 train_time:173938ms step_avg:256.17ms
step:690/5100 lr:0.001 train_loss:4.2132 train_time:174154ms step_avg:256.11ms
step:691/5100 lr:0.001 train_loss:4.2519 train_time:174369ms step_avg:256.05ms
step:692/5100 lr:0.001 train_loss:4.2628 train_time:174583ms step_avg:255.99ms
step:693/5100 lr:0.001 train_loss:4.3512 train_time:174798ms step_avg:255.93ms
step:694/5100 lr:0.001 train_loss:3.8683 train_time:175012ms step_avg:255.87ms
step:695/5100 lr:0.001 train_loss:4.1141 train_time:175227ms step_avg:255.81ms
step:696/5100 lr:0.001 train_loss:4.1772 train_time:175441ms step_avg:255.74ms
step:697/5100 lr:0.001 train_loss:3.9445 train_time:175655ms step_avg:255.68ms
step:698/5100 lr:0.001 train_loss:4.3438 train_time:175870ms step_avg:255.63ms
step:699/5100 lr:0.001 train_loss:4.2200 train_time:176093ms step_avg:255.58ms
step:700/5100 lr:0.001 train_loss:4.2659 train_time:176312ms step_avg:255.52ms
step:701/5100 lr:0.001 train_loss:4.1178 train_time:176526ms step_avg:255.46ms
step:702/5100 lr:0.001 train_loss:4.1332 train_time:176742ms step_avg:255.41ms
step:703/5100 lr:0.001 train_loss:3.5786 train_time:176957ms step_avg:255.35ms
step:704/5100 lr:0.001 train_loss:4.1718 train_time:177171ms step_avg:255.29ms
step:705/5100 lr:0.001 train_loss:4.1106 train_time:177386ms step_avg:255.23ms
step:706/5100 lr:0.001 train_loss:4.3205 train_time:177601ms step_avg:255.17ms
step:707/5100 lr:0.001 train_loss:4.1057 train_time:177815ms step_avg:255.12ms
step:708/5100 lr:0.001 train_loss:4.1432 train_time:178030ms step_avg:255.06ms
step:709/5100 lr:0.001 train_loss:4.1022 train_time:178245ms step_avg:255.00ms
step:710/5100 lr:0.001 train_loss:4.1369 train_time:178461ms step_avg:254.94ms
step:711/5100 lr:0.001 train_loss:4.3207 train_time:178676ms step_avg:254.89ms
step:712/5100 lr:0.001 train_loss:4.3281 train_time:178891ms step_avg:254.83ms
step:713/5100 lr:0.001 train_loss:4.1416 train_time:179107ms step_avg:254.78ms
step:714/5100 lr:0.001 train_loss:4.2260 train_time:179322ms step_avg:254.72ms
step:715/5100 lr:0.001 train_loss:4.2653 train_time:179536ms step_avg:254.66ms
step:716/5100 lr:0.001 train_loss:3.9332 train_time:179750ms step_avg:254.60ms
step:717/5100 lr:0.001 train_loss:4.4171 train_time:179965ms step_avg:254.55ms
step:718/5100 lr:0.001 train_loss:4.3247 train_time:180179ms step_avg:254.49ms
step:719/5100 lr:0.001 train_loss:4.1334 train_time:180401ms step_avg:254.44ms
step:720/5100 lr:0.001 train_loss:4.3123 train_time:180615ms step_avg:254.39ms
step:721/5100 lr:0.001 train_loss:4.2738 train_time:180830ms step_avg:254.33ms
step:722/5100 lr:0.001 train_loss:3.9601 train_time:181045ms step_avg:254.28ms
step:723/5100 lr:0.001 train_loss:4.4083 train_time:181259ms step_avg:254.22ms
step:724/5100 lr:0.001 train_loss:4.1344 train_time:181474ms step_avg:254.17ms
step:725/5100 lr:0.001 train_loss:4.1037 train_time:181688ms step_avg:254.11ms
step:726/5100 lr:0.001 train_loss:4.2804 train_time:181903ms step_avg:254.05ms
step:727/5100 lr:0.001 train_loss:4.1549 train_time:182117ms step_avg:254.00ms
step:728/5100 lr:0.001 train_loss:4.0977 train_time:182331ms step_avg:253.94ms
step:729/5100 lr:0.001 train_loss:4.0403 train_time:182546ms step_avg:253.89ms
step:730/5100 lr:0.001 train_loss:3.9369 train_time:182760ms step_avg:253.83ms
step:731/5100 lr:0.001 train_loss:4.1689 train_time:182975ms step_avg:253.78ms
step:732/5100 lr:0.001 train_loss:4.0481 train_time:183189ms step_avg:253.72ms
step:733/5100 lr:0.001 train_loss:4.1583 train_time:183403ms step_avg:253.67ms
step:734/5100 lr:0.001 train_loss:4.2728 train_time:183619ms step_avg:253.62ms
step:735/5100 lr:0.001 train_loss:3.9912 train_time:183833ms step_avg:253.56ms
step:736/5100 lr:0.001 train_loss:4.3152 train_time:184048ms step_avg:253.51ms
step:737/5100 lr:0.001 train_loss:4.0815 train_time:184262ms step_avg:253.46ms
step:738/5100 lr:0.001 train_loss:4.3122 train_time:184477ms step_avg:253.40ms
step:739/5100 lr:0.001 train_loss:4.2129 train_time:184692ms step_avg:253.35ms
step:740/5100 lr:0.001 train_loss:4.2526 train_time:184910ms step_avg:253.30ms
step:741/5100 lr:0.001 train_loss:4.2531 train_time:185125ms step_avg:253.25ms
step:742/5100 lr:0.001 train_loss:4.2024 train_time:185339ms step_avg:253.20ms
step:743/5100 lr:0.001 train_loss:4.2687 train_time:186224ms step_avg:254.06ms
step:744/5100 lr:0.001 train_loss:3.9937 train_time:186439ms step_avg:254.00ms
step:745/5100 lr:0.001 train_loss:4.3107 train_time:186655ms step_avg:253.95ms
step:746/5100 lr:0.001 train_loss:4.0986 train_time:186870ms step_avg:253.90ms
step:747/5100 lr:0.001 train_loss:4.0890 train_time:187088ms step_avg:253.85ms
step:748/5100 lr:0.001 train_loss:4.2653 train_time:187302ms step_avg:253.80ms
step:749/5100 lr:0.001 train_loss:4.1450 train_time:187517ms step_avg:253.74ms
step:750/5100 lr:0.001 train_loss:4.1549 train_time:187731ms step_avg:253.69ms
step:750/5100 val_loss:4.1260 train_time:187742ms step_avg:253.71ms
step:751/5100 lr:0.001 train_loss:4.1257 train_time:191754ms step_avg:258.78ms
step:752/5100 lr:0.001 train_loss:4.3488 train_time:191969ms step_avg:258.72ms
step:753/5100 lr:0.001 train_loss:4.0876 train_time:192184ms step_avg:258.66ms
step:754/5100 lr:0.001 train_loss:4.2019 train_time:192403ms step_avg:258.61ms
step:755/5100 lr:0.001 train_loss:4.2062 train_time:192618ms step_avg:258.55ms
step:756/5100 lr:0.001 train_loss:4.1518 train_time:192832ms step_avg:258.49ms
step:757/5100 lr:0.001 train_loss:4.2144 train_time:193047ms step_avg:258.43ms
step:758/5100 lr:0.001 train_loss:4.1237 train_time:193274ms step_avg:258.39ms
step:759/5100 lr:0.001 train_loss:4.1918 train_time:193488ms step_avg:258.33ms
step:760/5100 lr:0.001 train_loss:4.1862 train_time:193912ms step_avg:258.55ms
step:761/5100 lr:0.001 train_loss:4.1318 train_time:194127ms step_avg:258.49ms
step:762/5100 lr:0.001 train_loss:4.4757 train_time:194546ms step_avg:258.70ms
step:763/5100 lr:0.001 train_loss:3.9945 train_time:194761ms step_avg:258.65ms
step:764/5100 lr:0.001 train_loss:4.2670 train_time:194975ms step_avg:258.59ms
step:765/5100 lr:0.001 train_loss:4.0326 train_time:195190ms step_avg:258.53ms
step:766/5100 lr:0.001 train_loss:3.8847 train_time:195404ms step_avg:258.47ms
step:767/5100 lr:0.001 train_loss:4.3951 train_time:195619ms step_avg:258.41ms
step:768/5100 lr:0.001 train_loss:4.3270 train_time:195833ms step_avg:258.36ms
step:769/5100 lr:0.001 train_loss:4.1324 train_time:196052ms step_avg:258.30ms
step:770/5100 lr:0.001 train_loss:4.0929 train_time:196266ms step_avg:258.25ms
step:771/5100 lr:0.001 train_loss:4.2696 train_time:196481ms step_avg:258.19ms
step:772/5100 lr:0.001 train_loss:4.2498 train_time:196696ms step_avg:258.13ms
step:773/5100 lr:0.001 train_loss:4.5343 train_time:196910ms step_avg:258.07ms
step:774/5100 lr:0.001 train_loss:4.0384 train_time:197124ms step_avg:258.02ms
step:775/5100 lr:0.001 train_loss:4.1577 train_time:197339ms step_avg:257.96ms
step:776/5100 lr:0.001 train_loss:4.2423 train_time:197553ms step_avg:257.90ms
step:777/5100 lr:0.001 train_loss:4.1830 train_time:197767ms step_avg:257.84ms
step:778/5100 lr:0.001 train_loss:4.1964 train_time:197981ms step_avg:257.79ms
step:779/5100 lr:0.001 train_loss:4.0221 train_time:198196ms step_avg:257.73ms
step:780/5100 lr:0.001 train_loss:4.1250 train_time:198410ms step_avg:257.68ms
step:781/5100 lr:0.001 train_loss:4.0658 train_time:198624ms step_avg:257.62ms
step:782/5100 lr:0.001 train_loss:4.2236 train_time:198838ms step_avg:257.56ms
step:783/5100 lr:0.001 train_loss:4.2300 train_time:199052ms step_avg:257.51ms
step:784/5100 lr:0.001 train_loss:4.0867 train_time:199267ms step_avg:257.45ms
step:785/5100 lr:0.001 train_loss:4.1945 train_time:199482ms step_avg:257.40ms
step:786/5100 lr:0.001 train_loss:4.1305 train_time:199697ms step_avg:257.34ms
step:787/5100 lr:0.001 train_loss:3.9940 train_time:199911ms step_avg:257.29ms
step:788/5100 lr:0.001 train_loss:3.9887 train_time:200125ms step_avg:257.23ms
step:789/5100 lr:0.001 train_loss:4.4116 train_time:200340ms step_avg:257.18ms
step:790/5100 lr:0.001 train_loss:3.9751 train_time:200554ms step_avg:257.12ms
step:791/5100 lr:0.001 train_loss:4.1477 train_time:200769ms step_avg:257.07ms
step:792/5100 lr:0.001 train_loss:4.2013 train_time:200983ms step_avg:257.01ms
step:793/5100 lr:0.001 train_loss:4.1059 train_time:201198ms step_avg:256.96ms
step:794/5100 lr:0.001 train_loss:4.0793 train_time:201412ms step_avg:256.90ms
step:795/5100 lr:0.001 train_loss:3.9458 train_time:201626ms step_avg:256.85ms
step:796/5100 lr:0.001 train_loss:4.0964 train_time:201840ms step_avg:256.79ms
step:797/5100 lr:0.001 train_loss:4.1114 train_time:202054ms step_avg:256.74ms
step:798/5100 lr:0.001 train_loss:4.1300 train_time:202269ms step_avg:256.69ms
step:799/5100 lr:0.001 train_loss:4.0768 train_time:202487ms step_avg:256.64ms
step:800/5100 lr:0.001 train_loss:4.2339 train_time:202702ms step_avg:256.59ms
step:801/5100 lr:0.001 train_loss:4.1072 train_time:202917ms step_avg:256.53ms
step:802/5100 lr:0.001 train_loss:4.1454 train_time:203131ms step_avg:256.48ms
step:803/5100 lr:0.001 train_loss:4.1902 train_time:203346ms step_avg:256.43ms
step:804/5100 lr:0.001 train_loss:4.2374 train_time:203560ms step_avg:256.37ms
step:805/5100 lr:0.001 train_loss:4.2641 train_time:203774ms step_avg:256.32ms
step:806/5100 lr:0.001 train_loss:4.1530 train_time:203990ms step_avg:256.27ms
step:807/5100 lr:0.001 train_loss:4.0247 train_time:204204ms step_avg:256.22ms
step:808/5100 lr:0.001 train_loss:3.8996 train_time:204419ms step_avg:256.16ms
step:809/5100 lr:0.001 train_loss:4.1641 train_time:204633ms step_avg:256.11ms
step:810/5100 lr:0.001 train_loss:4.1474 train_time:204847ms step_avg:256.06ms
step:811/5100 lr:0.001 train_loss:4.0073 train_time:205062ms step_avg:256.01ms
step:812/5100 lr:0.001 train_loss:4.0851 train_time:205278ms step_avg:255.96ms
step:813/5100 lr:0.001 train_loss:4.2101 train_time:205493ms step_avg:255.91ms
step:814/5100 lr:0.001 train_loss:4.1694 train_time:205707ms step_avg:255.85ms
step:815/5100 lr:0.001 train_loss:4.1534 train_time:205922ms step_avg:255.80ms
step:816/5100 lr:0.001 train_loss:4.0923 train_time:206136ms step_avg:255.75ms
step:817/5100 lr:0.001 train_loss:4.0702 train_time:206350ms step_avg:255.70ms
step:818/5100 lr:0.001 train_loss:4.1443 train_time:206565ms step_avg:255.65ms
step:819/5100 lr:0.001 train_loss:4.5551 train_time:206779ms step_avg:255.60ms
step:820/5100 lr:0.001 train_loss:4.1117 train_time:206993ms step_avg:255.55ms
step:821/5100 lr:0.001 train_loss:4.3645 train_time:207208ms step_avg:255.50ms
step:822/5100 lr:0.001 train_loss:3.9653 train_time:207423ms step_avg:255.45ms
step:823/5100 lr:0.001 train_loss:4.0845 train_time:207638ms step_avg:255.40ms
step:824/5100 lr:0.001 train_loss:4.3345 train_time:207859ms step_avg:255.36ms
step:825/5100 lr:0.001 train_loss:4.0887 train_time:208074ms step_avg:255.31ms
step:826/5100 lr:0.001 train_loss:4.0146 train_time:208288ms step_avg:255.26ms
step:827/5100 lr:0.001 train_loss:4.1998 train_time:208502ms step_avg:255.20ms
step:828/5100 lr:0.001 train_loss:4.0521 train_time:208716ms step_avg:255.15ms
step:829/5100 lr:0.001 train_loss:4.5149 train_time:208931ms step_avg:255.10ms
step:830/5100 lr:0.001 train_loss:4.0650 train_time:209145ms step_avg:255.05ms
step:831/5100 lr:0.001 train_loss:4.2482 train_time:209366ms step_avg:255.01ms
step:832/5100 lr:0.001 train_loss:4.0356 train_time:209580ms step_avg:254.96ms
step:833/5100 lr:0.001 train_loss:4.0388 train_time:209795ms step_avg:254.91ms
step:834/5100 lr:0.001 train_loss:4.0092 train_time:210009ms step_avg:254.87ms
step:835/5100 lr:0.001 train_loss:4.1132 train_time:210223ms step_avg:254.82ms
step:836/5100 lr:0.001 train_loss:3.9649 train_time:210438ms step_avg:254.77ms
step:837/5100 lr:0.001 train_loss:3.9288 train_time:210652ms step_avg:254.72ms
step:838/5100 lr:0.001 train_loss:4.3052 train_time:210867ms step_avg:254.67ms
step:839/5100 lr:0.001 train_loss:4.0330 train_time:211081ms step_avg:254.62ms
step:840/5100 lr:0.001 train_loss:4.1278 train_time:211295ms step_avg:254.57ms
step:841/5100 lr:0.001 train_loss:4.0530 train_time:211509ms step_avg:254.52ms
step:842/5100 lr:0.001 train_loss:4.0759 train_time:211723ms step_avg:254.47ms
step:843/5100 lr:0.001 train_loss:4.2546 train_time:211937ms step_avg:254.43ms
step:844/5100 lr:0.001 train_loss:4.1343 train_time:212151ms step_avg:254.38ms
step:845/5100 lr:0.001 train_loss:4.0293 train_time:212365ms step_avg:254.33ms
step:846/5100 lr:0.001 train_loss:4.0702 train_time:212583ms step_avg:254.29ms
step:847/5100 lr:0.001 train_loss:4.1823 train_time:212798ms step_avg:254.24ms
step:848/5100 lr:0.001 train_loss:4.0260 train_time:213012ms step_avg:254.19ms
step:849/5100 lr:0.001 train_loss:3.9512 train_time:213226ms step_avg:254.14ms
step:850/5100 lr:0.001 train_loss:4.1384 train_time:213441ms step_avg:254.10ms
step:851/5100 lr:0.001 train_loss:4.0322 train_time:213655ms step_avg:254.05ms
step:852/5100 lr:0.001 train_loss:4.0993 train_time:213870ms step_avg:254.00ms
step:853/5100 lr:0.001 train_loss:4.1579 train_time:214084ms step_avg:253.95ms
step:854/5100 lr:0.001 train_loss:3.9587 train_time:214298ms step_avg:253.91ms
step:855/5100 lr:0.001 train_loss:4.0386 train_time:214513ms step_avg:253.86ms
step:856/5100 lr:0.001 train_loss:4.3161 train_time:214733ms step_avg:253.82ms
step:857/5100 lr:0.001 train_loss:4.0523 train_time:214947ms step_avg:253.78ms
step:858/5100 lr:0.001 train_loss:4.0385 train_time:215162ms step_avg:253.73ms
step:859/5100 lr:0.001 train_loss:4.1838 train_time:215376ms step_avg:253.68ms
step:860/5100 lr:0.001 train_loss:3.9461 train_time:215593ms step_avg:253.64ms
step:861/5100 lr:0.001 train_loss:4.1134 train_time:215807ms step_avg:253.59ms
step:862/5100 lr:0.001 train_loss:3.9776 train_time:216022ms step_avg:253.55ms
step:863/5100 lr:0.001 train_loss:4.1572 train_time:216236ms step_avg:253.50ms
step:864/5100 lr:0.001 train_loss:4.0467 train_time:216450ms step_avg:253.45ms
step:865/5100 lr:0.001 train_loss:4.0168 train_time:216664ms step_avg:253.41ms
step:866/5100 lr:0.001 train_loss:4.0395 train_time:216878ms step_avg:253.36ms
step:867/5100 lr:0.001 train_loss:4.1283 train_time:217093ms step_avg:253.32ms
step:868/5100 lr:0.001 train_loss:4.4966 train_time:217307ms step_avg:253.27ms
step:869/5100 lr:0.001 train_loss:3.9061 train_time:217521ms step_avg:253.23ms
step:870/5100 lr:0.001 train_loss:4.2187 train_time:217735ms step_avg:253.18ms
step:871/5100 lr:0.001 train_loss:4.0761 train_time:217950ms step_avg:253.14ms
step:872/5100 lr:0.001 train_loss:3.9954 train_time:218166ms step_avg:253.09ms
step:873/5100 lr:0.001 train_loss:3.8653 train_time:218387ms step_avg:253.06ms
step:874/5100 lr:0.001 train_loss:4.1638 train_time:218601ms step_avg:253.01ms
step:875/5100 lr:0.001 train_loss:3.9372 train_time:218815ms step_avg:252.97ms
step:875/5100 val_loss:4.0348 train_time:218825ms step_avg:252.98ms
step:876/5100 lr:0.001 train_loss:3.4622 train_time:223140ms step_avg:257.67ms
step:877/5100 lr:0.001 train_loss:4.1128 train_time:223355ms step_avg:257.62ms
step:878/5100 lr:0.001 train_loss:4.0967 train_time:223570ms step_avg:257.57ms
step:879/5100 lr:0.001 train_loss:4.0919 train_time:223785ms step_avg:257.52ms
step:880/5100 lr:0.001 train_loss:4.0764 train_time:223999ms step_avg:257.47ms
step:881/5100 lr:0.001 train_loss:4.0614 train_time:224213ms step_avg:257.42ms
step:882/5100 lr:0.001 train_loss:3.6332 train_time:224428ms step_avg:257.37ms
step:883/5100 lr:0.001 train_loss:4.1101 train_time:224642ms step_avg:257.32ms
step:884/5100 lr:0.001 train_loss:4.6643 train_time:224856ms step_avg:257.27ms
step:885/5100 lr:0.001 train_loss:4.4181 train_time:225076ms step_avg:257.23ms
step:886/5100 lr:0.001 train_loss:4.2017 train_time:225290ms step_avg:257.18ms
step:887/5100 lr:0.001 train_loss:4.1306 train_time:225505ms step_avg:257.13ms
step:888/5100 lr:0.001 train_loss:4.1505 train_time:225725ms step_avg:257.09ms
step:889/5100 lr:0.001 train_loss:4.9692 train_time:225940ms step_avg:257.04ms
step:890/5100 lr:0.001 train_loss:4.3817 train_time:226155ms step_avg:256.99ms
step:891/5100 lr:0.001 train_loss:3.9159 train_time:226369ms step_avg:256.95ms
step:892/5100 lr:0.001 train_loss:3.9510 train_time:226584ms step_avg:256.90ms
step:893/5100 lr:0.001 train_loss:3.9174 train_time:226798ms step_avg:256.85ms
step:894/5100 lr:0.001 train_loss:4.1880 train_time:227012ms step_avg:256.80ms
step:895/5100 lr:0.001 train_loss:3.8927 train_time:227227ms step_avg:256.75ms
step:896/5100 lr:0.001 train_loss:3.9190 train_time:227441ms step_avg:256.71ms
step:897/5100 lr:0.001 train_loss:4.0363 train_time:227656ms step_avg:256.66ms
step:898/5100 lr:0.001 train_loss:4.0660 train_time:227870ms step_avg:256.61ms
step:899/5100 lr:0.001 train_loss:4.0672 train_time:228084ms step_avg:256.56ms
step:900/5100 lr:0.001 train_loss:4.1969 train_time:228299ms step_avg:256.52ms
step:901/5100 lr:0.001 train_loss:3.9655 train_time:228513ms step_avg:256.47ms
step:902/5100 lr:0.001 train_loss:3.9462 train_time:228727ms step_avg:256.42ms
step:903/5100 lr:0.001 train_loss:4.0865 train_time:228942ms step_avg:256.37ms
step:904/5100 lr:0.001 train_loss:3.9961 train_time:229156ms step_avg:256.33ms
step:905/5100 lr:0.001 train_loss:4.0238 train_time:229371ms step_avg:256.28ms
step:906/5100 lr:0.001 train_loss:4.0798 train_time:229585ms step_avg:256.23ms
step:907/5100 lr:0.001 train_loss:4.0662 train_time:229800ms step_avg:256.19ms
step:908/5100 lr:0.001 train_loss:4.1259 train_time:230014ms step_avg:256.14ms
step:909/5100 lr:0.001 train_loss:4.0032 train_time:230229ms step_avg:256.09ms
step:910/5100 lr:0.001 train_loss:3.9683 train_time:230443ms step_avg:256.05ms
step:911/5100 lr:0.001 train_loss:4.0267 train_time:230658ms step_avg:256.00ms
step:912/5100 lr:0.001 train_loss:4.0647 train_time:230872ms step_avg:255.96ms
step:913/5100 lr:0.001 train_loss:4.1270 train_time:231089ms step_avg:255.91ms
step:914/5100 lr:0.001 train_loss:4.3976 train_time:231305ms step_avg:255.87ms
step:915/5100 lr:0.001 train_loss:3.8384 train_time:231526ms step_avg:255.83ms
step:916/5100 lr:0.001 train_loss:4.1793 train_time:231740ms step_avg:255.78ms
step:917/5100 lr:0.001 train_loss:4.2656 train_time:231955ms step_avg:255.74ms
step:918/5100 lr:0.001 train_loss:4.0856 train_time:232169ms step_avg:255.69ms
step:919/5100 lr:0.001 train_loss:4.1623 train_time:232385ms step_avg:255.65ms
step:920/5100 lr:0.001 train_loss:4.3777 train_time:232601ms step_avg:255.61ms
step:921/5100 lr:0.001 train_loss:4.0204 train_time:232815ms step_avg:255.56ms
step:922/5100 lr:0.001 train_loss:4.0023 train_time:233030ms step_avg:255.51ms
step:923/5100 lr:0.001 train_loss:4.0124 train_time:233244ms step_avg:255.47ms
step:924/5100 lr:0.001 train_loss:4.0765 train_time:233458ms step_avg:255.42ms
step:925/5100 lr:0.001 train_loss:4.1536 train_time:233675ms step_avg:255.38ms
step:926/5100 lr:0.001 train_loss:4.1966 train_time:233890ms step_avg:255.34ms
step:927/5100 lr:0.001 train_loss:4.1800 train_time:234104ms step_avg:255.29ms
step:928/5100 lr:0.001 train_loss:4.1345 train_time:234318ms step_avg:255.25ms
step:929/5100 lr:0.001 train_loss:4.1436 train_time:234532ms step_avg:255.20ms
step:930/5100 lr:0.001 train_loss:4.2956 train_time:234747ms step_avg:255.16ms
step:931/5100 lr:0.001 train_loss:3.9360 train_time:234961ms step_avg:255.12ms
step:932/5100 lr:0.001 train_loss:3.8001 train_time:235188ms step_avg:255.08ms
step:933/5100 lr:0.001 train_loss:4.0329 train_time:235402ms step_avg:255.04ms
step:934/5100 lr:0.001 train_loss:4.2208 train_time:235617ms step_avg:255.00ms
step:935/5100 lr:0.001 train_loss:3.9504 train_time:235831ms step_avg:254.95ms
step:936/5100 lr:0.001 train_loss:4.1288 train_time:236045ms step_avg:254.91ms
step:937/5100 lr:0.001 train_loss:3.8416 train_time:236260ms step_avg:254.86ms
step:938/5100 lr:0.001 train_loss:4.0271 train_time:236474ms step_avg:254.82ms
step:939/5100 lr:0.001 train_loss:4.0766 train_time:236688ms step_avg:254.78ms
step:940/5100 lr:0.001 train_loss:3.9245 train_time:236903ms step_avg:254.73ms
step:941/5100 lr:0.001 train_loss:4.2997 train_time:237117ms step_avg:254.69ms
step:942/5100 lr:0.001 train_loss:4.0221 train_time:237331ms step_avg:254.65ms
step:943/5100 lr:0.001 train_loss:4.0989 train_time:237546ms step_avg:254.60ms
step:944/5100 lr:0.001 train_loss:3.8878 train_time:237760ms step_avg:254.56ms
step:945/5100 lr:0.001 train_loss:4.1631 train_time:237974ms step_avg:254.52ms
step:946/5100 lr:0.001 train_loss:3.8087 train_time:238189ms step_avg:254.48ms
step:947/5100 lr:0.001 train_loss:3.9197 train_time:238403ms step_avg:254.43ms
step:948/5100 lr:0.001 train_loss:4.3793 train_time:238617ms step_avg:254.39ms
step:949/5100 lr:0.001 train_loss:4.3335 train_time:238831ms step_avg:254.35ms
step:950/5100 lr:0.001 train_loss:4.0242 train_time:239257ms step_avg:254.53ms
step:951/5100 lr:0.001 train_loss:4.0612 train_time:239472ms step_avg:254.49ms
step:952/5100 lr:0.001 train_loss:4.0216 train_time:239690ms step_avg:254.45ms
step:953/5100 lr:0.001 train_loss:4.2384 train_time:240107ms step_avg:254.62ms
step:954/5100 lr:0.001 train_loss:4.0920 train_time:240322ms step_avg:254.58ms
step:955/5100 lr:0.001 train_loss:3.7212 train_time:240537ms step_avg:254.54ms
step:956/5100 lr:0.001 train_loss:3.8681 train_time:240751ms step_avg:254.49ms
step:957/5100 lr:0.001 train_loss:3.9550 train_time:240965ms step_avg:254.45ms
step:958/5100 lr:0.001 train_loss:3.9701 train_time:241180ms step_avg:254.41ms
step:959/5100 lr:0.001 train_loss:3.8411 train_time:241395ms step_avg:254.37ms
step:960/5100 lr:0.001 train_loss:4.0896 train_time:241610ms step_avg:254.33ms
step:961/5100 lr:0.001 train_loss:4.1961 train_time:241824ms step_avg:254.28ms
step:962/5100 lr:0.001 train_loss:3.9724 train_time:242045ms step_avg:254.25ms
step:963/5100 lr:0.001 train_loss:3.9683 train_time:242260ms step_avg:254.21ms
step:964/5100 lr:0.001 train_loss:3.8937 train_time:242474ms step_avg:254.17ms
step:965/5100 lr:0.001 train_loss:4.0158 train_time:242689ms step_avg:254.12ms
step:966/5100 lr:0.001 train_loss:4.1907 train_time:242903ms step_avg:254.08ms
step:967/5100 lr:0.001 train_loss:4.1048 train_time:243118ms step_avg:254.04ms
step:968/5100 lr:0.001 train_loss:4.1692 train_time:243332ms step_avg:254.00ms
step:969/5100 lr:0.001 train_loss:4.0189 train_time:243547ms step_avg:253.96ms
step:970/5100 lr:0.001 train_loss:3.9550 train_time:243761ms step_avg:253.92ms
step:971/5100 lr:0.001 train_loss:3.9317 train_time:243975ms step_avg:253.88ms
step:972/5100 lr:0.001 train_loss:3.9331 train_time:244190ms step_avg:253.84ms
step:973/5100 lr:0.001 train_loss:3.8137 train_time:244404ms step_avg:253.79ms
step:974/5100 lr:0.001 train_loss:3.9624 train_time:244619ms step_avg:253.75ms
step:975/5100 lr:0.001 train_loss:3.8374 train_time:244833ms step_avg:253.71ms
step:976/5100 lr:0.001 train_loss:4.1201 train_time:245061ms step_avg:253.69ms
step:977/5100 lr:0.001 train_loss:4.3218 train_time:245288ms step_avg:253.66ms
step:978/5100 lr:0.001 train_loss:4.1161 train_time:245503ms step_avg:253.62ms
step:979/5100 lr:0.001 train_loss:3.9780 train_time:245717ms step_avg:253.58ms
step:980/5100 lr:0.001 train_loss:4.0404 train_time:245932ms step_avg:253.54ms
step:981/5100 lr:0.001 train_loss:3.9279 train_time:246146ms step_avg:253.50ms
step:982/5100 lr:0.001 train_loss:3.8687 train_time:246361ms step_avg:253.46ms
step:983/5100 lr:0.001 train_loss:3.9629 train_time:246575ms step_avg:253.42ms
step:984/5100 lr:0.001 train_loss:4.0816 train_time:246789ms step_avg:253.38ms
step:985/5100 lr:0.001 train_loss:4.1069 train_time:247003ms step_avg:253.34ms
step:986/5100 lr:0.001 train_loss:3.9752 train_time:247218ms step_avg:253.30ms
step:987/5100 lr:0.001 train_loss:3.9798 train_time:247432ms step_avg:253.26ms
step:988/5100 lr:0.001 train_loss:4.0654 train_time:247647ms step_avg:253.22ms
step:989/5100 lr:0.001 train_loss:4.0919 train_time:247861ms step_avg:253.18ms
step:990/5100 lr:0.001 train_loss:4.0218 train_time:248076ms step_avg:253.14ms
step:991/5100 lr:0.001 train_loss:3.9880 train_time:248290ms step_avg:253.10ms
step:992/5100 lr:0.001 train_loss:3.9262 train_time:248504ms step_avg:253.06ms
step:993/5100 lr:0.001 train_loss:3.8673 train_time:248719ms step_avg:253.02ms
step:994/5100 lr:0.001 train_loss:4.0349 train_time:248934ms step_avg:252.98ms
step:995/5100 lr:0.001 train_loss:3.9152 train_time:249148ms step_avg:252.94ms
step:996/5100 lr:0.001 train_loss:3.9541 train_time:249363ms step_avg:252.90ms
step:997/5100 lr:0.001 train_loss:4.0176 train_time:249578ms step_avg:252.87ms
step:998/5100 lr:0.001 train_loss:4.0361 train_time:249793ms step_avg:252.83ms
step:999/5100 lr:0.001 train_loss:4.2269 train_time:250008ms step_avg:252.79ms
step:1000/5100 lr:0.001 train_loss:3.9778 train_time:250223ms step_avg:252.75ms
step:1000/5100 val_loss:3.9605 train_time:250233ms step_avg:252.76ms
step:1001/5100 lr:0.001 train_loss:4.1521 train_time:254218ms step_avg:256.53ms
step:1002/5100 lr:0.001 train_loss:4.0479 train_time:254433ms step_avg:256.48ms
step:1003/5100 lr:0.001 train_loss:4.0415 train_time:254647ms step_avg:256.44ms
step:1004/5100 lr:0.001 train_loss:4.0597 train_time:254862ms step_avg:256.40ms
step:1005/5100 lr:0.001 train_loss:4.1195 train_time:255076ms step_avg:256.36ms
step:1006/5100 lr:0.001 train_loss:4.0415 train_time:255290ms step_avg:256.32ms
step:1007/5100 lr:0.001 train_loss:4.0270 train_time:255505ms step_avg:256.27ms
step:1008/5100 lr:0.001 train_loss:3.9735 train_time:255719ms step_avg:256.23ms
step:1009/5100 lr:0.001 train_loss:3.9595 train_time:255933ms step_avg:256.19ms
step:1010/5100 lr:0.001 train_loss:3.9901 train_time:256147ms step_avg:256.15ms
step:1011/5100 lr:0.001 train_loss:4.4304 train_time:256362ms step_avg:256.11ms
step:1012/5100 lr:0.001 train_loss:4.2865 train_time:256584ms step_avg:256.07ms
step:1013/5100 lr:0.001 train_loss:3.8701 train_time:256798ms step_avg:256.03ms
step:1014/5100 lr:0.001 train_loss:3.8332 train_time:257015ms step_avg:255.99ms
step:1015/5100 lr:0.001 train_loss:3.8953 train_time:257229ms step_avg:255.95ms
step:1016/5100 lr:0.001 train_loss:3.8259 train_time:257444ms step_avg:255.91ms
step:1017/5100 lr:0.001 train_loss:4.2114 train_time:257658ms step_avg:255.87ms
step:1018/5100 lr:0.001 train_loss:3.9908 train_time:257872ms step_avg:255.83ms
step:1019/5100 lr:0.001 train_loss:4.0373 train_time:258090ms step_avg:255.79ms
step:1020/5100 lr:0.001 train_loss:3.9526 train_time:258304ms step_avg:255.75ms
step:1021/5100 lr:0.001 train_loss:4.0247 train_time:258523ms step_avg:255.71ms
step:1022/5100 lr:0.001 train_loss:3.9678 train_time:258737ms step_avg:255.67ms
step:1023/5100 lr:0.001 train_loss:4.3560 train_time:258951ms step_avg:255.63ms
step:1024/5100 lr:0.001 train_loss:4.1944 train_time:259165ms step_avg:255.59ms
step:1025/5100 lr:0.001 train_loss:3.8668 train_time:259379ms step_avg:255.55ms
step:1026/5100 lr:0.001 train_loss:4.1776 train_time:259602ms step_avg:255.51ms
step:1027/5100 lr:0.001 train_loss:3.9842 train_time:259816ms step_avg:255.47ms
step:1028/5100 lr:0.001 train_loss:3.9162 train_time:260030ms step_avg:255.43ms
step:1029/5100 lr:0.001 train_loss:3.8896 train_time:260244ms step_avg:255.39ms
step:1030/5100 lr:0.001 train_loss:3.8075 train_time:260459ms step_avg:255.35ms
step:1031/5100 lr:0.001 train_loss:4.1822 train_time:260673ms step_avg:255.31ms
step:1032/5100 lr:0.001 train_loss:4.4130 train_time:260887ms step_avg:255.27ms
step:1033/5100 lr:0.001 train_loss:3.9319 train_time:261103ms step_avg:255.23ms
step:1034/5100 lr:0.001 train_loss:3.8824 train_time:261317ms step_avg:255.19ms
step:1035/5100 lr:0.001 train_loss:3.9734 train_time:261532ms step_avg:255.15ms
step:1036/5100 lr:0.001 train_loss:4.1706 train_time:261746ms step_avg:255.11ms
step:1037/5100 lr:0.001 train_loss:3.8083 train_time:261960ms step_avg:255.07ms
step:1038/5100 lr:0.001 train_loss:3.8133 train_time:262182ms step_avg:255.04ms
step:1039/5100 lr:0.001 train_loss:4.0949 train_time:262396ms step_avg:255.00ms
step:1040/5100 lr:0.001 train_loss:3.7779 train_time:262611ms step_avg:254.96ms
step:1041/5100 lr:0.001 train_loss:3.8881 train_time:262825ms step_avg:254.92ms
step:1042/5100 lr:0.001 train_loss:4.0069 train_time:263039ms step_avg:254.88ms
step:1043/5100 lr:0.001 train_loss:3.7959 train_time:263253ms step_avg:254.84ms
step:1044/5100 lr:0.001 train_loss:3.8699 train_time:263468ms step_avg:254.80ms
step:1045/5100 lr:0.001 train_loss:4.0365 train_time:263688ms step_avg:254.77ms
step:1046/5100 lr:0.001 train_loss:4.1992 train_time:263903ms step_avg:254.73ms
step:1047/5100 lr:0.001 train_loss:3.7567 train_time:264117ms step_avg:254.69ms
step:1048/5100 lr:0.001 train_loss:4.3580 train_time:264331ms step_avg:254.65ms
step:1049/5100 lr:0.001 train_loss:3.8342 train_time:264545ms step_avg:254.61ms
step:1050/5100 lr:0.001 train_loss:3.9177 train_time:264759ms step_avg:254.58ms
step:1051/5100 lr:0.001 train_loss:3.9118 train_time:264973ms step_avg:254.54ms
step:1052/5100 lr:0.001 train_loss:3.9079 train_time:265187ms step_avg:254.50ms
step:1053/5100 lr:0.001 train_loss:3.8796 train_time:265401ms step_avg:254.46ms
step:1054/5100 lr:0.001 train_loss:4.0317 train_time:265615ms step_avg:254.42ms
step:1055/5100 lr:0.001 train_loss:3.9960 train_time:265831ms step_avg:254.38ms
step:1056/5100 lr:0.001 train_loss:3.9827 train_time:266045ms step_avg:254.35ms
step:1057/5100 lr:0.001 train_loss:3.9926 train_time:266259ms step_avg:254.31ms
step:1058/5100 lr:0.001 train_loss:3.8659 train_time:266475ms step_avg:254.27ms
step:1059/5100 lr:0.001 train_loss:4.0402 train_time:266692ms step_avg:254.23ms
step:1060/5100 lr:0.001 train_loss:3.9906 train_time:266906ms step_avg:254.20ms
step:1061/5100 lr:0.001 train_loss:4.0520 train_time:267121ms step_avg:254.16ms
step:1062/5100 lr:0.001 train_loss:4.3143 train_time:267335ms step_avg:254.12ms
step:1063/5100 lr:0.001 train_loss:3.9235 train_time:267550ms step_avg:254.08ms
step:1064/5100 lr:0.001 train_loss:3.8092 train_time:267765ms step_avg:254.05ms
step:1065/5100 lr:0.001 train_loss:3.8697 train_time:267979ms step_avg:254.01ms
step:1066/5100 lr:0.001 train_loss:4.1464 train_time:268205ms step_avg:253.98ms
step:1067/5100 lr:0.001 train_loss:3.8639 train_time:268420ms step_avg:253.94ms
step:1068/5100 lr:0.001 train_loss:4.0458 train_time:268634ms step_avg:253.91ms
step:1069/5100 lr:0.001 train_loss:3.9173 train_time:268848ms step_avg:253.87ms
step:1070/5100 lr:0.001 train_loss:3.9235 train_time:269063ms step_avg:253.83ms
step:1071/5100 lr:0.001 train_loss:4.2038 train_time:269279ms step_avg:253.80ms
step:1072/5100 lr:0.001 train_loss:3.9792 train_time:269493ms step_avg:253.76ms
step:1073/5100 lr:0.001 train_loss:3.7453 train_time:269707ms step_avg:253.72ms
step:1074/5100 lr:0.001 train_loss:3.9812 train_time:269922ms step_avg:253.69ms
step:1075/5100 lr:0.001 train_loss:3.9944 train_time:270136ms step_avg:253.65ms
step:1076/5100 lr:0.001 train_loss:4.0654 train_time:270350ms step_avg:253.61ms
step:1077/5100 lr:0.001 train_loss:4.0270 train_time:270564ms step_avg:253.57ms
step:1078/5100 lr:0.001 train_loss:4.0867 train_time:270779ms step_avg:253.54ms
step:1079/5100 lr:0.001 train_loss:3.8887 train_time:271002ms step_avg:253.51ms
step:1080/5100 lr:0.001 train_loss:4.0088 train_time:271217ms step_avg:253.47ms
step:1081/5100 lr:0.001 train_loss:4.0424 train_time:271431ms step_avg:253.44ms
step:1082/5100 lr:0.001 train_loss:4.0910 train_time:271645ms step_avg:253.40ms
step:1083/5100 lr:0.001 train_loss:3.8914 train_time:271860ms step_avg:253.36ms
step:1084/5100 lr:0.001 train_loss:3.9172 train_time:272075ms step_avg:253.33ms
step:1085/5100 lr:0.001 train_loss:3.6707 train_time:272290ms step_avg:253.29ms
step:1086/5100 lr:0.001 train_loss:3.9988 train_time:272506ms step_avg:253.26ms
step:1087/5100 lr:0.001 train_loss:4.1021 train_time:272721ms step_avg:253.22ms
step:1088/5100 lr:0.001 train_loss:3.9045 train_time:272935ms step_avg:253.19ms
step:1089/5100 lr:0.001 train_loss:3.8621 train_time:273149ms step_avg:253.15ms
step:1090/5100 lr:0.001 train_loss:3.9665 train_time:273364ms step_avg:253.11ms
step:1091/5100 lr:0.001 train_loss:4.0443 train_time:273578ms step_avg:253.08ms
step:1092/5100 lr:0.001 train_loss:3.8500 train_time:273800ms step_avg:253.05ms
step:1093/5100 lr:0.001 train_loss:4.0086 train_time:274014ms step_avg:253.01ms
step:1094/5100 lr:0.001 train_loss:3.7950 train_time:274229ms step_avg:252.98ms
step:1095/5100 lr:0.001 train_loss:3.8588 train_time:274443ms step_avg:252.94ms
step:1096/5100 lr:0.001 train_loss:4.0559 train_time:274657ms step_avg:252.91ms
step:1097/5100 lr:0.001 train_loss:3.9618 train_time:274872ms step_avg:252.87ms
step:1098/5100 lr:0.001 train_loss:4.1457 train_time:275086ms step_avg:252.84ms
step:1099/5100 lr:0.001 train_loss:3.9977 train_time:275300ms step_avg:252.80ms
step:1100/5100 lr:0.001 train_loss:4.0665 train_time:275514ms step_avg:252.77ms
step:1101/5100 lr:0.001 train_loss:4.0662 train_time:275728ms step_avg:252.73ms
step:1102/5100 lr:0.001 train_loss:3.9480 train_time:275943ms step_avg:252.69ms
step:1103/5100 lr:0.001 train_loss:4.0815 train_time:276157ms step_avg:252.66ms
step:1104/5100 lr:0.001 train_loss:3.9953 train_time:276375ms step_avg:252.63ms
step:1105/5100 lr:0.001 train_loss:3.8721 train_time:276590ms step_avg:252.59ms
step:1106/5100 lr:0.001 train_loss:4.0418 train_time:276804ms step_avg:252.56ms
step:1107/5100 lr:0.001 train_loss:4.0523 train_time:277018ms step_avg:252.52ms
step:1108/5100 lr:0.001 train_loss:3.8969 train_time:277233ms step_avg:252.49ms
step:1109/5100 lr:0.001 train_loss:4.2009 train_time:277447ms step_avg:252.45ms
step:1110/5100 lr:0.001 train_loss:3.7751 train_time:277662ms step_avg:252.42ms
step:1111/5100 lr:0.001 train_loss:3.9891 train_time:277877ms step_avg:252.39ms
step:1112/5100 lr:0.001 train_loss:4.1622 train_time:278091ms step_avg:252.35ms
step:1113/5100 lr:0.001 train_loss:3.9265 train_time:278305ms step_avg:252.32ms
step:1114/5100 lr:0.001 train_loss:4.2217 train_time:278520ms step_avg:252.28ms
step:1115/5100 lr:0.001 train_loss:3.8130 train_time:278734ms step_avg:252.25ms
step:1116/5100 lr:0.001 train_loss:4.0092 train_time:278948ms step_avg:252.21ms
step:1117/5100 lr:0.001 train_loss:4.1403 train_time:279162ms step_avg:252.18ms
step:1118/5100 lr:0.001 train_loss:3.7085 train_time:279376ms step_avg:252.14ms
step:1119/5100 lr:0.001 train_loss:4.3199 train_time:279598ms step_avg:252.12ms
step:1120/5100 lr:0.001 train_loss:3.8430 train_time:279812ms step_avg:252.08ms
step:1121/5100 lr:0.001 train_loss:3.7930 train_time:280026ms step_avg:252.05ms
step:1122/5100 lr:0.001 train_loss:3.9184 train_time:280240ms step_avg:252.01ms
step:1123/5100 lr:0.001 train_loss:3.9543 train_time:280455ms step_avg:251.98ms
step:1124/5100 lr:0.001 train_loss:3.9742 train_time:280669ms step_avg:251.95ms
step:1125/5100 lr:0.001 train_loss:3.9911 train_time:280883ms step_avg:251.91ms
step:1125/5100 val_loss:3.9094 train_time:280893ms step_avg:251.92ms
step:1126/5100 lr:0.001 train_loss:4.1146 train_time:285176ms step_avg:255.53ms
step:1127/5100 lr:0.001 train_loss:3.8179 train_time:285390ms step_avg:255.50ms
step:1128/5100 lr:0.001 train_loss:4.1693 train_time:285606ms step_avg:255.46ms
step:1129/5100 lr:0.001 train_loss:3.7018 train_time:285821ms step_avg:255.43ms
step:1130/5100 lr:0.001 train_loss:3.8405 train_time:286036ms step_avg:255.39ms
step:1131/5100 lr:0.001 train_loss:3.9529 train_time:286259ms step_avg:255.36ms
step:1132/5100 lr:0.001 train_loss:3.9866 train_time:286473ms step_avg:255.32ms
step:1133/5100 lr:0.001 train_loss:4.1790 train_time:286688ms step_avg:255.29ms
step:1134/5100 lr:0.001 train_loss:4.1181 train_time:286903ms step_avg:255.25ms
step:1135/5100 lr:0.001 train_loss:3.8850 train_time:287118ms step_avg:255.22ms
step:1136/5100 lr:0.001 train_loss:3.7966 train_time:287332ms step_avg:255.18ms
step:1137/5100 lr:0.001 train_loss:4.1376 train_time:287547ms step_avg:255.14ms
step:1138/5100 lr:0.001 train_loss:4.0719 train_time:287761ms step_avg:255.11ms
step:1139/5100 lr:0.001 train_loss:3.9219 train_time:287976ms step_avg:255.07ms
step:1140/5100 lr:0.001 train_loss:4.0477 train_time:288397ms step_avg:255.22ms
step:1141/5100 lr:0.001 train_loss:4.0868 train_time:288612ms step_avg:255.18ms
step:1142/5100 lr:0.001 train_loss:3.9457 train_time:288826ms step_avg:255.15ms
step:1143/5100 lr:0.001 train_loss:3.8937 train_time:289245ms step_avg:255.29ms
step:1144/5100 lr:0.001 train_loss:4.1027 train_time:289459ms step_avg:255.25ms
step:1145/5100 lr:0.001 train_loss:3.9965 train_time:289673ms step_avg:255.22ms
step:1146/5100 lr:0.001 train_loss:4.0057 train_time:289888ms step_avg:255.18ms
step:1147/5100 lr:0.001 train_loss:3.9084 train_time:290102ms step_avg:255.15ms
step:1148/5100 lr:0.001 train_loss:3.9746 train_time:290316ms step_avg:255.11ms
step:1149/5100 lr:0.001 train_loss:4.2014 train_time:290531ms step_avg:255.08ms
step:1150/5100 lr:0.001 train_loss:3.9911 train_time:290754ms step_avg:255.05ms
step:1151/5100 lr:0.001 train_loss:4.0081 train_time:290968ms step_avg:255.01ms
step:1152/5100 lr:0.001 train_loss:3.8609 train_time:291183ms step_avg:254.98ms
step:1153/5100 lr:0.001 train_loss:3.7875 train_time:291397ms step_avg:254.94ms
step:1154/5100 lr:0.001 train_loss:3.8974 train_time:291611ms step_avg:254.91ms
step:1155/5100 lr:0.001 train_loss:4.3548 train_time:291826ms step_avg:254.87ms
step:1156/5100 lr:0.001 train_loss:4.1025 train_time:292040ms step_avg:254.83ms
step:1157/5100 lr:0.001 train_loss:4.0355 train_time:292254ms step_avg:254.80ms
step:1158/5100 lr:0.001 train_loss:3.9559 train_time:292469ms step_avg:254.76ms
step:1159/5100 lr:0.001 train_loss:4.1568 train_time:292683ms step_avg:254.73ms
step:1160/5100 lr:0.001 train_loss:4.0883 train_time:292898ms step_avg:254.69ms
step:1161/5100 lr:0.001 train_loss:3.8195 train_time:293112ms step_avg:254.66ms
step:1162/5100 lr:0.001 train_loss:3.8513 train_time:293327ms step_avg:254.62ms
step:1163/5100 lr:0.001 train_loss:3.8018 train_time:293544ms step_avg:254.59ms
step:1164/5100 lr:0.001 train_loss:3.7394 train_time:293758ms step_avg:254.56ms
step:1165/5100 lr:0.001 train_loss:3.9148 train_time:293973ms step_avg:254.52ms
step:1166/5100 lr:0.001 train_loss:3.9602 train_time:294188ms step_avg:254.49ms
step:1167/5100 lr:0.001 train_loss:3.9137 train_time:294402ms step_avg:254.45ms
step:1168/5100 lr:0.001 train_loss:3.8457 train_time:294617ms step_avg:254.42ms
step:1169/5100 lr:0.001 train_loss:3.9237 train_time:294832ms step_avg:254.38ms
step:1170/5100 lr:0.001 train_loss:3.8415 train_time:295054ms step_avg:254.36ms
step:1171/5100 lr:0.001 train_loss:4.0597 train_time:295269ms step_avg:254.32ms
step:1172/5100 lr:0.001 train_loss:3.8175 train_time:295483ms step_avg:254.29ms
step:1173/5100 lr:0.001 train_loss:3.9261 train_time:295698ms step_avg:254.25ms
step:1174/5100 lr:0.001 train_loss:3.8902 train_time:295913ms step_avg:254.22ms
step:1175/5100 lr:0.001 train_loss:3.9132 train_time:296127ms step_avg:254.19ms
step:1176/5100 lr:0.001 train_loss:4.1579 train_time:296342ms step_avg:254.15ms
step:1177/5100 lr:0.001 train_loss:3.6894 train_time:296556ms step_avg:254.12ms
step:1178/5100 lr:0.001 train_loss:3.9681 train_time:296771ms step_avg:254.08ms
step:1179/5100 lr:0.001 train_loss:4.0086 train_time:296986ms step_avg:254.05ms
step:1180/5100 lr:0.001 train_loss:3.8026 train_time:297200ms step_avg:254.02ms
step:1181/5100 lr:0.001 train_loss:3.9969 train_time:297415ms step_avg:253.98ms
step:1182/5100 lr:0.001 train_loss:3.9576 train_time:297629ms step_avg:253.95ms
step:1183/5100 lr:0.001 train_loss:4.0122 train_time:297843ms step_avg:253.92ms
step:1184/5100 lr:0.001 train_loss:3.6102 train_time:298057ms step_avg:253.88ms
step:1185/5100 lr:0.001 train_loss:3.9718 train_time:298271ms step_avg:253.85ms
step:1186/5100 lr:0.001 train_loss:3.8379 train_time:298485ms step_avg:253.81ms
step:1187/5100 lr:0.001 train_loss:4.2705 train_time:298700ms step_avg:253.78ms
step:1188/5100 lr:0.001 train_loss:4.1557 train_time:298914ms step_avg:253.75ms
step:1189/5100 lr:0.001 train_loss:3.8957 train_time:299132ms step_avg:253.72ms
step:1190/5100 lr:0.001 train_loss:3.8251 train_time:299346ms step_avg:253.68ms
step:1191/5100 lr:0.001 train_loss:3.9926 train_time:299568ms step_avg:253.66ms
step:1192/5100 lr:0.001 train_loss:3.7723 train_time:299782ms step_avg:253.62ms
step:1193/5100 lr:0.001 train_loss:4.0572 train_time:299997ms step_avg:253.59ms
step:1194/5100 lr:0.001 train_loss:4.2646 train_time:300212ms step_avg:253.56ms
step:1195/5100 lr:0.001 train_loss:3.9034 train_time:300426ms step_avg:253.52ms
step:1196/5100 lr:0.001 train_loss:3.8594 train_time:300640ms step_avg:253.49ms
step:1197/5100 lr:0.001 train_loss:4.1459 train_time:300863ms step_avg:253.46ms
step:1198/5100 lr:0.001 train_loss:3.8986 train_time:301077ms step_avg:253.43ms
step:1199/5100 lr:0.001 train_loss:3.7715 train_time:301292ms step_avg:253.40ms
step:1200/5100 lr:0.001 train_loss:3.7650 train_time:301506ms step_avg:253.37ms
step:1201/5100 lr:0.001 train_loss:3.7140 train_time:302035ms step_avg:253.60ms
step:1202/5100 lr:0.001 train_loss:3.8725 train_time:302530ms step_avg:253.80ms
step:1203/5100 lr:0.001 train_loss:3.9307 train_time:303025ms step_avg:254.00ms
step:1204/5100 lr:0.001 train_loss:4.0895 train_time:303527ms step_avg:254.21ms
step:1205/5100 lr:0.001 train_loss:3.9875 train_time:304025ms step_avg:254.41ms
step:1206/5100 lr:0.001 train_loss:3.9349 train_time:304521ms step_avg:254.62ms
step:1207/5100 lr:0.001 train_loss:3.8210 train_time:305018ms step_avg:254.82ms
step:1208/5100 lr:0.001 train_loss:3.8336 train_time:305515ms step_avg:255.02ms
step:1209/5100 lr:0.001 train_loss:3.9560 train_time:306010ms step_avg:255.22ms
step:1210/5100 lr:0.001 train_loss:4.0258 train_time:306506ms step_avg:255.42ms
step:1211/5100 lr:0.001 train_loss:3.7790 train_time:307001ms step_avg:255.62ms
step:1212/5100 lr:0.001 train_loss:3.6663 train_time:307497ms step_avg:255.82ms
step:1213/5100 lr:0.001 train_loss:3.6137 train_time:307993ms step_avg:256.02ms
step:1214/5100 lr:0.001 train_loss:3.9079 train_time:308488ms step_avg:256.22ms
step:1215/5100 lr:0.001 train_loss:3.9821 train_time:308983ms step_avg:256.42ms
step:1216/5100 lr:0.001 train_loss:3.8411 train_time:309478ms step_avg:256.62ms
step:1217/5100 lr:0.001 train_loss:3.7370 train_time:309975ms step_avg:256.81ms
step:1218/5100 lr:0.001 train_loss:4.0569 train_time:310470ms step_avg:257.01ms
step:1219/5100 lr:0.001 train_loss:3.7484 train_time:310965ms step_avg:257.21ms
step:1220/5100 lr:0.001 train_loss:3.8564 train_time:311460ms step_avg:257.41ms
step:1221/5100 lr:0.001 train_loss:3.8670 train_time:311955ms step_avg:257.60ms
step:1222/5100 lr:0.001 train_loss:3.8952 train_time:312451ms step_avg:257.80ms
step:1223/5100 lr:0.001 train_loss:3.8398 train_time:312946ms step_avg:257.99ms
step:1224/5100 lr:0.001 train_loss:4.0636 train_time:313441ms step_avg:258.19ms
step:1225/5100 lr:0.001 train_loss:3.8165 train_time:313937ms step_avg:258.38ms
step:1226/5100 lr:0.001 train_loss:3.7006 train_time:314432ms step_avg:258.58ms
step:1227/5100 lr:0.001 train_loss:3.6509 train_time:314931ms step_avg:258.78ms
step:1228/5100 lr:0.001 train_loss:3.7500 train_time:315425ms step_avg:258.97ms
step:1229/5100 lr:0.001 train_loss:3.7280 train_time:315920ms step_avg:259.16ms
step:1230/5100 lr:0.001 train_loss:3.7718 train_time:316415ms step_avg:259.36ms
step:1231/5100 lr:0.001 train_loss:3.8505 train_time:316909ms step_avg:259.55ms
step:1232/5100 lr:0.001 train_loss:3.7871 train_time:317405ms step_avg:259.74ms
step:1233/5100 lr:0.001 train_loss:4.0491 train_time:317900ms step_avg:259.93ms
step:1234/5100 lr:0.001 train_loss:4.1014 train_time:318395ms step_avg:260.13ms
step:1235/5100 lr:0.001 train_loss:4.0174 train_time:318891ms step_avg:260.32ms
step:1236/5100 lr:0.001 train_loss:3.9117 train_time:319387ms step_avg:260.51ms
step:1237/5100 lr:0.001 train_loss:4.0753 train_time:319881ms step_avg:260.70ms
step:1238/5100 lr:0.001 train_loss:3.8034 train_time:320376ms step_avg:260.89ms
step:1239/5100 lr:0.001 train_loss:3.7289 train_time:320871ms step_avg:261.08ms
step:1240/5100 lr:0.001 train_loss:3.6496 train_time:321366ms step_avg:261.27ms
step:1241/5100 lr:0.001 train_loss:3.7006 train_time:321862ms step_avg:261.46ms
step:1242/5100 lr:0.001 train_loss:3.7339 train_time:322356ms step_avg:261.65ms
step:1243/5100 lr:0.001 train_loss:3.6687 train_time:322852ms step_avg:261.84ms
step:1244/5100 lr:0.001 train_loss:3.8968 train_time:323347ms step_avg:262.03ms
step:1245/5100 lr:0.001 train_loss:3.7448 train_time:323843ms step_avg:262.22ms
step:1246/5100 lr:0.001 train_loss:3.8338 train_time:324344ms step_avg:262.41ms
step:1247/5100 lr:0.001 train_loss:3.9121 train_time:324839ms step_avg:262.60ms
step:1248/5100 lr:0.001 train_loss:3.6417 train_time:325337ms step_avg:262.79ms
step:1249/5100 lr:0.001 train_loss:3.7481 train_time:325831ms step_avg:262.98ms
step:1250/5100 lr:0.001 train_loss:3.8660 train_time:326326ms step_avg:263.17ms
step:1250/5100 val_loss:3.7930 train_time:326337ms step_avg:263.17ms
step:1251/5100 lr:0.001 train_loss:3.9999 train_time:330538ms step_avg:266.35ms
step:1252/5100 lr:0.001 train_loss:3.8734 train_time:331033ms step_avg:266.53ms
step:1253/5100 lr:0.001 train_loss:3.7478 train_time:331527ms step_avg:266.72ms
step:1254/5100 lr:0.001 train_loss:3.8239 train_time:332023ms step_avg:266.90ms
step:1255/5100 lr:0.001 train_loss:3.7988 train_time:332520ms step_avg:267.08ms
step:1256/5100 lr:0.001 train_loss:3.8045 train_time:333015ms step_avg:267.27ms
step:1257/5100 lr:0.001 train_loss:3.9957 train_time:333508ms step_avg:267.45ms
step:1258/5100 lr:0.001 train_loss:3.8685 train_time:334005ms step_avg:267.63ms
step:1259/5100 lr:0.001 train_loss:3.8919 train_time:334501ms step_avg:267.81ms
step:1260/5100 lr:0.001 train_loss:3.8615 train_time:334995ms step_avg:268.00ms
step:1261/5100 lr:0.001 train_loss:3.7859 train_time:335490ms step_avg:268.18ms
step:1262/5100 lr:0.001 train_loss:3.7642 train_time:335986ms step_avg:268.36ms
step:1263/5100 lr:0.001 train_loss:3.6294 train_time:336481ms step_avg:268.54ms
step:1264/5100 lr:0.001 train_loss:3.5423 train_time:336975ms step_avg:268.72ms
step:1265/5100 lr:0.001 train_loss:3.9393 train_time:337473ms step_avg:268.90ms
step:1266/5100 lr:0.001 train_loss:3.5831 train_time:337968ms step_avg:269.08ms
step:1267/5100 lr:0.001 train_loss:3.9459 train_time:338462ms step_avg:269.26ms
step:1268/5100 lr:0.001 train_loss:3.8320 train_time:338956ms step_avg:269.44ms
step:1269/5100 lr:0.001 train_loss:3.8265 train_time:339451ms step_avg:269.62ms
step:1270/5100 lr:0.001 train_loss:3.9130 train_time:339946ms step_avg:269.80ms
step:1271/5100 lr:0.001 train_loss:3.7217 train_time:340441ms step_avg:269.98ms
step:1272/5100 lr:0.001 train_loss:3.7526 train_time:340935ms step_avg:270.15ms
step:1273/5100 lr:0.001 train_loss:3.6769 train_time:341429ms step_avg:270.33ms
step:1274/5100 lr:0.001 train_loss:3.6764 train_time:341923ms step_avg:270.51ms
step:1275/5100 lr:0.001 train_loss:3.7074 train_time:342417ms step_avg:270.69ms
step:1276/5100 lr:0.001 train_loss:3.7673 train_time:342911ms step_avg:270.86ms
step:1277/5100 lr:0.001 train_loss:3.7407 train_time:343412ms step_avg:271.04ms
step:1278/5100 lr:0.001 train_loss:3.8930 train_time:343906ms step_avg:271.22ms
step:1279/5100 lr:0.001 train_loss:3.8816 train_time:344401ms step_avg:271.40ms
step:1280/5100 lr:0.001 train_loss:3.8583 train_time:344897ms step_avg:271.57ms
step:1281/5100 lr:0.001 train_loss:3.7503 train_time:345391ms step_avg:271.75ms
step:1282/5100 lr:0.001 train_loss:3.5592 train_time:345887ms step_avg:271.92ms
step:1283/5100 lr:0.001 train_loss:3.6574 train_time:346381ms step_avg:272.10ms
step:1284/5100 lr:0.001 train_loss:3.8835 train_time:346875ms step_avg:272.27ms
step:1285/5100 lr:0.001 train_loss:3.7843 train_time:347370ms step_avg:272.45ms
step:1286/5100 lr:0.001 train_loss:3.8843 train_time:347866ms step_avg:272.62ms
step:1287/5100 lr:0.001 train_loss:3.8378 train_time:348360ms step_avg:272.80ms
step:1288/5100 lr:0.001 train_loss:3.7848 train_time:349486ms step_avg:273.46ms
step:1289/5100 lr:0.001 train_loss:3.6454 train_time:349979ms step_avg:273.63ms
step:1290/5100 lr:0.001 train_loss:3.7022 train_time:350473ms step_avg:273.81ms
step:1291/5100 lr:0.001 train_loss:3.6929 train_time:350968ms step_avg:273.98ms
step:1292/5100 lr:0.001 train_loss:3.6617 train_time:351467ms step_avg:274.16ms
step:1293/5100 lr:0.001 train_loss:3.7774 train_time:351964ms step_avg:274.33ms
step:1294/5100 lr:0.001 train_loss:3.8219 train_time:352458ms step_avg:274.50ms
step:1295/5100 lr:0.001 train_loss:3.8453 train_time:352952ms step_avg:274.67ms
step:1296/5100 lr:0.001 train_loss:3.8653 train_time:353447ms step_avg:274.84ms
step:1297/5100 lr:0.001 train_loss:3.5374 train_time:353941ms step_avg:275.01ms
step:1298/5100 lr:0.001 train_loss:3.6572 train_time:354435ms step_avg:275.18ms
step:1299/5100 lr:0.001 train_loss:3.8564 train_time:354930ms step_avg:275.35ms
step:1300/5100 lr:0.001 train_loss:3.5870 train_time:355424ms step_avg:275.52ms
step:1301/5100 lr:0.001 train_loss:3.8639 train_time:355919ms step_avg:275.69ms
step:1302/5100 lr:0.001 train_loss:3.7778 train_time:356413ms step_avg:275.86ms
step:1303/5100 lr:0.001 train_loss:3.9135 train_time:356908ms step_avg:276.03ms
step:1304/5100 lr:0.001 train_loss:3.8734 train_time:357403ms step_avg:276.20ms
step:1305/5100 lr:0.001 train_loss:3.9959 train_time:357898ms step_avg:276.37ms
step:1306/5100 lr:0.001 train_loss:3.6814 train_time:358392ms step_avg:276.54ms
step:1307/5100 lr:0.001 train_loss:4.1540 train_time:358887ms step_avg:276.71ms
step:1308/5100 lr:0.001 train_loss:3.7375 train_time:359382ms step_avg:276.87ms
step:1309/5100 lr:0.001 train_loss:3.9061 train_time:359877ms step_avg:277.04ms
step:1310/5100 lr:0.001 train_loss:4.0785 train_time:360372ms step_avg:277.21ms
step:1311/5100 lr:0.001 train_loss:3.6963 train_time:360867ms step_avg:277.38ms
step:1312/5100 lr:0.001 train_loss:3.6161 train_time:361361ms step_avg:277.54ms
step:1313/5100 lr:0.001 train_loss:3.8024 train_time:361856ms step_avg:277.71ms
step:1314/5100 lr:0.001 train_loss:3.7460 train_time:362351ms step_avg:277.88ms
step:1315/5100 lr:0.001 train_loss:3.7596 train_time:362846ms step_avg:278.04ms
step:1316/5100 lr:0.001 train_loss:3.8388 train_time:363340ms step_avg:278.21ms
step:1317/5100 lr:0.001 train_loss:3.4776 train_time:363834ms step_avg:278.37ms
step:1318/5100 lr:0.001 train_loss:3.6710 train_time:364328ms step_avg:278.54ms
step:1319/5100 lr:0.001 train_loss:3.7649 train_time:364822ms step_avg:278.70ms
step:1320/5100 lr:0.001 train_loss:3.8638 train_time:365317ms step_avg:278.87ms
step:1321/5100 lr:0.001 train_loss:3.5109 train_time:365812ms step_avg:279.03ms
step:1322/5100 lr:0.001 train_loss:3.7241 train_time:366307ms step_avg:279.20ms
step:1323/5100 lr:0.001 train_loss:3.8897 train_time:366802ms step_avg:279.36ms
step:1324/5100 lr:0.001 train_loss:3.8390 train_time:367297ms step_avg:279.53ms
step:1325/5100 lr:0.001 train_loss:3.7383 train_time:367792ms step_avg:279.69ms
step:1326/5100 lr:0.001 train_loss:3.7677 train_time:368287ms step_avg:279.85ms
step:1327/5100 lr:0.001 train_loss:4.0043 train_time:368782ms step_avg:280.02ms
step:1328/5100 lr:0.001 train_loss:4.0571 train_time:369277ms step_avg:280.18ms
step:1329/5100 lr:0.001 train_loss:3.7981 train_time:369771ms step_avg:280.34ms
step:1330/5100 lr:0.001 train_loss:3.6143 train_time:370475ms step_avg:280.66ms
step:1331/5100 lr:0.001 train_loss:4.0048 train_time:370972ms step_avg:280.83ms
step:1332/5100 lr:0.001 train_loss:3.7844 train_time:371467ms step_avg:280.99ms
step:1333/5100 lr:0.001 train_loss:3.9886 train_time:371961ms step_avg:281.15ms
step:1334/5100 lr:0.001 train_loss:3.6500 train_time:372653ms step_avg:281.46ms
step:1335/5100 lr:0.001 train_loss:3.7013 train_time:373147ms step_avg:281.62ms
step:1336/5100 lr:0.001 train_loss:3.7155 train_time:373648ms step_avg:281.79ms
step:1337/5100 lr:0.001 train_loss:3.7954 train_time:374144ms step_avg:281.95ms
step:1338/5100 lr:0.001 train_loss:3.6637 train_time:374638ms step_avg:282.11ms
step:1339/5100 lr:0.001 train_loss:3.6231 train_time:375133ms step_avg:282.27ms
step:1340/5100 lr:0.001 train_loss:3.6637 train_time:375630ms step_avg:282.43ms
step:1341/5100 lr:0.001 train_loss:3.7142 train_time:376125ms step_avg:282.59ms
step:1342/5100 lr:0.001 train_loss:3.6095 train_time:376619ms step_avg:282.75ms
step:1343/5100 lr:0.001 train_loss:3.7599 train_time:377114ms step_avg:282.91ms
step:1344/5100 lr:0.001 train_loss:3.7028 train_time:377607ms step_avg:283.06ms
step:1345/5100 lr:0.001 train_loss:3.6922 train_time:378105ms step_avg:283.22ms
step:1346/5100 lr:0.001 train_loss:3.8514 train_time:378599ms step_avg:283.38ms
step:1347/5100 lr:0.001 train_loss:3.7561 train_time:379094ms step_avg:283.54ms
step:1348/5100 lr:0.001 train_loss:3.6678 train_time:379588ms step_avg:283.70ms
step:1349/5100 lr:0.001 train_loss:3.6247 train_time:380082ms step_avg:283.86ms
step:1350/5100 lr:0.001 train_loss:3.6771 train_time:380577ms step_avg:284.01ms
step:1351/5100 lr:0.001 train_loss:4.1701 train_time:381073ms step_avg:284.17ms
step:1352/5100 lr:0.001 train_loss:3.6824 train_time:381567ms step_avg:284.33ms
step:1353/5100 lr:0.001 train_loss:3.7950 train_time:382061ms step_avg:284.48ms
step:1354/5100 lr:0.001 train_loss:4.0153 train_time:382556ms step_avg:284.64ms
step:1355/5100 lr:0.001 train_loss:3.6580 train_time:383051ms step_avg:284.80ms
step:1356/5100 lr:0.001 train_loss:3.6864 train_time:383546ms step_avg:284.95ms
step:1357/5100 lr:0.001 train_loss:3.6226 train_time:384041ms step_avg:285.11ms
step:1358/5100 lr:0.001 train_loss:3.8182 train_time:384535ms step_avg:285.26ms
step:1359/5100 lr:0.001 train_loss:3.7062 train_time:385029ms step_avg:285.42ms
step:1360/5100 lr:0.001 train_loss:3.9846 train_time:385523ms step_avg:285.57ms
step:1361/5100 lr:0.001 train_loss:4.0929 train_time:386017ms step_avg:285.73ms
step:1362/5100 lr:0.001 train_loss:4.0385 train_time:386511ms step_avg:285.88ms
step:1363/5100 lr:0.001 train_loss:3.5790 train_time:387006ms step_avg:286.04ms
step:1364/5100 lr:0.001 train_loss:3.7905 train_time:387500ms step_avg:286.19ms
step:1365/5100 lr:0.001 train_loss:3.7138 train_time:387995ms step_avg:286.34ms
step:1366/5100 lr:0.001 train_loss:3.5257 train_time:388490ms step_avg:286.50ms
step:1367/5100 lr:0.001 train_loss:3.5525 train_time:388984ms step_avg:286.65ms
step:1368/5100 lr:0.001 train_loss:3.5527 train_time:389480ms step_avg:286.80ms
step:1369/5100 lr:0.001 train_loss:3.7268 train_time:389975ms step_avg:286.96ms
step:1370/5100 lr:0.001 train_loss:3.7350 train_time:390472ms step_avg:287.11ms
step:1371/5100 lr:0.001 train_loss:3.7445 train_time:390967ms step_avg:287.26ms
step:1372/5100 lr:0.001 train_loss:3.9485 train_time:391462ms step_avg:287.42ms
step:1373/5100 lr:0.001 train_loss:3.7778 train_time:391957ms step_avg:287.57ms
step:1374/5100 lr:0.001 train_loss:3.5683 train_time:392452ms step_avg:287.72ms
step:1375/5100 lr:0.001 train_loss:3.7715 train_time:392945ms step_avg:287.87ms
step:1375/5100 val_loss:3.7235 train_time:392956ms step_avg:287.88ms
step:1376/5100 lr:0.001 train_loss:3.6636 train_time:397172ms step_avg:290.76ms
step:1377/5100 lr:0.001 train_loss:3.7642 train_time:397669ms step_avg:290.91ms
step:1378/5100 lr:0.001 train_loss:3.9295 train_time:398166ms step_avg:291.06ms
step:1379/5100 lr:0.001 train_loss:3.6734 train_time:398662ms step_avg:291.21ms
step:1380/5100 lr:0.001 train_loss:3.6860 train_time:399157ms step_avg:291.36ms
step:1381/5100 lr:0.001 train_loss:3.6358 train_time:399654ms step_avg:291.51ms
step:1382/5100 lr:0.001 train_loss:3.7150 train_time:400149ms step_avg:291.65ms
step:1383/5100 lr:0.001 train_loss:3.8235 train_time:400648ms step_avg:291.80ms
step:1384/5100 lr:0.001 train_loss:3.6765 train_time:401144ms step_avg:291.95ms
step:1385/5100 lr:0.001 train_loss:3.5769 train_time:401640ms step_avg:292.10ms
step:1386/5100 lr:0.001 train_loss:3.7113 train_time:402137ms step_avg:292.25ms
step:1387/5100 lr:0.001 train_loss:3.6145 train_time:402632ms step_avg:292.40ms
step:1388/5100 lr:0.001 train_loss:3.7297 train_time:403127ms step_avg:292.55ms
step:1389/5100 lr:0.001 train_loss:3.4523 train_time:403622ms step_avg:292.69ms
step:1390/5100 lr:0.001 train_loss:3.6394 train_time:404117ms step_avg:292.84ms
step:1391/5100 lr:0.001 train_loss:3.7998 train_time:404617ms step_avg:292.99ms
step:1392/5100 lr:0.001 train_loss:3.8212 train_time:405113ms step_avg:293.14ms
step:1393/5100 lr:0.001 train_loss:4.0396 train_time:405608ms step_avg:293.28ms
step:1394/5100 lr:0.001 train_loss:3.7567 train_time:406104ms step_avg:293.43ms
step:1395/5100 lr:0.001 train_loss:3.8584 train_time:406600ms step_avg:293.57ms
step:1396/5100 lr:0.001 train_loss:3.7414 train_time:407095ms step_avg:293.72ms
step:1397/5100 lr:0.001 train_loss:3.5754 train_time:407591ms step_avg:293.87ms
step:1398/5100 lr:0.001 train_loss:3.8761 train_time:408087ms step_avg:294.01ms
step:1399/5100 lr:0.001 train_loss:3.6054 train_time:408584ms step_avg:294.16ms
step:1400/5100 lr:0.001 train_loss:3.6270 train_time:409082ms step_avg:294.30ms
step:1401/5100 lr:0.001 train_loss:3.6233 train_time:409576ms step_avg:294.45ms
step:1402/5100 lr:0.001 train_loss:3.6397 train_time:410073ms step_avg:294.59ms
step:1403/5100 lr:0.001 train_loss:3.9115 train_time:410573ms step_avg:294.74ms
step:1404/5100 lr:0.001 train_loss:4.2955 train_time:411068ms step_avg:294.88ms
step:1405/5100 lr:0.001 train_loss:3.7268 train_time:411563ms step_avg:295.03ms
step:1406/5100 lr:0.001 train_loss:3.6895 train_time:412060ms step_avg:295.17ms
step:1407/5100 lr:0.001 train_loss:3.7384 train_time:412556ms step_avg:295.32ms
step:1408/5100 lr:0.001 train_loss:3.5525 train_time:413051ms step_avg:295.46ms
step:1409/5100 lr:0.001 train_loss:3.5633 train_time:413547ms step_avg:295.60ms
step:1410/5100 lr:0.001 train_loss:3.7405 train_time:414042ms step_avg:295.74ms
step:1411/5100 lr:0.001 train_loss:3.8753 train_time:414537ms step_avg:295.89ms
step:1412/5100 lr:0.001 train_loss:4.2256 train_time:415034ms step_avg:296.03ms
step:1413/5100 lr:0.001 train_loss:3.9185 train_time:415530ms step_avg:296.17ms
step:1414/5100 lr:0.001 train_loss:3.8862 train_time:416026ms step_avg:296.31ms
step:1415/5100 lr:0.001 train_loss:3.7468 train_time:416522ms step_avg:296.46ms
step:1416/5100 lr:0.001 train_loss:3.7021 train_time:417017ms step_avg:296.60ms
step:1417/5100 lr:0.001 train_loss:3.6876 train_time:417513ms step_avg:296.74ms
step:1418/5100 lr:0.001 train_loss:3.3474 train_time:418008ms step_avg:296.88ms
step:1419/5100 lr:0.001 train_loss:3.1608 train_time:418504ms step_avg:297.02ms
step:1420/5100 lr:0.001 train_loss:3.8406 train_time:418999ms step_avg:297.16ms
step:1421/5100 lr:0.001 train_loss:3.8632 train_time:419495ms step_avg:297.30ms
step:1422/5100 lr:0.001 train_loss:3.6722 train_time:419990ms step_avg:297.44ms
step:1423/5100 lr:0.001 train_loss:3.5426 train_time:420486ms step_avg:297.58ms
step:1424/5100 lr:0.001 train_loss:3.8077 train_time:420982ms step_avg:297.72ms
step:1425/5100 lr:0.001 train_loss:3.5087 train_time:421477ms step_avg:297.86ms
step:1426/5100 lr:0.001 train_loss:3.6038 train_time:421972ms step_avg:298.00ms
step:1427/5100 lr:0.001 train_loss:3.9949 train_time:422468ms step_avg:298.14ms
step:1428/5100 lr:0.001 train_loss:3.5863 train_time:422964ms step_avg:298.28ms
step:1429/5100 lr:0.001 train_loss:3.7328 train_time:423458ms step_avg:298.42ms
step:1430/5100 lr:0.001 train_loss:3.6664 train_time:423953ms step_avg:298.56ms
step:1431/5100 lr:0.001 train_loss:3.7063 train_time:424447ms step_avg:298.70ms
step:1432/5100 lr:0.001 train_loss:3.6275 train_time:424944ms step_avg:298.84ms
step:1433/5100 lr:0.001 train_loss:3.6303 train_time:425439ms step_avg:298.97ms
step:1434/5100 lr:0.001 train_loss:3.7158 train_time:425934ms step_avg:299.11ms
step:1435/5100 lr:0.001 train_loss:3.5969 train_time:426428ms step_avg:299.25ms
step:1436/5100 lr:0.001 train_loss:4.1112 train_time:426923ms step_avg:299.39ms
step:1437/5100 lr:0.001 train_loss:3.6268 train_time:427420ms step_avg:299.52ms
step:1438/5100 lr:0.001 train_loss:3.6535 train_time:427920ms step_avg:299.66ms
step:1439/5100 lr:0.001 train_loss:3.6062 train_time:428419ms step_avg:299.80ms
step:1440/5100 lr:0.001 train_loss:3.6146 train_time:428917ms step_avg:299.94ms
step:1441/5100 lr:0.001 train_loss:3.4077 train_time:429414ms step_avg:300.08ms
step:1442/5100 lr:0.001 train_loss:3.8153 train_time:429909ms step_avg:300.22ms
step:1443/5100 lr:0.001 train_loss:3.5974 train_time:430406ms step_avg:300.35ms
step:1444/5100 lr:0.001 train_loss:3.8268 train_time:430903ms step_avg:300.49ms
step:1445/5100 lr:0.001 train_loss:3.7816 train_time:431398ms step_avg:300.63ms
step:1446/5100 lr:0.001 train_loss:3.6835 train_time:431894ms step_avg:300.76ms
step:1447/5100 lr:0.001 train_loss:4.1280 train_time:432388ms step_avg:300.90ms
step:1448/5100 lr:0.001 train_loss:3.6957 train_time:432883ms step_avg:301.03ms
step:1449/5100 lr:0.001 train_loss:3.3693 train_time:433378ms step_avg:301.17ms
step:1450/5100 lr:0.001 train_loss:3.6327 train_time:433874ms step_avg:301.30ms
step:1451/5100 lr:0.001 train_loss:3.6456 train_time:434371ms step_avg:301.44ms
step:1452/5100 lr:0.001 train_loss:3.7608 train_time:434866ms step_avg:301.57ms
step:1453/5100 lr:0.001 train_loss:3.6070 train_time:435361ms step_avg:301.71ms
step:1454/5100 lr:0.001 train_loss:3.4649 train_time:435856ms step_avg:301.84ms
step:1455/5100 lr:0.001 train_loss:3.6421 train_time:436350ms step_avg:301.97ms
step:1456/5100 lr:0.001 train_loss:3.6371 train_time:436845ms step_avg:302.11ms
step:1457/5100 lr:0.001 train_loss:3.5461 train_time:437341ms step_avg:302.24ms
step:1458/5100 lr:0.001 train_loss:3.7543 train_time:437836ms step_avg:302.37ms
step:1459/5100 lr:0.001 train_loss:3.7752 train_time:438332ms step_avg:302.51ms
step:1460/5100 lr:0.001 train_loss:3.6805 train_time:438827ms step_avg:302.64ms
step:1461/5100 lr:0.001 train_loss:3.6694 train_time:439324ms step_avg:302.77ms
step:1462/5100 lr:0.001 train_loss:3.7883 train_time:439819ms step_avg:302.91ms
step:1463/5100 lr:0.001 train_loss:3.6956 train_time:440315ms step_avg:303.04ms
step:1464/5100 lr:0.001 train_loss:3.6083 train_time:440809ms step_avg:303.17ms
step:1465/5100 lr:0.001 train_loss:3.5893 train_time:441303ms step_avg:303.30ms
step:1466/5100 lr:0.001 train_loss:3.6281 train_time:441797ms step_avg:303.43ms
step:1467/5100 lr:0.001 train_loss:3.7971 train_time:442293ms step_avg:303.56ms
step:1468/5100 lr:0.001 train_loss:3.7540 train_time:442788ms step_avg:303.70ms
step:1469/5100 lr:0.001 train_loss:3.6788 train_time:443284ms step_avg:303.83ms
step:1470/5100 lr:0.001 train_loss:3.7205 train_time:443778ms step_avg:303.96ms
step:1471/5100 lr:0.001 train_loss:3.7344 train_time:444274ms step_avg:304.09ms
step:1472/5100 lr:0.001 train_loss:3.6014 train_time:444769ms step_avg:304.22ms
step:1473/5100 lr:0.001 train_loss:3.5061 train_time:445265ms step_avg:304.35ms
step:1474/5100 lr:0.001 train_loss:3.7436 train_time:445760ms step_avg:304.48ms
step:1475/5100 lr:0.001 train_loss:3.7093 train_time:446256ms step_avg:304.61ms
step:1476/5100 lr:0.001 train_loss:3.8255 train_time:446751ms step_avg:304.74ms
step:1477/5100 lr:0.001 train_loss:3.6155 train_time:447247ms step_avg:304.87ms
step:1478/5100 lr:0.001 train_loss:3.6856 train_time:447743ms step_avg:305.00ms
step:1479/5100 lr:0.001 train_loss:3.8009 train_time:448239ms step_avg:305.13ms
step:1480/5100 lr:0.001 train_loss:3.6887 train_time:448734ms step_avg:305.26ms
step:1481/5100 lr:0.001 train_loss:3.6276 train_time:449230ms step_avg:305.39ms
step:1482/5100 lr:0.001 train_loss:3.5493 train_time:449725ms step_avg:305.52ms
step:1483/5100 lr:0.001 train_loss:3.6388 train_time:450220ms step_avg:305.65ms
step:1484/5100 lr:0.001 train_loss:3.7221 train_time:450716ms step_avg:305.78ms
step:1485/5100 lr:0.001 train_loss:3.6577 train_time:451211ms step_avg:305.91ms
step:1486/5100 lr:0.001 train_loss:3.5982 train_time:451707ms step_avg:306.03ms
step:1487/5100 lr:0.001 train_loss:3.8378 train_time:452201ms step_avg:306.16ms
step:1488/5100 lr:0.001 train_loss:3.6181 train_time:452696ms step_avg:306.29ms
step:1489/5100 lr:0.001 train_loss:3.5842 train_time:453191ms step_avg:306.42ms
step:1490/5100 lr:0.001 train_loss:3.5360 train_time:453685ms step_avg:306.54ms
step:1491/5100 lr:0.001 train_loss:3.3669 train_time:454180ms step_avg:306.67ms
step:1492/5100 lr:0.001 train_loss:3.5487 train_time:454674ms step_avg:306.80ms
step:1493/5100 lr:0.001 train_loss:3.4388 train_time:455169ms step_avg:306.92ms
step:1494/5100 lr:0.001 train_loss:3.7432 train_time:455663ms step_avg:307.05ms
step:1495/5100 lr:0.001 train_loss:3.7955 train_time:456158ms step_avg:307.18ms
step:1496/5100 lr:0.001 train_loss:3.5763 train_time:456653ms step_avg:307.30ms
step:1497/5100 lr:0.001 train_loss:3.8763 train_time:457148ms step_avg:307.43ms
step:1498/5100 lr:0.001 train_loss:3.5984 train_time:457643ms step_avg:307.56ms
step:1499/5100 lr:0.001 train_loss:3.6855 train_time:458137ms step_avg:307.68ms
step:1500/5100 lr:0.001 train_loss:3.5510 train_time:458632ms step_avg:307.81ms
step:1500/5100 val_loss:3.6632 train_time:458642ms step_avg:307.81ms
step:1501/5100 lr:0.001 train_loss:3.7348 train_time:462849ms step_avg:310.43ms
step:1502/5100 lr:0.001 train_loss:3.6046 train_time:463342ms step_avg:310.55ms
step:1503/5100 lr:0.001 train_loss:3.7028 train_time:463836ms step_avg:310.67ms
step:1504/5100 lr:0.001 train_loss:3.5791 train_time:464331ms step_avg:310.80ms
step:1505/5100 lr:0.001 train_loss:3.4845 train_time:464825ms step_avg:310.92ms
step:1506/5100 lr:0.001 train_loss:3.6825 train_time:465320ms step_avg:311.04ms
step:1507/5100 lr:0.001 train_loss:3.7374 train_time:465815ms step_avg:311.17ms
step:1508/5100 lr:0.001 train_loss:3.7509 train_time:466316ms step_avg:311.29ms
step:1509/5100 lr:0.001 train_loss:3.5577 train_time:466810ms step_avg:311.41ms
step:1510/5100 lr:0.001 train_loss:3.5216 train_time:467305ms step_avg:311.54ms
step:1511/5100 lr:0.001 train_loss:3.6662 train_time:467801ms step_avg:311.66ms
step:1512/5100 lr:0.001 train_loss:3.5970 train_time:468296ms step_avg:311.78ms
step:1513/5100 lr:0.001 train_loss:3.6821 train_time:468790ms step_avg:311.90ms
step:1514/5100 lr:0.001 train_loss:3.5346 train_time:469285ms step_avg:312.02ms
step:1515/5100 lr:0.001 train_loss:3.6392 train_time:469780ms step_avg:312.15ms
step:1516/5100 lr:0.001 train_loss:3.7081 train_time:470276ms step_avg:312.27ms
step:1517/5100 lr:0.001 train_loss:3.6660 train_time:470771ms step_avg:312.39ms
step:1518/5100 lr:0.001 train_loss:3.6548 train_time:471265ms step_avg:312.51ms
step:1519/5100 lr:0.001 train_loss:3.6450 train_time:471759ms step_avg:312.63ms
step:1520/5100 lr:0.001 train_loss:3.6653 train_time:472454ms step_avg:312.88ms
step:1521/5100 lr:0.001 train_loss:3.5978 train_time:472948ms step_avg:313.00ms
step:1522/5100 lr:0.001 train_loss:3.8576 train_time:473447ms step_avg:313.13ms
step:1523/5100 lr:0.001 train_loss:3.7453 train_time:474570ms step_avg:313.66ms
step:1524/5100 lr:0.001 train_loss:3.5295 train_time:475262ms step_avg:313.91ms
step:1525/5100 lr:0.001 train_loss:3.6207 train_time:475756ms step_avg:314.03ms
step:1526/5100 lr:0.001 train_loss:3.7384 train_time:476251ms step_avg:314.15ms
step:1527/5100 lr:0.001 train_loss:3.6650 train_time:476748ms step_avg:314.27ms
step:1528/5100 lr:0.001 train_loss:3.8084 train_time:477243ms step_avg:314.39ms
step:1529/5100 lr:0.001 train_loss:3.6299 train_time:477739ms step_avg:314.51ms
step:1530/5100 lr:0.001 train_loss:3.6770 train_time:478234ms step_avg:314.63ms
step:1531/5100 lr:0.001 train_loss:3.6712 train_time:478728ms step_avg:314.75ms
step:1532/5100 lr:0.001 train_loss:4.0526 train_time:479230ms step_avg:314.87ms
step:1533/5100 lr:0.001 train_loss:3.8500 train_time:479724ms step_avg:314.99ms
step:1534/5100 lr:0.001 train_loss:3.4906 train_time:480219ms step_avg:315.10ms
step:1535/5100 lr:0.001 train_loss:3.5907 train_time:480714ms step_avg:315.22ms
step:1536/5100 lr:0.001 train_loss:3.6621 train_time:481209ms step_avg:315.34ms
step:1537/5100 lr:0.001 train_loss:3.6170 train_time:481703ms step_avg:315.46ms
step:1538/5100 lr:0.001 train_loss:3.7217 train_time:482197ms step_avg:315.57ms
step:1539/5100 lr:0.001 train_loss:3.6719 train_time:482691ms step_avg:315.69ms
step:1540/5100 lr:0.001 train_loss:3.5648 train_time:483186ms step_avg:315.81ms
step:1541/5100 lr:0.001 train_loss:3.6040 train_time:483680ms step_avg:315.92ms
step:1542/5100 lr:0.001 train_loss:4.0036 train_time:484175ms step_avg:316.04ms
step:1543/5100 lr:0.001 train_loss:3.6161 train_time:484670ms step_avg:316.16ms
step:1544/5100 lr:0.001 train_loss:3.6905 train_time:485870ms step_avg:316.73ms
step:1545/5100 lr:0.001 train_loss:3.6304 train_time:486365ms step_avg:316.85ms
step:1546/5100 lr:0.001 train_loss:3.5733 train_time:486860ms step_avg:316.97ms
step:1547/5100 lr:0.001 train_loss:3.5224 train_time:487354ms step_avg:317.08ms
step:1548/5100 lr:0.001 train_loss:3.6692 train_time:487848ms step_avg:317.20ms
step:1549/5100 lr:0.001 train_loss:3.7517 train_time:488342ms step_avg:317.31ms
step:1550/5100 lr:0.001 train_loss:3.5367 train_time:488850ms step_avg:317.43ms
step:1551/5100 lr:0.001 train_loss:3.6153 train_time:489345ms step_avg:317.55ms
step:1552/5100 lr:0.001 train_loss:3.5744 train_time:489840ms step_avg:317.67ms
step:1553/5100 lr:0.001 train_loss:3.7132 train_time:490335ms step_avg:317.78ms
step:1554/5100 lr:0.001 train_loss:3.5692 train_time:490830ms step_avg:317.89ms
step:1555/5100 lr:0.001 train_loss:3.5971 train_time:491332ms step_avg:318.01ms
step:1556/5100 lr:0.001 train_loss:3.6814 train_time:491832ms step_avg:318.13ms
step:1557/5100 lr:0.001 train_loss:3.5490 train_time:492326ms step_avg:318.25ms
step:1558/5100 lr:0.001 train_loss:3.6228 train_time:492821ms step_avg:318.36ms
step:1559/5100 lr:0.001 train_loss:3.5797 train_time:493314ms step_avg:318.47ms
step:1560/5100 lr:0.001 train_loss:3.5800 train_time:493809ms step_avg:318.59ms
step:1561/5100 lr:0.001 train_loss:3.6627 train_time:494303ms step_avg:318.70ms
step:1562/5100 lr:0.001 train_loss:3.4985 train_time:494798ms step_avg:318.81ms
step:1563/5100 lr:0.001 train_loss:3.6106 train_time:495293ms step_avg:318.93ms
step:1564/5100 lr:0.001 train_loss:3.8095 train_time:495788ms step_avg:319.04ms
step:1565/5100 lr:0.001 train_loss:3.5295 train_time:496282ms step_avg:319.15ms
step:1566/5100 lr:0.001 train_loss:3.6229 train_time:496777ms step_avg:319.27ms
step:1567/5100 lr:0.001 train_loss:3.8434 train_time:497272ms step_avg:319.38ms
step:1568/5100 lr:0.001 train_loss:3.4854 train_time:497766ms step_avg:319.49ms
step:1569/5100 lr:0.001 train_loss:3.4983 train_time:498261ms step_avg:319.60ms
step:1570/5100 lr:0.001 train_loss:3.6039 train_time:498756ms step_avg:319.72ms
step:1571/5100 lr:0.001 train_loss:3.6225 train_time:499251ms step_avg:319.83ms
step:1572/5100 lr:0.001 train_loss:3.5161 train_time:499745ms step_avg:319.94ms
step:1573/5100 lr:0.001 train_loss:3.8000 train_time:500240ms step_avg:320.05ms
step:1574/5100 lr:0.001 train_loss:3.7421 train_time:500734ms step_avg:320.16ms
step:1575/5100 lr:0.001 train_loss:3.4515 train_time:501229ms step_avg:320.27ms
step:1576/5100 lr:0.001 train_loss:3.6520 train_time:501723ms step_avg:320.38ms
step:1577/5100 lr:0.001 train_loss:3.5873 train_time:502217ms step_avg:320.50ms
step:1578/5100 lr:0.001 train_loss:3.6053 train_time:502713ms step_avg:320.61ms
step:1579/5100 lr:0.001 train_loss:3.7257 train_time:503207ms step_avg:320.72ms
step:1580/5100 lr:0.001 train_loss:3.6091 train_time:503702ms step_avg:320.83ms
step:1581/5100 lr:0.001 train_loss:3.6339 train_time:504198ms step_avg:320.94ms
step:1582/5100 lr:0.001 train_loss:3.5715 train_time:504693ms step_avg:321.05ms
step:1583/5100 lr:0.001 train_loss:3.4823 train_time:505188ms step_avg:321.16ms
step:1584/5100 lr:0.001 train_loss:3.5693 train_time:505683ms step_avg:321.27ms
step:1585/5100 lr:0.001 train_loss:3.6408 train_time:506178ms step_avg:321.38ms
step:1586/5100 lr:0.001 train_loss:3.5992 train_time:506673ms step_avg:321.49ms
step:1587/5100 lr:0.001 train_loss:4.0694 train_time:507169ms step_avg:321.60ms
step:1588/5100 lr:0.001 train_loss:3.5975 train_time:507664ms step_avg:321.71ms
step:1589/5100 lr:0.001 train_loss:3.6972 train_time:508158ms step_avg:321.82ms
step:1590/5100 lr:0.001 train_loss:3.4068 train_time:508653ms step_avg:321.93ms
step:1591/5100 lr:0.001 train_loss:3.7750 train_time:509148ms step_avg:322.04ms
step:1592/5100 lr:0.001 train_loss:3.6139 train_time:509645ms step_avg:322.15ms
step:1593/5100 lr:0.001 train_loss:3.7477 train_time:510138ms step_avg:322.26ms
step:1594/5100 lr:0.001 train_loss:3.6025 train_time:510633ms step_avg:322.37ms
step:1595/5100 lr:0.001 train_loss:3.6252 train_time:511127ms step_avg:322.48ms
step:1596/5100 lr:0.001 train_loss:3.6567 train_time:511625ms step_avg:322.59ms
step:1597/5100 lr:0.001 train_loss:3.6360 train_time:512121ms step_avg:322.70ms
step:1598/5100 lr:0.001 train_loss:3.7035 train_time:512615ms step_avg:322.81ms
step:1599/5100 lr:0.001 train_loss:3.9905 train_time:513110ms step_avg:322.91ms
step:1600/5100 lr:0.001 train_loss:3.5652 train_time:513605ms step_avg:323.02ms
step:1601/5100 lr:0.001 train_loss:3.6221 train_time:514101ms step_avg:323.13ms
step:1602/5100 lr:0.001 train_loss:3.7166 train_time:514598ms step_avg:323.24ms
step:1603/5100 lr:0.001 train_loss:3.7534 train_time:515093ms step_avg:323.35ms
step:1604/5100 lr:0.001 train_loss:3.6008 train_time:515587ms step_avg:323.45ms
step:1605/5100 lr:0.001 train_loss:4.0240 train_time:516082ms step_avg:323.56ms
step:1606/5100 lr:0.001 train_loss:3.7647 train_time:516576ms step_avg:323.67ms
step:1607/5100 lr:0.001 train_loss:3.4643 train_time:517070ms step_avg:323.78ms
step:1608/5100 lr:0.001 train_loss:3.6428 train_time:517566ms step_avg:323.88ms
step:1609/5100 lr:0.001 train_loss:3.4745 train_time:518060ms step_avg:323.99ms
step:1610/5100 lr:0.001 train_loss:3.8301 train_time:518555ms step_avg:324.10ms
step:1611/5100 lr:0.001 train_loss:3.5750 train_time:519051ms step_avg:324.20ms
step:1612/5100 lr:0.001 train_loss:3.6553 train_time:519546ms step_avg:324.31ms
step:1613/5100 lr:0.001 train_loss:3.6458 train_time:520041ms step_avg:324.42ms
step:1614/5100 lr:0.001 train_loss:4.0477 train_time:520535ms step_avg:324.52ms
step:1615/5100 lr:0.001 train_loss:3.8329 train_time:521031ms step_avg:324.63ms
step:1616/5100 lr:0.001 train_loss:3.7588 train_time:522151ms step_avg:325.13ms
step:1617/5100 lr:0.001 train_loss:3.5953 train_time:522646ms step_avg:325.23ms
step:1618/5100 lr:0.001 train_loss:3.6803 train_time:523148ms step_avg:325.34ms
step:1619/5100 lr:0.001 train_loss:3.5328 train_time:523643ms step_avg:325.45ms
step:1620/5100 lr:0.001 train_loss:3.6271 train_time:524139ms step_avg:325.55ms
step:1621/5100 lr:0.001 train_loss:3.8028 train_time:524633ms step_avg:325.66ms
step:1622/5100 lr:0.001 train_loss:3.8283 train_time:525128ms step_avg:325.76ms
step:1623/5100 lr:0.001 train_loss:3.5360 train_time:525622ms step_avg:325.87ms
step:1624/5100 lr:0.001 train_loss:3.7341 train_time:526118ms step_avg:325.97ms
step:1625/5100 lr:0.001 train_loss:3.6704 train_time:526612ms step_avg:326.08ms
step:1625/5100 val_loss:3.6305 train_time:526623ms step_avg:326.08ms
step:1626/5100 lr:0.001 train_loss:3.4911 train_time:530868ms step_avg:328.51ms
step:1627/5100 lr:0.001 train_loss:3.6837 train_time:531362ms step_avg:328.61ms
step:1628/5100 lr:0.001 train_loss:3.5585 train_time:532553ms step_avg:329.14ms
step:1629/5100 lr:0.001 train_loss:3.6542 train_time:533047ms step_avg:329.24ms
step:1630/5100 lr:0.001 train_loss:3.6314 train_time:533542ms step_avg:329.35ms
step:1631/5100 lr:0.001 train_loss:3.5637 train_time:534036ms step_avg:329.45ms
step:1632/5100 lr:0.001 train_loss:3.6533 train_time:534536ms step_avg:329.55ms
step:1633/5100 lr:0.001 train_loss:3.6680 train_time:535030ms step_avg:329.65ms
step:1634/5100 lr:0.001 train_loss:3.6396 train_time:535557ms step_avg:329.78ms
step:1635/5100 lr:0.001 train_loss:3.5113 train_time:536052ms step_avg:329.88ms
step:1636/5100 lr:0.001 train_loss:3.4282 train_time:536546ms step_avg:329.98ms
step:1637/5100 lr:0.001 train_loss:3.6005 train_time:537040ms step_avg:330.08ms
step:1638/5100 lr:0.001 train_loss:3.6272 train_time:537534ms step_avg:330.18ms
step:1639/5100 lr:0.001 train_loss:3.4593 train_time:538028ms step_avg:330.28ms
step:1640/5100 lr:0.001 train_loss:3.6926 train_time:538523ms step_avg:330.38ms
step:1641/5100 lr:0.001 train_loss:3.8008 train_time:539022ms step_avg:330.49ms
step:1642/5100 lr:0.001 train_loss:3.8402 train_time:539517ms step_avg:330.59ms
step:1643/5100 lr:0.001 train_loss:4.2041 train_time:540011ms step_avg:330.69ms
step:1644/5100 lr:0.001 train_loss:3.6978 train_time:540573ms step_avg:330.83ms
step:1645/5100 lr:0.001 train_loss:3.6649 train_time:541068ms step_avg:330.93ms
step:1646/5100 lr:0.001 train_loss:3.7954 train_time:542181ms step_avg:331.41ms
step:1647/5100 lr:0.001 train_loss:3.7582 train_time:542676ms step_avg:331.51ms
step:1648/5100 lr:0.001 train_loss:3.5005 train_time:543175ms step_avg:331.61ms
step:1649/5100 lr:0.001 train_loss:3.6449 train_time:543670ms step_avg:331.71ms
step:1650/5100 lr:0.001 train_loss:3.2886 train_time:544166ms step_avg:331.81ms
step:1651/5100 lr:0.001 train_loss:3.6637 train_time:544660ms step_avg:331.91ms
step:1652/5100 lr:0.001 train_loss:3.6255 train_time:545154ms step_avg:332.01ms
step:1653/5100 lr:0.001 train_loss:3.5671 train_time:545684ms step_avg:332.13ms
step:1654/5100 lr:0.001 train_loss:3.5529 train_time:546181ms step_avg:332.23ms
step:1655/5100 lr:0.001 train_loss:3.6000 train_time:546675ms step_avg:332.33ms
step:1656/5100 lr:0.001 train_loss:3.6303 train_time:547169ms step_avg:332.42ms
step:1657/5100 lr:0.001 train_loss:3.8394 train_time:547663ms step_avg:332.52ms
step:1658/5100 lr:0.001 train_loss:3.5204 train_time:548158ms step_avg:332.62ms
step:1659/5100 lr:0.001 train_loss:3.5528 train_time:548653ms step_avg:332.72ms
step:1660/5100 lr:0.001 train_loss:3.6314 train_time:549147ms step_avg:332.82ms
step:1661/5100 lr:0.001 train_loss:3.5974 train_time:549643ms step_avg:332.92ms
step:1662/5100 lr:0.001 train_loss:3.5318 train_time:550137ms step_avg:333.01ms
step:1663/5100 lr:0.001 train_loss:3.5580 train_time:550632ms step_avg:333.11ms
step:1664/5100 lr:0.001 train_loss:3.5631 train_time:551128ms step_avg:333.21ms
step:1665/5100 lr:0.001 train_loss:3.6643 train_time:551623ms step_avg:333.31ms
step:1666/5100 lr:0.001 train_loss:3.5746 train_time:552118ms step_avg:333.40ms
step:1667/5100 lr:0.001 train_loss:3.5995 train_time:552612ms step_avg:333.50ms
step:1668/5100 lr:0.001 train_loss:3.6694 train_time:553107ms step_avg:333.60ms
step:1669/5100 lr:0.001 train_loss:3.6449 train_time:553609ms step_avg:333.70ms
step:1670/5100 lr:0.001 train_loss:3.9837 train_time:554104ms step_avg:333.80ms
step:1671/5100 lr:0.001 train_loss:3.4231 train_time:554598ms step_avg:333.89ms
step:1672/5100 lr:0.001 train_loss:3.6167 train_time:555093ms step_avg:333.99ms
step:1673/5100 lr:0.001 train_loss:3.4862 train_time:555587ms step_avg:334.09ms
step:1674/5100 lr:0.001 train_loss:3.3929 train_time:556082ms step_avg:334.18ms
step:1675/5100 lr:0.001 train_loss:3.7660 train_time:556578ms step_avg:334.28ms
step:1676/5100 lr:0.001 train_loss:3.9098 train_time:557073ms step_avg:334.38ms
step:1677/5100 lr:0.001 train_loss:3.5644 train_time:557568ms step_avg:334.47ms
step:1678/5100 lr:0.001 train_loss:3.4890 train_time:558062ms step_avg:334.57ms
step:1679/5100 lr:0.001 train_loss:3.5214 train_time:558557ms step_avg:334.67ms
step:1680/5100 lr:0.001 train_loss:3.7192 train_time:559052ms step_avg:334.76ms
step:1681/5100 lr:0.001 train_loss:3.5467 train_time:559546ms step_avg:334.86ms
step:1682/5100 lr:0.001 train_loss:3.5907 train_time:560041ms step_avg:334.95ms
step:1683/5100 lr:0.001 train_loss:3.6083 train_time:560536ms step_avg:335.05ms
step:1684/5100 lr:0.001 train_loss:3.1879 train_time:561031ms step_avg:335.14ms
step:1685/5100 lr:0.001 train_loss:3.6040 train_time:561525ms step_avg:335.24ms
step:1686/5100 lr:0.001 train_loss:3.7143 train_time:562022ms step_avg:335.34ms
step:1687/5100 lr:0.001 train_loss:3.7729 train_time:562517ms step_avg:335.43ms
step:1688/5100 lr:0.001 train_loss:3.6774 train_time:563011ms step_avg:335.53ms
step:1689/5100 lr:0.001 train_loss:3.5141 train_time:563506ms step_avg:335.62ms
step:1690/5100 lr:0.001 train_loss:3.6638 train_time:564000ms step_avg:335.71ms
step:1691/5100 lr:0.001 train_loss:3.5270 train_time:564498ms step_avg:335.81ms
step:1692/5100 lr:0.001 train_loss:3.5237 train_time:564993ms step_avg:335.91ms
step:1693/5100 lr:0.001 train_loss:3.5829 train_time:565488ms step_avg:336.00ms
step:1694/5100 lr:0.001 train_loss:3.4757 train_time:565984ms step_avg:336.09ms
step:1695/5100 lr:0.001 train_loss:3.6303 train_time:566478ms step_avg:336.19ms
step:1696/5100 lr:0.001 train_loss:3.5675 train_time:566972ms step_avg:336.28ms
step:1697/5100 lr:0.001 train_loss:3.5312 train_time:567466ms step_avg:336.38ms
step:1698/5100 lr:0.001 train_loss:4.1135 train_time:567959ms step_avg:336.47ms
step:1699/5100 lr:0.001 train_loss:3.7736 train_time:568453ms step_avg:336.56ms
step:1700/5100 lr:0.001 train_loss:3.6320 train_time:568948ms step_avg:336.66ms
step:1701/5100 lr:0.001 train_loss:3.5664 train_time:569442ms step_avg:336.75ms
step:1702/5100 lr:0.001 train_loss:3.3477 train_time:569936ms step_avg:336.84ms
step:1703/5100 lr:0.001 train_loss:3.6081 train_time:570429ms step_avg:336.93ms
step:1704/5100 lr:0.001 train_loss:3.6242 train_time:570925ms step_avg:337.03ms
step:1705/5100 lr:0.001 train_loss:3.6232 train_time:571418ms step_avg:337.12ms
step:1706/5100 lr:0.001 train_loss:3.4130 train_time:571913ms step_avg:337.21ms
step:1707/5100 lr:0.001 train_loss:3.8732 train_time:572420ms step_avg:337.31ms
step:1708/5100 lr:0.001 train_loss:3.5374 train_time:572917ms step_avg:337.41ms
step:1709/5100 lr:0.001 train_loss:4.0711 train_time:573412ms step_avg:337.50ms
step:1710/5100 lr:0.001 train_loss:3.5074 train_time:574110ms step_avg:337.71ms
step:1711/5100 lr:0.001 train_loss:3.3667 train_time:574604ms step_avg:337.80ms
step:1712/5100 lr:0.001 train_loss:3.7159 train_time:575100ms step_avg:337.90ms
step:1713/5100 lr:0.001 train_loss:3.4993 train_time:575595ms step_avg:337.99ms
step:1714/5100 lr:0.001 train_loss:3.5186 train_time:576090ms step_avg:338.08ms
step:1715/5100 lr:0.001 train_loss:3.5642 train_time:576786ms step_avg:338.29ms
step:1716/5100 lr:0.001 train_loss:3.8218 train_time:577282ms step_avg:338.38ms
step:1717/5100 lr:0.001 train_loss:3.5921 train_time:577777ms step_avg:338.47ms
step:1718/5100 lr:0.001 train_loss:3.5874 train_time:578271ms step_avg:338.57ms
step:1719/5100 lr:0.001 train_loss:3.6876 train_time:578766ms step_avg:338.66ms
step:1720/5100 lr:0.001 train_loss:3.5815 train_time:579261ms step_avg:338.75ms
step:1721/5100 lr:0.001 train_loss:3.7456 train_time:579755ms step_avg:338.84ms
step:1722/5100 lr:0.001 train_loss:3.5579 train_time:580249ms step_avg:338.93ms
step:1723/5100 lr:0.001 train_loss:3.5254 train_time:580743ms step_avg:339.02ms
step:1724/5100 lr:0.001 train_loss:3.6225 train_time:581240ms step_avg:339.11ms
step:1725/5100 lr:0.001 train_loss:3.2687 train_time:581735ms step_avg:339.20ms
step:1726/5100 lr:0.001 train_loss:3.4882 train_time:582229ms step_avg:339.29ms
step:1727/5100 lr:0.001 train_loss:3.5627 train_time:582724ms step_avg:339.38ms
step:1728/5100 lr:0.001 train_loss:3.6004 train_time:583218ms step_avg:339.47ms
step:1729/5100 lr:0.001 train_loss:3.6883 train_time:583712ms step_avg:339.56ms
step:1730/5100 lr:0.001 train_loss:3.6886 train_time:584213ms step_avg:339.66ms
step:1731/5100 lr:0.001 train_loss:3.6719 train_time:584707ms step_avg:339.75ms
step:1732/5100 lr:0.001 train_loss:3.5185 train_time:585202ms step_avg:339.84ms
step:1733/5100 lr:0.001 train_loss:3.5304 train_time:585699ms step_avg:339.93ms
step:1734/5100 lr:0.001 train_loss:3.4594 train_time:586196ms step_avg:340.02ms
step:1735/5100 lr:0.001 train_loss:3.5059 train_time:586690ms step_avg:340.11ms
step:1736/5100 lr:0.001 train_loss:3.5188 train_time:587185ms step_avg:340.20ms
step:1737/5100 lr:0.001 train_loss:3.5542 train_time:587679ms step_avg:340.29ms
step:1738/5100 lr:0.001 train_loss:3.5013 train_time:588174ms step_avg:340.38ms
step:1739/5100 lr:0.001 train_loss:3.8644 train_time:588668ms step_avg:340.47ms
step:1740/5100 lr:0.001 train_loss:3.7249 train_time:589163ms step_avg:340.56ms
step:1741/5100 lr:0.001 train_loss:3.6955 train_time:589658ms step_avg:340.65ms
step:1742/5100 lr:0.001 train_loss:3.5491 train_time:590153ms step_avg:340.73ms
step:1743/5100 lr:0.001 train_loss:3.8348 train_time:590648ms step_avg:340.82ms
step:1744/5100 lr:0.001 train_loss:3.5884 train_time:591143ms step_avg:340.91ms
step:1745/5100 lr:0.001 train_loss:3.6589 train_time:591638ms step_avg:341.00ms
step:1746/5100 lr:0.001 train_loss:3.7086 train_time:592133ms step_avg:341.09ms
step:1747/5100 lr:0.001 train_loss:3.5440 train_time:592631ms step_avg:341.18ms
step:1748/5100 lr:0.001 train_loss:3.4852 train_time:593126ms step_avg:341.27ms
step:1749/5100 lr:0.001 train_loss:3.5733 train_time:593637ms step_avg:341.37ms
step:1750/5100 lr:0.001 train_loss:3.6246 train_time:594132ms step_avg:341.45ms
step:1750/5100 val_loss:3.5956 train_time:594142ms step_avg:341.46ms
step:1751/5100 lr:0.001 train_loss:3.7368 train_time:598335ms step_avg:343.67ms
step:1752/5100 lr:0.001 train_loss:3.5905 train_time:598830ms step_avg:343.76ms
step:1753/5100 lr:0.001 train_loss:3.6236 train_time:599324ms step_avg:343.85ms
step:1754/5100 lr:0.001 train_loss:3.6108 train_time:599820ms step_avg:343.93ms
step:1755/5100 lr:0.001 train_loss:3.6438 train_time:600314ms step_avg:344.02ms
step:1756/5100 lr:0.001 train_loss:3.6900 train_time:600809ms step_avg:344.11ms
step:1757/5100 lr:0.001 train_loss:3.8096 train_time:601310ms step_avg:344.20ms
step:1758/5100 lr:0.001 train_loss:3.6153 train_time:601806ms step_avg:344.28ms
step:1759/5100 lr:0.001 train_loss:3.6656 train_time:602301ms step_avg:344.37ms
step:1760/5100 lr:0.001 train_loss:3.5883 train_time:602796ms step_avg:344.46ms
step:1761/5100 lr:0.001 train_loss:3.4600 train_time:603295ms step_avg:344.54ms
step:1762/5100 lr:0.001 train_loss:3.7051 train_time:603790ms step_avg:344.63ms
step:1763/5100 lr:0.001 train_loss:3.5077 train_time:604288ms step_avg:344.72ms
step:1764/5100 lr:0.001 train_loss:3.7159 train_time:604782ms step_avg:344.80ms
step:1765/5100 lr:0.001 train_loss:3.5355 train_time:605276ms step_avg:344.89ms
step:1766/5100 lr:0.001 train_loss:3.7419 train_time:605771ms step_avg:344.97ms
step:1767/5100 lr:0.001 train_loss:3.5965 train_time:606267ms step_avg:345.06ms
step:1768/5100 lr:0.001 train_loss:3.5770 train_time:606761ms step_avg:345.14ms
step:1769/5100 lr:0.001 train_loss:3.5674 train_time:607255ms step_avg:345.23ms
step:1770/5100 lr:0.001 train_loss:3.5345 train_time:607750ms step_avg:345.31ms
step:1771/5100 lr:0.001 train_loss:3.5902 train_time:608246ms step_avg:345.40ms
step:1772/5100 lr:0.001 train_loss:3.6238 train_time:608740ms step_avg:345.48ms
step:1773/5100 lr:0.001 train_loss:3.5746 train_time:609234ms step_avg:345.57ms
step:1774/5100 lr:0.001 train_loss:3.5677 train_time:609728ms step_avg:345.65ms
step:1775/5100 lr:0.001 train_loss:3.5401 train_time:610222ms step_avg:345.73ms
step:1776/5100 lr:0.001 train_loss:3.6795 train_time:610716ms step_avg:345.82ms
step:1777/5100 lr:0.001 train_loss:3.7834 train_time:611210ms step_avg:345.90ms
step:1778/5100 lr:0.001 train_loss:3.5375 train_time:611704ms step_avg:345.99ms
step:1779/5100 lr:0.001 train_loss:3.6329 train_time:612199ms step_avg:346.07ms
step:1780/5100 lr:0.001 train_loss:3.6736 train_time:612693ms step_avg:346.15ms
step:1781/5100 lr:0.001 train_loss:3.5405 train_time:613188ms step_avg:346.24ms
step:1782/5100 lr:0.001 train_loss:3.5178 train_time:613682ms step_avg:346.32ms
step:1783/5100 lr:0.001 train_loss:3.5870 train_time:614177ms step_avg:346.41ms
step:1784/5100 lr:0.001 train_loss:3.6913 train_time:614670ms step_avg:346.49ms
step:1785/5100 lr:0.001 train_loss:3.6673 train_time:615164ms step_avg:346.57ms
step:1786/5100 lr:0.001 train_loss:3.4725 train_time:615659ms step_avg:346.65ms
step:1787/5100 lr:0.001 train_loss:3.7366 train_time:616153ms step_avg:346.74ms
step:1788/5100 lr:0.001 train_loss:3.7808 train_time:616647ms step_avg:346.82ms
step:1789/5100 lr:0.001 train_loss:3.5626 train_time:617142ms step_avg:346.90ms
step:1790/5100 lr:0.001 train_loss:3.6836 train_time:617636ms step_avg:346.99ms
step:1791/5100 lr:0.001 train_loss:3.6444 train_time:618130ms step_avg:347.07ms
step:1792/5100 lr:0.001 train_loss:3.4703 train_time:618624ms step_avg:347.15ms
step:1793/5100 lr:0.001 train_loss:3.5749 train_time:619120ms step_avg:347.23ms
step:1794/5100 lr:0.001 train_loss:3.6679 train_time:619615ms step_avg:347.32ms
step:1795/5100 lr:0.001 train_loss:3.6774 train_time:620117ms step_avg:347.40ms
step:1796/5100 lr:0.001 train_loss:3.5334 train_time:620612ms step_avg:347.49ms
step:1797/5100 lr:0.001 train_loss:3.4463 train_time:621107ms step_avg:347.57ms
step:1798/5100 lr:0.001 train_loss:3.7278 train_time:621602ms step_avg:347.65ms
step:1799/5100 lr:0.001 train_loss:3.6386 train_time:622097ms step_avg:347.73ms
step:1800/5100 lr:0.001 train_loss:3.8060 train_time:622592ms step_avg:347.82ms
step:1801/5100 lr:0.001 train_loss:3.6166 train_time:623088ms step_avg:347.90ms
step:1802/5100 lr:0.001 train_loss:3.7537 train_time:623582ms step_avg:347.98ms
step:1803/5100 lr:0.001 train_loss:3.6660 train_time:624076ms step_avg:348.06ms
step:1804/5100 lr:0.001 train_loss:3.4226 train_time:624571ms step_avg:348.14ms
step:1805/5100 lr:0.001 train_loss:3.4672 train_time:625066ms step_avg:348.23ms
step:1806/5100 lr:0.001 train_loss:3.5976 train_time:625560ms step_avg:348.31ms
step:1807/5100 lr:0.001 train_loss:3.4282 train_time:626058ms step_avg:348.39ms
step:1808/5100 lr:0.001 train_loss:3.6523 train_time:626548ms step_avg:348.47ms
step:1809/5100 lr:0.001 train_loss:3.5286 train_time:627043ms step_avg:348.55ms
step:1810/5100 lr:0.001 train_loss:3.6395 train_time:627538ms step_avg:348.63ms
step:1811/5100 lr:0.001 train_loss:3.5931 train_time:628033ms step_avg:348.71ms
step:1812/5100 lr:0.001 train_loss:3.5177 train_time:628532ms step_avg:348.80ms
step:1813/5100 lr:0.001 train_loss:3.6347 train_time:629026ms step_avg:348.88ms
step:1814/5100 lr:0.001 train_loss:3.4254 train_time:629520ms step_avg:348.96ms
step:1815/5100 lr:0.001 train_loss:3.5662 train_time:630014ms step_avg:349.04ms
step:1816/5100 lr:0.001 train_loss:3.7686 train_time:630515ms step_avg:349.12ms
step:1817/5100 lr:0.001 train_loss:3.4894 train_time:631009ms step_avg:349.20ms
step:1818/5100 lr:0.001 train_loss:3.6907 train_time:631503ms step_avg:349.28ms
step:1819/5100 lr:0.001 train_loss:3.4975 train_time:631998ms step_avg:349.36ms
step:1820/5100 lr:0.001 train_loss:3.6249 train_time:632492ms step_avg:349.44ms
step:1821/5100 lr:0.001 train_loss:3.6227 train_time:632986ms step_avg:349.52ms
step:1822/5100 lr:0.001 train_loss:3.8221 train_time:633482ms step_avg:349.60ms
step:1823/5100 lr:0.001 train_loss:3.6355 train_time:633977ms step_avg:349.68ms
step:1824/5100 lr:0.001 train_loss:3.5116 train_time:634471ms step_avg:349.76ms
step:1825/5100 lr:0.001 train_loss:3.5647 train_time:634966ms step_avg:349.84ms
step:1826/5100 lr:0.001 train_loss:3.4246 train_time:635460ms step_avg:349.92ms
step:1827/5100 lr:0.001 train_loss:3.5449 train_time:635953ms step_avg:350.00ms
step:1828/5100 lr:0.001 train_loss:3.6718 train_time:636447ms step_avg:350.08ms
step:1829/5100 lr:0.001 train_loss:3.4596 train_time:636942ms step_avg:350.16ms
step:1830/5100 lr:0.001 train_loss:4.3941 train_time:637436ms step_avg:350.24ms
step:1831/5100 lr:0.001 train_loss:3.5331 train_time:637931ms step_avg:350.32ms
step:1832/5100 lr:0.001 train_loss:3.4051 train_time:638429ms step_avg:350.40ms
step:1833/5100 lr:0.001 train_loss:3.5987 train_time:638924ms step_avg:350.48ms
step:1834/5100 lr:0.001 train_loss:3.5182 train_time:639420ms step_avg:350.56ms
step:1835/5100 lr:0.001 train_loss:3.6385 train_time:639914ms step_avg:350.64ms
step:1836/5100 lr:0.001 train_loss:3.6645 train_time:640408ms step_avg:350.72ms
step:1837/5100 lr:0.001 train_loss:3.6033 train_time:640903ms step_avg:350.80ms
step:1838/5100 lr:0.001 train_loss:3.4644 train_time:641398ms step_avg:350.87ms
step:1839/5100 lr:0.001 train_loss:3.6623 train_time:641892ms step_avg:350.95ms
step:1840/5100 lr:0.001 train_loss:3.5182 train_time:642386ms step_avg:351.03ms
step:1841/5100 lr:0.001 train_loss:3.6588 train_time:642882ms step_avg:351.11ms
step:1842/5100 lr:0.001 train_loss:3.5813 train_time:643375ms step_avg:351.19ms
step:1843/5100 lr:0.001 train_loss:3.4109 train_time:643871ms step_avg:351.27ms
step:1844/5100 lr:0.001 train_loss:3.7288 train_time:644365ms step_avg:351.34ms
step:1845/5100 lr:0.001 train_loss:3.6101 train_time:644860ms step_avg:351.42ms
step:1846/5100 lr:0.001 train_loss:3.5717 train_time:645353ms step_avg:351.50ms
step:1847/5100 lr:0.001 train_loss:3.6402 train_time:645848ms step_avg:351.58ms
step:1848/5100 lr:0.001 train_loss:3.3974 train_time:646342ms step_avg:351.66ms
step:1849/5100 lr:0.001 train_loss:3.3831 train_time:646837ms step_avg:351.73ms
step:1850/5100 lr:0.001 train_loss:3.5294 train_time:647331ms step_avg:351.81ms
step:1851/5100 lr:0.001 train_loss:3.6029 train_time:647826ms step_avg:351.89ms
step:1852/5100 lr:0.001 train_loss:3.6887 train_time:648321ms step_avg:351.97ms
step:1853/5100 lr:0.001 train_loss:3.5654 train_time:648816ms step_avg:352.04ms
step:1854/5100 lr:0.001 train_loss:3.6538 train_time:649311ms step_avg:352.12ms
step:1855/5100 lr:0.001 train_loss:3.6702 train_time:649810ms step_avg:352.20ms
step:1856/5100 lr:0.001 train_loss:3.6049 train_time:650304ms step_avg:352.28ms
step:1857/5100 lr:0.001 train_loss:3.6175 train_time:650799ms step_avg:352.35ms
step:1858/5100 lr:0.001 train_loss:3.7349 train_time:651293ms step_avg:352.43ms
step:1859/5100 lr:0.001 train_loss:3.4266 train_time:651788ms step_avg:352.51ms
step:1860/5100 lr:0.001 train_loss:3.4663 train_time:652282ms step_avg:352.59ms
step:1861/5100 lr:0.001 train_loss:3.4972 train_time:652777ms step_avg:352.66ms
step:1862/5100 lr:0.001 train_loss:3.5207 train_time:653271ms step_avg:352.74ms
step:1863/5100 lr:0.001 train_loss:3.5395 train_time:653765ms step_avg:352.81ms
step:1864/5100 lr:0.001 train_loss:3.4878 train_time:654259ms step_avg:352.89ms
step:1865/5100 lr:0.001 train_loss:3.6193 train_time:654753ms step_avg:352.97ms
step:1866/5100 lr:0.001 train_loss:3.5518 train_time:655247ms step_avg:353.04ms
step:1867/5100 lr:0.001 train_loss:3.5940 train_time:655742ms step_avg:353.12ms
step:1868/5100 lr:0.001 train_loss:3.7422 train_time:656237ms step_avg:353.20ms
step:1869/5100 lr:0.001 train_loss:3.3939 train_time:656731ms step_avg:353.27ms
step:1870/5100 lr:0.001 train_loss:3.6169 train_time:657225ms step_avg:353.35ms
step:1871/5100 lr:0.001 train_loss:3.5589 train_time:657720ms step_avg:353.42ms
step:1872/5100 lr:0.001 train_loss:3.4965 train_time:658222ms step_avg:353.50ms
step:1873/5100 lr:0.001 train_loss:3.5154 train_time:658724ms step_avg:353.58ms
step:1874/5100 lr:0.001 train_loss:3.4682 train_time:659220ms step_avg:353.66ms
step:1875/5100 lr:0.001 train_loss:3.4792 train_time:659713ms step_avg:353.73ms
step:1875/5100 val_loss:3.5706 train_time:659724ms step_avg:353.74ms
step:1876/5100 lr:0.001 train_loss:3.5831 train_time:663931ms step_avg:355.80ms
step:1877/5100 lr:0.001 train_loss:3.3957 train_time:664426ms step_avg:355.88ms
step:1878/5100 lr:0.001 train_loss:3.5093 train_time:664920ms step_avg:355.95ms
step:1879/5100 lr:0.001 train_loss:3.5818 train_time:665415ms step_avg:356.03ms
step:1880/5100 lr:0.001 train_loss:3.9922 train_time:665911ms step_avg:356.10ms
step:1881/5100 lr:0.001 train_loss:3.5754 train_time:666406ms step_avg:356.18ms
step:1882/5100 lr:0.001 train_loss:3.5074 train_time:666901ms step_avg:356.25ms
step:1883/5100 lr:0.001 train_loss:3.6559 train_time:667396ms step_avg:356.32ms
step:1884/5100 lr:0.001 train_loss:3.5718 train_time:667891ms step_avg:356.40ms
step:1885/5100 lr:0.001 train_loss:3.5283 train_time:668386ms step_avg:356.47ms
step:1886/5100 lr:0.001 train_loss:3.5892 train_time:668880ms step_avg:356.55ms
step:1887/5100 lr:0.001 train_loss:3.4008 train_time:669374ms step_avg:356.62ms
step:1888/5100 lr:0.001 train_loss:3.5813 train_time:669868ms step_avg:356.69ms
step:1889/5100 lr:0.001 train_loss:3.9314 train_time:670363ms step_avg:356.77ms
step:1890/5100 lr:0.001 train_loss:3.6157 train_time:670858ms step_avg:356.84ms
step:1891/5100 lr:0.001 train_loss:3.5587 train_time:671352ms step_avg:356.91ms
step:1892/5100 lr:0.001 train_loss:3.4990 train_time:671847ms step_avg:356.99ms
step:1893/5100 lr:0.001 train_loss:3.3838 train_time:672341ms step_avg:357.06ms
step:1894/5100 lr:0.001 train_loss:3.4527 train_time:672835ms step_avg:357.13ms
step:1895/5100 lr:0.001 train_loss:3.5235 train_time:673330ms step_avg:357.20ms
step:1896/5100 lr:0.001 train_loss:3.6624 train_time:673826ms step_avg:357.28ms
step:1897/5100 lr:0.001 train_loss:3.5772 train_time:674321ms step_avg:357.35ms
step:1898/5100 lr:0.001 train_loss:3.7951 train_time:674815ms step_avg:357.42ms
step:1899/5100 lr:0.001 train_loss:3.6704 train_time:675310ms step_avg:357.50ms
step:1900/5100 lr:0.001 train_loss:3.6684 train_time:676010ms step_avg:357.68ms
step:1901/5100 lr:0.001 train_loss:3.8759 train_time:676510ms step_avg:357.75ms
step:1902/5100 lr:0.001 train_loss:3.6031 train_time:677005ms step_avg:357.82ms
step:1903/5100 lr:0.001 train_loss:3.4961 train_time:677499ms step_avg:357.90ms
step:1904/5100 lr:0.001 train_loss:3.5479 train_time:677993ms step_avg:357.97ms
step:1905/5100 lr:0.001 train_loss:3.5379 train_time:678692ms step_avg:358.15ms
step:1906/5100 lr:0.001 train_loss:3.5017 train_time:679187ms step_avg:358.22ms
step:1907/5100 lr:0.001 train_loss:3.5999 train_time:679680ms step_avg:358.29ms
step:1908/5100 lr:0.001 train_loss:3.4935 train_time:680176ms step_avg:358.36ms
step:1909/5100 lr:0.001 train_loss:3.7090 train_time:680669ms step_avg:358.44ms
step:1910/5100 lr:0.001 train_loss:3.5633 train_time:681163ms step_avg:358.51ms
step:1911/5100 lr:0.001 train_loss:3.5942 train_time:681658ms step_avg:358.58ms
step:1912/5100 lr:0.001 train_loss:3.5946 train_time:682151ms step_avg:358.65ms
step:1913/5100 lr:0.001 train_loss:3.3969 train_time:682646ms step_avg:358.72ms
step:1914/5100 lr:0.001 train_loss:3.5681 train_time:683140ms step_avg:358.79ms
step:1915/5100 lr:0.001 train_loss:3.6162 train_time:683634ms step_avg:358.86ms
step:1916/5100 lr:0.001 train_loss:3.5363 train_time:684129ms step_avg:358.93ms
step:1917/5100 lr:0.001 train_loss:3.5010 train_time:684627ms step_avg:359.01ms
step:1918/5100 lr:0.001 train_loss:3.0821 train_time:685122ms step_avg:359.08ms
step:1919/5100 lr:0.001 train_loss:3.4419 train_time:685617ms step_avg:359.15ms
step:1920/5100 lr:0.001 train_loss:3.7224 train_time:686111ms step_avg:359.22ms
step:1921/5100 lr:0.001 train_loss:3.7120 train_time:686605ms step_avg:359.29ms
step:1922/5100 lr:0.001 train_loss:3.5592 train_time:687100ms step_avg:359.36ms
step:1923/5100 lr:0.001 train_loss:3.5611 train_time:687608ms step_avg:359.44ms
step:1924/5100 lr:0.001 train_loss:3.7909 train_time:688102ms step_avg:359.51ms
step:1925/5100 lr:0.001 train_loss:3.4937 train_time:688597ms step_avg:359.58ms
step:1926/5100 lr:0.001 train_loss:3.5531 train_time:689092ms step_avg:359.65ms
step:1927/5100 lr:0.001 train_loss:3.5776 train_time:689587ms step_avg:359.72ms
step:1928/5100 lr:0.001 train_loss:3.6409 train_time:690081ms step_avg:359.79ms
step:1929/5100 lr:0.001 train_loss:3.2667 train_time:690575ms step_avg:359.86ms
step:1930/5100 lr:0.001 train_loss:3.4513 train_time:691070ms step_avg:359.93ms
step:1931/5100 lr:0.001 train_loss:3.4070 train_time:691565ms step_avg:360.00ms
step:1932/5100 lr:0.001 train_loss:3.4864 train_time:692058ms step_avg:360.07ms
step:1933/5100 lr:0.001 train_loss:3.2795 train_time:692552ms step_avg:360.14ms
step:1934/5100 lr:0.001 train_loss:3.4832 train_time:693047ms step_avg:360.21ms
step:1935/5100 lr:0.001 train_loss:3.7288 train_time:693541ms step_avg:360.28ms
step:1936/5100 lr:0.001 train_loss:3.5936 train_time:694036ms step_avg:360.35ms
step:1937/5100 lr:0.001 train_loss:3.6846 train_time:694531ms step_avg:360.42ms
step:1938/5100 lr:0.001 train_loss:3.5140 train_time:695025ms step_avg:360.49ms
step:1939/5100 lr:0.001 train_loss:3.5022 train_time:695524ms step_avg:360.56ms
step:1940/5100 lr:0.001 train_loss:3.6017 train_time:696019ms step_avg:360.63ms
step:1941/5100 lr:0.001 train_loss:3.5154 train_time:696517ms step_avg:360.70ms
step:1942/5100 lr:0.001 train_loss:3.6331 train_time:697012ms step_avg:360.77ms
step:1943/5100 lr:0.001 train_loss:3.4942 train_time:697509ms step_avg:360.84ms
step:1944/5100 lr:0.001 train_loss:3.6627 train_time:698004ms step_avg:360.91ms
step:1945/5100 lr:0.001 train_loss:3.8048 train_time:698501ms step_avg:360.98ms
step:1946/5100 lr:0.001 train_loss:3.5736 train_time:698996ms step_avg:361.05ms
step:1947/5100 lr:0.001 train_loss:3.5171 train_time:699492ms step_avg:361.12ms
step:1948/5100 lr:0.001 train_loss:3.7500 train_time:699987ms step_avg:361.19ms
step:1949/5100 lr:0.001 train_loss:3.4073 train_time:700481ms step_avg:361.26ms
step:1950/5100 lr:0.001 train_loss:3.5854 train_time:700976ms step_avg:361.33ms
step:1951/5100 lr:0.001 train_loss:3.5596 train_time:701471ms step_avg:361.40ms
step:1952/5100 lr:0.001 train_loss:3.4727 train_time:701965ms step_avg:361.47ms
step:1953/5100 lr:0.001 train_loss:3.4884 train_time:702460ms step_avg:361.53ms
step:1954/5100 lr:0.001 train_loss:3.4524 train_time:702953ms step_avg:361.60ms
step:1955/5100 lr:0.001 train_loss:3.4845 train_time:703447ms step_avg:361.67ms
step:1956/5100 lr:0.001 train_loss:3.4640 train_time:703942ms step_avg:361.74ms
step:1957/5100 lr:0.001 train_loss:3.6921 train_time:704436ms step_avg:361.81ms
step:1958/5100 lr:0.001 train_loss:3.6740 train_time:704931ms step_avg:361.87ms
step:1959/5100 lr:0.001 train_loss:3.5284 train_time:705430ms step_avg:361.94ms
step:1960/5100 lr:0.001 train_loss:3.4136 train_time:705929ms step_avg:362.01ms
step:1961/5100 lr:0.001 train_loss:3.3594 train_time:706427ms step_avg:362.08ms
step:1962/5100 lr:0.001 train_loss:3.7903 train_time:706922ms step_avg:362.15ms
step:1963/5100 lr:0.001 train_loss:3.5566 train_time:707417ms step_avg:362.22ms
step:1964/5100 lr:0.001 train_loss:3.6690 train_time:707912ms step_avg:362.29ms
step:1965/5100 lr:0.001 train_loss:3.4587 train_time:708406ms step_avg:362.36ms
step:1966/5100 lr:0.001 train_loss:3.6222 train_time:708901ms step_avg:362.42ms
step:1967/5100 lr:0.001 train_loss:3.6150 train_time:709396ms step_avg:362.49ms
step:1968/5100 lr:0.001 train_loss:3.5573 train_time:709892ms step_avg:362.56ms
step:1969/5100 lr:0.001 train_loss:3.4744 train_time:710388ms step_avg:362.63ms
step:1970/5100 lr:0.001 train_loss:3.7489 train_time:710882ms step_avg:362.69ms
step:1971/5100 lr:0.001 train_loss:3.4713 train_time:711376ms step_avg:362.76ms
step:1972/5100 lr:0.001 train_loss:3.5133 train_time:711871ms step_avg:362.83ms
step:1973/5100 lr:0.001 train_loss:3.5962 train_time:712365ms step_avg:362.90ms
step:1974/5100 lr:0.001 train_loss:3.3947 train_time:712859ms step_avg:362.96ms
step:1975/5100 lr:0.001 train_loss:3.1950 train_time:713354ms step_avg:363.03ms
step:1976/5100 lr:0.001 train_loss:3.2609 train_time:713848ms step_avg:363.10ms
step:1977/5100 lr:0.001 train_loss:3.5423 train_time:714341ms step_avg:363.16ms
step:1978/5100 lr:0.001 train_loss:3.4689 train_time:714836ms step_avg:363.23ms
step:1979/5100 lr:0.001 train_loss:3.3560 train_time:715330ms step_avg:363.30ms
step:1980/5100 lr:0.001 train_loss:3.6231 train_time:715824ms step_avg:363.36ms
step:1981/5100 lr:0.001 train_loss:3.4795 train_time:716318ms step_avg:363.43ms
step:1982/5100 lr:0.001 train_loss:4.0734 train_time:716813ms step_avg:363.50ms
step:1983/5100 lr:0.001 train_loss:3.5112 train_time:717306ms step_avg:363.56ms
step:1984/5100 lr:0.001 train_loss:3.5397 train_time:717800ms step_avg:363.63ms
step:1985/5100 lr:0.001 train_loss:3.5372 train_time:718299ms step_avg:363.70ms
step:1986/5100 lr:0.001 train_loss:3.5847 train_time:718792ms step_avg:363.76ms
step:1987/5100 lr:0.001 train_loss:3.5592 train_time:719287ms step_avg:363.83ms
step:1988/5100 lr:0.001 train_loss:3.4318 train_time:719780ms step_avg:363.89ms
step:1989/5100 lr:0.001 train_loss:3.6216 train_time:720274ms step_avg:363.96ms
step:1990/5100 lr:0.001 train_loss:3.6859 train_time:720768ms step_avg:364.02ms
step:1991/5100 lr:0.001 train_loss:3.4455 train_time:721263ms step_avg:364.09ms
step:1992/5100 lr:0.001 train_loss:3.5037 train_time:721757ms step_avg:364.16ms
step:1993/5100 lr:0.001 train_loss:3.5869 train_time:722252ms step_avg:364.22ms
step:1994/5100 lr:0.001 train_loss:3.6559 train_time:722746ms step_avg:364.29ms
step:1995/5100 lr:0.001 train_loss:3.4348 train_time:723240ms step_avg:364.35ms
step:1996/5100 lr:0.001 train_loss:3.4287 train_time:723734ms step_avg:364.42ms
step:1997/5100 lr:0.001 train_loss:3.7786 train_time:724231ms step_avg:364.48ms
step:1998/5100 lr:0.001 train_loss:3.4468 train_time:724724ms step_avg:364.55ms
step:1999/5100 lr:0.001 train_loss:3.4918 train_time:725218ms step_avg:364.61ms
step:2000/5100 lr:0.001 train_loss:3.5647 train_time:725712ms step_avg:364.68ms
step:2000/5100 val_loss:3.5434 train_time:725723ms step_avg:364.68ms
step:2001/5100 lr:0.001 train_loss:3.4902 train_time:729937ms step_avg:366.62ms
step:2002/5100 lr:0.001 train_loss:3.4636 train_time:730430ms step_avg:366.68ms
step:2003/5100 lr:0.001 train_loss:3.4628 train_time:730924ms step_avg:366.75ms
step:2004/5100 lr:0.001 train_loss:3.5305 train_time:731420ms step_avg:366.81ms
step:2005/5100 lr:0.001 train_loss:3.6468 train_time:731914ms step_avg:366.87ms
step:2006/5100 lr:0.001 train_loss:3.5599 train_time:732411ms step_avg:366.94ms
step:2007/5100 lr:0.001 train_loss:3.9104 train_time:732906ms step_avg:367.00ms
step:2008/5100 lr:0.001 train_loss:3.6151 train_time:733402ms step_avg:367.07ms
step:2009/5100 lr:0.001 train_loss:3.4594 train_time:733897ms step_avg:367.13ms
step:2010/5100 lr:0.001 train_loss:3.5161 train_time:734397ms step_avg:367.20ms
step:2011/5100 lr:0.001 train_loss:3.3555 train_time:734893ms step_avg:367.26ms
step:2012/5100 lr:0.001 train_loss:3.6310 train_time:735400ms step_avg:367.33ms
step:2013/5100 lr:0.001 train_loss:3.5523 train_time:735894ms step_avg:367.40ms
step:2014/5100 lr:0.001 train_loss:3.5248 train_time:736390ms step_avg:367.46ms
step:2015/5100 lr:0.001 train_loss:3.5908 train_time:736885ms step_avg:367.52ms
step:2016/5100 lr:0.001 train_loss:3.6116 train_time:737380ms step_avg:367.59ms
step:2017/5100 lr:0.001 train_loss:3.4562 train_time:737876ms step_avg:367.65ms
step:2018/5100 lr:0.001 train_loss:3.5453 train_time:738372ms step_avg:367.72ms
step:2019/5100 lr:0.001 train_loss:3.4966 train_time:738867ms step_avg:367.78ms
step:2020/5100 lr:0.001 train_loss:3.4818 train_time:739362ms step_avg:367.84ms
step:2021/5100 lr:0.001 train_loss:3.7834 train_time:739857ms step_avg:367.91ms
step:2022/5100 lr:0.001 train_loss:3.4629 train_time:740352ms step_avg:367.97ms
step:2023/5100 lr:0.001 train_loss:3.7428 train_time:740848ms step_avg:368.03ms
step:2024/5100 lr:0.001 train_loss:3.5094 train_time:741343ms step_avg:368.09ms
step:2025/5100 lr:0.001 train_loss:3.2239 train_time:741841ms step_avg:368.16ms
step:2026/5100 lr:0.001 train_loss:3.4909 train_time:742332ms step_avg:368.22ms
step:2027/5100 lr:0.001 train_loss:3.4829 train_time:742922ms step_avg:368.33ms
step:2028/5100 lr:0.001 train_loss:3.5615 train_time:743417ms step_avg:368.39ms
step:2029/5100 lr:0.001 train_loss:3.6830 train_time:743912ms step_avg:368.46ms
step:2030/5100 lr:0.001 train_loss:3.5008 train_time:744408ms step_avg:368.52ms
step:2031/5100 lr:0.001 train_loss:3.0195 train_time:744902ms step_avg:368.58ms
step:2032/5100 lr:0.001 train_loss:3.4702 train_time:745398ms step_avg:368.64ms
step:2033/5100 lr:0.001 train_loss:3.6132 train_time:745893ms step_avg:368.71ms
step:2034/5100 lr:0.001 train_loss:3.4877 train_time:746388ms step_avg:368.77ms
step:2035/5100 lr:0.001 train_loss:3.5857 train_time:746883ms step_avg:368.83ms
step:2036/5100 lr:0.001 train_loss:3.3662 train_time:747378ms step_avg:368.89ms
step:2037/5100 lr:0.001 train_loss:3.5989 train_time:747873ms step_avg:368.96ms
step:2038/5100 lr:0.001 train_loss:3.4180 train_time:748368ms step_avg:369.02ms
step:2039/5100 lr:0.001 train_loss:3.5897 train_time:748863ms step_avg:369.08ms
step:2040/5100 lr:0.001 train_loss:3.6135 train_time:749358ms step_avg:369.14ms
step:2041/5100 lr:0.001 train_loss:3.6292 train_time:749852ms step_avg:369.20ms
step:2042/5100 lr:0.001 train_loss:3.4170 train_time:750347ms step_avg:369.27ms
step:2043/5100 lr:0.001 train_loss:3.7644 train_time:750842ms step_avg:369.33ms
step:2044/5100 lr:0.001 train_loss:3.5825 train_time:751338ms step_avg:369.39ms
step:2045/5100 lr:0.001 train_loss:3.6412 train_time:751833ms step_avg:369.45ms
step:2046/5100 lr:0.001 train_loss:3.4431 train_time:752329ms step_avg:369.51ms
step:2047/5100 lr:0.001 train_loss:3.5186 train_time:752827ms step_avg:369.58ms
step:2048/5100 lr:0.001 train_loss:3.5970 train_time:753330ms step_avg:369.64ms
step:2049/5100 lr:0.001 train_loss:3.5724 train_time:753822ms step_avg:369.70ms
step:2050/5100 lr:0.001 train_loss:3.3184 train_time:754317ms step_avg:369.76ms
step:2051/5100 lr:0.001 train_loss:3.3997 train_time:754811ms step_avg:369.82ms
step:2052/5100 lr:0.001 train_loss:3.5395 train_time:755306ms step_avg:369.89ms
step:2053/5100 lr:0.001 train_loss:3.4651 train_time:755801ms step_avg:369.95ms
step:2054/5100 lr:0.001 train_loss:3.3524 train_time:756296ms step_avg:370.01ms
step:2055/5100 lr:0.001 train_loss:3.6472 train_time:756794ms step_avg:370.07ms
step:2056/5100 lr:0.001 train_loss:3.5668 train_time:757289ms step_avg:370.13ms
step:2057/5100 lr:0.001 train_loss:3.5099 train_time:757783ms step_avg:370.19ms
step:2058/5100 lr:0.001 train_loss:3.5194 train_time:758277ms step_avg:370.25ms
step:2059/5100 lr:0.001 train_loss:3.5602 train_time:758773ms step_avg:370.31ms
step:2060/5100 lr:0.001 train_loss:3.4719 train_time:759269ms step_avg:370.38ms
step:2061/5100 lr:0.001 train_loss:3.8259 train_time:759763ms step_avg:370.44ms
step:2062/5100 lr:0.001 train_loss:3.7279 train_time:760258ms step_avg:370.50ms
step:2063/5100 lr:0.001 train_loss:3.5001 train_time:760752ms step_avg:370.56ms
step:2064/5100 lr:0.001 train_loss:3.6553 train_time:761248ms step_avg:370.62ms
step:2065/5100 lr:0.001 train_loss:3.6002 train_time:761744ms step_avg:370.68ms
step:2066/5100 lr:0.001 train_loss:3.6099 train_time:762239ms step_avg:370.74ms
step:2067/5100 lr:0.001 train_loss:3.5466 train_time:762733ms step_avg:370.80ms
step:2068/5100 lr:0.001 train_loss:3.8418 train_time:763228ms step_avg:370.86ms
step:2069/5100 lr:0.001 train_loss:3.5842 train_time:763722ms step_avg:370.92ms
step:2070/5100 lr:0.001 train_loss:3.6481 train_time:764217ms step_avg:370.98ms
step:2071/5100 lr:0.001 train_loss:3.4914 train_time:764714ms step_avg:371.04ms
step:2072/5100 lr:0.001 train_loss:3.4383 train_time:765208ms step_avg:371.10ms
step:2073/5100 lr:0.001 train_loss:3.4827 train_time:765702ms step_avg:371.16ms
step:2074/5100 lr:0.001 train_loss:3.7256 train_time:766200ms step_avg:371.22ms
step:2075/5100 lr:0.001 train_loss:3.6820 train_time:766694ms step_avg:371.28ms
step:2076/5100 lr:0.001 train_loss:3.5813 train_time:767188ms step_avg:371.34ms
step:2077/5100 lr:0.001 train_loss:3.5412 train_time:767683ms step_avg:371.40ms
step:2078/5100 lr:0.001 train_loss:3.5690 train_time:768177ms step_avg:371.46ms
step:2079/5100 lr:0.001 train_loss:3.5548 train_time:768671ms step_avg:371.52ms
step:2080/5100 lr:0.001 train_loss:3.2886 train_time:769165ms step_avg:371.58ms
step:2081/5100 lr:0.001 train_loss:3.6882 train_time:769660ms step_avg:371.64ms
step:2082/5100 lr:0.001 train_loss:3.3740 train_time:770154ms step_avg:371.70ms
step:2083/5100 lr:0.001 train_loss:3.3625 train_time:770649ms step_avg:371.76ms
step:2084/5100 lr:0.001 train_loss:3.4461 train_time:771143ms step_avg:371.81ms
step:2085/5100 lr:0.001 train_loss:3.5366 train_time:771637ms step_avg:371.87ms
step:2086/5100 lr:0.001 train_loss:3.3882 train_time:772131ms step_avg:371.93ms
step:2087/5100 lr:0.001 train_loss:3.6248 train_time:772626ms step_avg:371.99ms
step:2088/5100 lr:0.001 train_loss:3.4388 train_time:773120ms step_avg:372.05ms
step:2089/5100 lr:0.001 train_loss:3.3854 train_time:773622ms step_avg:372.11ms
step:2090/5100 lr:0.001 train_loss:3.5512 train_time:774321ms step_avg:372.27ms
step:2091/5100 lr:0.001 train_loss:3.6336 train_time:774815ms step_avg:372.33ms
step:2092/5100 lr:0.001 train_loss:3.5421 train_time:775310ms step_avg:372.39ms
step:2093/5100 lr:0.001 train_loss:3.7931 train_time:775804ms step_avg:372.45ms
step:2094/5100 lr:0.001 train_loss:3.6264 train_time:776300ms step_avg:372.50ms
step:2095/5100 lr:0.001 train_loss:3.6474 train_time:776794ms step_avg:372.56ms
step:2096/5100 lr:0.001 train_loss:3.5609 train_time:777488ms step_avg:372.72ms
step:2097/5100 lr:0.001 train_loss:3.4821 train_time:777982ms step_avg:372.78ms
step:2098/5100 lr:0.001 train_loss:3.6496 train_time:778477ms step_avg:372.83ms
step:2099/5100 lr:0.001 train_loss:3.4924 train_time:778971ms step_avg:372.89ms
step:2100/5100 lr:0.001 train_loss:3.4530 train_time:779466ms step_avg:372.95ms
step:2101/5100 lr:0.001 train_loss:3.0856 train_time:779961ms step_avg:373.01ms
step:2102/5100 lr:0.001 train_loss:3.6098 train_time:780455ms step_avg:373.07ms
step:2103/5100 lr:0.001 train_loss:3.5409 train_time:780950ms step_avg:373.12ms
step:2104/5100 lr:0.001 train_loss:3.6208 train_time:781445ms step_avg:373.18ms
step:2105/5100 lr:0.001 train_loss:3.5375 train_time:781939ms step_avg:373.24ms
step:2106/5100 lr:0.001 train_loss:3.3087 train_time:782436ms step_avg:373.30ms
step:2107/5100 lr:0.001 train_loss:3.5006 train_time:782934ms step_avg:373.36ms
step:2108/5100 lr:0.001 train_loss:3.7932 train_time:783429ms step_avg:373.42ms
step:2109/5100 lr:0.001 train_loss:3.3328 train_time:783927ms step_avg:373.48ms
step:2110/5100 lr:0.001 train_loss:3.4547 train_time:784422ms step_avg:373.53ms
step:2111/5100 lr:0.001 train_loss:3.4644 train_time:784928ms step_avg:373.60ms
step:2112/5100 lr:0.001 train_loss:3.4571 train_time:785422ms step_avg:373.65ms
step:2113/5100 lr:0.001 train_loss:3.5786 train_time:785916ms step_avg:373.71ms
step:2114/5100 lr:0.001 train_loss:3.8224 train_time:786410ms step_avg:373.77ms
step:2115/5100 lr:0.001 train_loss:3.4538 train_time:786905ms step_avg:373.83ms
step:2116/5100 lr:0.001 train_loss:3.4671 train_time:787399ms step_avg:373.88ms
step:2117/5100 lr:0.001 train_loss:3.3785 train_time:787898ms step_avg:373.94ms
step:2118/5100 lr:0.001 train_loss:3.4595 train_time:788394ms step_avg:374.00ms
step:2119/5100 lr:0.001 train_loss:3.5955 train_time:788889ms step_avg:374.06ms
step:2120/5100 lr:0.001 train_loss:3.5729 train_time:789383ms step_avg:374.12ms
step:2121/5100 lr:0.001 train_loss:3.6223 train_time:789878ms step_avg:374.17ms
step:2122/5100 lr:0.001 train_loss:3.6407 train_time:790373ms step_avg:374.23ms
step:2123/5100 lr:0.001 train_loss:3.5823 train_time:790868ms step_avg:374.29ms
step:2124/5100 lr:0.001 train_loss:3.5932 train_time:791362ms step_avg:374.34ms
step:2125/5100 lr:0.001 train_loss:3.4884 train_time:791856ms step_avg:374.40ms
step:2125/5100 val_loss:3.5259 train_time:791867ms step_avg:374.41ms
step:2126/5100 lr:0.001 train_loss:3.3829 train_time:796094ms step_avg:376.23ms
step:2127/5100 lr:0.001 train_loss:3.6443 train_time:796589ms step_avg:376.28ms
step:2128/5100 lr:0.001 train_loss:3.5347 train_time:797083ms step_avg:376.34ms
step:2129/5100 lr:0.001 train_loss:3.5442 train_time:797577ms step_avg:376.39ms
step:2130/5100 lr:0.001 train_loss:3.5115 train_time:798071ms step_avg:376.45ms
step:2131/5100 lr:0.001 train_loss:3.6119 train_time:798567ms step_avg:376.50ms
step:2132/5100 lr:0.001 train_loss:3.5086 train_time:799061ms step_avg:376.56ms
step:2133/5100 lr:0.001 train_loss:3.3507 train_time:799557ms step_avg:376.62ms
step:2134/5100 lr:0.001 train_loss:3.4369 train_time:800051ms step_avg:376.67ms
step:2135/5100 lr:0.001 train_loss:3.5313 train_time:800546ms step_avg:376.73ms
step:2136/5100 lr:0.001 train_loss:3.3555 train_time:801040ms step_avg:376.78ms
step:2137/5100 lr:0.001 train_loss:3.4392 train_time:801535ms step_avg:376.84ms
step:2138/5100 lr:0.001 train_loss:3.4984 train_time:802028ms step_avg:376.89ms
step:2139/5100 lr:0.001 train_loss:3.5512 train_time:802522ms step_avg:376.95ms
step:2140/5100 lr:0.001 train_loss:3.5804 train_time:803016ms step_avg:377.00ms
step:2141/5100 lr:0.001 train_loss:3.6592 train_time:803512ms step_avg:377.06ms
step:2142/5100 lr:0.001 train_loss:3.5599 train_time:804006ms step_avg:377.11ms
step:2143/5100 lr:0.001 train_loss:3.6903 train_time:804500ms step_avg:377.17ms
step:2144/5100 lr:0.001 train_loss:3.7072 train_time:804994ms step_avg:377.22ms
step:2145/5100 lr:0.001 train_loss:3.4221 train_time:805489ms step_avg:377.28ms
step:2146/5100 lr:0.001 train_loss:4.0249 train_time:805983ms step_avg:377.33ms
step:2147/5100 lr:0.001 train_loss:3.4824 train_time:806478ms step_avg:377.39ms
step:2148/5100 lr:0.001 train_loss:3.5668 train_time:806978ms step_avg:377.45ms
step:2149/5100 lr:0.001 train_loss:3.4756 train_time:807472ms step_avg:377.50ms
step:2150/5100 lr:0.001 train_loss:3.6598 train_time:807967ms step_avg:377.55ms
step:2151/5100 lr:0.001 train_loss:3.2722 train_time:808462ms step_avg:377.61ms
step:2152/5100 lr:0.001 train_loss:3.4311 train_time:808957ms step_avg:377.66ms
step:2153/5100 lr:0.001 train_loss:3.9138 train_time:809453ms step_avg:377.72ms
step:2154/5100 lr:0.001 train_loss:3.6290 train_time:809948ms step_avg:377.77ms
step:2155/5100 lr:0.001 train_loss:3.5148 train_time:810443ms step_avg:377.83ms
step:2156/5100 lr:0.001 train_loss:3.4165 train_time:810938ms step_avg:377.88ms
step:2157/5100 lr:0.001 train_loss:3.6982 train_time:811434ms step_avg:377.94ms
step:2158/5100 lr:0.001 train_loss:3.6979 train_time:811929ms step_avg:377.99ms
step:2159/5100 lr:0.001 train_loss:3.7075 train_time:812422ms step_avg:378.05ms
step:2160/5100 lr:0.001 train_loss:3.4349 train_time:812917ms step_avg:378.10ms
step:2161/5100 lr:0.001 train_loss:3.6045 train_time:813411ms step_avg:378.15ms
step:2162/5100 lr:0.001 train_loss:3.4907 train_time:813905ms step_avg:378.21ms
step:2163/5100 lr:0.001 train_loss:3.4332 train_time:814399ms step_avg:378.26ms
step:2164/5100 lr:0.001 train_loss:3.2540 train_time:814895ms step_avg:378.32ms
step:2165/5100 lr:0.001 train_loss:3.5372 train_time:815390ms step_avg:378.37ms
step:2166/5100 lr:0.001 train_loss:3.5563 train_time:815885ms step_avg:378.43ms
step:2167/5100 lr:0.001 train_loss:3.5622 train_time:816379ms step_avg:378.48ms
step:2168/5100 lr:0.001 train_loss:3.6180 train_time:816880ms step_avg:378.54ms
step:2169/5100 lr:0.001 train_loss:3.5439 train_time:817376ms step_avg:378.59ms
step:2170/5100 lr:0.001 train_loss:3.4329 train_time:817871ms step_avg:378.64ms
step:2171/5100 lr:0.001 train_loss:3.3783 train_time:818365ms step_avg:378.70ms
step:2172/5100 lr:0.001 train_loss:3.6003 train_time:818860ms step_avg:378.75ms
step:2173/5100 lr:0.001 train_loss:3.5119 train_time:819355ms step_avg:378.80ms
step:2174/5100 lr:0.001 train_loss:3.2045 train_time:819849ms step_avg:378.86ms
step:2175/5100 lr:0.001 train_loss:3.8035 train_time:820343ms step_avg:378.91ms
step:2176/5100 lr:0.001 train_loss:3.4694 train_time:820838ms step_avg:378.97ms
step:2177/5100 lr:0.001 train_loss:3.4887 train_time:821334ms step_avg:379.02ms
step:2178/5100 lr:0.001 train_loss:3.5549 train_time:821831ms step_avg:379.07ms
step:2179/5100 lr:0.001 train_loss:3.5331 train_time:822325ms step_avg:379.13ms
step:2180/5100 lr:0.001 train_loss:3.6056 train_time:822818ms step_avg:379.18ms
step:2181/5100 lr:0.001 train_loss:3.5586 train_time:823313ms step_avg:379.23ms
step:2182/5100 lr:0.001 train_loss:3.4666 train_time:823808ms step_avg:379.29ms
step:2183/5100 lr:0.001 train_loss:3.7414 train_time:824302ms step_avg:379.34ms
step:2184/5100 lr:0.001 train_loss:3.4748 train_time:824796ms step_avg:379.39ms
step:2185/5100 lr:0.001 train_loss:3.4284 train_time:825290ms step_avg:379.44ms
step:2186/5100 lr:0.001 train_loss:4.3492 train_time:825791ms step_avg:379.50ms
step:2187/5100 lr:0.001 train_loss:3.7542 train_time:826285ms step_avg:379.55ms
step:2188/5100 lr:0.001 train_loss:3.5374 train_time:827354ms step_avg:379.87ms
step:2189/5100 lr:0.001 train_loss:3.3850 train_time:827849ms step_avg:379.92ms
step:2190/5100 lr:0.001 train_loss:3.5004 train_time:828344ms step_avg:379.97ms
step:2191/5100 lr:0.001 train_loss:3.5645 train_time:828839ms step_avg:380.03ms
step:2192/5100 lr:0.001 train_loss:3.4417 train_time:829333ms step_avg:380.08ms
step:2193/5100 lr:0.001 train_loss:3.4214 train_time:829828ms step_avg:380.13ms
step:2194/5100 lr:0.001 train_loss:3.5556 train_time:830324ms step_avg:380.19ms
step:2195/5100 lr:0.001 train_loss:3.3251 train_time:830818ms step_avg:380.24ms
step:2196/5100 lr:0.001 train_loss:3.7386 train_time:831313ms step_avg:380.29ms
step:2197/5100 lr:0.001 train_loss:3.5798 train_time:831806ms step_avg:380.34ms
step:2198/5100 lr:0.001 train_loss:3.6778 train_time:832300ms step_avg:380.39ms
step:2199/5100 lr:0.001 train_loss:3.6721 train_time:832797ms step_avg:380.45ms
step:2200/5100 lr:0.001 train_loss:3.7250 train_time:833291ms step_avg:380.50ms
step:2201/5100 lr:0.001 train_loss:3.6278 train_time:834418ms step_avg:380.84ms
step:2202/5100 lr:0.001 train_loss:3.4917 train_time:834913ms step_avg:380.89ms
step:2203/5100 lr:0.001 train_loss:3.6369 train_time:835408ms step_avg:380.94ms
step:2204/5100 lr:0.001 train_loss:3.5928 train_time:835902ms step_avg:380.99ms
step:2205/5100 lr:0.001 train_loss:3.6037 train_time:836396ms step_avg:381.05ms
step:2206/5100 lr:0.001 train_loss:3.5925 train_time:836891ms step_avg:381.10ms
step:2207/5100 lr:0.001 train_loss:3.3510 train_time:837385ms step_avg:381.15ms
step:2208/5100 lr:0.001 train_loss:3.8396 train_time:837885ms step_avg:381.20ms
step:2209/5100 lr:0.001 train_loss:3.4365 train_time:838383ms step_avg:381.26ms
step:2210/5100 lr:0.001 train_loss:3.4574 train_time:838876ms step_avg:381.31ms
step:2211/5100 lr:0.001 train_loss:3.7398 train_time:839373ms step_avg:381.36ms
step:2212/5100 lr:0.001 train_loss:3.3995 train_time:839871ms step_avg:381.41ms
step:2213/5100 lr:0.001 train_loss:3.5876 train_time:840365ms step_avg:381.46ms
step:2214/5100 lr:0.001 train_loss:3.5168 train_time:840862ms step_avg:381.52ms
step:2215/5100 lr:0.001 train_loss:3.5684 train_time:841353ms step_avg:381.57ms
step:2216/5100 lr:0.001 train_loss:3.4427 train_time:841849ms step_avg:381.62ms
step:2217/5100 lr:0.001 train_loss:3.4342 train_time:842343ms step_avg:381.67ms
step:2218/5100 lr:0.001 train_loss:3.8256 train_time:842836ms step_avg:381.72ms
step:2219/5100 lr:0.001 train_loss:3.6501 train_time:843330ms step_avg:381.77ms
step:2220/5100 lr:0.001 train_loss:3.5266 train_time:843824ms step_avg:381.82ms
step:2221/5100 lr:0.001 train_loss:3.7879 train_time:844317ms step_avg:381.87ms
step:2222/5100 lr:0.001 train_loss:3.8030 train_time:844810ms step_avg:381.92ms
step:2223/5100 lr:0.001 train_loss:3.5656 train_time:845304ms step_avg:381.97ms
step:2224/5100 lr:0.001 train_loss:3.5387 train_time:845803ms step_avg:382.02ms
step:2225/5100 lr:0.001 train_loss:3.5131 train_time:846297ms step_avg:382.08ms
step:2226/5100 lr:0.001 train_loss:3.5516 train_time:846791ms step_avg:382.13ms
step:2227/5100 lr:0.001 train_loss:3.6049 train_time:847292ms step_avg:382.18ms
step:2228/5100 lr:0.001 train_loss:3.5407 train_time:847786ms step_avg:382.23ms
step:2229/5100 lr:0.001 train_loss:3.6730 train_time:848290ms step_avg:382.28ms
step:2230/5100 lr:0.001 train_loss:3.4906 train_time:848791ms step_avg:382.34ms
step:2231/5100 lr:0.001 train_loss:3.5029 train_time:849285ms step_avg:382.39ms
step:2232/5100 lr:0.001 train_loss:3.4775 train_time:849778ms step_avg:382.44ms
step:2233/5100 lr:0.001 train_loss:3.8228 train_time:850272ms step_avg:382.49ms
step:2234/5100 lr:0.001 train_loss:3.3591 train_time:850766ms step_avg:382.54ms
step:2235/5100 lr:0.001 train_loss:3.6029 train_time:851261ms step_avg:382.59ms
step:2236/5100 lr:0.001 train_loss:3.3389 train_time:851755ms step_avg:382.64ms
step:2237/5100 lr:0.001 train_loss:3.3238 train_time:852250ms step_avg:382.69ms
step:2238/5100 lr:0.001 train_loss:3.4338 train_time:852746ms step_avg:382.74ms
step:2239/5100 lr:0.001 train_loss:3.6202 train_time:853240ms step_avg:382.79ms
step:2240/5100 lr:0.001 train_loss:3.4680 train_time:853734ms step_avg:382.84ms
step:2241/5100 lr:0.001 train_loss:3.5918 train_time:854229ms step_avg:382.89ms
step:2242/5100 lr:0.001 train_loss:3.5588 train_time:854723ms step_avg:382.94ms
step:2243/5100 lr:0.001 train_loss:3.5660 train_time:855217ms step_avg:382.99ms
step:2244/5100 lr:0.001 train_loss:3.6939 train_time:855711ms step_avg:383.04ms
step:2245/5100 lr:0.001 train_loss:3.5196 train_time:856205ms step_avg:383.09ms
step:2246/5100 lr:0.001 train_loss:3.3714 train_time:856700ms step_avg:383.14ms
step:2247/5100 lr:0.001 train_loss:3.4469 train_time:857195ms step_avg:383.19ms
step:2248/5100 lr:0.001 train_loss:3.5357 train_time:857688ms step_avg:383.24ms
step:2249/5100 lr:0.001 train_loss:3.5079 train_time:858182ms step_avg:383.29ms
step:2250/5100 lr:0.001 train_loss:3.3933 train_time:858677ms step_avg:383.34ms
step:2250/5100 val_loss:3.5068 train_time:858687ms step_avg:383.34ms
step:2251/5100 lr:0.001 train_loss:3.3326 train_time:862914ms step_avg:385.06ms
step:2252/5100 lr:0.001 train_loss:3.4059 train_time:863408ms step_avg:385.11ms
step:2253/5100 lr:0.001 train_loss:3.5932 train_time:863903ms step_avg:385.16ms
step:2254/5100 lr:0.001 train_loss:3.4649 train_time:864400ms step_avg:385.20ms
step:2255/5100 lr:0.001 train_loss:3.4607 train_time:864895ms step_avg:385.25ms
step:2256/5100 lr:0.001 train_loss:3.4699 train_time:865391ms step_avg:385.30ms
step:2257/5100 lr:0.001 train_loss:3.4937 train_time:865886ms step_avg:385.35ms
step:2258/5100 lr:0.001 train_loss:3.7186 train_time:866382ms step_avg:385.40ms
step:2259/5100 lr:0.001 train_loss:3.3040 train_time:866882ms step_avg:385.45ms
step:2260/5100 lr:0.001 train_loss:3.2608 train_time:867378ms step_avg:385.50ms
step:2261/5100 lr:0.001 train_loss:3.9236 train_time:867874ms step_avg:385.55ms
step:2262/5100 lr:0.001 train_loss:3.3769 train_time:868370ms step_avg:385.60ms
step:2263/5100 lr:0.001 train_loss:5.2999 train_time:868865ms step_avg:385.65ms
step:2264/5100 lr:0.001 train_loss:3.4774 train_time:869360ms step_avg:385.70ms
step:2265/5100 lr:0.001 train_loss:3.7488 train_time:869854ms step_avg:385.74ms
step:2266/5100 lr:0.001 train_loss:3.4762 train_time:870353ms step_avg:385.79ms
step:2267/5100 lr:0.001 train_loss:3.5210 train_time:870848ms step_avg:385.84ms
step:2268/5100 lr:0.001 train_loss:3.4605 train_time:871344ms step_avg:385.89ms
step:2269/5100 lr:0.001 train_loss:3.5127 train_time:871839ms step_avg:385.94ms
step:2270/5100 lr:0.001 train_loss:3.6308 train_time:872334ms step_avg:385.99ms
step:2271/5100 lr:0.001 train_loss:3.3589 train_time:872829ms step_avg:386.04ms
step:2272/5100 lr:0.001 train_loss:3.4128 train_time:873324ms step_avg:386.08ms
step:2273/5100 lr:0.001 train_loss:3.6326 train_time:873818ms step_avg:386.13ms
step:2274/5100 lr:0.001 train_loss:3.4348 train_time:874313ms step_avg:386.18ms
step:2275/5100 lr:0.001 train_loss:3.6373 train_time:874815ms step_avg:386.23ms
step:2276/5100 lr:0.001 train_loss:3.3776 train_time:875310ms step_avg:386.28ms
step:2277/5100 lr:0.001 train_loss:3.6817 train_time:875803ms step_avg:386.33ms
step:2278/5100 lr:0.001 train_loss:3.6097 train_time:876297ms step_avg:386.37ms
step:2279/5100 lr:0.001 train_loss:3.3922 train_time:876791ms step_avg:386.42ms
step:2280/5100 lr:0.001 train_loss:3.5200 train_time:877488ms step_avg:386.56ms
step:2281/5100 lr:0.001 train_loss:3.8564 train_time:877984ms step_avg:386.61ms
step:2282/5100 lr:0.001 train_loss:3.4470 train_time:878478ms step_avg:386.65ms
step:2283/5100 lr:0.001 train_loss:3.3188 train_time:878973ms step_avg:386.70ms
step:2284/5100 lr:0.001 train_loss:3.5121 train_time:879568ms step_avg:386.79ms
step:2285/5100 lr:0.001 train_loss:3.4211 train_time:880067ms step_avg:386.84ms
step:2286/5100 lr:0.001 train_loss:3.2993 train_time:880765ms step_avg:386.98ms
step:2287/5100 lr:0.001 train_loss:3.3502 train_time:881260ms step_avg:387.03ms
step:2288/5100 lr:0.001 train_loss:3.4860 train_time:881755ms step_avg:387.07ms
step:2289/5100 lr:0.001 train_loss:3.4065 train_time:882250ms step_avg:387.12ms
step:2290/5100 lr:0.001 train_loss:3.5301 train_time:882743ms step_avg:387.17ms
step:2291/5100 lr:0.001 train_loss:3.5217 train_time:883238ms step_avg:387.22ms
step:2292/5100 lr:0.001 train_loss:3.3332 train_time:883733ms step_avg:387.26ms
step:2293/5100 lr:0.001 train_loss:3.5256 train_time:884227ms step_avg:387.31ms
step:2294/5100 lr:0.001 train_loss:3.5328 train_time:884723ms step_avg:387.36ms
step:2295/5100 lr:0.001 train_loss:3.7270 train_time:885222ms step_avg:387.41ms
step:2296/5100 lr:0.001 train_loss:3.3340 train_time:885717ms step_avg:387.45ms
step:2297/5100 lr:0.001 train_loss:4.1465 train_time:886211ms step_avg:387.50ms
step:2298/5100 lr:0.001 train_loss:3.4364 train_time:886706ms step_avg:387.55ms
step:2299/5100 lr:0.001 train_loss:3.3714 train_time:887202ms step_avg:387.59ms
step:2300/5100 lr:0.001 train_loss:3.5385 train_time:887697ms step_avg:387.64ms
step:2301/5100 lr:0.001 train_loss:3.4628 train_time:888194ms step_avg:387.69ms
step:2302/5100 lr:0.001 train_loss:3.5059 train_time:888688ms step_avg:387.73ms
step:2303/5100 lr:0.001 train_loss:3.9470 train_time:889186ms step_avg:387.78ms
step:2304/5100 lr:0.001 train_loss:3.5312 train_time:889681ms step_avg:387.83ms
step:2305/5100 lr:0.001 train_loss:3.3374 train_time:890176ms step_avg:387.88ms
step:2306/5100 lr:0.001 train_loss:3.7247 train_time:890670ms step_avg:387.92ms
step:2307/5100 lr:0.001 train_loss:3.3564 train_time:891164ms step_avg:387.97ms
step:2308/5100 lr:0.001 train_loss:3.5026 train_time:891660ms step_avg:388.02ms
step:2309/5100 lr:0.001 train_loss:3.4639 train_time:892154ms step_avg:388.06ms
step:2310/5100 lr:0.001 train_loss:3.4094 train_time:892649ms step_avg:388.11ms
step:2311/5100 lr:0.001 train_loss:3.7258 train_time:893144ms step_avg:388.15ms
step:2312/5100 lr:0.001 train_loss:3.3210 train_time:893639ms step_avg:388.20ms
step:2313/5100 lr:0.001 train_loss:3.5467 train_time:894133ms step_avg:388.25ms
step:2314/5100 lr:0.001 train_loss:3.5192 train_time:894628ms step_avg:388.29ms
step:2315/5100 lr:0.001 train_loss:3.6324 train_time:895696ms step_avg:388.59ms
step:2316/5100 lr:0.001 train_loss:3.3304 train_time:896189ms step_avg:388.63ms
step:2317/5100 lr:0.001 train_loss:3.5277 train_time:896683ms step_avg:388.68ms
step:2318/5100 lr:0.001 train_loss:3.5838 train_time:897177ms step_avg:388.72ms
step:2319/5100 lr:0.001 train_loss:3.5346 train_time:897672ms step_avg:388.77ms
step:2320/5100 lr:0.001 train_loss:3.4106 train_time:898167ms step_avg:388.82ms
step:2321/5100 lr:0.001 train_loss:3.4866 train_time:898660ms step_avg:388.86ms
step:2322/5100 lr:0.001 train_loss:3.3306 train_time:899156ms step_avg:388.91ms
step:2323/5100 lr:0.001 train_loss:3.5309 train_time:899650ms step_avg:388.95ms
step:2324/5100 lr:0.001 train_loss:3.4601 train_time:900144ms step_avg:389.00ms
step:2325/5100 lr:0.001 train_loss:3.1502 train_time:900638ms step_avg:389.04ms
step:2326/5100 lr:0.001 train_loss:3.4419 train_time:901133ms step_avg:389.09ms
step:2327/5100 lr:0.001 train_loss:3.5809 train_time:901627ms step_avg:389.14ms
step:2328/5100 lr:0.001 train_loss:3.4894 train_time:902121ms step_avg:389.18ms
step:2329/5100 lr:0.001 train_loss:3.5097 train_time:902614ms step_avg:389.23ms
step:2330/5100 lr:0.001 train_loss:3.5275 train_time:903109ms step_avg:389.27ms
step:2331/5100 lr:0.001 train_loss:3.6131 train_time:903604ms step_avg:389.32ms
step:2332/5100 lr:0.001 train_loss:3.6154 train_time:904097ms step_avg:389.36ms
step:2333/5100 lr:0.001 train_loss:3.3462 train_time:904591ms step_avg:389.41ms
step:2334/5100 lr:0.001 train_loss:3.4313 train_time:905085ms step_avg:389.45ms
step:2335/5100 lr:0.001 train_loss:3.4203 train_time:905579ms step_avg:389.50ms
step:2336/5100 lr:0.001 train_loss:3.3775 train_time:906653ms step_avg:389.79ms
step:2337/5100 lr:0.001 train_loss:3.1629 train_time:907146ms step_avg:389.84ms
step:2338/5100 lr:0.001 train_loss:3.4683 train_time:907641ms step_avg:389.88ms
step:2339/5100 lr:0.001 train_loss:3.4813 train_time:908135ms step_avg:389.92ms
step:2340/5100 lr:0.001 train_loss:3.5671 train_time:908629ms step_avg:389.97ms
step:2341/5100 lr:0.001 train_loss:3.3597 train_time:909125ms step_avg:390.02ms
step:2342/5100 lr:0.001 train_loss:3.5071 train_time:909620ms step_avg:390.06ms
step:2343/5100 lr:0.001 train_loss:3.4672 train_time:910114ms step_avg:390.10ms
step:2344/5100 lr:0.001 train_loss:3.3875 train_time:910610ms step_avg:390.15ms
step:2345/5100 lr:0.001 train_loss:3.6107 train_time:911104ms step_avg:390.19ms
step:2346/5100 lr:0.001 train_loss:3.5007 train_time:911598ms step_avg:390.24ms
step:2347/5100 lr:0.001 train_loss:3.4590 train_time:912093ms step_avg:390.28ms
step:2348/5100 lr:0.001 train_loss:3.4623 train_time:912587ms step_avg:390.33ms
step:2349/5100 lr:0.001 train_loss:3.5452 train_time:913082ms step_avg:390.37ms
step:2350/5100 lr:0.001 train_loss:3.4566 train_time:913576ms step_avg:390.42ms
step:2351/5100 lr:0.001 train_loss:3.5272 train_time:914071ms step_avg:390.46ms
step:2352/5100 lr:0.001 train_loss:3.5434 train_time:914566ms step_avg:390.51ms
step:2353/5100 lr:0.001 train_loss:3.4855 train_time:915061ms step_avg:390.55ms
step:2354/5100 lr:0.001 train_loss:3.5321 train_time:915556ms step_avg:390.60ms
step:2355/5100 lr:0.001 train_loss:3.3394 train_time:916051ms step_avg:390.64ms
step:2356/5100 lr:0.001 train_loss:3.3138 train_time:916545ms step_avg:390.68ms
step:2357/5100 lr:0.001 train_loss:3.4465 train_time:917041ms step_avg:390.73ms
step:2358/5100 lr:0.001 train_loss:3.4698 train_time:917535ms step_avg:390.77ms
step:2359/5100 lr:0.001 train_loss:3.5532 train_time:918030ms step_avg:390.82ms
step:2360/5100 lr:0.001 train_loss:3.4458 train_time:918524ms step_avg:390.86ms
step:2361/5100 lr:0.001 train_loss:3.3025 train_time:919022ms step_avg:390.91ms
step:2362/5100 lr:0.001 train_loss:3.6099 train_time:919517ms step_avg:390.95ms
step:2363/5100 lr:0.001 train_loss:3.3197 train_time:920012ms step_avg:391.00ms
step:2364/5100 lr:0.001 train_loss:3.3891 train_time:920506ms step_avg:391.04ms
step:2365/5100 lr:0.001 train_loss:3.3325 train_time:921000ms step_avg:391.08ms
step:2366/5100 lr:0.001 train_loss:3.3335 train_time:921495ms step_avg:391.13ms
step:2367/5100 lr:0.001 train_loss:3.4424 train_time:921990ms step_avg:391.17ms
step:2368/5100 lr:0.001 train_loss:3.3239 train_time:922484ms step_avg:391.21ms
step:2369/5100 lr:0.001 train_loss:3.4690 train_time:922979ms step_avg:391.26ms
step:2370/5100 lr:0.001 train_loss:3.4304 train_time:923474ms step_avg:391.30ms
step:2371/5100 lr:0.001 train_loss:3.4847 train_time:923968ms step_avg:391.35ms
step:2372/5100 lr:0.001 train_loss:3.5652 train_time:924466ms step_avg:391.39ms
step:2373/5100 lr:0.001 train_loss:3.4719 train_time:924961ms step_avg:391.44ms
step:2374/5100 lr:0.001 train_loss:3.5023 train_time:925455ms step_avg:391.48ms
step:2375/5100 lr:0.001 train_loss:3.5908 train_time:925951ms step_avg:391.52ms
step:2375/5100 val_loss:3.4922 train_time:925962ms step_avg:391.53ms
step:2376/5100 lr:0.001 train_loss:3.3938 train_time:930187ms step_avg:393.15ms
step:2377/5100 lr:0.001 train_loss:3.6241 train_time:930681ms step_avg:393.19ms
step:2378/5100 lr:0.001 train_loss:3.4552 train_time:931175ms step_avg:393.23ms
step:2379/5100 lr:0.001 train_loss:4.1654 train_time:931672ms step_avg:393.28ms
step:2380/5100 lr:0.001 train_loss:3.4177 train_time:932166ms step_avg:393.32ms
step:2381/5100 lr:0.001 train_loss:3.3661 train_time:932660ms step_avg:393.36ms
step:2382/5100 lr:0.001 train_loss:3.7034 train_time:933157ms step_avg:393.41ms
step:2383/5100 lr:0.001 train_loss:3.5769 train_time:933651ms step_avg:393.45ms
step:2384/5100 lr:0.001 train_loss:3.6209 train_time:934145ms step_avg:393.49ms
step:2385/5100 lr:0.001 train_loss:3.5287 train_time:934641ms step_avg:393.53ms
step:2386/5100 lr:0.001 train_loss:3.3917 train_time:935151ms step_avg:393.58ms
step:2387/5100 lr:0.001 train_loss:3.5471 train_time:935645ms step_avg:393.62ms
step:2388/5100 lr:0.001 train_loss:3.5738 train_time:936140ms step_avg:393.67ms
step:2389/5100 lr:0.001 train_loss:3.4244 train_time:936634ms step_avg:393.71ms
step:2390/5100 lr:0.001 train_loss:3.3576 train_time:937128ms step_avg:393.75ms
step:2391/5100 lr:0.001 train_loss:3.5478 train_time:937623ms step_avg:393.79ms
step:2392/5100 lr:0.001 train_loss:3.5394 train_time:938118ms step_avg:393.84ms
step:2393/5100 lr:0.001 train_loss:3.6038 train_time:938612ms step_avg:393.88ms
step:2394/5100 lr:0.001 train_loss:3.5092 train_time:939106ms step_avg:393.92ms
step:2395/5100 lr:0.001 train_loss:3.5860 train_time:939601ms step_avg:393.96ms
step:2396/5100 lr:0.001 train_loss:3.4025 train_time:940096ms step_avg:394.00ms
step:2397/5100 lr:0.001 train_loss:3.3809 train_time:940590ms step_avg:394.05ms
step:2398/5100 lr:0.001 train_loss:3.6267 train_time:941239ms step_avg:394.15ms
step:2399/5100 lr:0.001 train_loss:3.3999 train_time:941734ms step_avg:394.20ms
step:2400/5100 lr:0.001 train_loss:3.6037 train_time:942229ms step_avg:394.24ms
step:2401/5100 lr:0.001 train_loss:3.6569 train_time:942725ms step_avg:394.28ms
step:2402/5100 lr:0.001 train_loss:3.8295 train_time:943219ms step_avg:394.32ms
step:2403/5100 lr:0.001 train_loss:3.7535 train_time:943714ms step_avg:394.36ms
step:2404/5100 lr:0.001 train_loss:3.5404 train_time:944221ms step_avg:394.41ms
step:2405/5100 lr:0.001 train_loss:3.3805 train_time:944715ms step_avg:394.45ms
step:2406/5100 lr:0.001 train_loss:3.4155 train_time:945209ms step_avg:394.49ms
step:2407/5100 lr:0.001 train_loss:3.5828 train_time:945704ms step_avg:394.54ms
step:2408/5100 lr:0.001 train_loss:3.3832 train_time:946775ms step_avg:394.82ms
step:2409/5100 lr:0.001 train_loss:3.4718 train_time:947274ms step_avg:394.86ms
step:2410/5100 lr:0.001 train_loss:3.7794 train_time:947768ms step_avg:394.90ms
step:2411/5100 lr:0.001 train_loss:3.4339 train_time:948263ms step_avg:394.95ms
step:2412/5100 lr:0.001 train_loss:3.5786 train_time:948758ms step_avg:394.99ms
step:2413/5100 lr:0.001 train_loss:3.4658 train_time:949253ms step_avg:395.03ms
step:2414/5100 lr:0.001 train_loss:3.5082 train_time:949746ms step_avg:395.07ms
step:2415/5100 lr:0.001 train_loss:3.5800 train_time:950241ms step_avg:395.11ms
step:2416/5100 lr:0.001 train_loss:3.4303 train_time:950736ms step_avg:395.15ms
step:2417/5100 lr:0.001 train_loss:3.6043 train_time:951230ms step_avg:395.19ms
step:2418/5100 lr:0.001 train_loss:3.5755 train_time:951724ms step_avg:395.23ms
step:2419/5100 lr:0.001 train_loss:3.4436 train_time:952218ms step_avg:395.28ms
step:2420/5100 lr:0.001 train_loss:3.4241 train_time:952714ms step_avg:395.32ms
step:2421/5100 lr:0.001 train_loss:3.5658 train_time:953208ms step_avg:395.36ms
step:2422/5100 lr:0.001 train_loss:3.3835 train_time:953704ms step_avg:395.40ms
step:2423/5100 lr:0.001 train_loss:3.3139 train_time:954768ms step_avg:395.68ms
step:2424/5100 lr:0.001 train_loss:3.6432 train_time:955263ms step_avg:395.72ms
step:2425/5100 lr:0.001 train_loss:3.4728 train_time:955757ms step_avg:395.76ms
step:2426/5100 lr:0.001 train_loss:3.4739 train_time:956256ms step_avg:395.80ms
step:2427/5100 lr:0.001 train_loss:3.4927 train_time:956750ms step_avg:395.84ms
step:2428/5100 lr:0.001 train_loss:3.6955 train_time:957245ms step_avg:395.88ms
step:2429/5100 lr:0.001 train_loss:3.4915 train_time:957739ms step_avg:395.92ms
step:2430/5100 lr:0.001 train_loss:3.7385 train_time:958234ms step_avg:395.96ms
step:2431/5100 lr:0.001 train_loss:3.6099 train_time:958728ms step_avg:396.00ms
step:2432/5100 lr:0.001 train_loss:3.4895 train_time:959222ms step_avg:396.05ms
step:2433/5100 lr:0.001 train_loss:3.5120 train_time:959716ms step_avg:396.09ms
step:2434/5100 lr:0.001 train_loss:3.4899 train_time:960211ms step_avg:396.13ms
step:2435/5100 lr:0.001 train_loss:3.5199 train_time:960704ms step_avg:396.17ms
step:2436/5100 lr:0.001 train_loss:3.4788 train_time:961198ms step_avg:396.21ms
step:2437/5100 lr:0.001 train_loss:3.4735 train_time:961693ms step_avg:396.25ms
step:2438/5100 lr:0.001 train_loss:3.5193 train_time:962187ms step_avg:396.29ms
step:2439/5100 lr:0.001 train_loss:3.3467 train_time:962681ms step_avg:396.33ms
step:2440/5100 lr:0.001 train_loss:3.3080 train_time:963177ms step_avg:396.37ms
step:2441/5100 lr:0.001 train_loss:3.5290 train_time:964250ms step_avg:396.65ms
step:2442/5100 lr:0.001 train_loss:3.2912 train_time:964744ms step_avg:396.69ms
step:2443/5100 lr:0.001 train_loss:3.4582 train_time:965238ms step_avg:396.73ms
step:2444/5100 lr:0.001 train_loss:3.5638 train_time:965733ms step_avg:396.77ms
step:2445/5100 lr:0.001 train_loss:3.5778 train_time:966228ms step_avg:396.81ms
step:2446/5100 lr:0.001 train_loss:3.4768 train_time:966722ms step_avg:396.85ms
step:2447/5100 lr:0.001 train_loss:3.4370 train_time:967216ms step_avg:396.89ms
step:2448/5100 lr:0.001 train_loss:3.5786 train_time:967710ms step_avg:396.93ms
step:2449/5100 lr:0.001 train_loss:3.3542 train_time:968205ms step_avg:396.97ms
step:2450/5100 lr:0.001 train_loss:3.4586 train_time:968699ms step_avg:397.01ms
step:2451/5100 lr:0.001 train_loss:3.4646 train_time:969194ms step_avg:397.05ms
step:2452/5100 lr:0.001 train_loss:3.4514 train_time:969687ms step_avg:397.09ms
step:2453/5100 lr:0.001 train_loss:3.4532 train_time:970182ms step_avg:397.13ms
step:2454/5100 lr:0.001 train_loss:3.8184 train_time:970676ms step_avg:397.17ms
step:2455/5100 lr:0.001 train_loss:3.5046 train_time:971171ms step_avg:397.21ms
step:2456/5100 lr:0.001 train_loss:3.4266 train_time:971665ms step_avg:397.25ms
step:2457/5100 lr:0.001 train_loss:3.3927 train_time:972159ms step_avg:397.29ms
step:2458/5100 lr:0.001 train_loss:3.7509 train_time:972655ms step_avg:397.33ms
step:2459/5100 lr:0.001 train_loss:3.4304 train_time:973150ms step_avg:397.37ms
step:2460/5100 lr:0.001 train_loss:3.6063 train_time:973644ms step_avg:397.41ms
step:2461/5100 lr:0.001 train_loss:3.5433 train_time:974138ms step_avg:397.45ms
step:2462/5100 lr:0.001 train_loss:3.4704 train_time:974633ms step_avg:397.49ms
step:2463/5100 lr:0.001 train_loss:3.2754 train_time:975128ms step_avg:397.52ms
step:2464/5100 lr:0.001 train_loss:3.4711 train_time:975623ms step_avg:397.56ms
step:2465/5100 lr:0.001 train_loss:3.4408 train_time:976118ms step_avg:397.60ms
step:2466/5100 lr:0.001 train_loss:3.5539 train_time:976612ms step_avg:397.64ms
step:2467/5100 lr:0.001 train_loss:3.3557 train_time:977106ms step_avg:397.68ms
step:2468/5100 lr:0.001 train_loss:3.6974 train_time:977601ms step_avg:397.72ms
step:2469/5100 lr:0.001 train_loss:3.4829 train_time:978095ms step_avg:397.76ms
step:2470/5100 lr:0.001 train_loss:3.5911 train_time:978793ms step_avg:397.88ms
step:2471/5100 lr:0.001 train_loss:3.6799 train_time:979287ms step_avg:397.92ms
step:2472/5100 lr:0.001 train_loss:3.4671 train_time:979781ms step_avg:397.96ms
step:2473/5100 lr:0.001 train_loss:3.4020 train_time:980275ms step_avg:398.00ms
step:2474/5100 lr:0.001 train_loss:3.4917 train_time:980770ms step_avg:398.04ms
step:2475/5100 lr:0.001 train_loss:3.5065 train_time:981265ms step_avg:398.08ms
step:2476/5100 lr:0.001 train_loss:3.4744 train_time:981764ms step_avg:398.12ms
step:2477/5100 lr:0.001 train_loss:3.5883 train_time:982462ms step_avg:398.24ms
step:2478/5100 lr:0.001 train_loss:3.4602 train_time:982957ms step_avg:398.28ms
step:2479/5100 lr:0.001 train_loss:3.3404 train_time:983452ms step_avg:398.32ms
step:2480/5100 lr:0.001 train_loss:3.4183 train_time:983947ms step_avg:398.36ms
step:2481/5100 lr:0.001 train_loss:3.4415 train_time:984449ms step_avg:398.40ms
step:2482/5100 lr:0.001 train_loss:3.4847 train_time:984943ms step_avg:398.44ms
step:2483/5100 lr:0.001 train_loss:3.4980 train_time:985437ms step_avg:398.48ms
step:2484/5100 lr:0.001 train_loss:3.4866 train_time:985932ms step_avg:398.52ms
step:2485/5100 lr:0.001 train_loss:3.6897 train_time:986426ms step_avg:398.56ms
step:2486/5100 lr:0.001 train_loss:3.4892 train_time:986920ms step_avg:398.59ms
step:2487/5100 lr:0.001 train_loss:3.5859 train_time:987424ms step_avg:398.64ms
step:2488/5100 lr:0.001 train_loss:3.7143 train_time:987918ms step_avg:398.68ms
step:2489/5100 lr:0.001 train_loss:3.1585 train_time:988412ms step_avg:398.71ms
step:2490/5100 lr:0.001 train_loss:3.4731 train_time:988906ms step_avg:398.75ms
step:2491/5100 lr:0.001 train_loss:3.4638 train_time:989401ms step_avg:398.79ms
step:2492/5100 lr:0.001 train_loss:3.5073 train_time:989895ms step_avg:398.83ms
step:2493/5100 lr:0.001 train_loss:3.4816 train_time:990391ms step_avg:398.87ms
step:2494/5100 lr:0.001 train_loss:3.5330 train_time:990886ms step_avg:398.91ms
step:2495/5100 lr:0.001 train_loss:3.5777 train_time:991381ms step_avg:398.95ms
step:2496/5100 lr:0.001 train_loss:3.6040 train_time:991876ms step_avg:398.98ms
step:2497/5100 lr:0.001 train_loss:3.6243 train_time:992371ms step_avg:399.02ms
step:2498/5100 lr:0.001 train_loss:3.5620 train_time:992866ms step_avg:399.06ms
step:2499/5100 lr:0.001 train_loss:3.3887 train_time:993361ms step_avg:399.10ms
step:2500/5100 lr:0.001 train_loss:3.5341 train_time:993856ms step_avg:399.14ms
step:2500/5100 val_loss:3.4755 train_time:993866ms step_avg:399.14ms
step:2501/5100 lr:0.001 train_loss:3.6117 train_time:998073ms step_avg:400.67ms
step:2502/5100 lr:0.001 train_loss:3.5561 train_time:998567ms step_avg:400.71ms
step:2503/5100 lr:0.001 train_loss:3.2309 train_time:999062ms step_avg:400.75ms
step:2504/5100 lr:0.001 train_loss:3.7075 train_time:999557ms step_avg:400.78ms
step:2505/5100 lr:0.001 train_loss:3.3171 train_time:1000051ms step_avg:400.82ms
step:2506/5100 lr:0.001 train_loss:3.6151 train_time:1000551ms step_avg:400.86ms
step:2507/5100 lr:0.001 train_loss:3.4130 train_time:1001045ms step_avg:400.90ms
step:2508/5100 lr:0.001 train_loss:3.4630 train_time:1001540ms step_avg:400.94ms
step:2509/5100 lr:0.001 train_loss:3.6272 train_time:1002036ms step_avg:400.97ms
step:2510/5100 lr:0.001 train_loss:3.5332 train_time:1002531ms step_avg:401.01ms
step:2511/5100 lr:0.001 train_loss:3.4829 train_time:1003025ms step_avg:401.05ms
step:2512/5100 lr:0.001 train_loss:3.4816 train_time:1003520ms step_avg:401.09ms
step:2513/5100 lr:0.001 train_loss:3.3666 train_time:1004013ms step_avg:401.12ms
step:2514/5100 lr:0.001 train_loss:3.2736 train_time:1004507ms step_avg:401.16ms
step:2515/5100 lr:0.001 train_loss:3.4827 train_time:1005002ms step_avg:401.20ms
step:2516/5100 lr:0.001 train_loss:3.7532 train_time:1005497ms step_avg:401.24ms
step:2517/5100 lr:0.001 train_loss:3.4321 train_time:1005991ms step_avg:401.27ms
step:2518/5100 lr:0.001 train_loss:3.5835 train_time:1006485ms step_avg:401.31ms
step:2519/5100 lr:0.001 train_loss:3.4691 train_time:1006978ms step_avg:401.35ms
step:2520/5100 lr:0.001 train_loss:3.5822 train_time:1007473ms step_avg:401.38ms
step:2521/5100 lr:0.001 train_loss:3.5207 train_time:1007966ms step_avg:401.42ms
step:2522/5100 lr:0.001 train_loss:3.4328 train_time:1008461ms step_avg:401.46ms
step:2523/5100 lr:0.001 train_loss:3.5154 train_time:1008955ms step_avg:401.49ms
step:2524/5100 lr:0.001 train_loss:3.6557 train_time:1009449ms step_avg:401.53ms
step:2525/5100 lr:0.001 train_loss:3.4611 train_time:1009944ms step_avg:401.57ms
step:2526/5100 lr:0.001 train_loss:3.6985 train_time:1010440ms step_avg:401.61ms
step:2527/5100 lr:0.001 train_loss:3.4490 train_time:1010934ms step_avg:401.64ms
step:2528/5100 lr:0.001 train_loss:3.3789 train_time:1011446ms step_avg:401.69ms
step:2529/5100 lr:0.001 train_loss:3.4644 train_time:1011938ms step_avg:401.72ms
step:2530/5100 lr:0.001 train_loss:3.4811 train_time:1012432ms step_avg:401.76ms
step:2531/5100 lr:0.001 train_loss:3.6032 train_time:1012926ms step_avg:401.80ms
step:2532/5100 lr:0.001 train_loss:3.4210 train_time:1013421ms step_avg:401.83ms
step:2533/5100 lr:0.001 train_loss:3.7949 train_time:1013916ms step_avg:401.87ms
step:2534/5100 lr:0.001 train_loss:3.4948 train_time:1014411ms step_avg:401.91ms
step:2535/5100 lr:0.001 train_loss:3.3278 train_time:1014905ms step_avg:401.94ms
step:2536/5100 lr:0.001 train_loss:3.5581 train_time:1015400ms step_avg:401.98ms
step:2537/5100 lr:0.001 train_loss:3.6059 train_time:1015894ms step_avg:402.02ms
step:2538/5100 lr:0.001 train_loss:3.4139 train_time:1016387ms step_avg:402.05ms
step:2539/5100 lr:0.001 train_loss:3.4709 train_time:1016882ms step_avg:402.09ms
step:2540/5100 lr:0.001 train_loss:3.5366 train_time:1017377ms step_avg:402.13ms
step:2541/5100 lr:0.001 train_loss:3.4338 train_time:1017872ms step_avg:402.16ms
step:2542/5100 lr:0.001 train_loss:3.3395 train_time:1018366ms step_avg:402.20ms
step:2543/5100 lr:0.001 train_loss:3.4893 train_time:1018866ms step_avg:402.24ms
step:2544/5100 lr:0.001 train_loss:3.3247 train_time:1019361ms step_avg:402.27ms
step:2545/5100 lr:0.001 train_loss:3.3186 train_time:1019855ms step_avg:402.31ms
step:2546/5100 lr:0.001 train_loss:3.5333 train_time:1020349ms step_avg:402.35ms
step:2547/5100 lr:0.001 train_loss:3.6536 train_time:1020844ms step_avg:402.38ms
step:2548/5100 lr:0.001 train_loss:3.3629 train_time:1021338ms step_avg:402.42ms
step:2549/5100 lr:0.001 train_loss:3.5222 train_time:1021832ms step_avg:402.45ms
step:2550/5100 lr:0.001 train_loss:3.5110 train_time:1022326ms step_avg:402.49ms
step:2551/5100 lr:0.001 train_loss:3.5536 train_time:1022824ms step_avg:402.53ms
step:2552/5100 lr:0.001 train_loss:3.4725 train_time:1023318ms step_avg:402.56ms
step:2553/5100 lr:0.001 train_loss:3.4428 train_time:1023812ms step_avg:402.60ms
step:2554/5100 lr:0.001 train_loss:3.2984 train_time:1024307ms step_avg:402.64ms
step:2555/5100 lr:0.001 train_loss:3.2225 train_time:1024801ms step_avg:402.67ms
step:2556/5100 lr:0.001 train_loss:3.4442 train_time:1025295ms step_avg:402.71ms
step:2557/5100 lr:0.001 train_loss:3.4448 train_time:1025789ms step_avg:402.74ms
step:2558/5100 lr:0.001 train_loss:3.3187 train_time:1026282ms step_avg:402.78ms
step:2559/5100 lr:0.001 train_loss:3.4699 train_time:1026776ms step_avg:402.82ms
step:2560/5100 lr:0.001 train_loss:3.5330 train_time:1027271ms step_avg:402.85ms
step:2561/5100 lr:0.001 train_loss:3.4813 train_time:1027766ms step_avg:402.89ms
step:2562/5100 lr:0.001 train_loss:3.3085 train_time:1028261ms step_avg:402.92ms
step:2563/5100 lr:0.001 train_loss:3.1260 train_time:1028755ms step_avg:402.96ms
step:2564/5100 lr:0.001 train_loss:3.4630 train_time:1029249ms step_avg:402.99ms
step:2565/5100 lr:0.001 train_loss:3.4964 train_time:1029745ms step_avg:403.03ms
step:2566/5100 lr:0.001 train_loss:3.4736 train_time:1030243ms step_avg:403.07ms
step:2567/5100 lr:0.001 train_loss:3.2347 train_time:1030736ms step_avg:403.10ms
step:2568/5100 lr:0.001 train_loss:3.2367 train_time:1031231ms step_avg:403.14ms
step:2569/5100 lr:0.001 train_loss:3.4058 train_time:1031726ms step_avg:403.18ms
step:2570/5100 lr:0.001 train_loss:3.5942 train_time:1032220ms step_avg:403.21ms
step:2571/5100 lr:0.001 train_loss:3.4756 train_time:1032715ms step_avg:403.25ms
step:2572/5100 lr:0.001 train_loss:3.6159 train_time:1033209ms step_avg:403.28ms
step:2573/5100 lr:0.001 train_loss:3.3631 train_time:1033703ms step_avg:403.32ms
step:2574/5100 lr:0.001 train_loss:3.5561 train_time:1034196ms step_avg:403.35ms
step:2575/5100 lr:0.001 train_loss:3.4249 train_time:1034690ms step_avg:403.39ms
step:2576/5100 lr:0.001 train_loss:3.4574 train_time:1035185ms step_avg:403.42ms
step:2577/5100 lr:0.001 train_loss:3.6790 train_time:1035679ms step_avg:403.46ms
step:2578/5100 lr:0.001 train_loss:3.2522 train_time:1036173ms step_avg:403.49ms
step:2579/5100 lr:0.001 train_loss:3.3217 train_time:1036667ms step_avg:403.53ms
step:2580/5100 lr:0.001 train_loss:3.4919 train_time:1037161ms step_avg:403.56ms
step:2581/5100 lr:0.001 train_loss:3.5035 train_time:1037655ms step_avg:403.60ms
step:2582/5100 lr:0.001 train_loss:3.3239 train_time:1038149ms step_avg:403.63ms
step:2583/5100 lr:0.001 train_loss:3.6309 train_time:1038643ms step_avg:403.67ms
step:2584/5100 lr:0.001 train_loss:3.4660 train_time:1039137ms step_avg:403.70ms
step:2585/5100 lr:0.001 train_loss:3.4896 train_time:1039634ms step_avg:403.74ms
step:2586/5100 lr:0.001 train_loss:3.4281 train_time:1040128ms step_avg:403.78ms
step:2587/5100 lr:0.001 train_loss:3.5588 train_time:1040622ms step_avg:403.81ms
step:2588/5100 lr:0.001 train_loss:3.4967 train_time:1041118ms step_avg:403.85ms
step:2589/5100 lr:0.001 train_loss:3.4411 train_time:1041613ms step_avg:403.88ms
step:2590/5100 lr:0.001 train_loss:3.5537 train_time:1042108ms step_avg:403.92ms
step:2591/5100 lr:0.001 train_loss:3.4414 train_time:1042602ms step_avg:403.95ms
step:2592/5100 lr:0.001 train_loss:3.3286 train_time:1043097ms step_avg:403.99ms
step:2593/5100 lr:0.001 train_loss:3.4729 train_time:1043592ms step_avg:404.02ms
step:2594/5100 lr:0.001 train_loss:3.4405 train_time:1044088ms step_avg:404.06ms
step:2595/5100 lr:0.001 train_loss:3.3909 train_time:1044581ms step_avg:404.09ms
step:2596/5100 lr:0.001 train_loss:3.3169 train_time:1045081ms step_avg:404.13ms
step:2597/5100 lr:0.001 train_loss:3.5052 train_time:1045575ms step_avg:404.16ms
step:2598/5100 lr:0.001 train_loss:3.4164 train_time:1046069ms step_avg:404.20ms
step:2599/5100 lr:0.001 train_loss:3.3134 train_time:1046563ms step_avg:404.23ms
step:2600/5100 lr:0.001 train_loss:3.6546 train_time:1047058ms step_avg:404.27ms
step:2601/5100 lr:0.001 train_loss:3.4714 train_time:1047553ms step_avg:404.30ms
step:2602/5100 lr:0.001 train_loss:3.3335 train_time:1048048ms step_avg:404.34ms
step:2603/5100 lr:0.001 train_loss:3.4640 train_time:1048544ms step_avg:404.37ms
step:2604/5100 lr:0.001 train_loss:3.6428 train_time:1049039ms step_avg:404.41ms
step:2605/5100 lr:0.001 train_loss:3.4556 train_time:1049534ms step_avg:404.44ms
step:2606/5100 lr:0.001 train_loss:3.1781 train_time:1050029ms step_avg:404.48ms
step:2607/5100 lr:0.001 train_loss:3.4963 train_time:1050524ms step_avg:404.51ms
step:2608/5100 lr:0.001 train_loss:3.4377 train_time:1051018ms step_avg:404.55ms
step:2609/5100 lr:0.001 train_loss:3.5024 train_time:1051514ms step_avg:404.58ms
step:2610/5100 lr:0.001 train_loss:3.4062 train_time:1052009ms step_avg:404.62ms
step:2611/5100 lr:0.001 train_loss:3.6341 train_time:1052503ms step_avg:404.65ms
step:2612/5100 lr:0.001 train_loss:3.3673 train_time:1052998ms step_avg:404.69ms
step:2613/5100 lr:0.001 train_loss:3.6064 train_time:1053493ms step_avg:404.72ms
step:2614/5100 lr:0.001 train_loss:3.3055 train_time:1053986ms step_avg:404.76ms
step:2615/5100 lr:0.001 train_loss:3.3824 train_time:1054481ms step_avg:404.79ms
step:2616/5100 lr:0.001 train_loss:3.3935 train_time:1054975ms step_avg:404.83ms
step:2617/5100 lr:0.001 train_loss:3.4994 train_time:1055469ms step_avg:404.86ms
step:2618/5100 lr:0.001 train_loss:3.5277 train_time:1055964ms step_avg:404.89ms
step:2619/5100 lr:0.001 train_loss:3.4418 train_time:1056459ms step_avg:404.93ms
step:2620/5100 lr:0.001 train_loss:3.3041 train_time:1056953ms step_avg:404.96ms
step:2621/5100 lr:0.001 train_loss:3.6101 train_time:1057448ms step_avg:405.00ms
step:2622/5100 lr:0.001 train_loss:3.4087 train_time:1057943ms step_avg:405.03ms
step:2623/5100 lr:0.001 train_loss:3.4378 train_time:1058436ms step_avg:405.07ms
step:2624/5100 lr:0.001 train_loss:3.6792 train_time:1058931ms step_avg:405.10ms
step:2625/5100 lr:0.001 train_loss:3.4629 train_time:1059426ms step_avg:405.13ms
step:2625/5100 val_loss:3.4618 train_time:1059436ms step_avg:405.14ms
step:2626/5100 lr:0.001 train_loss:3.5268 train_time:1063885ms step_avg:406.68ms
step:2627/5100 lr:0.001 train_loss:3.6031 train_time:1064379ms step_avg:406.72ms
step:2628/5100 lr:0.001 train_loss:3.3067 train_time:1064873ms step_avg:406.75ms
step:2629/5100 lr:0.001 train_loss:3.3049 train_time:1065367ms step_avg:406.78ms
step:2630/5100 lr:0.001 train_loss:3.3955 train_time:1065862ms step_avg:406.82ms
step:2631/5100 lr:0.001 train_loss:3.4229 train_time:1066356ms step_avg:406.85ms
step:2632/5100 lr:0.001 train_loss:3.6338 train_time:1066850ms step_avg:406.88ms
step:2633/5100 lr:0.001 train_loss:3.6667 train_time:1067343ms step_avg:406.92ms
step:2634/5100 lr:0.001 train_loss:3.6143 train_time:1067838ms step_avg:406.95ms
step:2635/5100 lr:0.001 train_loss:3.5166 train_time:1068339ms step_avg:406.99ms
step:2636/5100 lr:0.001 train_loss:3.4414 train_time:1068833ms step_avg:407.02ms
step:2637/5100 lr:0.001 train_loss:3.4434 train_time:1069327ms step_avg:407.05ms
step:2638/5100 lr:0.001 train_loss:3.6782 train_time:1069821ms step_avg:407.09ms
step:2639/5100 lr:0.001 train_loss:3.4261 train_time:1070315ms step_avg:407.12ms
step:2640/5100 lr:0.001 train_loss:3.4053 train_time:1070809ms step_avg:407.15ms
step:2641/5100 lr:0.001 train_loss:3.4536 train_time:1071304ms step_avg:407.19ms
step:2642/5100 lr:0.001 train_loss:3.6414 train_time:1071799ms step_avg:407.22ms
step:2643/5100 lr:0.001 train_loss:3.6294 train_time:1072293ms step_avg:407.25ms
step:2644/5100 lr:0.001 train_loss:3.3448 train_time:1072788ms step_avg:407.28ms
step:2645/5100 lr:0.001 train_loss:3.6390 train_time:1073283ms step_avg:407.32ms
step:2646/5100 lr:0.001 train_loss:3.4508 train_time:1073776ms step_avg:407.35ms
step:2647/5100 lr:0.001 train_loss:3.5617 train_time:1074271ms step_avg:407.38ms
step:2648/5100 lr:0.001 train_loss:3.3988 train_time:1074765ms step_avg:407.42ms
step:2649/5100 lr:0.001 train_loss:3.3211 train_time:1075262ms step_avg:407.45ms
step:2650/5100 lr:0.001 train_loss:3.4630 train_time:1075757ms step_avg:407.48ms
step:2651/5100 lr:0.001 train_loss:3.3721 train_time:1076252ms step_avg:407.52ms
step:2652/5100 lr:0.001 train_loss:3.4377 train_time:1076755ms step_avg:407.55ms
step:2653/5100 lr:0.001 train_loss:3.7498 train_time:1077254ms step_avg:407.59ms
step:2654/5100 lr:0.001 train_loss:3.5124 train_time:1077747ms step_avg:407.62ms
step:2655/5100 lr:0.001 train_loss:3.4063 train_time:1078244ms step_avg:407.65ms
step:2656/5100 lr:0.001 train_loss:3.4304 train_time:1078739ms step_avg:407.69ms
step:2657/5100 lr:0.001 train_loss:3.5655 train_time:1079237ms step_avg:407.72ms
step:2658/5100 lr:0.001 train_loss:3.3963 train_time:1079731ms step_avg:407.75ms
step:2659/5100 lr:0.001 train_loss:3.4584 train_time:1080225ms step_avg:407.79ms
step:2660/5100 lr:0.001 train_loss:3.4767 train_time:1080922ms step_avg:407.90ms
step:2661/5100 lr:0.001 train_loss:3.5718 train_time:1081417ms step_avg:407.93ms
step:2662/5100 lr:0.001 train_loss:3.5037 train_time:1081910ms step_avg:407.96ms
step:2663/5100 lr:0.001 train_loss:3.3732 train_time:1082405ms step_avg:407.99ms
step:2664/5100 lr:0.001 train_loss:3.5606 train_time:1082899ms step_avg:408.03ms
step:2665/5100 lr:0.001 train_loss:3.4683 train_time:1083393ms step_avg:408.06ms
step:2666/5100 lr:0.001 train_loss:3.4676 train_time:1083887ms step_avg:408.09ms
step:2667/5100 lr:0.001 train_loss:3.5983 train_time:1084575ms step_avg:408.20ms
step:2668/5100 lr:0.001 train_loss:3.4184 train_time:1085070ms step_avg:408.23ms
step:2669/5100 lr:0.001 train_loss:3.5703 train_time:1085565ms step_avg:408.26ms
step:2670/5100 lr:0.001 train_loss:3.4752 train_time:1086059ms step_avg:408.29ms
step:2671/5100 lr:0.001 train_loss:3.3724 train_time:1086554ms step_avg:408.33ms
step:2672/5100 lr:0.001 train_loss:3.4483 train_time:1087048ms step_avg:408.36ms
step:2673/5100 lr:0.001 train_loss:3.3872 train_time:1087548ms step_avg:408.39ms
step:2674/5100 lr:0.001 train_loss:3.5551 train_time:1088043ms step_avg:408.42ms
step:2675/5100 lr:0.001 train_loss:3.3754 train_time:1088536ms step_avg:408.46ms
step:2676/5100 lr:0.001 train_loss:3.5594 train_time:1089033ms step_avg:408.49ms
step:2677/5100 lr:0.001 train_loss:3.3062 train_time:1089528ms step_avg:408.52ms
step:2678/5100 lr:0.001 train_loss:3.3635 train_time:1090022ms step_avg:408.55ms
step:2679/5100 lr:0.001 train_loss:3.4045 train_time:1090518ms step_avg:408.59ms
step:2680/5100 lr:0.001 train_loss:3.5079 train_time:1091013ms step_avg:408.62ms
step:2681/5100 lr:0.001 train_loss:3.4237 train_time:1091507ms step_avg:408.65ms
step:2682/5100 lr:0.001 train_loss:3.4570 train_time:1092002ms step_avg:408.68ms
step:2683/5100 lr:0.001 train_loss:3.3937 train_time:1092495ms step_avg:408.72ms
step:2684/5100 lr:0.001 train_loss:3.5163 train_time:1092990ms step_avg:408.75ms
step:2685/5100 lr:0.001 train_loss:3.5471 train_time:1093483ms step_avg:408.78ms
step:2686/5100 lr:0.001 train_loss:3.3467 train_time:1093978ms step_avg:408.81ms
step:2687/5100 lr:0.001 train_loss:3.2928 train_time:1094472ms step_avg:408.84ms
step:2688/5100 lr:0.001 train_loss:3.3235 train_time:1094965ms step_avg:408.87ms
step:2689/5100 lr:0.001 train_loss:3.4242 train_time:1095459ms step_avg:408.91ms
step:2690/5100 lr:0.001 train_loss:3.5441 train_time:1095954ms step_avg:408.94ms
step:2691/5100 lr:0.001 train_loss:3.6039 train_time:1096448ms step_avg:408.97ms
step:2692/5100 lr:0.001 train_loss:3.4761 train_time:1096945ms step_avg:409.00ms
step:2693/5100 lr:0.001 train_loss:3.4261 train_time:1097440ms step_avg:409.03ms
step:2694/5100 lr:0.001 train_loss:3.7760 train_time:1097935ms step_avg:409.07ms
step:2695/5100 lr:0.001 train_loss:3.4724 train_time:1098429ms step_avg:409.10ms
step:2696/5100 lr:0.001 train_loss:3.4276 train_time:1098926ms step_avg:409.13ms
step:2697/5100 lr:0.001 train_loss:3.3754 train_time:1099421ms step_avg:409.16ms
step:2698/5100 lr:0.001 train_loss:3.4650 train_time:1099915ms step_avg:409.19ms
step:2699/5100 lr:0.001 train_loss:3.2949 train_time:1100409ms step_avg:409.23ms
step:2700/5100 lr:0.001 train_loss:3.9184 train_time:1100904ms step_avg:409.26ms
step:2701/5100 lr:0.001 train_loss:3.5295 train_time:1101414ms step_avg:409.30ms
step:2702/5100 lr:0.001 train_loss:3.4530 train_time:1101907ms step_avg:409.33ms
step:2703/5100 lr:0.001 train_loss:3.5072 train_time:1102401ms step_avg:409.36ms
step:2704/5100 lr:0.001 train_loss:3.4082 train_time:1102895ms step_avg:409.39ms
step:2705/5100 lr:0.001 train_loss:3.5419 train_time:1103390ms step_avg:409.42ms
step:2706/5100 lr:0.001 train_loss:3.6488 train_time:1103883ms step_avg:409.45ms
step:2707/5100 lr:0.001 train_loss:3.4344 train_time:1104377ms step_avg:409.48ms
step:2708/5100 lr:0.001 train_loss:3.3711 train_time:1104871ms step_avg:409.51ms
step:2709/5100 lr:0.001 train_loss:3.3484 train_time:1105366ms step_avg:409.55ms
step:2710/5100 lr:0.001 train_loss:3.3749 train_time:1105871ms step_avg:409.58ms
step:2711/5100 lr:0.001 train_loss:3.3720 train_time:1106366ms step_avg:409.61ms
step:2712/5100 lr:0.001 train_loss:3.6550 train_time:1106861ms step_avg:409.65ms
step:2713/5100 lr:0.001 train_loss:3.4954 train_time:1107355ms step_avg:409.68ms
step:2714/5100 lr:0.001 train_loss:3.4864 train_time:1107850ms step_avg:409.71ms
step:2715/5100 lr:0.001 train_loss:3.5323 train_time:1108344ms step_avg:409.74ms
step:2716/5100 lr:0.001 train_loss:3.6387 train_time:1108838ms step_avg:409.77ms
step:2717/5100 lr:0.001 train_loss:3.4757 train_time:1109332ms step_avg:409.80ms
step:2718/5100 lr:0.001 train_loss:3.4899 train_time:1109826ms step_avg:409.83ms
step:2719/5100 lr:0.001 train_loss:3.2784 train_time:1110319ms step_avg:409.86ms
step:2720/5100 lr:0.001 train_loss:3.5719 train_time:1110813ms step_avg:409.89ms
step:2721/5100 lr:0.001 train_loss:3.3028 train_time:1111308ms step_avg:409.93ms
step:2722/5100 lr:0.001 train_loss:3.2770 train_time:1111802ms step_avg:409.96ms
step:2723/5100 lr:0.001 train_loss:3.6842 train_time:1112296ms step_avg:409.99ms
step:2724/5100 lr:0.001 train_loss:3.4078 train_time:1112790ms step_avg:410.02ms
step:2725/5100 lr:0.001 train_loss:3.4650 train_time:1113284ms step_avg:410.05ms
step:2726/5100 lr:0.001 train_loss:3.3242 train_time:1113778ms step_avg:410.08ms
step:2727/5100 lr:0.001 train_loss:3.5244 train_time:1114272ms step_avg:410.11ms
step:2728/5100 lr:0.001 train_loss:3.6557 train_time:1114766ms step_avg:410.14ms
step:2729/5100 lr:0.001 train_loss:3.3573 train_time:1115260ms step_avg:410.17ms
step:2730/5100 lr:0.001 train_loss:3.4353 train_time:1115754ms step_avg:410.20ms
step:2731/5100 lr:0.001 train_loss:3.5580 train_time:1116254ms step_avg:410.24ms
step:2732/5100 lr:0.001 train_loss:3.4140 train_time:1116748ms step_avg:410.27ms
step:2733/5100 lr:0.001 train_loss:3.4603 train_time:1117249ms step_avg:410.30ms
step:2734/5100 lr:0.001 train_loss:3.6304 train_time:1117744ms step_avg:410.33ms
step:2735/5100 lr:0.001 train_loss:3.5461 train_time:1118244ms step_avg:410.36ms
step:2736/5100 lr:0.001 train_loss:3.3513 train_time:1118739ms step_avg:410.40ms
step:2737/5100 lr:0.001 train_loss:3.4211 train_time:1119235ms step_avg:410.43ms
step:2738/5100 lr:0.001 train_loss:3.3292 train_time:1119731ms step_avg:410.46ms
step:2739/5100 lr:0.001 train_loss:3.3475 train_time:1120225ms step_avg:410.49ms
step:2740/5100 lr:0.001 train_loss:3.3642 train_time:1120719ms step_avg:410.52ms
step:2741/5100 lr:0.001 train_loss:3.3862 train_time:1121213ms step_avg:410.55ms
step:2742/5100 lr:0.001 train_loss:3.2397 train_time:1121708ms step_avg:410.58ms
step:2743/5100 lr:0.001 train_loss:3.5002 train_time:1122202ms step_avg:410.61ms
step:2744/5100 lr:0.001 train_loss:3.4295 train_time:1122695ms step_avg:410.64ms
step:2745/5100 lr:0.001 train_loss:3.7693 train_time:1123189ms step_avg:410.67ms
step:2746/5100 lr:0.001 train_loss:3.4815 train_time:1123683ms step_avg:410.70ms
step:2747/5100 lr:0.001 train_loss:3.4424 train_time:1124177ms step_avg:410.73ms
step:2748/5100 lr:0.001 train_loss:3.4049 train_time:1124671ms step_avg:410.76ms
step:2749/5100 lr:0.001 train_loss:3.4235 train_time:1125166ms step_avg:410.79ms
step:2750/5100 lr:0.001 train_loss:3.3528 train_time:1125666ms step_avg:410.83ms
step:2750/5100 val_loss:3.4507 train_time:1125676ms step_avg:410.83ms
step:2751/5100 lr:0.001 train_loss:3.4129 train_time:1129883ms step_avg:412.22ms
step:2752/5100 lr:0.001 train_loss:3.2625 train_time:1130378ms step_avg:412.25ms
step:2753/5100 lr:0.001 train_loss:3.3449 train_time:1130872ms step_avg:412.28ms
step:2754/5100 lr:0.001 train_loss:3.5096 train_time:1131366ms step_avg:412.31ms
step:2755/5100 lr:0.001 train_loss:3.4656 train_time:1131859ms step_avg:412.33ms
step:2756/5100 lr:0.001 train_loss:3.5439 train_time:1132354ms step_avg:412.36ms
step:2757/5100 lr:0.001 train_loss:3.5496 train_time:1132848ms step_avg:412.39ms
step:2758/5100 lr:0.001 train_loss:3.5323 train_time:1133342ms step_avg:412.42ms
step:2759/5100 lr:0.001 train_loss:3.6104 train_time:1133836ms step_avg:412.45ms
step:2760/5100 lr:0.001 train_loss:3.3742 train_time:1134330ms step_avg:412.48ms
step:2761/5100 lr:0.001 train_loss:3.4278 train_time:1134825ms step_avg:412.51ms
step:2762/5100 lr:0.001 train_loss:3.5408 train_time:1135318ms step_avg:412.54ms
step:2763/5100 lr:0.001 train_loss:3.4723 train_time:1135812ms step_avg:412.57ms
step:2764/5100 lr:0.001 train_loss:3.1198 train_time:1136306ms step_avg:412.60ms
step:2765/5100 lr:0.001 train_loss:3.4306 train_time:1136799ms step_avg:412.63ms
step:2766/5100 lr:0.001 train_loss:3.4649 train_time:1137294ms step_avg:412.66ms
step:2767/5100 lr:0.001 train_loss:3.5372 train_time:1137787ms step_avg:412.69ms
step:2768/5100 lr:0.001 train_loss:3.4821 train_time:1138281ms step_avg:412.72ms
step:2769/5100 lr:0.001 train_loss:3.3544 train_time:1138774ms step_avg:412.75ms
step:2770/5100 lr:0.001 train_loss:3.4285 train_time:1139268ms step_avg:412.78ms
step:2771/5100 lr:0.001 train_loss:3.4894 train_time:1139762ms step_avg:412.81ms
step:2772/5100 lr:0.001 train_loss:3.2696 train_time:1140257ms step_avg:412.84ms
step:2773/5100 lr:0.001 train_loss:3.4469 train_time:1140751ms step_avg:412.87ms
step:2774/5100 lr:0.001 train_loss:3.5620 train_time:1141245ms step_avg:412.90ms
step:2775/5100 lr:0.001 train_loss:3.3083 train_time:1141744ms step_avg:412.93ms
step:2776/5100 lr:0.001 train_loss:3.5382 train_time:1142238ms step_avg:412.96ms
step:2777/5100 lr:0.001 train_loss:3.5535 train_time:1142731ms step_avg:412.99ms
step:2778/5100 lr:0.001 train_loss:3.4047 train_time:1143226ms step_avg:413.02ms
step:2779/5100 lr:0.001 train_loss:3.2445 train_time:1143725ms step_avg:413.05ms
step:2780/5100 lr:0.001 train_loss:3.3974 train_time:1144219ms step_avg:413.08ms
step:2781/5100 lr:0.001 train_loss:3.6362 train_time:1144713ms step_avg:413.10ms
step:2782/5100 lr:0.001 train_loss:3.4504 train_time:1145207ms step_avg:413.13ms
step:2783/5100 lr:0.001 train_loss:3.5835 train_time:1145700ms step_avg:413.16ms
step:2784/5100 lr:0.001 train_loss:3.4677 train_time:1146197ms step_avg:413.19ms
step:2785/5100 lr:0.001 train_loss:3.3507 train_time:1146690ms step_avg:413.22ms
step:2786/5100 lr:0.001 train_loss:3.2966 train_time:1147184ms step_avg:413.25ms
step:2787/5100 lr:0.001 train_loss:3.3922 train_time:1147677ms step_avg:413.28ms
step:2788/5100 lr:0.001 train_loss:3.4472 train_time:1148171ms step_avg:413.31ms
step:2789/5100 lr:0.001 train_loss:3.4624 train_time:1148665ms step_avg:413.34ms
step:2790/5100 lr:0.001 train_loss:3.4690 train_time:1149159ms step_avg:413.37ms
step:2791/5100 lr:0.001 train_loss:3.4539 train_time:1149653ms step_avg:413.40ms
step:2792/5100 lr:0.001 train_loss:3.4320 train_time:1150147ms step_avg:413.42ms
step:2793/5100 lr:0.001 train_loss:3.3624 train_time:1150641ms step_avg:413.45ms
step:2794/5100 lr:0.001 train_loss:3.5599 train_time:1151135ms step_avg:413.48ms
step:2795/5100 lr:0.001 train_loss:3.4816 train_time:1151630ms step_avg:413.51ms
step:2796/5100 lr:0.001 train_loss:3.4167 train_time:1152124ms step_avg:413.54ms
step:2797/5100 lr:0.001 train_loss:3.4236 train_time:1152618ms step_avg:413.57ms
step:2798/5100 lr:0.001 train_loss:3.3581 train_time:1153113ms step_avg:413.60ms
step:2799/5100 lr:0.001 train_loss:3.3875 train_time:1153610ms step_avg:413.63ms
step:2800/5100 lr:0.001 train_loss:3.5177 train_time:1154114ms step_avg:413.66ms
step:2801/5100 lr:0.001 train_loss:3.3261 train_time:1154605ms step_avg:413.69ms
step:2802/5100 lr:0.001 train_loss:3.5410 train_time:1155100ms step_avg:413.72ms
step:2803/5100 lr:0.001 train_loss:3.3964 train_time:1155594ms step_avg:413.75ms
step:2804/5100 lr:0.001 train_loss:3.4314 train_time:1156087ms step_avg:413.77ms
step:2805/5100 lr:0.001 train_loss:3.2667 train_time:1156583ms step_avg:413.80ms
step:2806/5100 lr:0.001 train_loss:3.6848 train_time:1157077ms step_avg:413.83ms
step:2807/5100 lr:0.001 train_loss:3.5792 train_time:1157571ms step_avg:413.86ms
step:2808/5100 lr:0.001 train_loss:3.6695 train_time:1158064ms step_avg:413.89ms
step:2809/5100 lr:0.001 train_loss:3.3660 train_time:1158560ms step_avg:413.92ms
step:2810/5100 lr:0.001 train_loss:3.5280 train_time:1159053ms step_avg:413.95ms
step:2811/5100 lr:0.001 train_loss:3.5025 train_time:1159546ms step_avg:413.98ms
step:2812/5100 lr:0.001 train_loss:3.2500 train_time:1160040ms step_avg:414.00ms
step:2813/5100 lr:0.001 train_loss:3.7020 train_time:1160533ms step_avg:414.03ms
step:2814/5100 lr:0.001 train_loss:3.4203 train_time:1161025ms step_avg:414.06ms
step:2815/5100 lr:0.001 train_loss:3.3964 train_time:1161520ms step_avg:414.09ms
step:2816/5100 lr:0.001 train_loss:3.6991 train_time:1162013ms step_avg:414.12ms
step:2817/5100 lr:0.001 train_loss:3.4086 train_time:1162506ms step_avg:414.15ms
step:2818/5100 lr:0.001 train_loss:3.4886 train_time:1163002ms step_avg:414.17ms
step:2819/5100 lr:0.001 train_loss:3.3039 train_time:1163497ms step_avg:414.20ms
step:2820/5100 lr:0.001 train_loss:3.5297 train_time:1163990ms step_avg:414.23ms
step:2821/5100 lr:0.001 train_loss:3.4602 train_time:1164485ms step_avg:414.26ms
step:2822/5100 lr:0.001 train_loss:3.4523 train_time:1164979ms step_avg:414.29ms
step:2823/5100 lr:0.001 train_loss:2.8241 train_time:1165473ms step_avg:414.32ms
step:2824/5100 lr:0.001 train_loss:3.4258 train_time:1165966ms step_avg:414.34ms
step:2825/5100 lr:0.001 train_loss:3.3387 train_time:1166460ms step_avg:414.37ms
step:2826/5100 lr:0.001 train_loss:3.6150 train_time:1166953ms step_avg:414.40ms
step:2827/5100 lr:0.001 train_loss:3.3922 train_time:1167447ms step_avg:414.43ms
step:2828/5100 lr:0.001 train_loss:3.4837 train_time:1167941ms step_avg:414.46ms
step:2829/5100 lr:0.001 train_loss:3.5829 train_time:1168434ms step_avg:414.49ms
step:2830/5100 lr:0.001 train_loss:3.5243 train_time:1168928ms step_avg:414.51ms
step:2831/5100 lr:0.001 train_loss:3.1864 train_time:1169425ms step_avg:414.54ms
step:2832/5100 lr:0.001 train_loss:3.5086 train_time:1169918ms step_avg:414.57ms
step:2833/5100 lr:0.001 train_loss:3.5927 train_time:1170412ms step_avg:414.60ms
step:2834/5100 lr:0.001 train_loss:3.1597 train_time:1170905ms step_avg:414.63ms
step:2835/5100 lr:0.001 train_loss:3.4282 train_time:1171399ms step_avg:414.65ms
step:2836/5100 lr:0.001 train_loss:3.4838 train_time:1171893ms step_avg:414.68ms
step:2837/5100 lr:0.001 train_loss:3.4007 train_time:1172387ms step_avg:414.71ms
step:2838/5100 lr:0.001 train_loss:3.5174 train_time:1172882ms step_avg:414.74ms
step:2839/5100 lr:0.001 train_loss:3.4056 train_time:1173376ms step_avg:414.77ms
step:2840/5100 lr:0.001 train_loss:3.3873 train_time:1173869ms step_avg:414.79ms
step:2841/5100 lr:0.001 train_loss:3.1565 train_time:1174362ms step_avg:414.82ms
step:2842/5100 lr:0.001 train_loss:3.6231 train_time:1174856ms step_avg:414.85ms
step:2843/5100 lr:0.001 train_loss:3.5070 train_time:1175355ms step_avg:414.88ms
step:2844/5100 lr:0.001 train_loss:3.4199 train_time:1175848ms step_avg:414.91ms
step:2845/5100 lr:0.001 train_loss:3.3527 train_time:1176341ms step_avg:414.94ms
step:2846/5100 lr:0.001 train_loss:3.3792 train_time:1176834ms step_avg:414.96ms
step:2847/5100 lr:0.001 train_loss:3.4961 train_time:1177327ms step_avg:414.99ms
step:2848/5100 lr:0.001 train_loss:3.3644 train_time:1177822ms step_avg:415.02ms
step:2849/5100 lr:0.001 train_loss:3.4634 train_time:1178315ms step_avg:415.05ms
step:2850/5100 lr:0.001 train_loss:3.5629 train_time:1179007ms step_avg:415.14ms
step:2851/5100 lr:0.001 train_loss:3.4211 train_time:1179501ms step_avg:415.17ms
step:2852/5100 lr:0.001 train_loss:3.3748 train_time:1179995ms step_avg:415.20ms
step:2853/5100 lr:0.001 train_loss:3.3979 train_time:1180488ms step_avg:415.23ms
step:2854/5100 lr:0.001 train_loss:3.8932 train_time:1180982ms step_avg:415.25ms
step:2855/5100 lr:0.001 train_loss:3.4003 train_time:1181476ms step_avg:415.28ms
step:2856/5100 lr:0.001 train_loss:3.3913 train_time:1181969ms step_avg:415.31ms
step:2857/5100 lr:0.001 train_loss:3.5166 train_time:1182464ms step_avg:415.34ms
step:2858/5100 lr:0.001 train_loss:3.4000 train_time:1183155ms step_avg:415.43ms
step:2859/5100 lr:0.001 train_loss:3.4774 train_time:1183656ms step_avg:415.46ms
step:2860/5100 lr:0.001 train_loss:3.4813 train_time:1184152ms step_avg:415.49ms
step:2861/5100 lr:0.001 train_loss:3.4602 train_time:1184647ms step_avg:415.52ms
step:2862/5100 lr:0.001 train_loss:3.5321 train_time:1185141ms step_avg:415.55ms
step:2863/5100 lr:0.001 train_loss:3.5052 train_time:1185636ms step_avg:415.58ms
step:2864/5100 lr:0.001 train_loss:3.4459 train_time:1186130ms step_avg:415.60ms
step:2865/5100 lr:0.001 train_loss:3.5156 train_time:1186624ms step_avg:415.63ms
step:2866/5100 lr:0.001 train_loss:3.3395 train_time:1187118ms step_avg:415.66ms
step:2867/5100 lr:0.001 train_loss:3.3864 train_time:1187613ms step_avg:415.69ms
step:2868/5100 lr:0.001 train_loss:3.3122 train_time:1188107ms step_avg:415.71ms
step:2869/5100 lr:0.001 train_loss:3.5153 train_time:1188601ms step_avg:415.74ms
step:2870/5100 lr:0.001 train_loss:3.4047 train_time:1189095ms step_avg:415.77ms
step:2871/5100 lr:0.001 train_loss:3.4327 train_time:1189588ms step_avg:415.79ms
step:2872/5100 lr:0.001 train_loss:3.5243 train_time:1190082ms step_avg:415.82ms
step:2873/5100 lr:0.001 train_loss:3.4252 train_time:1190575ms step_avg:415.85ms
step:2874/5100 lr:0.001 train_loss:3.3774 train_time:1191069ms step_avg:415.88ms
step:2875/5100 lr:0.001 train_loss:3.5191 train_time:1191563ms step_avg:415.90ms
step:2875/5100 val_loss:3.4389 train_time:1191574ms step_avg:415.91ms
step:2876/5100 lr:0.001 train_loss:3.2258 train_time:1195818ms step_avg:417.24ms
step:2877/5100 lr:0.001 train_loss:3.4143 train_time:1196312ms step_avg:417.27ms
step:2878/5100 lr:0.001 train_loss:3.3249 train_time:1196806ms step_avg:417.30ms
step:2879/5100 lr:0.001 train_loss:3.4525 train_time:1197301ms step_avg:417.32ms
step:2880/5100 lr:0.001 train_loss:3.4404 train_time:1197795ms step_avg:417.35ms
step:2881/5100 lr:0.001 train_loss:3.6740 train_time:1198291ms step_avg:417.38ms
step:2882/5100 lr:0.001 train_loss:3.5077 train_time:1198786ms step_avg:417.40ms
step:2883/5100 lr:0.001 train_loss:3.4983 train_time:1199281ms step_avg:417.43ms
step:2884/5100 lr:0.001 train_loss:3.4848 train_time:1199779ms step_avg:417.46ms
step:2885/5100 lr:0.001 train_loss:3.2974 train_time:1200275ms step_avg:417.49ms
step:2886/5100 lr:0.001 train_loss:3.8724 train_time:1200770ms step_avg:417.51ms
step:2887/5100 lr:0.001 train_loss:3.5263 train_time:1201266ms step_avg:417.54ms
step:2888/5100 lr:0.001 train_loss:3.4598 train_time:1201761ms step_avg:417.57ms
step:2889/5100 lr:0.001 train_loss:3.3040 train_time:1202255ms step_avg:417.59ms
step:2890/5100 lr:0.001 train_loss:3.4493 train_time:1202753ms step_avg:417.62ms
step:2891/5100 lr:0.001 train_loss:3.5193 train_time:1203248ms step_avg:417.65ms
step:2892/5100 lr:0.001 train_loss:3.3196 train_time:1203743ms step_avg:417.68ms
step:2893/5100 lr:0.001 train_loss:3.5563 train_time:1204239ms step_avg:417.70ms
step:2894/5100 lr:0.001 train_loss:3.4695 train_time:1204739ms step_avg:417.73ms
step:2895/5100 lr:0.001 train_loss:3.4879 train_time:1205234ms step_avg:417.76ms
step:2896/5100 lr:0.001 train_loss:3.4173 train_time:1205729ms step_avg:417.79ms
step:2897/5100 lr:0.001 train_loss:3.5316 train_time:1206232ms step_avg:417.82ms
step:2898/5100 lr:0.001 train_loss:3.3234 train_time:1206726ms step_avg:417.84ms
step:2899/5100 lr:0.001 train_loss:3.5847 train_time:1207221ms step_avg:417.87ms
step:2900/5100 lr:0.001 train_loss:3.2674 train_time:1207715ms step_avg:417.89ms
step:2901/5100 lr:0.001 train_loss:3.3551 train_time:1208210ms step_avg:417.92ms
step:2902/5100 lr:0.001 train_loss:3.2510 train_time:1208705ms step_avg:417.95ms
step:2903/5100 lr:0.001 train_loss:3.4743 train_time:1209199ms step_avg:417.97ms
step:2904/5100 lr:0.001 train_loss:3.2948 train_time:1209696ms step_avg:418.00ms
step:2905/5100 lr:0.001 train_loss:3.3034 train_time:1210191ms step_avg:418.03ms
step:2906/5100 lr:0.001 train_loss:4.8595 train_time:1210686ms step_avg:418.05ms
step:2907/5100 lr:0.001 train_loss:3.4367 train_time:1211180ms step_avg:418.08ms
step:2908/5100 lr:0.001 train_loss:3.2296 train_time:1211674ms step_avg:418.11ms
step:2909/5100 lr:0.001 train_loss:3.3318 train_time:1212168ms step_avg:418.13ms
step:2910/5100 lr:0.001 train_loss:3.4944 train_time:1212665ms step_avg:418.16ms
step:2911/5100 lr:0.001 train_loss:3.3524 train_time:1213160ms step_avg:418.19ms
step:2912/5100 lr:0.001 train_loss:3.5190 train_time:1213659ms step_avg:418.21ms
step:2913/5100 lr:0.001 train_loss:3.4140 train_time:1214154ms step_avg:418.24ms
step:2914/5100 lr:0.001 train_loss:3.3374 train_time:1214647ms step_avg:418.27ms
step:2915/5100 lr:0.001 train_loss:3.5379 train_time:1215142ms step_avg:418.29ms
step:2916/5100 lr:0.001 train_loss:3.4518 train_time:1215636ms step_avg:418.32ms
step:2917/5100 lr:0.001 train_loss:3.4390 train_time:1216131ms step_avg:418.35ms
step:2918/5100 lr:0.001 train_loss:3.3809 train_time:1216624ms step_avg:418.37ms
step:2919/5100 lr:0.001 train_loss:3.5456 train_time:1217118ms step_avg:418.40ms
step:2920/5100 lr:0.001 train_loss:3.5184 train_time:1217619ms step_avg:418.43ms
step:2921/5100 lr:0.001 train_loss:3.3947 train_time:1218113ms step_avg:418.45ms
step:2922/5100 lr:0.001 train_loss:3.6576 train_time:1218608ms step_avg:418.48ms
step:2923/5100 lr:0.001 train_loss:3.5687 train_time:1219102ms step_avg:418.50ms
step:2924/5100 lr:0.001 train_loss:3.4405 train_time:1219596ms step_avg:418.53ms
step:2925/5100 lr:0.001 train_loss:3.5158 train_time:1220091ms step_avg:418.56ms
step:2926/5100 lr:0.001 train_loss:3.3473 train_time:1220586ms step_avg:418.58ms
step:2927/5100 lr:0.001 train_loss:3.4001 train_time:1221080ms step_avg:418.61ms
step:2928/5100 lr:0.001 train_loss:3.3522 train_time:1221577ms step_avg:418.64ms
step:2929/5100 lr:0.001 train_loss:3.4181 train_time:1222072ms step_avg:418.66ms
step:2930/5100 lr:0.001 train_loss:3.6275 train_time:1222567ms step_avg:418.69ms
step:2931/5100 lr:0.001 train_loss:3.4097 train_time:1223063ms step_avg:418.71ms
step:2932/5100 lr:0.001 train_loss:3.4114 train_time:1223559ms step_avg:418.74ms
step:2933/5100 lr:0.001 train_loss:4.0168 train_time:1224053ms step_avg:418.77ms
step:2934/5100 lr:0.001 train_loss:3.4880 train_time:1224547ms step_avg:418.79ms
step:2935/5100 lr:0.001 train_loss:3.4176 train_time:1225042ms step_avg:418.82ms
step:2936/5100 lr:0.001 train_loss:3.4504 train_time:1225536ms step_avg:418.84ms
step:2937/5100 lr:0.001 train_loss:3.3243 train_time:1226030ms step_avg:418.87ms
step:2938/5100 lr:0.001 train_loss:3.4300 train_time:1226525ms step_avg:418.90ms
step:2939/5100 lr:0.001 train_loss:3.7099 train_time:1227019ms step_avg:418.92ms
step:2940/5100 lr:0.001 train_loss:3.3609 train_time:1227515ms step_avg:418.95ms
step:2941/5100 lr:0.001 train_loss:3.4175 train_time:1228010ms step_avg:418.97ms
step:2942/5100 lr:0.001 train_loss:3.5580 train_time:1228505ms step_avg:419.00ms
step:2943/5100 lr:0.001 train_loss:3.6308 train_time:1229000ms step_avg:419.02ms
step:2944/5100 lr:0.001 train_loss:3.3986 train_time:1229494ms step_avg:419.05ms
step:2945/5100 lr:0.001 train_loss:3.4592 train_time:1229988ms step_avg:419.08ms
step:2946/5100 lr:0.001 train_loss:3.4534 train_time:1230483ms step_avg:419.10ms
step:2947/5100 lr:0.001 train_loss:3.4616 train_time:1230977ms step_avg:419.13ms
step:2948/5100 lr:0.001 train_loss:3.3110 train_time:1231471ms step_avg:419.15ms
step:2949/5100 lr:0.001 train_loss:3.7253 train_time:1231965ms step_avg:419.18ms
step:2950/5100 lr:0.001 train_loss:3.3178 train_time:1232459ms step_avg:419.20ms
step:2951/5100 lr:0.001 train_loss:3.6350 train_time:1232953ms step_avg:419.23ms
step:2952/5100 lr:0.001 train_loss:3.3345 train_time:1233448ms step_avg:419.25ms
step:2953/5100 lr:0.001 train_loss:3.3312 train_time:1233943ms step_avg:419.28ms
step:2954/5100 lr:0.001 train_loss:3.1556 train_time:1234437ms step_avg:419.31ms
step:2955/5100 lr:0.001 train_loss:3.4449 train_time:1234932ms step_avg:419.33ms
step:2956/5100 lr:0.001 train_loss:3.3936 train_time:1235427ms step_avg:419.36ms
step:2957/5100 lr:0.001 train_loss:3.5222 train_time:1235921ms step_avg:419.38ms
step:2958/5100 lr:0.001 train_loss:3.2450 train_time:1236415ms step_avg:419.41ms
step:2959/5100 lr:0.001 train_loss:3.3685 train_time:1236909ms step_avg:419.43ms
step:2960/5100 lr:0.001 train_loss:3.3584 train_time:1237403ms step_avg:419.46ms
step:2961/5100 lr:0.001 train_loss:3.4662 train_time:1237897ms step_avg:419.48ms
step:2962/5100 lr:0.001 train_loss:3.4511 train_time:1238391ms step_avg:419.51ms
step:2963/5100 lr:0.001 train_loss:3.3530 train_time:1238885ms step_avg:419.53ms
step:2964/5100 lr:0.001 train_loss:3.4888 train_time:1239379ms step_avg:419.56ms
step:2965/5100 lr:0.001 train_loss:3.4284 train_time:1239872ms step_avg:419.58ms
step:2966/5100 lr:0.001 train_loss:3.6093 train_time:1240366ms step_avg:419.61ms
step:2967/5100 lr:0.001 train_loss:3.3842 train_time:1240860ms step_avg:419.63ms
step:2968/5100 lr:0.001 train_loss:3.3213 train_time:1241355ms step_avg:419.66ms
step:2969/5100 lr:0.001 train_loss:3.2201 train_time:1241850ms step_avg:419.69ms
step:2970/5100 lr:0.001 train_loss:3.4234 train_time:1242344ms step_avg:419.71ms
step:2971/5100 lr:0.001 train_loss:3.6178 train_time:1242837ms step_avg:419.74ms
step:2972/5100 lr:0.001 train_loss:3.3334 train_time:1243331ms step_avg:419.76ms
step:2973/5100 lr:0.001 train_loss:3.5074 train_time:1243825ms step_avg:419.79ms
step:2974/5100 lr:0.001 train_loss:3.3870 train_time:1244319ms step_avg:419.81ms
step:2975/5100 lr:0.001 train_loss:3.3603 train_time:1244819ms step_avg:419.84ms
step:2976/5100 lr:0.001 train_loss:3.3097 train_time:1245314ms step_avg:419.86ms
step:2977/5100 lr:0.001 train_loss:3.3715 train_time:1245807ms step_avg:419.89ms
step:2978/5100 lr:0.001 train_loss:3.2405 train_time:1246301ms step_avg:419.91ms
step:2979/5100 lr:0.001 train_loss:3.3873 train_time:1246794ms step_avg:419.94ms
step:2980/5100 lr:0.001 train_loss:3.3383 train_time:1247287ms step_avg:419.96ms
step:2981/5100 lr:0.001 train_loss:3.5606 train_time:1247781ms step_avg:419.99ms
step:2982/5100 lr:0.001 train_loss:3.3684 train_time:1248275ms step_avg:420.01ms
step:2983/5100 lr:0.001 train_loss:3.3616 train_time:1248769ms step_avg:420.04ms
step:2984/5100 lr:0.001 train_loss:3.4384 train_time:1249264ms step_avg:420.06ms
step:2985/5100 lr:0.001 train_loss:3.4417 train_time:1249758ms step_avg:420.09ms
step:2986/5100 lr:0.001 train_loss:3.4661 train_time:1250252ms step_avg:420.11ms
step:2987/5100 lr:0.001 train_loss:3.5255 train_time:1250747ms step_avg:420.14ms
step:2988/5100 lr:0.001 train_loss:3.3618 train_time:1251241ms step_avg:420.16ms
step:2989/5100 lr:0.001 train_loss:3.3729 train_time:1251741ms step_avg:420.19ms
step:2990/5100 lr:0.001 train_loss:3.5412 train_time:1252235ms step_avg:420.21ms
step:2991/5100 lr:0.001 train_loss:3.6802 train_time:1252728ms step_avg:420.24ms
step:2992/5100 lr:0.001 train_loss:3.5910 train_time:1253222ms step_avg:420.26ms
step:2993/5100 lr:0.001 train_loss:3.5332 train_time:1254274ms step_avg:420.47ms
step:2994/5100 lr:0.001 train_loss:3.4047 train_time:1254769ms step_avg:420.50ms
step:2995/5100 lr:0.001 train_loss:3.3156 train_time:1255263ms step_avg:420.52ms
step:2996/5100 lr:0.001 train_loss:3.3109 train_time:1255758ms step_avg:420.55ms
step:2997/5100 lr:0.001 train_loss:3.4868 train_time:1256253ms step_avg:420.57ms
step:2998/5100 lr:0.001 train_loss:3.3800 train_time:1256748ms step_avg:420.60ms
step:2999/5100 lr:0.001 train_loss:3.5379 train_time:1257242ms step_avg:420.62ms
step:3000/5100 lr:0.001 train_loss:3.3515 train_time:1257736ms step_avg:420.65ms
step:3000/5100 val_loss:3.4293 train_time:1257747ms step_avg:420.65ms
step:3001/5100 lr:0.001 train_loss:3.3035 train_time:1261972ms step_avg:421.92ms
step:3002/5100 lr:0.001 train_loss:3.4073 train_time:1262466ms step_avg:421.95ms
step:3003/5100 lr:0.001 train_loss:3.3841 train_time:1262960ms step_avg:421.97ms
step:3004/5100 lr:0.001 train_loss:3.2332 train_time:1263453ms step_avg:422.00ms
step:3005/5100 lr:0.001 train_loss:3.2978 train_time:1263947ms step_avg:422.02ms
step:3006/5100 lr:0.001 train_loss:3.4859 train_time:1264442ms step_avg:422.04ms
step:3007/5100 lr:0.001 train_loss:3.7782 train_time:1264936ms step_avg:422.07ms
step:3008/5100 lr:0.001 train_loss:3.4467 train_time:1265430ms step_avg:422.09ms
step:3009/5100 lr:0.001 train_loss:3.3767 train_time:1265924ms step_avg:422.12ms
step:3010/5100 lr:0.001 train_loss:3.3787 train_time:1266419ms step_avg:422.14ms
step:3011/5100 lr:0.001 train_loss:3.4983 train_time:1266913ms step_avg:422.16ms
step:3012/5100 lr:0.001 train_loss:3.4069 train_time:1267409ms step_avg:422.19ms
step:3013/5100 lr:0.001 train_loss:3.2930 train_time:1267904ms step_avg:422.21ms
step:3014/5100 lr:0.001 train_loss:3.4142 train_time:1268398ms step_avg:422.24ms
step:3015/5100 lr:0.001 train_loss:3.5671 train_time:1268893ms step_avg:422.26ms
step:3016/5100 lr:0.001 train_loss:3.2626 train_time:1269387ms step_avg:422.28ms
step:3017/5100 lr:0.001 train_loss:3.4190 train_time:1269882ms step_avg:422.31ms
step:3018/5100 lr:0.001 train_loss:3.4127 train_time:1270377ms step_avg:422.33ms
step:3019/5100 lr:0.001 train_loss:3.4328 train_time:1270871ms step_avg:422.36ms
step:3020/5100 lr:0.001 train_loss:3.5606 train_time:1271365ms step_avg:422.38ms
step:3021/5100 lr:0.001 train_loss:3.3167 train_time:1271860ms step_avg:422.40ms
step:3022/5100 lr:0.001 train_loss:3.5147 train_time:1272354ms step_avg:422.43ms
step:3023/5100 lr:0.001 train_loss:3.4209 train_time:1272848ms step_avg:422.45ms
step:3024/5100 lr:0.001 train_loss:3.3821 train_time:1273342ms step_avg:422.48ms
step:3025/5100 lr:0.001 train_loss:3.4263 train_time:1273836ms step_avg:422.50ms
step:3026/5100 lr:0.001 train_loss:2.9915 train_time:1274330ms step_avg:422.52ms
step:3027/5100 lr:0.001 train_loss:4.3133 train_time:1274824ms step_avg:422.55ms
step:3028/5100 lr:0.001 train_loss:3.4647 train_time:1275319ms step_avg:422.57ms
step:3029/5100 lr:0.001 train_loss:3.3777 train_time:1275813ms step_avg:422.59ms
step:3030/5100 lr:0.001 train_loss:3.4125 train_time:1276308ms step_avg:422.62ms
step:3031/5100 lr:0.001 train_loss:3.3783 train_time:1276803ms step_avg:422.64ms
step:3032/5100 lr:0.001 train_loss:3.4309 train_time:1277297ms step_avg:422.67ms
step:3033/5100 lr:0.001 train_loss:3.4455 train_time:1277793ms step_avg:422.69ms
step:3034/5100 lr:0.001 train_loss:3.4763 train_time:1278291ms step_avg:422.72ms
step:3035/5100 lr:0.001 train_loss:3.3064 train_time:1278785ms step_avg:422.74ms
step:3036/5100 lr:0.001 train_loss:3.3944 train_time:1279279ms step_avg:422.76ms
step:3037/5100 lr:0.001 train_loss:3.5290 train_time:1279773ms step_avg:422.79ms
step:3038/5100 lr:0.001 train_loss:3.3705 train_time:1280268ms step_avg:422.81ms
step:3039/5100 lr:0.001 train_loss:3.3202 train_time:1280762ms step_avg:422.83ms
step:3040/5100 lr:0.001 train_loss:3.5130 train_time:1281457ms step_avg:422.92ms
step:3041/5100 lr:0.001 train_loss:3.5540 train_time:1281952ms step_avg:422.95ms
step:3042/5100 lr:0.001 train_loss:3.3455 train_time:1282446ms step_avg:422.97ms
step:3043/5100 lr:0.001 train_loss:3.3015 train_time:1282940ms step_avg:422.99ms
step:3044/5100 lr:0.001 train_loss:3.3389 train_time:1283435ms step_avg:423.02ms
step:3045/5100 lr:0.001 train_loss:3.2634 train_time:1283929ms step_avg:423.04ms
step:3046/5100 lr:0.001 train_loss:3.4219 train_time:1284424ms step_avg:423.06ms
step:3047/5100 lr:0.001 train_loss:3.3257 train_time:1284922ms step_avg:423.09ms
step:3048/5100 lr:0.001 train_loss:3.8595 train_time:1285626ms step_avg:423.18ms
step:3049/5100 lr:0.001 train_loss:3.0609 train_time:1286120ms step_avg:423.21ms
step:3050/5100 lr:0.001 train_loss:3.4365 train_time:1286616ms step_avg:423.23ms
step:3051/5100 lr:0.001 train_loss:3.4119 train_time:1287110ms step_avg:423.25ms
step:3052/5100 lr:0.001 train_loss:3.4538 train_time:1287604ms step_avg:423.28ms
step:3053/5100 lr:0.001 train_loss:3.5994 train_time:1288099ms step_avg:423.30ms
step:3054/5100 lr:0.001 train_loss:3.3666 train_time:1288596ms step_avg:423.32ms
step:3055/5100 lr:0.001 train_loss:3.4328 train_time:1289091ms step_avg:423.35ms
step:3056/5100 lr:0.001 train_loss:3.4825 train_time:1289585ms step_avg:423.37ms
step:3057/5100 lr:0.001 train_loss:3.4142 train_time:1290083ms step_avg:423.39ms
step:3058/5100 lr:0.001 train_loss:3.4593 train_time:1290577ms step_avg:423.42ms
step:3059/5100 lr:0.001 train_loss:3.3299 train_time:1291071ms step_avg:423.44ms
step:3060/5100 lr:0.001 train_loss:3.3790 train_time:1291564ms step_avg:423.46ms
step:3061/5100 lr:0.001 train_loss:3.5997 train_time:1292059ms step_avg:423.49ms
step:3062/5100 lr:0.001 train_loss:3.5314 train_time:1292553ms step_avg:423.51ms
step:3063/5100 lr:0.001 train_loss:3.5050 train_time:1293047ms step_avg:423.53ms
step:3064/5100 lr:0.001 train_loss:3.3568 train_time:1293541ms step_avg:423.56ms
step:3065/5100 lr:0.001 train_loss:3.3589 train_time:1294035ms step_avg:423.58ms
step:3066/5100 lr:0.001 train_loss:3.5623 train_time:1294530ms step_avg:423.60ms
step:3067/5100 lr:0.001 train_loss:3.3421 train_time:1295024ms step_avg:423.63ms
step:3068/5100 lr:0.001 train_loss:3.4791 train_time:1295518ms step_avg:423.65ms
step:3069/5100 lr:0.001 train_loss:3.4882 train_time:1296012ms step_avg:423.67ms
step:3070/5100 lr:0.001 train_loss:3.3874 train_time:1296506ms step_avg:423.69ms
step:3071/5100 lr:0.001 train_loss:3.4368 train_time:1296999ms step_avg:423.72ms
step:3072/5100 lr:0.001 train_loss:3.4553 train_time:1297496ms step_avg:423.74ms
step:3073/5100 lr:0.001 train_loss:3.3803 train_time:1297990ms step_avg:423.76ms
step:3074/5100 lr:0.001 train_loss:3.2661 train_time:1298483ms step_avg:423.79ms
step:3075/5100 lr:0.001 train_loss:3.4086 train_time:1298978ms step_avg:423.81ms
step:3076/5100 lr:0.001 train_loss:3.3460 train_time:1299472ms step_avg:423.83ms
step:3077/5100 lr:0.001 train_loss:3.3072 train_time:1299967ms step_avg:423.86ms
step:3078/5100 lr:0.001 train_loss:3.4391 train_time:1300462ms step_avg:423.88ms
step:3079/5100 lr:0.001 train_loss:3.4533 train_time:1300956ms step_avg:423.90ms
step:3080/5100 lr:0.001 train_loss:3.3441 train_time:1301451ms step_avg:423.93ms
step:3081/5100 lr:0.001 train_loss:3.3845 train_time:1301946ms step_avg:423.95ms
step:3082/5100 lr:0.001 train_loss:3.3556 train_time:1302440ms step_avg:423.97ms
step:3083/5100 lr:0.001 train_loss:3.3618 train_time:1302934ms step_avg:423.99ms
step:3084/5100 lr:0.001 train_loss:3.5805 train_time:1303428ms step_avg:424.02ms
step:3085/5100 lr:0.001 train_loss:3.2498 train_time:1303923ms step_avg:424.04ms
step:3086/5100 lr:0.001 train_loss:4.2625 train_time:1304416ms step_avg:424.06ms
step:3087/5100 lr:0.001 train_loss:3.3498 train_time:1304911ms step_avg:424.09ms
step:3088/5100 lr:0.001 train_loss:3.4696 train_time:1305404ms step_avg:424.11ms
step:3089/5100 lr:0.001 train_loss:3.5811 train_time:1305898ms step_avg:424.13ms
step:3090/5100 lr:0.001 train_loss:3.3108 train_time:1306395ms step_avg:424.15ms
step:3091/5100 lr:0.001 train_loss:3.3794 train_time:1306889ms step_avg:424.18ms
step:3092/5100 lr:0.001 train_loss:3.3748 train_time:1307384ms step_avg:424.20ms
step:3093/5100 lr:0.001 train_loss:3.4210 train_time:1307879ms step_avg:424.22ms
step:3094/5100 lr:0.001 train_loss:3.4229 train_time:1308375ms step_avg:424.25ms
step:3095/5100 lr:0.001 train_loss:3.2508 train_time:1308869ms step_avg:424.27ms
step:3096/5100 lr:0.001 train_loss:3.4775 train_time:1309363ms step_avg:424.29ms
step:3097/5100 lr:0.001 train_loss:3.3558 train_time:1309864ms step_avg:424.32ms
step:3098/5100 lr:0.001 train_loss:3.6559 train_time:1310358ms step_avg:424.34ms
step:3099/5100 lr:0.001 train_loss:3.4182 train_time:1310853ms step_avg:424.36ms
step:3100/5100 lr:0.001 train_loss:3.3612 train_time:1311347ms step_avg:424.38ms
step:3101/5100 lr:0.0009995000000000002 train_loss:3.4091 train_time:1311842ms step_avg:424.41ms
step:3102/5100 lr:0.000999 train_loss:3.3652 train_time:1312336ms step_avg:424.43ms
step:3103/5100 lr:0.0009985 train_loss:3.3652 train_time:1312829ms step_avg:424.45ms
step:3104/5100 lr:0.000998 train_loss:3.8227 train_time:1313323ms step_avg:424.47ms
step:3105/5100 lr:0.0009975000000000001 train_loss:3.3726 train_time:1313816ms step_avg:424.50ms
step:3106/5100 lr:0.000997 train_loss:3.4471 train_time:1314310ms step_avg:424.52ms
step:3107/5100 lr:0.0009965 train_loss:3.5112 train_time:1314804ms step_avg:424.54ms
step:3108/5100 lr:0.000996 train_loss:3.4303 train_time:1315298ms step_avg:424.56ms
step:3109/5100 lr:0.0009955 train_loss:3.5039 train_time:1315792ms step_avg:424.59ms
step:3110/5100 lr:0.000995 train_loss:3.3662 train_time:1316286ms step_avg:424.61ms
step:3111/5100 lr:0.0009945000000000002 train_loss:3.9060 train_time:1316798ms step_avg:424.64ms
step:3112/5100 lr:0.000994 train_loss:3.5612 train_time:1317290ms step_avg:424.66ms
step:3113/5100 lr:0.0009935 train_loss:3.0580 train_time:1317783ms step_avg:424.68ms
step:3114/5100 lr:0.000993 train_loss:3.3258 train_time:1318282ms step_avg:424.70ms
step:3115/5100 lr:0.0009925000000000001 train_loss:3.1677 train_time:1318775ms step_avg:424.73ms
step:3116/5100 lr:0.000992 train_loss:3.6124 train_time:1319270ms step_avg:424.75ms
step:3117/5100 lr:0.0009915 train_loss:3.4291 train_time:1319763ms step_avg:424.77ms
step:3118/5100 lr:0.000991 train_loss:3.5898 train_time:1320257ms step_avg:424.79ms
step:3119/5100 lr:0.0009905 train_loss:3.4297 train_time:1320751ms step_avg:424.82ms
step:3120/5100 lr:0.00099 train_loss:3.5332 train_time:1321245ms step_avg:424.84ms
step:3121/5100 lr:0.0009895000000000001 train_loss:3.5169 train_time:1321739ms step_avg:424.86ms
step:3122/5100 lr:0.000989 train_loss:3.4405 train_time:1322234ms step_avg:424.88ms
step:3123/5100 lr:0.0009885 train_loss:3.3272 train_time:1322727ms step_avg:424.90ms
step:3124/5100 lr:0.000988 train_loss:3.3339 train_time:1323222ms step_avg:424.93ms
step:3125/5100 lr:0.0009875 train_loss:3.4223 train_time:1323716ms step_avg:424.95ms
step:3125/5100 val_loss:3.4190 train_time:1323726ms step_avg:424.95ms
step:3126/5100 lr:0.000987 train_loss:3.8571 train_time:1327994ms step_avg:426.19ms
step:3127/5100 lr:0.0009865 train_loss:3.4357 train_time:1328488ms step_avg:426.21ms
step:3128/5100 lr:0.0009860000000000001 train_loss:3.3516 train_time:1328986ms step_avg:426.23ms
step:3129/5100 lr:0.0009855 train_loss:3.5334 train_time:1329481ms step_avg:426.25ms
step:3130/5100 lr:0.000985 train_loss:3.5599 train_time:1329975ms step_avg:426.27ms
step:3131/5100 lr:0.0009845000000000001 train_loss:3.5433 train_time:1330469ms step_avg:426.30ms
step:3132/5100 lr:0.000984 train_loss:3.2604 train_time:1330963ms step_avg:426.32ms
step:3133/5100 lr:0.0009835 train_loss:3.4162 train_time:1331457ms step_avg:426.34ms
step:3134/5100 lr:0.000983 train_loss:3.4114 train_time:1331952ms step_avg:426.36ms
step:3135/5100 lr:0.0009825 train_loss:3.5082 train_time:1332447ms step_avg:426.38ms
step:3136/5100 lr:0.000982 train_loss:3.4440 train_time:1332941ms step_avg:426.40ms
step:3137/5100 lr:0.0009815000000000002 train_loss:3.2147 train_time:1333437ms step_avg:426.43ms
step:3138/5100 lr:0.000981 train_loss:3.2868 train_time:1333932ms step_avg:426.45ms
step:3139/5100 lr:0.0009805 train_loss:3.4392 train_time:1334426ms step_avg:426.47ms
step:3140/5100 lr:0.00098 train_loss:3.4557 train_time:1334921ms step_avg:426.49ms
step:3141/5100 lr:0.0009795000000000001 train_loss:3.2668 train_time:1335415ms step_avg:426.51ms
step:3142/5100 lr:0.000979 train_loss:3.4543 train_time:1335910ms step_avg:426.54ms
step:3143/5100 lr:0.0009785 train_loss:3.2628 train_time:1336405ms step_avg:426.56ms
step:3144/5100 lr:0.000978 train_loss:3.6301 train_time:1336899ms step_avg:426.58ms
step:3145/5100 lr:0.0009775 train_loss:3.8603 train_time:1337394ms step_avg:426.60ms
step:3146/5100 lr:0.000977 train_loss:3.6917 train_time:1337888ms step_avg:426.62ms
step:3147/5100 lr:0.0009765 train_loss:3.3858 train_time:1338381ms step_avg:426.64ms
step:3148/5100 lr:0.000976 train_loss:3.4219 train_time:1338875ms step_avg:426.67ms
step:3149/5100 lr:0.0009755 train_loss:3.3409 train_time:1339370ms step_avg:426.69ms
step:3150/5100 lr:0.000975 train_loss:3.5212 train_time:1339864ms step_avg:426.71ms
step:3151/5100 lr:0.0009745000000000001 train_loss:3.2436 train_time:1340358ms step_avg:426.73ms
step:3152/5100 lr:0.000974 train_loss:3.4668 train_time:1340852ms step_avg:426.75ms
step:3153/5100 lr:0.0009735000000000001 train_loss:3.5914 train_time:1341346ms step_avg:426.77ms
step:3154/5100 lr:0.000973 train_loss:3.3989 train_time:1341841ms step_avg:426.79ms
step:3155/5100 lr:0.0009725000000000001 train_loss:3.6140 train_time:1342335ms step_avg:426.82ms
step:3156/5100 lr:0.000972 train_loss:4.0135 train_time:1342829ms step_avg:426.84ms
step:3157/5100 lr:0.0009715 train_loss:3.3189 train_time:1343323ms step_avg:426.86ms
step:3158/5100 lr:0.000971 train_loss:3.4130 train_time:1343817ms step_avg:426.88ms
step:3159/5100 lr:0.0009705 train_loss:3.5496 train_time:1344313ms step_avg:426.90ms
step:3160/5100 lr:0.0009699999999999999 train_loss:3.3423 train_time:1344807ms step_avg:426.92ms
step:3161/5100 lr:0.0009695000000000001 train_loss:3.4721 train_time:1345301ms step_avg:426.94ms
step:3162/5100 lr:0.000969 train_loss:3.2510 train_time:1345795ms step_avg:426.97ms
step:3163/5100 lr:0.0009685000000000001 train_loss:3.3740 train_time:1346290ms step_avg:426.99ms
step:3164/5100 lr:0.000968 train_loss:3.4558 train_time:1346784ms step_avg:427.01ms
step:3165/5100 lr:0.0009675 train_loss:3.5121 train_time:1347277ms step_avg:427.03ms
step:3166/5100 lr:0.000967 train_loss:3.4031 train_time:1347771ms step_avg:427.05ms
step:3167/5100 lr:0.0009665 train_loss:3.3476 train_time:1348265ms step_avg:427.07ms
step:3168/5100 lr:0.000966 train_loss:3.4786 train_time:1348758ms step_avg:427.09ms
step:3169/5100 lr:0.0009655 train_loss:3.6935 train_time:1349251ms step_avg:427.11ms
step:3170/5100 lr:0.000965 train_loss:3.6196 train_time:1349745ms step_avg:427.13ms
step:3171/5100 lr:0.0009645000000000001 train_loss:3.5029 train_time:1350238ms step_avg:427.16ms
step:3172/5100 lr:0.000964 train_loss:3.4730 train_time:1350732ms step_avg:427.18ms
step:3173/5100 lr:0.0009635000000000001 train_loss:3.4179 train_time:1351226ms step_avg:427.20ms
step:3174/5100 lr:0.000963 train_loss:3.2815 train_time:1351720ms step_avg:427.22ms
step:3175/5100 lr:0.0009625 train_loss:3.2189 train_time:1352215ms step_avg:427.24ms
step:3176/5100 lr:0.000962 train_loss:3.2287 train_time:1352708ms step_avg:427.26ms
step:3177/5100 lr:0.0009615 train_loss:3.4240 train_time:1353202ms step_avg:427.28ms
step:3178/5100 lr:0.0009609999999999999 train_loss:3.1978 train_time:1353695ms step_avg:427.30ms
step:3179/5100 lr:0.0009605000000000001 train_loss:3.3869 train_time:1354189ms step_avg:427.32ms
step:3180/5100 lr:0.00096 train_loss:3.5361 train_time:1354684ms step_avg:427.34ms
step:3181/5100 lr:0.0009595000000000001 train_loss:3.4281 train_time:1355177ms step_avg:427.37ms
step:3182/5100 lr:0.000959 train_loss:3.4583 train_time:1355671ms step_avg:427.39ms
step:3183/5100 lr:0.0009585 train_loss:3.4899 train_time:1356165ms step_avg:427.41ms
step:3184/5100 lr:0.000958 train_loss:3.2914 train_time:1356658ms step_avg:427.43ms
step:3185/5100 lr:0.0009575 train_loss:3.4044 train_time:1357153ms step_avg:427.45ms
step:3186/5100 lr:0.000957 train_loss:3.6362 train_time:1357648ms step_avg:427.47ms
step:3187/5100 lr:0.0009565 train_loss:3.4141 train_time:1358142ms step_avg:427.49ms
step:3188/5100 lr:0.0009559999999999999 train_loss:3.3791 train_time:1358636ms step_avg:427.51ms
step:3189/5100 lr:0.0009555000000000001 train_loss:3.3519 train_time:1359130ms step_avg:427.53ms
step:3190/5100 lr:0.000955 train_loss:3.5370 train_time:1359625ms step_avg:427.55ms
step:3191/5100 lr:0.0009545 train_loss:3.4869 train_time:1360118ms step_avg:427.58ms
step:3192/5100 lr:0.000954 train_loss:3.3809 train_time:1360612ms step_avg:427.60ms
step:3193/5100 lr:0.0009535 train_loss:3.5968 train_time:1361106ms step_avg:427.62ms
step:3194/5100 lr:0.000953 train_loss:3.5238 train_time:1361600ms step_avg:427.64ms
step:3195/5100 lr:0.0009525 train_loss:3.3091 train_time:1362094ms step_avg:427.66ms
step:3196/5100 lr:0.0009519999999999999 train_loss:3.6323 train_time:1362587ms step_avg:427.68ms
step:3197/5100 lr:0.0009515 train_loss:3.3965 train_time:1363081ms step_avg:427.70ms
step:3198/5100 lr:0.000951 train_loss:3.3186 train_time:1363575ms step_avg:427.72ms
step:3199/5100 lr:0.0009505000000000001 train_loss:3.3571 train_time:1364072ms step_avg:427.74ms
step:3200/5100 lr:0.00095 train_loss:3.3044 train_time:1364566ms step_avg:427.76ms
step:3201/5100 lr:0.0009495 train_loss:4.0583 train_time:1365061ms step_avg:427.78ms
step:3202/5100 lr:0.000949 train_loss:3.4297 train_time:1365555ms step_avg:427.81ms
step:3203/5100 lr:0.0009485 train_loss:3.2061 train_time:1366049ms step_avg:427.83ms
step:3204/5100 lr:0.000948 train_loss:3.3959 train_time:1366544ms step_avg:427.85ms
step:3205/5100 lr:0.0009475 train_loss:3.2006 train_time:1367037ms step_avg:427.87ms
step:3206/5100 lr:0.0009469999999999999 train_loss:3.2430 train_time:1367531ms step_avg:427.89ms
step:3207/5100 lr:0.0009465000000000001 train_loss:3.2080 train_time:1368025ms step_avg:427.91ms
step:3208/5100 lr:0.000946 train_loss:3.3645 train_time:1368518ms step_avg:427.93ms
step:3209/5100 lr:0.0009455 train_loss:3.4211 train_time:1369020ms step_avg:427.95ms
step:3210/5100 lr:0.000945 train_loss:3.3086 train_time:1369514ms step_avg:427.97ms
step:3211/5100 lr:0.0009445 train_loss:3.3424 train_time:1370007ms step_avg:427.99ms
step:3212/5100 lr:0.000944 train_loss:3.4112 train_time:1370501ms step_avg:428.01ms
step:3213/5100 lr:0.0009435 train_loss:3.6444 train_time:1370994ms step_avg:428.03ms
step:3214/5100 lr:0.0009429999999999999 train_loss:3.1550 train_time:1371487ms step_avg:428.05ms
step:3215/5100 lr:0.0009425 train_loss:3.5710 train_time:1371982ms step_avg:428.08ms
step:3216/5100 lr:0.000942 train_loss:3.5081 train_time:1372475ms step_avg:428.10ms
step:3217/5100 lr:0.0009415000000000001 train_loss:3.5660 train_time:1372968ms step_avg:428.12ms
step:3218/5100 lr:0.000941 train_loss:3.2854 train_time:1373463ms step_avg:428.14ms
step:3219/5100 lr:0.0009405 train_loss:3.2432 train_time:1373961ms step_avg:428.16ms
step:3220/5100 lr:0.00094 train_loss:3.2883 train_time:1374454ms step_avg:428.18ms
step:3221/5100 lr:0.0009395 train_loss:3.7138 train_time:1374949ms step_avg:428.20ms
step:3222/5100 lr:0.000939 train_loss:3.1874 train_time:1375446ms step_avg:428.22ms
step:3223/5100 lr:0.0009385 train_loss:3.3831 train_time:1375939ms step_avg:428.24ms
step:3224/5100 lr:0.0009379999999999999 train_loss:3.3036 train_time:1376434ms step_avg:428.26ms
step:3225/5100 lr:0.0009375 train_loss:3.3577 train_time:1376930ms step_avg:428.28ms
step:3226/5100 lr:0.0009370000000000001 train_loss:3.3860 train_time:1377426ms step_avg:428.30ms
step:3227/5100 lr:0.0009365 train_loss:3.5646 train_time:1377919ms step_avg:428.32ms
step:3228/5100 lr:0.0009360000000000001 train_loss:3.4752 train_time:1378414ms step_avg:428.34ms
step:3229/5100 lr:0.0009355 train_loss:3.3728 train_time:1378907ms step_avg:428.36ms
step:3230/5100 lr:0.0009350000000000001 train_loss:3.3166 train_time:1379605ms step_avg:428.45ms
step:3231/5100 lr:0.0009345 train_loss:3.2873 train_time:1380098ms step_avg:428.47ms
step:3232/5100 lr:0.000934 train_loss:3.2662 train_time:1380591ms step_avg:428.49ms
step:3233/5100 lr:0.0009335 train_loss:3.3983 train_time:1381085ms step_avg:428.51ms
step:3234/5100 lr:0.000933 train_loss:3.2444 train_time:1381579ms step_avg:428.53ms
step:3235/5100 lr:0.0009325000000000001 train_loss:3.3085 train_time:1382077ms step_avg:428.55ms
step:3236/5100 lr:0.0009320000000000001 train_loss:3.4269 train_time:1382572ms step_avg:428.57ms
step:3237/5100 lr:0.0009315 train_loss:3.2341 train_time:1383066ms step_avg:428.59ms
step:3238/5100 lr:0.0009310000000000001 train_loss:3.1570 train_time:1383560ms step_avg:428.61ms
step:3239/5100 lr:0.0009305 train_loss:3.4690 train_time:1384259ms step_avg:428.70ms
step:3240/5100 lr:0.00093 train_loss:4.0608 train_time:1384759ms step_avg:428.72ms
step:3241/5100 lr:0.0009295 train_loss:3.4406 train_time:1385255ms step_avg:428.74ms
step:3242/5100 lr:0.000929 train_loss:3.2749 train_time:1385750ms step_avg:428.76ms
step:3243/5100 lr:0.0009285 train_loss:3.3900 train_time:1386245ms step_avg:428.78ms
step:3244/5100 lr:0.0009280000000000001 train_loss:3.4036 train_time:1386740ms step_avg:428.80ms
step:3245/5100 lr:0.0009275 train_loss:3.4582 train_time:1387236ms step_avg:428.82ms
step:3246/5100 lr:0.0009270000000000001 train_loss:3.4583 train_time:1387730ms step_avg:428.84ms
step:3247/5100 lr:0.0009265 train_loss:3.2502 train_time:1388225ms step_avg:428.86ms
step:3248/5100 lr:0.0009260000000000001 train_loss:2.9702 train_time:1388718ms step_avg:428.88ms
step:3249/5100 lr:0.0009255 train_loss:3.4906 train_time:1389219ms step_avg:428.90ms
step:3250/5100 lr:0.000925 train_loss:3.2400 train_time:1389713ms step_avg:428.92ms
step:3250/5100 val_loss:3.3998 train_time:1389723ms step_avg:428.93ms
step:3251/5100 lr:0.0009245 train_loss:3.4266 train_time:1393959ms step_avg:430.10ms
step:3252/5100 lr:0.000924 train_loss:3.4101 train_time:1394453ms step_avg:430.12ms
step:3253/5100 lr:0.0009235000000000001 train_loss:3.4897 train_time:1394947ms step_avg:430.14ms
step:3254/5100 lr:0.0009230000000000001 train_loss:3.3535 train_time:1395441ms step_avg:430.16ms
step:3255/5100 lr:0.0009225 train_loss:3.5372 train_time:1395936ms step_avg:430.18ms
step:3256/5100 lr:0.0009220000000000001 train_loss:3.2781 train_time:1396431ms step_avg:430.20ms
step:3257/5100 lr:0.0009215 train_loss:3.4661 train_time:1396925ms step_avg:430.22ms
step:3258/5100 lr:0.000921 train_loss:3.5545 train_time:1397418ms step_avg:430.24ms
step:3259/5100 lr:0.0009205 train_loss:3.4643 train_time:1397912ms step_avg:430.26ms
step:3260/5100 lr:0.00092 train_loss:3.4099 train_time:1398406ms step_avg:430.28ms
step:3261/5100 lr:0.0009195 train_loss:3.4092 train_time:1398906ms step_avg:430.30ms
step:3262/5100 lr:0.0009190000000000001 train_loss:3.3994 train_time:1399400ms step_avg:430.32ms
step:3263/5100 lr:0.0009185 train_loss:3.5719 train_time:1399894ms step_avg:430.34ms
step:3264/5100 lr:0.0009180000000000001 train_loss:3.3623 train_time:1400388ms step_avg:430.36ms
step:3265/5100 lr:0.0009175 train_loss:3.3943 train_time:1400885ms step_avg:430.38ms
step:3266/5100 lr:0.0009170000000000001 train_loss:3.3977 train_time:1401380ms step_avg:430.40ms
step:3267/5100 lr:0.0009165 train_loss:3.3046 train_time:1401874ms step_avg:430.42ms
step:3268/5100 lr:0.000916 train_loss:3.3052 train_time:1402369ms step_avg:430.44ms
step:3269/5100 lr:0.0009155 train_loss:3.4884 train_time:1402868ms step_avg:430.46ms
step:3270/5100 lr:0.000915 train_loss:3.4770 train_time:1403362ms step_avg:430.48ms
step:3271/5100 lr:0.0009145 train_loss:3.2429 train_time:1403856ms step_avg:430.50ms
step:3272/5100 lr:0.0009140000000000001 train_loss:3.4419 train_time:1404360ms step_avg:430.52ms
step:3273/5100 lr:0.0009135 train_loss:3.4791 train_time:1404854ms step_avg:430.54ms
step:3274/5100 lr:0.0009130000000000001 train_loss:3.5499 train_time:1405349ms step_avg:430.56ms
step:3275/5100 lr:0.0009125 train_loss:3.1439 train_time:1405842ms step_avg:430.58ms
step:3276/5100 lr:0.000912 train_loss:3.3175 train_time:1406336ms step_avg:430.60ms
step:3277/5100 lr:0.0009115 train_loss:3.5076 train_time:1406830ms step_avg:430.62ms
step:3278/5100 lr:0.000911 train_loss:3.3844 train_time:1407324ms step_avg:430.64ms
step:3279/5100 lr:0.0009105 train_loss:3.3201 train_time:1407818ms step_avg:430.66ms
step:3280/5100 lr:0.00091 train_loss:3.6141 train_time:1408312ms step_avg:430.68ms
step:3281/5100 lr:0.0009095 train_loss:3.4140 train_time:1408806ms step_avg:430.70ms
step:3282/5100 lr:0.0009090000000000001 train_loss:3.5696 train_time:1409326ms step_avg:430.72ms
step:3283/5100 lr:0.0009085 train_loss:3.2219 train_time:1409820ms step_avg:430.74ms
step:3284/5100 lr:0.0009080000000000001 train_loss:3.3071 train_time:1410314ms step_avg:430.76ms
step:3285/5100 lr:0.0009075 train_loss:3.2491 train_time:1410809ms step_avg:430.78ms
step:3286/5100 lr:0.000907 train_loss:3.3045 train_time:1411304ms step_avg:430.80ms
step:3287/5100 lr:0.0009065 train_loss:3.2996 train_time:1411804ms step_avg:430.82ms
step:3288/5100 lr:0.000906 train_loss:3.5250 train_time:1412305ms step_avg:430.84ms
step:3289/5100 lr:0.0009055 train_loss:3.1586 train_time:1412800ms step_avg:430.86ms
step:3290/5100 lr:0.0009050000000000001 train_loss:3.3030 train_time:1413299ms step_avg:430.88ms
step:3291/5100 lr:0.0009045 train_loss:3.3602 train_time:1413793ms step_avg:430.90ms
step:3292/5100 lr:0.0009040000000000001 train_loss:3.6893 train_time:1414289ms step_avg:430.92ms
step:3293/5100 lr:0.0009035 train_loss:2.9871 train_time:1414782ms step_avg:430.94ms
step:3294/5100 lr:0.000903 train_loss:3.7017 train_time:1415276ms step_avg:430.96ms
step:3295/5100 lr:0.0009025 train_loss:3.3162 train_time:1415770ms step_avg:430.98ms
step:3296/5100 lr:0.000902 train_loss:3.1778 train_time:1416264ms step_avg:431.00ms
step:3297/5100 lr:0.0009015 train_loss:3.5641 train_time:1416757ms step_avg:431.02ms
step:3298/5100 lr:0.000901 train_loss:3.5658 train_time:1417252ms step_avg:431.04ms
step:3299/5100 lr:0.0009004999999999999 train_loss:3.3300 train_time:1417745ms step_avg:431.06ms
step:3300/5100 lr:0.0009000000000000001 train_loss:3.5067 train_time:1418240ms step_avg:431.08ms
step:3301/5100 lr:0.0008995 train_loss:3.3475 train_time:1418733ms step_avg:431.09ms
step:3302/5100 lr:0.0008990000000000001 train_loss:3.4017 train_time:1419228ms step_avg:431.11ms
step:3303/5100 lr:0.0008985 train_loss:3.3639 train_time:1419723ms step_avg:431.13ms
step:3304/5100 lr:0.000898 train_loss:3.2714 train_time:1420217ms step_avg:431.15ms
step:3305/5100 lr:0.0008975 train_loss:3.3727 train_time:1420711ms step_avg:431.17ms
step:3306/5100 lr:0.000897 train_loss:3.5451 train_time:1421206ms step_avg:431.19ms
step:3307/5100 lr:0.0008964999999999999 train_loss:3.4261 train_time:1421700ms step_avg:431.21ms
step:3308/5100 lr:0.000896 train_loss:3.4036 train_time:1422196ms step_avg:431.23ms
step:3309/5100 lr:0.0008955 train_loss:3.3245 train_time:1422690ms step_avg:431.25ms
step:3310/5100 lr:0.0008950000000000001 train_loss:3.4224 train_time:1423185ms step_avg:431.27ms
step:3311/5100 lr:0.0008945 train_loss:3.3291 train_time:1423679ms step_avg:431.29ms
step:3312/5100 lr:0.000894 train_loss:3.4647 train_time:1424174ms step_avg:431.31ms
step:3313/5100 lr:0.0008935 train_loss:3.5354 train_time:1425289ms step_avg:431.51ms
step:3314/5100 lr:0.000893 train_loss:3.4208 train_time:1425783ms step_avg:431.53ms
step:3315/5100 lr:0.0008925 train_loss:3.3177 train_time:1426277ms step_avg:431.55ms
step:3316/5100 lr:0.000892 train_loss:3.3541 train_time:1426771ms step_avg:431.57ms
step:3317/5100 lr:0.0008914999999999999 train_loss:3.3784 train_time:1427265ms step_avg:431.59ms
step:3318/5100 lr:0.0008910000000000001 train_loss:3.3462 train_time:1427760ms step_avg:431.61ms
step:3319/5100 lr:0.0008905 train_loss:3.2681 train_time:1428254ms step_avg:431.63ms
step:3320/5100 lr:0.0008900000000000001 train_loss:3.9200 train_time:1428748ms step_avg:431.65ms
step:3321/5100 lr:0.0008895 train_loss:3.3603 train_time:1429243ms step_avg:431.67ms
step:3322/5100 lr:0.000889 train_loss:3.4412 train_time:1429737ms step_avg:431.68ms
step:3323/5100 lr:0.0008885 train_loss:3.1459 train_time:1430230ms step_avg:431.70ms
step:3324/5100 lr:0.000888 train_loss:3.3147 train_time:1430724ms step_avg:431.72ms
step:3325/5100 lr:0.0008874999999999999 train_loss:3.6074 train_time:1431221ms step_avg:431.74ms
step:3326/5100 lr:0.000887 train_loss:3.1818 train_time:1431715ms step_avg:431.76ms
step:3327/5100 lr:0.0008865 train_loss:3.6319 train_time:1432210ms step_avg:431.78ms
step:3328/5100 lr:0.0008860000000000001 train_loss:3.4026 train_time:1432704ms step_avg:431.80ms
step:3329/5100 lr:0.0008855 train_loss:3.3377 train_time:1433197ms step_avg:431.82ms
step:3330/5100 lr:0.000885 train_loss:3.4749 train_time:1433692ms step_avg:431.83ms
step:3331/5100 lr:0.0008845 train_loss:3.2745 train_time:1434187ms step_avg:431.85ms
step:3332/5100 lr:0.000884 train_loss:3.2517 train_time:1434680ms step_avg:431.87ms
step:3333/5100 lr:0.0008835 train_loss:3.3649 train_time:1435173ms step_avg:431.89ms
step:3334/5100 lr:0.000883 train_loss:3.3799 train_time:1435667ms step_avg:431.91ms
step:3335/5100 lr:0.0008824999999999999 train_loss:3.4932 train_time:1436161ms step_avg:431.93ms
step:3336/5100 lr:0.000882 train_loss:3.4886 train_time:1436655ms step_avg:431.95ms
step:3337/5100 lr:0.0008815 train_loss:3.8017 train_time:1437148ms step_avg:431.97ms
step:3338/5100 lr:0.0008810000000000001 train_loss:3.3279 train_time:1437642ms step_avg:431.98ms
step:3339/5100 lr:0.0008805 train_loss:3.3208 train_time:1438136ms step_avg:432.00ms
step:3340/5100 lr:0.00088 train_loss:3.4413 train_time:1438629ms step_avg:432.02ms
step:3341/5100 lr:0.0008795 train_loss:3.3977 train_time:1439123ms step_avg:432.04ms
step:3342/5100 lr:0.000879 train_loss:3.2601 train_time:1439618ms step_avg:432.06ms
step:3343/5100 lr:0.0008784999999999999 train_loss:3.2886 train_time:1440115ms step_avg:432.08ms
step:3344/5100 lr:0.000878 train_loss:3.5101 train_time:1440609ms step_avg:432.10ms
step:3345/5100 lr:0.0008774999999999999 train_loss:3.3449 train_time:1441103ms step_avg:432.11ms
step:3346/5100 lr:0.0008770000000000001 train_loss:3.4720 train_time:1441597ms step_avg:432.13ms
step:3347/5100 lr:0.0008765 train_loss:3.3982 train_time:1442091ms step_avg:432.15ms
step:3348/5100 lr:0.000876 train_loss:3.4425 train_time:1442586ms step_avg:432.17ms
step:3349/5100 lr:0.0008755 train_loss:3.4307 train_time:1443080ms step_avg:432.19ms
step:3350/5100 lr:0.000875 train_loss:3.2891 train_time:1443574ms step_avg:432.21ms
step:3351/5100 lr:0.0008745000000000001 train_loss:3.3599 train_time:1444068ms step_avg:432.23ms
step:3352/5100 lr:0.000874 train_loss:3.3740 train_time:1444562ms step_avg:432.24ms
step:3353/5100 lr:0.0008735 train_loss:3.3428 train_time:1445055ms step_avg:432.26ms
step:3354/5100 lr:0.000873 train_loss:3.5507 train_time:1445549ms step_avg:432.28ms
step:3355/5100 lr:0.0008725000000000001 train_loss:3.3770 train_time:1446043ms step_avg:432.30ms
step:3356/5100 lr:0.000872 train_loss:3.4632 train_time:1446537ms step_avg:432.32ms
step:3357/5100 lr:0.0008715000000000001 train_loss:3.4131 train_time:1447031ms step_avg:432.34ms
step:3358/5100 lr:0.000871 train_loss:3.2645 train_time:1447524ms step_avg:432.35ms
step:3359/5100 lr:0.0008705000000000001 train_loss:3.3930 train_time:1448018ms step_avg:432.37ms
step:3360/5100 lr:0.00087 train_loss:3.4157 train_time:1448512ms step_avg:432.39ms
step:3361/5100 lr:0.0008695 train_loss:3.6150 train_time:1449005ms step_avg:432.41ms
step:3362/5100 lr:0.000869 train_loss:3.4055 train_time:1449499ms step_avg:432.43ms
step:3363/5100 lr:0.0008685 train_loss:3.2997 train_time:1449994ms step_avg:432.45ms
step:3364/5100 lr:0.0008680000000000001 train_loss:3.3316 train_time:1450489ms step_avg:432.47ms
step:3365/5100 lr:0.0008675000000000001 train_loss:3.3456 train_time:1450983ms step_avg:432.48ms
step:3366/5100 lr:0.000867 train_loss:3.3976 train_time:1451477ms step_avg:432.50ms
step:3367/5100 lr:0.0008665000000000001 train_loss:3.5513 train_time:1451971ms step_avg:432.52ms
step:3368/5100 lr:0.000866 train_loss:3.1200 train_time:1452465ms step_avg:432.54ms
step:3369/5100 lr:0.0008655000000000001 train_loss:3.4420 train_time:1452959ms step_avg:432.56ms
step:3370/5100 lr:0.000865 train_loss:3.3111 train_time:1453455ms step_avg:432.58ms
step:3371/5100 lr:0.0008645 train_loss:3.3529 train_time:1453951ms step_avg:432.59ms
step:3372/5100 lr:0.000864 train_loss:3.3984 train_time:1454445ms step_avg:432.61ms
step:3373/5100 lr:0.0008635 train_loss:4.0195 train_time:1454940ms step_avg:432.63ms
step:3374/5100 lr:0.000863 train_loss:3.6003 train_time:1455434ms step_avg:432.65ms
step:3375/5100 lr:0.0008625000000000001 train_loss:3.4995 train_time:1455928ms step_avg:432.67ms
step:3375/5100 val_loss:3.3867 train_time:1455938ms step_avg:432.67ms
step:3376/5100 lr:0.000862 train_loss:3.3245 train_time:1460172ms step_avg:433.80ms
step:3377/5100 lr:0.0008615000000000001 train_loss:3.4601 train_time:1460666ms step_avg:433.82ms
step:3378/5100 lr:0.000861 train_loss:3.4726 train_time:1461160ms step_avg:433.84ms
step:3379/5100 lr:0.0008605 train_loss:3.4078 train_time:1461654ms step_avg:433.85ms
step:3380/5100 lr:0.00086 train_loss:3.4396 train_time:1462148ms step_avg:433.87ms
step:3381/5100 lr:0.0008595 train_loss:3.4023 train_time:1462642ms step_avg:433.89ms
step:3382/5100 lr:0.000859 train_loss:3.2852 train_time:1463136ms step_avg:433.91ms
step:3383/5100 lr:0.0008585000000000001 train_loss:3.4116 train_time:1463630ms step_avg:433.93ms
step:3384/5100 lr:0.000858 train_loss:3.3822 train_time:1464124ms step_avg:433.94ms
step:3385/5100 lr:0.0008575000000000001 train_loss:3.4211 train_time:1464618ms step_avg:433.96ms
step:3386/5100 lr:0.000857 train_loss:3.4226 train_time:1465112ms step_avg:433.98ms
step:3387/5100 lr:0.0008565000000000001 train_loss:3.2626 train_time:1465606ms step_avg:434.00ms
step:3388/5100 lr:0.000856 train_loss:3.4052 train_time:1466101ms step_avg:434.01ms
step:3389/5100 lr:0.0008555 train_loss:3.3450 train_time:1466595ms step_avg:434.03ms
step:3390/5100 lr:0.000855 train_loss:3.3621 train_time:1467090ms step_avg:434.05ms
step:3391/5100 lr:0.0008545 train_loss:3.2933 train_time:1467591ms step_avg:434.07ms
step:3392/5100 lr:0.000854 train_loss:3.4565 train_time:1468085ms step_avg:434.09ms
step:3393/5100 lr:0.0008535000000000001 train_loss:3.2951 train_time:1468579ms step_avg:434.11ms
step:3394/5100 lr:0.000853 train_loss:3.2495 train_time:1469074ms step_avg:434.12ms
step:3395/5100 lr:0.0008525000000000001 train_loss:3.3858 train_time:1469569ms step_avg:434.14ms
step:3396/5100 lr:0.000852 train_loss:3.4220 train_time:1470063ms step_avg:434.16ms
step:3397/5100 lr:0.0008515 train_loss:3.4701 train_time:1470558ms step_avg:434.18ms
step:3398/5100 lr:0.000851 train_loss:3.4272 train_time:1471052ms step_avg:434.19ms
step:3399/5100 lr:0.0008505 train_loss:3.3049 train_time:1471547ms step_avg:434.21ms
step:3400/5100 lr:0.00085 train_loss:3.3837 train_time:1472042ms step_avg:434.23ms
step:3401/5100 lr:0.0008495000000000001 train_loss:3.5882 train_time:1472536ms step_avg:434.25ms
step:3402/5100 lr:0.000849 train_loss:4.0152 train_time:1473031ms step_avg:434.27ms
step:3403/5100 lr:0.0008485000000000001 train_loss:3.5324 train_time:1473525ms step_avg:434.28ms
step:3404/5100 lr:0.000848 train_loss:3.1989 train_time:1474019ms step_avg:434.30ms
step:3405/5100 lr:0.0008475000000000001 train_loss:3.6218 train_time:1474513ms step_avg:434.32ms
step:3406/5100 lr:0.000847 train_loss:3.2453 train_time:1475008ms step_avg:434.34ms
step:3407/5100 lr:0.0008465 train_loss:3.4411 train_time:1475503ms step_avg:434.35ms
step:3408/5100 lr:0.000846 train_loss:3.2780 train_time:1475997ms step_avg:434.37ms
step:3409/5100 lr:0.0008455 train_loss:3.3387 train_time:1476492ms step_avg:434.39ms
step:3410/5100 lr:0.0008449999999999999 train_loss:3.2904 train_time:1476986ms step_avg:434.41ms
step:3411/5100 lr:0.0008445000000000001 train_loss:3.4799 train_time:1477483ms step_avg:434.43ms
step:3412/5100 lr:0.000844 train_loss:3.2885 train_time:1477977ms step_avg:434.44ms
step:3413/5100 lr:0.0008435000000000001 train_loss:3.5048 train_time:1478471ms step_avg:434.46ms
step:3414/5100 lr:0.000843 train_loss:3.3221 train_time:1478965ms step_avg:434.48ms
step:3415/5100 lr:0.0008425 train_loss:3.4065 train_time:1479460ms step_avg:434.50ms
step:3416/5100 lr:0.000842 train_loss:3.3232 train_time:1479954ms step_avg:434.51ms
step:3417/5100 lr:0.0008415 train_loss:3.4759 train_time:1480447ms step_avg:434.53ms
step:3418/5100 lr:0.000841 train_loss:3.3339 train_time:1480942ms step_avg:434.55ms
step:3419/5100 lr:0.0008405 train_loss:3.0808 train_time:1481436ms step_avg:434.57ms
step:3420/5100 lr:0.00084 train_loss:3.2777 train_time:1482135ms step_avg:434.64ms
step:3421/5100 lr:0.0008395000000000001 train_loss:3.4267 train_time:1482629ms step_avg:434.66ms
step:3422/5100 lr:0.000839 train_loss:3.3148 train_time:1483122ms step_avg:434.68ms
step:3423/5100 lr:0.0008385 train_loss:3.3837 train_time:1483618ms step_avg:434.70ms
step:3424/5100 lr:0.000838 train_loss:3.3978 train_time:1484112ms step_avg:434.71ms
step:3425/5100 lr:0.0008375 train_loss:3.5603 train_time:1484606ms step_avg:434.73ms
step:3426/5100 lr:0.000837 train_loss:3.3254 train_time:1485101ms step_avg:434.75ms
step:3427/5100 lr:0.0008365 train_loss:3.3818 train_time:1485595ms step_avg:434.77ms
step:3428/5100 lr:0.0008359999999999999 train_loss:3.3055 train_time:1486090ms step_avg:434.78ms
step:3429/5100 lr:0.0008355000000000001 train_loss:3.4249 train_time:1486796ms step_avg:434.86ms
step:3430/5100 lr:0.000835 train_loss:3.3541 train_time:1487291ms step_avg:434.88ms
step:3431/5100 lr:0.0008345000000000001 train_loss:3.2699 train_time:1487785ms step_avg:434.90ms
step:3432/5100 lr:0.000834 train_loss:3.5519 train_time:1488279ms step_avg:434.91ms
step:3433/5100 lr:0.0008335 train_loss:3.6752 train_time:1488773ms step_avg:434.93ms
step:3434/5100 lr:0.000833 train_loss:3.3959 train_time:1489267ms step_avg:434.95ms
step:3435/5100 lr:0.0008325 train_loss:3.3856 train_time:1489761ms step_avg:434.97ms
step:3436/5100 lr:0.000832 train_loss:3.3693 train_time:1490258ms step_avg:434.98ms
step:3437/5100 lr:0.0008315 train_loss:3.2779 train_time:1490753ms step_avg:435.00ms
step:3438/5100 lr:0.0008309999999999999 train_loss:3.3304 train_time:1491247ms step_avg:435.02ms
step:3439/5100 lr:0.0008305000000000001 train_loss:3.4478 train_time:1491741ms step_avg:435.04ms
step:3440/5100 lr:0.00083 train_loss:3.5804 train_time:1492235ms step_avg:435.05ms
step:3441/5100 lr:0.0008295 train_loss:3.2907 train_time:1492730ms step_avg:435.07ms
step:3442/5100 lr:0.000829 train_loss:3.6567 train_time:1493224ms step_avg:435.09ms
step:3443/5100 lr:0.0008285 train_loss:3.4461 train_time:1493718ms step_avg:435.11ms
step:3444/5100 lr:0.000828 train_loss:3.2829 train_time:1494212ms step_avg:435.12ms
step:3445/5100 lr:0.0008275 train_loss:3.2986 train_time:1494706ms step_avg:435.14ms
step:3446/5100 lr:0.0008269999999999999 train_loss:3.3570 train_time:1495200ms step_avg:435.16ms
step:3447/5100 lr:0.0008265 train_loss:3.5041 train_time:1495695ms step_avg:435.17ms
step:3448/5100 lr:0.000826 train_loss:3.2540 train_time:1496189ms step_avg:435.19ms
step:3449/5100 lr:0.0008255000000000001 train_loss:3.4915 train_time:1496684ms step_avg:435.21ms
step:3450/5100 lr:0.000825 train_loss:3.3643 train_time:1497179ms step_avg:435.23ms
step:3451/5100 lr:0.0008245 train_loss:3.5301 train_time:1497677ms step_avg:435.24ms
step:3452/5100 lr:0.000824 train_loss:3.4603 train_time:1498166ms step_avg:435.26ms
step:3453/5100 lr:0.0008235 train_loss:3.3701 train_time:1498660ms step_avg:435.28ms
step:3454/5100 lr:0.000823 train_loss:3.2713 train_time:1499154ms step_avg:435.29ms
step:3455/5100 lr:0.0008225 train_loss:3.6418 train_time:1499653ms step_avg:435.31ms
step:3456/5100 lr:0.0008219999999999999 train_loss:3.4127 train_time:1500147ms step_avg:435.33ms
step:3457/5100 lr:0.0008215000000000001 train_loss:3.2532 train_time:1500646ms step_avg:435.35ms
step:3458/5100 lr:0.000821 train_loss:3.5584 train_time:1501140ms step_avg:435.37ms
step:3459/5100 lr:0.0008205 train_loss:3.5233 train_time:1501634ms step_avg:435.38ms
step:3460/5100 lr:0.00082 train_loss:3.4618 train_time:1502128ms step_avg:435.40ms
step:3461/5100 lr:0.0008195 train_loss:3.2869 train_time:1502621ms step_avg:435.42ms
step:3462/5100 lr:0.000819 train_loss:3.6103 train_time:1503115ms step_avg:435.43ms
step:3463/5100 lr:0.0008185 train_loss:3.1763 train_time:1503608ms step_avg:435.45ms
step:3464/5100 lr:0.0008179999999999999 train_loss:3.5317 train_time:1504101ms step_avg:435.47ms
step:3465/5100 lr:0.0008175 train_loss:3.3145 train_time:1504595ms step_avg:435.48ms
step:3466/5100 lr:0.000817 train_loss:3.4194 train_time:1505089ms step_avg:435.50ms
step:3467/5100 lr:0.0008165000000000001 train_loss:3.4562 train_time:1505583ms step_avg:435.52ms
step:3468/5100 lr:0.000816 train_loss:3.3049 train_time:1506077ms step_avg:435.53ms
step:3469/5100 lr:0.0008155 train_loss:3.3914 train_time:1506570ms step_avg:435.55ms
step:3470/5100 lr:0.000815 train_loss:3.3910 train_time:1507065ms step_avg:435.57ms
step:3471/5100 lr:0.0008145 train_loss:3.3388 train_time:1507559ms step_avg:435.58ms
step:3472/5100 lr:0.0008139999999999999 train_loss:3.3409 train_time:1508053ms step_avg:435.60ms
step:3473/5100 lr:0.0008135 train_loss:3.2669 train_time:1508547ms step_avg:435.62ms
step:3474/5100 lr:0.0008129999999999999 train_loss:3.3516 train_time:1509041ms step_avg:435.64ms
step:3475/5100 lr:0.0008125000000000001 train_loss:3.4345 train_time:1509534ms step_avg:435.65ms
step:3476/5100 lr:0.0008120000000000001 train_loss:3.4111 train_time:1510028ms step_avg:435.67ms
step:3477/5100 lr:0.0008115 train_loss:3.4092 train_time:1510521ms step_avg:435.69ms
step:3478/5100 lr:0.0008110000000000001 train_loss:3.4403 train_time:1511014ms step_avg:435.70ms
step:3479/5100 lr:0.0008105 train_loss:3.2990 train_time:1511508ms step_avg:435.72ms
step:3480/5100 lr:0.0008100000000000001 train_loss:3.5831 train_time:1512003ms step_avg:435.74ms
step:3481/5100 lr:0.0008095 train_loss:4.2291 train_time:1512497ms step_avg:435.75ms
step:3482/5100 lr:0.000809 train_loss:3.4242 train_time:1512990ms step_avg:435.77ms
step:3483/5100 lr:0.0008085 train_loss:3.4268 train_time:1513484ms step_avg:435.79ms
step:3484/5100 lr:0.000808 train_loss:3.3815 train_time:1513977ms step_avg:435.80ms
step:3485/5100 lr:0.0008075000000000001 train_loss:3.3892 train_time:1514470ms step_avg:435.82ms
step:3486/5100 lr:0.0008070000000000001 train_loss:3.2304 train_time:1514963ms step_avg:435.84ms
step:3487/5100 lr:0.0008065 train_loss:3.3681 train_time:1515456ms step_avg:435.85ms
step:3488/5100 lr:0.0008060000000000001 train_loss:3.1242 train_time:1515952ms step_avg:435.87ms
step:3489/5100 lr:0.0008055 train_loss:3.5670 train_time:1516445ms step_avg:435.89ms
step:3490/5100 lr:0.000805 train_loss:3.3531 train_time:1516941ms step_avg:435.90ms
step:3491/5100 lr:0.0008045 train_loss:3.3740 train_time:1517435ms step_avg:435.92ms
step:3492/5100 lr:0.000804 train_loss:3.4043 train_time:1517929ms step_avg:435.94ms
step:3493/5100 lr:0.0008035 train_loss:3.3801 train_time:1518427ms step_avg:435.95ms
step:3494/5100 lr:0.0008030000000000001 train_loss:3.3967 train_time:1518920ms step_avg:435.97ms
step:3495/5100 lr:0.0008025 train_loss:3.6442 train_time:1519419ms step_avg:435.99ms
step:3496/5100 lr:0.0008020000000000001 train_loss:3.3614 train_time:1519912ms step_avg:436.00ms
step:3497/5100 lr:0.0008015 train_loss:3.3145 train_time:1520410ms step_avg:436.02ms
step:3498/5100 lr:0.0008010000000000001 train_loss:3.5754 train_time:1520903ms step_avg:436.04ms
step:3499/5100 lr:0.0008005 train_loss:3.4557 train_time:1521396ms step_avg:436.06ms
step:3500/5100 lr:0.0008 train_loss:3.3587 train_time:1521890ms step_avg:436.07ms
step:3500/5100 val_loss:3.3693 train_time:1521900ms step_avg:436.07ms
step:3501/5100 lr:0.0007995 train_loss:3.1822 train_time:1526150ms step_avg:437.17ms
step:3502/5100 lr:0.000799 train_loss:3.5799 train_time:1526643ms step_avg:437.18ms
step:3503/5100 lr:0.0007985000000000001 train_loss:3.3798 train_time:1527137ms step_avg:437.20ms
step:3504/5100 lr:0.0007980000000000001 train_loss:3.4571 train_time:1527630ms step_avg:437.22ms
step:3505/5100 lr:0.0007975 train_loss:3.4880 train_time:1528124ms step_avg:437.23ms
step:3506/5100 lr:0.0007970000000000001 train_loss:3.2977 train_time:1528617ms step_avg:437.25ms
step:3507/5100 lr:0.0007965 train_loss:3.4882 train_time:1529111ms step_avg:437.26ms
step:3508/5100 lr:0.000796 train_loss:3.3700 train_time:1529605ms step_avg:437.28ms
step:3509/5100 lr:0.0007955 train_loss:3.3475 train_time:1530099ms step_avg:437.30ms
step:3510/5100 lr:0.000795 train_loss:3.5445 train_time:1530593ms step_avg:437.31ms
step:3511/5100 lr:0.0007945 train_loss:3.2871 train_time:1531086ms step_avg:437.33ms
step:3512/5100 lr:0.0007940000000000001 train_loss:3.3520 train_time:1531579ms step_avg:437.34ms
step:3513/5100 lr:0.0007935 train_loss:3.4365 train_time:1532073ms step_avg:437.36ms
step:3514/5100 lr:0.0007930000000000001 train_loss:3.5147 train_time:1532567ms step_avg:437.38ms
step:3515/5100 lr:0.0007925 train_loss:3.2323 train_time:1533061ms step_avg:437.39ms
step:3516/5100 lr:0.0007920000000000001 train_loss:3.3882 train_time:1533555ms step_avg:437.41ms
step:3517/5100 lr:0.0007915 train_loss:3.2435 train_time:1534058ms step_avg:437.43ms
step:3518/5100 lr:0.000791 train_loss:3.6888 train_time:1534553ms step_avg:437.44ms
step:3519/5100 lr:0.0007905 train_loss:3.3144 train_time:1535047ms step_avg:437.46ms
step:3520/5100 lr:0.00079 train_loss:3.2189 train_time:1535540ms step_avg:437.48ms
step:3521/5100 lr:0.0007894999999999999 train_loss:3.3868 train_time:1536060ms step_avg:437.50ms
step:3522/5100 lr:0.0007890000000000001 train_loss:3.2252 train_time:1536554ms step_avg:437.52ms
step:3523/5100 lr:0.0007885 train_loss:3.2798 train_time:1537048ms step_avg:437.53ms
step:3524/5100 lr:0.0007880000000000001 train_loss:3.3668 train_time:1537542ms step_avg:437.55ms
step:3525/5100 lr:0.0007875 train_loss:3.3239 train_time:1538042ms step_avg:437.57ms
step:3526/5100 lr:0.000787 train_loss:3.4462 train_time:1538536ms step_avg:437.58ms
step:3527/5100 lr:0.0007865 train_loss:3.2978 train_time:1539030ms step_avg:437.60ms
step:3528/5100 lr:0.000786 train_loss:3.2327 train_time:1539524ms step_avg:437.61ms
step:3529/5100 lr:0.0007855 train_loss:3.5810 train_time:1540017ms step_avg:437.63ms
step:3530/5100 lr:0.000785 train_loss:3.4910 train_time:1540511ms step_avg:437.65ms
step:3531/5100 lr:0.0007845 train_loss:3.3569 train_time:1541005ms step_avg:437.66ms
step:3532/5100 lr:0.0007840000000000001 train_loss:3.2623 train_time:1541499ms step_avg:437.68ms
step:3533/5100 lr:0.0007835 train_loss:3.4394 train_time:1541993ms step_avg:437.69ms
step:3534/5100 lr:0.0007830000000000001 train_loss:3.2817 train_time:1542486ms step_avg:437.71ms
step:3535/5100 lr:0.0007825 train_loss:3.5173 train_time:1542980ms step_avg:437.72ms
step:3536/5100 lr:0.000782 train_loss:3.3808 train_time:1543474ms step_avg:437.74ms
step:3537/5100 lr:0.0007815 train_loss:3.0880 train_time:1543967ms step_avg:437.76ms
step:3538/5100 lr:0.000781 train_loss:3.5228 train_time:1544463ms step_avg:437.77ms
step:3539/5100 lr:0.0007804999999999999 train_loss:3.3315 train_time:1544957ms step_avg:437.79ms
step:3540/5100 lr:0.0007800000000000001 train_loss:3.1767 train_time:1545454ms step_avg:437.81ms
step:3541/5100 lr:0.0007795 train_loss:3.2342 train_time:1545947ms step_avg:437.82ms
step:3542/5100 lr:0.0007790000000000001 train_loss:3.2853 train_time:1546441ms step_avg:437.84ms
step:3543/5100 lr:0.0007785 train_loss:3.2576 train_time:1546935ms step_avg:437.85ms
step:3544/5100 lr:0.000778 train_loss:3.2149 train_time:1547428ms step_avg:437.87ms
step:3545/5100 lr:0.0007775 train_loss:3.4713 train_time:1547925ms step_avg:437.89ms
step:3546/5100 lr:0.000777 train_loss:3.3982 train_time:1548419ms step_avg:437.90ms
step:3547/5100 lr:0.0007765 train_loss:3.2926 train_time:1548912ms step_avg:437.92ms
step:3548/5100 lr:0.000776 train_loss:3.3063 train_time:1549406ms step_avg:437.93ms
step:3549/5100 lr:0.0007754999999999999 train_loss:3.5638 train_time:1549900ms step_avg:437.95ms
step:3550/5100 lr:0.0007750000000000001 train_loss:3.2981 train_time:1550394ms step_avg:437.96ms
step:3551/5100 lr:0.0007745 train_loss:3.4620 train_time:1550887ms step_avg:437.98ms
step:3552/5100 lr:0.0007740000000000001 train_loss:3.5574 train_time:1551380ms step_avg:438.00ms
step:3553/5100 lr:0.0007735 train_loss:3.5125 train_time:1551874ms step_avg:438.01ms
step:3554/5100 lr:0.000773 train_loss:3.4581 train_time:1552367ms step_avg:438.03ms
step:3555/5100 lr:0.0007725 train_loss:3.2757 train_time:1552860ms step_avg:438.04ms
step:3556/5100 lr:0.000772 train_loss:3.2902 train_time:1553355ms step_avg:438.06ms
step:3557/5100 lr:0.0007714999999999999 train_loss:3.3916 train_time:1553853ms step_avg:438.08ms
step:3558/5100 lr:0.000771 train_loss:3.5017 train_time:1554347ms step_avg:438.09ms
step:3559/5100 lr:0.0007705 train_loss:3.2839 train_time:1554841ms step_avg:438.11ms
step:3560/5100 lr:0.0007700000000000001 train_loss:3.2090 train_time:1555335ms step_avg:438.12ms
step:3561/5100 lr:0.0007695 train_loss:3.3757 train_time:1555830ms step_avg:438.14ms
step:3562/5100 lr:0.000769 train_loss:3.4710 train_time:1556324ms step_avg:438.15ms
step:3563/5100 lr:0.0007685 train_loss:3.3996 train_time:1556817ms step_avg:438.17ms
step:3564/5100 lr:0.000768 train_loss:3.3248 train_time:1557311ms step_avg:438.19ms
step:3565/5100 lr:0.0007675 train_loss:3.1686 train_time:1557805ms step_avg:438.20ms
step:3566/5100 lr:0.000767 train_loss:3.2463 train_time:1558299ms step_avg:438.22ms
step:3567/5100 lr:0.0007664999999999999 train_loss:3.4250 train_time:1558793ms step_avg:438.23ms
step:3568/5100 lr:0.0007660000000000001 train_loss:3.9149 train_time:1559289ms step_avg:438.25ms
step:3569/5100 lr:0.0007655 train_loss:3.4118 train_time:1559797ms step_avg:438.27ms
step:3570/5100 lr:0.0007650000000000001 train_loss:3.3943 train_time:1560291ms step_avg:438.28ms
step:3571/5100 lr:0.0007645 train_loss:3.2275 train_time:1560785ms step_avg:438.30ms
step:3572/5100 lr:0.000764 train_loss:3.6232 train_time:1561278ms step_avg:438.31ms
step:3573/5100 lr:0.0007635 train_loss:3.2719 train_time:1561771ms step_avg:438.33ms
step:3574/5100 lr:0.000763 train_loss:3.1247 train_time:1562264ms step_avg:438.35ms
step:3575/5100 lr:0.0007624999999999999 train_loss:3.3671 train_time:1562758ms step_avg:438.36ms
step:3576/5100 lr:0.000762 train_loss:3.5377 train_time:1563252ms step_avg:438.38ms
step:3577/5100 lr:0.0007615 train_loss:3.3659 train_time:1563746ms step_avg:438.39ms
step:3578/5100 lr:0.0007610000000000001 train_loss:3.3771 train_time:1564243ms step_avg:438.41ms
step:3579/5100 lr:0.0007605 train_loss:3.4994 train_time:1564736ms step_avg:438.42ms
step:3580/5100 lr:0.00076 train_loss:3.6844 train_time:1565230ms step_avg:438.44ms
step:3581/5100 lr:0.0007595 train_loss:3.1847 train_time:1565723ms step_avg:438.46ms
step:3582/5100 lr:0.000759 train_loss:3.3954 train_time:1566217ms step_avg:438.47ms
step:3583/5100 lr:0.0007585 train_loss:3.5645 train_time:1566711ms step_avg:438.49ms
step:3584/5100 lr:0.000758 train_loss:3.5584 train_time:1567208ms step_avg:438.50ms
step:3585/5100 lr:0.0007574999999999999 train_loss:3.3186 train_time:1567702ms step_avg:438.52ms
step:3586/5100 lr:0.000757 train_loss:3.3137 train_time:1568197ms step_avg:438.53ms
step:3587/5100 lr:0.0007565 train_loss:3.4453 train_time:1568690ms step_avg:438.55ms
step:3588/5100 lr:0.000756 train_loss:3.3830 train_time:1569184ms step_avg:438.56ms
step:3589/5100 lr:0.0007555 train_loss:3.3085 train_time:1569677ms step_avg:438.58ms
step:3590/5100 lr:0.000755 train_loss:3.2904 train_time:1570177ms step_avg:438.60ms
step:3591/5100 lr:0.0007545 train_loss:3.2338 train_time:1570671ms step_avg:438.61ms
step:3592/5100 lr:0.000754 train_loss:3.3082 train_time:1571165ms step_avg:438.63ms
step:3593/5100 lr:0.0007534999999999999 train_loss:3.4380 train_time:1571660ms step_avg:438.64ms
step:3594/5100 lr:0.000753 train_loss:3.3327 train_time:1572153ms step_avg:438.66ms
step:3595/5100 lr:0.0007524999999999999 train_loss:3.3044 train_time:1572646ms step_avg:438.67ms
step:3596/5100 lr:0.0007520000000000001 train_loss:3.3085 train_time:1573140ms step_avg:438.69ms
step:3597/5100 lr:0.0007515 train_loss:3.2950 train_time:1573633ms step_avg:438.70ms
step:3598/5100 lr:0.000751 train_loss:3.4607 train_time:1574126ms step_avg:438.72ms
step:3599/5100 lr:0.0007505 train_loss:3.6601 train_time:1574621ms step_avg:438.74ms
step:3600/5100 lr:0.00075 train_loss:3.4162 train_time:1575118ms step_avg:438.75ms
step:3601/5100 lr:0.0007495000000000001 train_loss:3.4789 train_time:1575615ms step_avg:438.77ms
step:3602/5100 lr:0.000749 train_loss:3.3749 train_time:1576110ms step_avg:438.78ms
step:3603/5100 lr:0.0007485 train_loss:3.4104 train_time:1576604ms step_avg:438.80ms
step:3604/5100 lr:0.000748 train_loss:3.1435 train_time:1577097ms step_avg:438.81ms
step:3605/5100 lr:0.0007475000000000001 train_loss:3.3103 train_time:1577591ms step_avg:438.83ms
step:3606/5100 lr:0.000747 train_loss:3.6748 train_time:1578084ms step_avg:438.84ms
step:3607/5100 lr:0.0007465000000000001 train_loss:3.3853 train_time:1578577ms step_avg:438.86ms
step:3608/5100 lr:0.000746 train_loss:3.1888 train_time:1579071ms step_avg:438.87ms
step:3609/5100 lr:0.0007455000000000001 train_loss:3.3734 train_time:1579573ms step_avg:438.89ms
step:3610/5100 lr:0.000745 train_loss:3.4857 train_time:1580280ms step_avg:438.97ms
step:3611/5100 lr:0.0007445 train_loss:3.4066 train_time:1580774ms step_avg:438.98ms
step:3612/5100 lr:0.000744 train_loss:3.3754 train_time:1581267ms step_avg:439.00ms
step:3613/5100 lr:0.0007435 train_loss:3.6440 train_time:1581761ms step_avg:439.01ms
step:3614/5100 lr:0.0007430000000000001 train_loss:3.2520 train_time:1582254ms step_avg:439.03ms
step:3615/5100 lr:0.0007425000000000001 train_loss:3.2328 train_time:1582748ms step_avg:439.04ms
step:3616/5100 lr:0.000742 train_loss:3.7767 train_time:1583242ms step_avg:439.06ms
step:3617/5100 lr:0.0007415000000000001 train_loss:3.2916 train_time:1583737ms step_avg:439.07ms
step:3618/5100 lr:0.000741 train_loss:3.2780 train_time:1584231ms step_avg:439.09ms
step:3619/5100 lr:0.0007405000000000001 train_loss:3.1952 train_time:1584724ms step_avg:439.10ms
step:3620/5100 lr:0.00074 train_loss:3.3549 train_time:1585417ms step_avg:439.17ms
step:3621/5100 lr:0.0007395 train_loss:3.2389 train_time:1585914ms step_avg:439.19ms
step:3622/5100 lr:0.000739 train_loss:3.4949 train_time:1586408ms step_avg:439.20ms
step:3623/5100 lr:0.0007385 train_loss:3.2178 train_time:1586903ms step_avg:439.22ms
step:3624/5100 lr:0.000738 train_loss:3.3150 train_time:1587397ms step_avg:439.24ms
step:3625/5100 lr:0.0007375000000000001 train_loss:3.6472 train_time:1587892ms step_avg:439.25ms
step:3625/5100 val_loss:3.3548 train_time:1587903ms step_avg:439.25ms
step:3626/5100 lr:0.000737 train_loss:3.4782 train_time:1592120ms step_avg:440.30ms
step:3627/5100 lr:0.0007365000000000001 train_loss:3.2212 train_time:1592614ms step_avg:440.31ms
step:3628/5100 lr:0.000736 train_loss:3.3672 train_time:1593108ms step_avg:440.33ms
step:3629/5100 lr:0.0007355 train_loss:3.9610 train_time:1593606ms step_avg:440.34ms
step:3630/5100 lr:0.000735 train_loss:3.5597 train_time:1594100ms step_avg:440.36ms
step:3631/5100 lr:0.0007345 train_loss:3.2265 train_time:1594594ms step_avg:440.37ms
step:3632/5100 lr:0.000734 train_loss:3.3665 train_time:1595088ms step_avg:440.39ms
step:3633/5100 lr:0.0007335000000000001 train_loss:3.6332 train_time:1595582ms step_avg:440.40ms
step:3634/5100 lr:0.000733 train_loss:3.3474 train_time:1596083ms step_avg:440.42ms
step:3635/5100 lr:0.0007325000000000001 train_loss:3.3426 train_time:1596577ms step_avg:440.44ms
step:3636/5100 lr:0.000732 train_loss:3.3604 train_time:1597072ms step_avg:440.45ms
step:3637/5100 lr:0.0007315 train_loss:3.0878 train_time:1597567ms step_avg:440.47ms
step:3638/5100 lr:0.000731 train_loss:3.4320 train_time:1598066ms step_avg:440.48ms
step:3639/5100 lr:0.0007305 train_loss:3.5043 train_time:1598561ms step_avg:440.50ms
step:3640/5100 lr:0.00073 train_loss:3.4649 train_time:1599055ms step_avg:440.51ms
step:3641/5100 lr:0.0007295 train_loss:3.4498 train_time:1599549ms step_avg:440.53ms
step:3642/5100 lr:0.000729 train_loss:3.2711 train_time:1600043ms step_avg:440.54ms
step:3643/5100 lr:0.0007285000000000001 train_loss:3.2369 train_time:1600538ms step_avg:440.56ms
step:3644/5100 lr:0.000728 train_loss:3.3318 train_time:1601032ms step_avg:440.57ms
step:3645/5100 lr:0.0007275000000000001 train_loss:3.5483 train_time:1601532ms step_avg:440.59ms
step:3646/5100 lr:0.000727 train_loss:3.3470 train_time:1602026ms step_avg:440.60ms
step:3647/5100 lr:0.0007265 train_loss:3.3036 train_time:1602521ms step_avg:440.62ms
step:3648/5100 lr:0.000726 train_loss:3.4649 train_time:1603015ms step_avg:440.63ms
step:3649/5100 lr:0.0007255 train_loss:3.3190 train_time:1603510ms step_avg:440.65ms
step:3650/5100 lr:0.000725 train_loss:3.3402 train_time:1604004ms step_avg:440.66ms
step:3651/5100 lr:0.0007245000000000001 train_loss:3.3515 train_time:1604498ms step_avg:440.68ms
step:3652/5100 lr:0.000724 train_loss:3.2914 train_time:1604993ms step_avg:440.69ms
step:3653/5100 lr:0.0007235000000000001 train_loss:3.1031 train_time:1605564ms step_avg:440.73ms
step:3654/5100 lr:0.000723 train_loss:3.3709 train_time:1606058ms step_avg:440.74ms
step:3655/5100 lr:0.0007225 train_loss:3.2777 train_time:1606552ms step_avg:440.76ms
step:3656/5100 lr:0.000722 train_loss:3.3924 train_time:1607046ms step_avg:440.77ms
step:3657/5100 lr:0.0007215 train_loss:3.1805 train_time:1607540ms step_avg:440.78ms
step:3658/5100 lr:0.000721 train_loss:3.4700 train_time:1608035ms step_avg:440.80ms
step:3659/5100 lr:0.0007205 train_loss:3.2819 train_time:1608528ms step_avg:440.81ms
step:3660/5100 lr:0.0007199999999999999 train_loss:3.0594 train_time:1609023ms step_avg:440.83ms
step:3661/5100 lr:0.0007195000000000001 train_loss:3.4443 train_time:1609516ms step_avg:440.84ms
step:3662/5100 lr:0.000719 train_loss:3.2740 train_time:1610011ms step_avg:440.86ms
step:3663/5100 lr:0.0007185000000000001 train_loss:3.5153 train_time:1610505ms step_avg:440.87ms
step:3664/5100 lr:0.000718 train_loss:3.4111 train_time:1611000ms step_avg:440.89ms
step:3665/5100 lr:0.0007175 train_loss:3.3695 train_time:1611498ms step_avg:440.90ms
step:3666/5100 lr:0.000717 train_loss:3.2859 train_time:1611992ms step_avg:440.92ms
step:3667/5100 lr:0.0007165 train_loss:3.3446 train_time:1612486ms step_avg:440.93ms
step:3668/5100 lr:0.000716 train_loss:3.4437 train_time:1612980ms step_avg:440.95ms
step:3669/5100 lr:0.0007155 train_loss:3.3740 train_time:1613481ms step_avg:440.96ms
step:3670/5100 lr:0.000715 train_loss:3.2318 train_time:1613975ms step_avg:440.98ms
step:3671/5100 lr:0.0007145000000000001 train_loss:3.3408 train_time:1614469ms step_avg:440.99ms
step:3672/5100 lr:0.000714 train_loss:3.3237 train_time:1614964ms step_avg:441.01ms
step:3673/5100 lr:0.0007135 train_loss:3.5138 train_time:1615458ms step_avg:441.02ms
step:3674/5100 lr:0.000713 train_loss:3.3446 train_time:1615952ms step_avg:441.03ms
step:3675/5100 lr:0.0007125 train_loss:3.2773 train_time:1616446ms step_avg:441.05ms
step:3676/5100 lr:0.000712 train_loss:3.3101 train_time:1616941ms step_avg:441.06ms
step:3677/5100 lr:0.0007115 train_loss:3.3712 train_time:1617435ms step_avg:441.08ms
step:3678/5100 lr:0.0007109999999999999 train_loss:3.5562 train_time:1617929ms step_avg:441.09ms
step:3679/5100 lr:0.0007105000000000001 train_loss:3.3828 train_time:1618422ms step_avg:441.11ms
step:3680/5100 lr:0.00071 train_loss:3.3999 train_time:1618916ms step_avg:441.12ms
step:3681/5100 lr:0.0007095000000000001 train_loss:3.6521 train_time:1619410ms step_avg:441.14ms
step:3682/5100 lr:0.000709 train_loss:3.3474 train_time:1619904ms step_avg:441.15ms
step:3683/5100 lr:0.0007085 train_loss:3.4492 train_time:1620401ms step_avg:441.17ms
step:3684/5100 lr:0.000708 train_loss:3.2572 train_time:1620900ms step_avg:441.18ms
step:3685/5100 lr:0.0007075 train_loss:3.3488 train_time:1621394ms step_avg:441.20ms
step:3686/5100 lr:0.000707 train_loss:3.2644 train_time:1621893ms step_avg:441.21ms
step:3687/5100 lr:0.0007065 train_loss:3.3857 train_time:1622388ms step_avg:441.23ms
step:3688/5100 lr:0.0007059999999999999 train_loss:3.4519 train_time:1622883ms step_avg:441.24ms
step:3689/5100 lr:0.0007055000000000001 train_loss:3.2767 train_time:1623378ms step_avg:441.26ms
step:3690/5100 lr:0.000705 train_loss:3.3343 train_time:1623872ms step_avg:441.27ms
step:3691/5100 lr:0.0007045 train_loss:3.3323 train_time:1624366ms step_avg:441.28ms
step:3692/5100 lr:0.000704 train_loss:3.2546 train_time:1624860ms step_avg:441.30ms
step:3693/5100 lr:0.0007035 train_loss:3.5721 train_time:1625354ms step_avg:441.31ms
step:3694/5100 lr:0.000703 train_loss:3.3183 train_time:1625849ms step_avg:441.33ms
step:3695/5100 lr:0.0007025 train_loss:3.3275 train_time:1626344ms step_avg:441.34ms
step:3696/5100 lr:0.0007019999999999999 train_loss:3.3294 train_time:1626838ms step_avg:441.36ms
step:3697/5100 lr:0.0007015 train_loss:3.2769 train_time:1627332ms step_avg:441.37ms
step:3698/5100 lr:0.000701 train_loss:3.4170 train_time:1627825ms step_avg:441.38ms
step:3699/5100 lr:0.0007005000000000001 train_loss:3.4881 train_time:1628319ms step_avg:441.40ms
step:3700/5100 lr:0.0007 train_loss:3.3547 train_time:1628813ms step_avg:441.41ms
step:3701/5100 lr:0.0006995 train_loss:3.3021 train_time:1629307ms step_avg:441.43ms
step:3702/5100 lr:0.000699 train_loss:3.3432 train_time:1629802ms step_avg:441.44ms
step:3703/5100 lr:0.0006985 train_loss:3.3266 train_time:1630300ms step_avg:441.46ms
step:3704/5100 lr:0.0006979999999999999 train_loss:3.1749 train_time:1630794ms step_avg:441.47ms
step:3705/5100 lr:0.0006975 train_loss:3.4629 train_time:1631288ms step_avg:441.49ms
step:3706/5100 lr:0.0006969999999999999 train_loss:3.4943 train_time:1631783ms step_avg:441.50ms
step:3707/5100 lr:0.0006965000000000001 train_loss:3.2114 train_time:1632277ms step_avg:441.51ms
step:3708/5100 lr:0.000696 train_loss:3.4381 train_time:1632778ms step_avg:441.53ms
step:3709/5100 lr:0.0006955 train_loss:3.3143 train_time:1633273ms step_avg:441.54ms
step:3710/5100 lr:0.000695 train_loss:3.6052 train_time:1633768ms step_avg:441.56ms
step:3711/5100 lr:0.0006945 train_loss:3.3711 train_time:1634262ms step_avg:441.57ms
step:3712/5100 lr:0.000694 train_loss:3.1671 train_time:1634757ms step_avg:441.59ms
step:3713/5100 lr:0.0006935 train_loss:3.3913 train_time:1635251ms step_avg:441.60ms
step:3714/5100 lr:0.0006929999999999999 train_loss:3.2946 train_time:1635746ms step_avg:441.62ms
step:3715/5100 lr:0.0006925 train_loss:3.6109 train_time:1636240ms step_avg:441.63ms
step:3716/5100 lr:0.000692 train_loss:3.2270 train_time:1636734ms step_avg:441.64ms
step:3717/5100 lr:0.0006915000000000001 train_loss:3.1461 train_time:1637228ms step_avg:441.66ms
step:3718/5100 lr:0.000691 train_loss:3.1672 train_time:1637722ms step_avg:441.67ms
step:3719/5100 lr:0.0006905 train_loss:3.4400 train_time:1638216ms step_avg:441.69ms
step:3720/5100 lr:0.00069 train_loss:3.3889 train_time:1638710ms step_avg:441.70ms
step:3721/5100 lr:0.0006895 train_loss:3.2527 train_time:1639204ms step_avg:441.71ms
step:3722/5100 lr:0.0006889999999999999 train_loss:3.4381 train_time:1639699ms step_avg:441.73ms
step:3723/5100 lr:0.0006885 train_loss:3.1578 train_time:1640193ms step_avg:441.74ms
step:3724/5100 lr:0.0006879999999999999 train_loss:3.2409 train_time:1640688ms step_avg:441.76ms
step:3725/5100 lr:0.0006875 train_loss:3.3811 train_time:1641182ms step_avg:441.77ms
step:3726/5100 lr:0.0006870000000000001 train_loss:3.3347 train_time:1641682ms step_avg:441.79ms
step:3727/5100 lr:0.0006865 train_loss:3.3774 train_time:1642180ms step_avg:441.80ms
step:3728/5100 lr:0.0006860000000000001 train_loss:3.2467 train_time:1642673ms step_avg:441.82ms
step:3729/5100 lr:0.0006855 train_loss:3.3707 train_time:1643167ms step_avg:441.83ms
step:3730/5100 lr:0.0006850000000000001 train_loss:3.5473 train_time:1643661ms step_avg:441.84ms
step:3731/5100 lr:0.0006845 train_loss:3.3141 train_time:1644155ms step_avg:441.86ms
step:3732/5100 lr:0.000684 train_loss:3.5534 train_time:1644649ms step_avg:441.87ms
step:3733/5100 lr:0.0006835 train_loss:3.1049 train_time:1645143ms step_avg:441.89ms
step:3734/5100 lr:0.000683 train_loss:3.2174 train_time:1645637ms step_avg:441.90ms
step:3735/5100 lr:0.0006825000000000001 train_loss:3.3991 train_time:1646131ms step_avg:441.91ms
step:3736/5100 lr:0.0006820000000000001 train_loss:3.3683 train_time:1646625ms step_avg:441.93ms
step:3737/5100 lr:0.0006815 train_loss:3.3977 train_time:1647120ms step_avg:441.94ms
step:3738/5100 lr:0.0006810000000000001 train_loss:3.3929 train_time:1647614ms step_avg:441.96ms
step:3739/5100 lr:0.0006805 train_loss:3.2937 train_time:1648108ms step_avg:441.97ms
step:3740/5100 lr:0.00068 train_loss:3.3103 train_time:1648603ms step_avg:441.98ms
step:3741/5100 lr:0.0006795 train_loss:3.4931 train_time:1649102ms step_avg:442.00ms
step:3742/5100 lr:0.000679 train_loss:3.6711 train_time:1649596ms step_avg:442.01ms
step:3743/5100 lr:0.0006785 train_loss:3.2359 train_time:1650090ms step_avg:442.03ms
step:3744/5100 lr:0.0006780000000000001 train_loss:3.0934 train_time:1650584ms step_avg:442.04ms
step:3745/5100 lr:0.0006775 train_loss:3.2411 train_time:1651078ms step_avg:442.06ms
step:3746/5100 lr:0.0006770000000000001 train_loss:3.3631 train_time:1651578ms step_avg:442.07ms
step:3747/5100 lr:0.0006765 train_loss:3.3662 train_time:1652083ms step_avg:442.09ms
step:3748/5100 lr:0.0006760000000000001 train_loss:3.3562 train_time:1652581ms step_avg:442.10ms
step:3749/5100 lr:0.0006755 train_loss:3.3366 train_time:1653074ms step_avg:442.12ms
step:3750/5100 lr:0.000675 train_loss:3.4336 train_time:1653568ms step_avg:442.13ms
step:3750/5100 val_loss:3.3415 train_time:1653579ms step_avg:442.13ms
step:3751/5100 lr:0.0006745 train_loss:3.3618 train_time:1657776ms step_avg:443.14ms
step:3752/5100 lr:0.000674 train_loss:3.4562 train_time:1658270ms step_avg:443.15ms
step:3753/5100 lr:0.0006735 train_loss:3.4679 train_time:1658766ms step_avg:443.16ms
step:3754/5100 lr:0.0006730000000000001 train_loss:3.4796 train_time:1659266ms step_avg:443.18ms
step:3755/5100 lr:0.0006725 train_loss:3.2960 train_time:1659760ms step_avg:443.19ms
step:3756/5100 lr:0.0006720000000000001 train_loss:3.4968 train_time:1660255ms step_avg:443.21ms
step:3757/5100 lr:0.0006715 train_loss:3.3225 train_time:1660759ms step_avg:443.22ms
step:3758/5100 lr:0.000671 train_loss:3.3925 train_time:1661252ms step_avg:443.24ms
step:3759/5100 lr:0.0006705 train_loss:3.4698 train_time:1661746ms step_avg:443.25ms
step:3760/5100 lr:0.00067 train_loss:3.2736 train_time:1662240ms step_avg:443.26ms
step:3761/5100 lr:0.0006695 train_loss:3.3459 train_time:1662734ms step_avg:443.28ms
step:3762/5100 lr:0.0006690000000000001 train_loss:3.4517 train_time:1663229ms step_avg:443.29ms
step:3763/5100 lr:0.0006685 train_loss:3.3366 train_time:1663722ms step_avg:443.30ms
step:3764/5100 lr:0.0006680000000000001 train_loss:3.2879 train_time:1664216ms step_avg:443.32ms
step:3765/5100 lr:0.0006675 train_loss:3.2955 train_time:1664710ms step_avg:443.33ms
step:3766/5100 lr:0.0006670000000000001 train_loss:3.5136 train_time:1665204ms step_avg:443.35ms
step:3767/5100 lr:0.0006665 train_loss:3.4820 train_time:1666265ms step_avg:443.51ms
step:3768/5100 lr:0.000666 train_loss:3.1622 train_time:1666759ms step_avg:443.52ms
step:3769/5100 lr:0.0006655 train_loss:3.5770 train_time:1667253ms step_avg:443.54ms
step:3770/5100 lr:0.000665 train_loss:3.2976 train_time:1667748ms step_avg:443.55ms
step:3771/5100 lr:0.0006644999999999999 train_loss:3.5344 train_time:1668241ms step_avg:443.56ms
step:3772/5100 lr:0.0006640000000000001 train_loss:3.3219 train_time:1668738ms step_avg:443.58ms
step:3773/5100 lr:0.0006635 train_loss:3.3519 train_time:1669232ms step_avg:443.59ms
step:3774/5100 lr:0.0006630000000000001 train_loss:3.3314 train_time:1669726ms step_avg:443.60ms
step:3775/5100 lr:0.0006625 train_loss:3.1873 train_time:1670220ms step_avg:443.62ms
step:3776/5100 lr:0.000662 train_loss:3.3816 train_time:1670719ms step_avg:443.63ms
step:3777/5100 lr:0.0006615 train_loss:3.3006 train_time:1671213ms step_avg:443.65ms
step:3778/5100 lr:0.000661 train_loss:3.2979 train_time:1671706ms step_avg:443.66ms
step:3779/5100 lr:0.0006605 train_loss:3.3971 train_time:1672200ms step_avg:443.67ms
step:3780/5100 lr:0.00066 train_loss:3.3483 train_time:1672694ms step_avg:443.69ms
step:3781/5100 lr:0.0006595 train_loss:3.2416 train_time:1673265ms step_avg:443.72ms
step:3782/5100 lr:0.0006590000000000001 train_loss:3.5913 train_time:1673760ms step_avg:443.73ms
step:3783/5100 lr:0.0006585 train_loss:3.5074 train_time:1674255ms step_avg:443.75ms
step:3784/5100 lr:0.0006580000000000001 train_loss:3.5652 train_time:1674749ms step_avg:443.76ms
step:3785/5100 lr:0.0006575 train_loss:3.4804 train_time:1675243ms step_avg:443.77ms
step:3786/5100 lr:0.000657 train_loss:3.4041 train_time:1675738ms step_avg:443.79ms
step:3787/5100 lr:0.0006565 train_loss:3.1395 train_time:1676233ms step_avg:443.80ms
step:3788/5100 lr:0.000656 train_loss:3.3193 train_time:1677317ms step_avg:443.97ms
step:3789/5100 lr:0.0006554999999999999 train_loss:3.4972 train_time:1677810ms step_avg:443.98ms
step:3790/5100 lr:0.0006550000000000001 train_loss:3.3548 train_time:1678310ms step_avg:444.00ms
step:3791/5100 lr:0.0006545 train_loss:3.3885 train_time:1678803ms step_avg:444.01ms
step:3792/5100 lr:0.0006540000000000001 train_loss:3.3749 train_time:1679298ms step_avg:444.02ms
step:3793/5100 lr:0.0006535 train_loss:3.4754 train_time:1679799ms step_avg:444.04ms
step:3794/5100 lr:0.000653 train_loss:3.3883 train_time:1680294ms step_avg:444.05ms
step:3795/5100 lr:0.0006525 train_loss:3.2706 train_time:1680788ms step_avg:444.07ms
step:3796/5100 lr:0.000652 train_loss:3.3639 train_time:1681282ms step_avg:444.08ms
step:3797/5100 lr:0.0006515 train_loss:3.3895 train_time:1681776ms step_avg:444.09ms
step:3798/5100 lr:0.000651 train_loss:3.2907 train_time:1682270ms step_avg:444.11ms
step:3799/5100 lr:0.0006504999999999999 train_loss:3.2571 train_time:1682764ms step_avg:444.12ms
step:3800/5100 lr:0.0006500000000000001 train_loss:3.4764 train_time:1683464ms step_avg:444.19ms
step:3801/5100 lr:0.0006495 train_loss:3.2944 train_time:1683958ms step_avg:444.20ms
step:3802/5100 lr:0.0006490000000000001 train_loss:3.3039 train_time:1684451ms step_avg:444.21ms
step:3803/5100 lr:0.0006485 train_loss:3.4109 train_time:1684945ms step_avg:444.22ms
step:3804/5100 lr:0.000648 train_loss:3.4111 train_time:1685440ms step_avg:444.24ms
step:3805/5100 lr:0.0006475 train_loss:3.6501 train_time:1685934ms step_avg:444.25ms
step:3806/5100 lr:0.000647 train_loss:3.3275 train_time:1686429ms step_avg:444.26ms
step:3807/5100 lr:0.0006464999999999999 train_loss:3.3702 train_time:1686922ms step_avg:444.28ms
step:3808/5100 lr:0.000646 train_loss:3.4195 train_time:1687416ms step_avg:444.29ms
step:3809/5100 lr:0.0006455 train_loss:3.2629 train_time:1687917ms step_avg:444.31ms
step:3810/5100 lr:0.0006450000000000001 train_loss:3.3483 train_time:1688619ms step_avg:444.37ms
step:3811/5100 lr:0.0006445 train_loss:3.2264 train_time:1689112ms step_avg:444.39ms
step:3812/5100 lr:0.000644 train_loss:3.4441 train_time:1689607ms step_avg:444.40ms
step:3813/5100 lr:0.0006435 train_loss:3.4477 train_time:1690101ms step_avg:444.41ms
step:3814/5100 lr:0.000643 train_loss:3.2755 train_time:1690595ms step_avg:444.43ms
step:3815/5100 lr:0.0006425 train_loss:3.4512 train_time:1691089ms step_avg:444.44ms
step:3816/5100 lr:0.000642 train_loss:3.4888 train_time:1691583ms step_avg:444.45ms
step:3817/5100 lr:0.0006414999999999999 train_loss:3.3479 train_time:1692076ms step_avg:444.46ms
step:3818/5100 lr:0.0006410000000000001 train_loss:3.2245 train_time:1692570ms step_avg:444.48ms
step:3819/5100 lr:0.0006405 train_loss:3.3157 train_time:1693064ms step_avg:444.49ms
step:3820/5100 lr:0.00064 train_loss:3.4001 train_time:1693558ms step_avg:444.50ms
step:3821/5100 lr:0.0006395 train_loss:3.2120 train_time:1694052ms step_avg:444.52ms
step:3822/5100 lr:0.000639 train_loss:3.5384 train_time:1694545ms step_avg:444.53ms
step:3823/5100 lr:0.0006385 train_loss:3.3594 train_time:1695039ms step_avg:444.54ms
step:3824/5100 lr:0.000638 train_loss:3.2470 train_time:1695533ms step_avg:444.56ms
step:3825/5100 lr:0.0006374999999999999 train_loss:3.6025 train_time:1696027ms step_avg:444.57ms
step:3826/5100 lr:0.000637 train_loss:3.4154 train_time:1696521ms step_avg:444.58ms
step:3827/5100 lr:0.0006365 train_loss:3.4324 train_time:1697014ms step_avg:444.59ms
step:3828/5100 lr:0.0006360000000000001 train_loss:3.2429 train_time:1697512ms step_avg:444.61ms
step:3829/5100 lr:0.0006355 train_loss:3.3059 train_time:1698006ms step_avg:444.62ms
step:3830/5100 lr:0.000635 train_loss:3.2826 train_time:1698499ms step_avg:444.63ms
step:3831/5100 lr:0.0006345 train_loss:3.3847 train_time:1698994ms step_avg:444.65ms
step:3832/5100 lr:0.000634 train_loss:3.1943 train_time:1699496ms step_avg:444.66ms
step:3833/5100 lr:0.0006335 train_loss:3.3151 train_time:1699990ms step_avg:444.67ms
step:3834/5100 lr:0.000633 train_loss:3.3121 train_time:1700484ms step_avg:444.69ms
step:3835/5100 lr:0.0006324999999999999 train_loss:3.5167 train_time:1700978ms step_avg:444.70ms
step:3836/5100 lr:0.000632 train_loss:3.3792 train_time:1701472ms step_avg:444.71ms
step:3837/5100 lr:0.0006315 train_loss:3.9509 train_time:1701967ms step_avg:444.73ms
step:3838/5100 lr:0.000631 train_loss:3.4080 train_time:1702460ms step_avg:444.74ms
step:3839/5100 lr:0.0006305 train_loss:3.2790 train_time:1702954ms step_avg:444.75ms
step:3840/5100 lr:0.00063 train_loss:3.3182 train_time:1703448ms step_avg:444.76ms
step:3841/5100 lr:0.0006295 train_loss:3.5757 train_time:1703943ms step_avg:444.78ms
step:3842/5100 lr:0.000629 train_loss:3.2438 train_time:1704437ms step_avg:444.79ms
step:3843/5100 lr:0.0006284999999999999 train_loss:3.3774 train_time:1704931ms step_avg:444.80ms
step:3844/5100 lr:0.000628 train_loss:3.2869 train_time:1705425ms step_avg:444.82ms
step:3845/5100 lr:0.0006274999999999999 train_loss:3.0653 train_time:1705919ms step_avg:444.83ms
step:3846/5100 lr:0.0006270000000000001 train_loss:3.5265 train_time:1706412ms step_avg:444.84ms
step:3847/5100 lr:0.0006265 train_loss:3.4234 train_time:1706906ms step_avg:444.85ms
step:3848/5100 lr:0.000626 train_loss:3.3279 train_time:1707400ms step_avg:444.87ms
step:3849/5100 lr:0.0006255 train_loss:3.4149 train_time:1707893ms step_avg:444.88ms
step:3850/5100 lr:0.000625 train_loss:3.4481 train_time:1708392ms step_avg:444.89ms
step:3851/5100 lr:0.0006245000000000001 train_loss:3.2859 train_time:1708886ms step_avg:444.91ms
step:3852/5100 lr:0.000624 train_loss:3.2492 train_time:1709381ms step_avg:444.92ms
step:3853/5100 lr:0.0006235 train_loss:3.5426 train_time:1709875ms step_avg:444.93ms
step:3854/5100 lr:0.000623 train_loss:3.2916 train_time:1710374ms step_avg:444.95ms
step:3855/5100 lr:0.0006225000000000001 train_loss:3.1105 train_time:1710867ms step_avg:444.96ms
step:3856/5100 lr:0.000622 train_loss:3.4703 train_time:1711361ms step_avg:444.97ms
step:3857/5100 lr:0.0006215000000000001 train_loss:3.2693 train_time:1711857ms step_avg:444.98ms
step:3858/5100 lr:0.000621 train_loss:3.3527 train_time:1712350ms step_avg:445.00ms
step:3859/5100 lr:0.0006205000000000001 train_loss:3.3424 train_time:1712845ms step_avg:445.01ms
step:3860/5100 lr:0.00062 train_loss:3.2765 train_time:1713915ms step_avg:445.17ms
step:3861/5100 lr:0.0006195 train_loss:3.3996 train_time:1714409ms step_avg:445.19ms
step:3862/5100 lr:0.000619 train_loss:3.1491 train_time:1714903ms step_avg:445.20ms
step:3863/5100 lr:0.0006185 train_loss:3.1268 train_time:1715397ms step_avg:445.21ms
step:3864/5100 lr:0.0006180000000000001 train_loss:3.3431 train_time:1715890ms step_avg:445.22ms
step:3865/5100 lr:0.0006175000000000001 train_loss:3.3306 train_time:1716385ms step_avg:445.24ms
step:3866/5100 lr:0.000617 train_loss:3.2736 train_time:1716879ms step_avg:445.25ms
step:3867/5100 lr:0.0006165000000000001 train_loss:3.3630 train_time:1717374ms step_avg:445.26ms
step:3868/5100 lr:0.000616 train_loss:3.2916 train_time:1717868ms step_avg:445.27ms
step:3869/5100 lr:0.0006155 train_loss:3.4367 train_time:1718362ms step_avg:445.29ms
step:3870/5100 lr:0.000615 train_loss:3.5908 train_time:1718857ms step_avg:445.30ms
step:3871/5100 lr:0.0006145 train_loss:3.3967 train_time:1719351ms step_avg:445.31ms
step:3872/5100 lr:0.000614 train_loss:3.4079 train_time:1719847ms step_avg:445.33ms
step:3873/5100 lr:0.0006135 train_loss:3.4081 train_time:1720341ms step_avg:445.34ms
step:3874/5100 lr:0.000613 train_loss:3.3646 train_time:1720836ms step_avg:445.35ms
step:3875/5100 lr:0.0006125000000000001 train_loss:3.4561 train_time:1721903ms step_avg:445.51ms
step:3875/5100 val_loss:3.3297 train_time:1721913ms step_avg:445.51ms
step:3876/5100 lr:0.000612 train_loss:3.2769 train_time:1726147ms step_avg:446.49ms
step:3877/5100 lr:0.0006115000000000001 train_loss:3.4400 train_time:1726642ms step_avg:446.51ms
step:3878/5100 lr:0.000611 train_loss:3.6510 train_time:1727137ms step_avg:446.52ms
step:3879/5100 lr:0.0006105 train_loss:3.4534 train_time:1727631ms step_avg:446.53ms
step:3880/5100 lr:0.00061 train_loss:3.3273 train_time:1728125ms step_avg:446.54ms
step:3881/5100 lr:0.0006095 train_loss:3.4277 train_time:1728619ms step_avg:446.56ms
step:3882/5100 lr:0.000609 train_loss:3.3412 train_time:1729113ms step_avg:446.57ms
step:3883/5100 lr:0.0006085000000000001 train_loss:3.4806 train_time:1729607ms step_avg:446.58ms
step:3884/5100 lr:0.000608 train_loss:3.3611 train_time:1730100ms step_avg:446.59ms
step:3885/5100 lr:0.0006075000000000001 train_loss:3.4037 train_time:1730594ms step_avg:446.60ms
step:3886/5100 lr:0.000607 train_loss:3.3567 train_time:1731088ms step_avg:446.62ms
step:3887/5100 lr:0.0006065 train_loss:3.3942 train_time:1731582ms step_avg:446.63ms
step:3888/5100 lr:0.000606 train_loss:3.3202 train_time:1732075ms step_avg:446.64ms
step:3889/5100 lr:0.0006055 train_loss:3.2693 train_time:1732571ms step_avg:446.65ms
step:3890/5100 lr:0.000605 train_loss:3.2960 train_time:1733064ms step_avg:446.67ms
step:3891/5100 lr:0.0006045 train_loss:3.2771 train_time:1733559ms step_avg:446.68ms
step:3892/5100 lr:0.000604 train_loss:3.2540 train_time:1734052ms step_avg:446.69ms
step:3893/5100 lr:0.0006035000000000001 train_loss:3.2473 train_time:1735115ms step_avg:446.85ms
step:3894/5100 lr:0.000603 train_loss:3.2323 train_time:1735609ms step_avg:446.86ms
step:3895/5100 lr:0.0006025000000000001 train_loss:3.2172 train_time:1736103ms step_avg:446.87ms
step:3896/5100 lr:0.000602 train_loss:3.3107 train_time:1736597ms step_avg:446.89ms
step:3897/5100 lr:0.0006015 train_loss:3.3293 train_time:1737093ms step_avg:446.90ms
step:3898/5100 lr:0.000601 train_loss:3.3747 train_time:1737587ms step_avg:446.91ms
step:3899/5100 lr:0.0006005 train_loss:3.1723 train_time:1738081ms step_avg:446.92ms
step:3900/5100 lr:0.0006 train_loss:3.4155 train_time:1738575ms step_avg:446.93ms
step:3901/5100 lr:0.0005995000000000001 train_loss:3.3512 train_time:1739069ms step_avg:446.95ms
step:3902/5100 lr:0.000599 train_loss:3.7535 train_time:1739563ms step_avg:446.96ms
step:3903/5100 lr:0.0005985000000000001 train_loss:3.2382 train_time:1740057ms step_avg:446.97ms
step:3904/5100 lr:0.000598 train_loss:3.3683 train_time:1740552ms step_avg:446.98ms
step:3905/5100 lr:0.0005975 train_loss:3.5073 train_time:1741045ms step_avg:446.99ms
step:3906/5100 lr:0.000597 train_loss:3.8911 train_time:1741540ms step_avg:447.01ms
step:3907/5100 lr:0.0005965 train_loss:3.1091 train_time:1742034ms step_avg:447.02ms
step:3908/5100 lr:0.000596 train_loss:3.3835 train_time:1742527ms step_avg:447.03ms
step:3909/5100 lr:0.0005955 train_loss:3.5263 train_time:1743021ms step_avg:447.04ms
step:3910/5100 lr:0.0005949999999999999 train_loss:3.4095 train_time:1743516ms step_avg:447.06ms
step:3911/5100 lr:0.0005945000000000001 train_loss:3.5098 train_time:1744010ms step_avg:447.07ms
step:3912/5100 lr:0.000594 train_loss:3.3190 train_time:1744504ms step_avg:447.08ms
step:3913/5100 lr:0.0005935000000000001 train_loss:3.3053 train_time:1744998ms step_avg:447.09ms
step:3914/5100 lr:0.000593 train_loss:3.2564 train_time:1745492ms step_avg:447.10ms
step:3915/5100 lr:0.0005925 train_loss:3.3012 train_time:1745986ms step_avg:447.12ms
step:3916/5100 lr:0.000592 train_loss:3.4319 train_time:1746480ms step_avg:447.13ms
step:3917/5100 lr:0.0005915 train_loss:3.3994 train_time:1746974ms step_avg:447.14ms
step:3918/5100 lr:0.0005909999999999999 train_loss:3.3826 train_time:1747468ms step_avg:447.15ms
step:3919/5100 lr:0.0005905 train_loss:3.3323 train_time:1747962ms step_avg:447.16ms
step:3920/5100 lr:0.00059 train_loss:3.2541 train_time:1748455ms step_avg:447.18ms
step:3921/5100 lr:0.0005895000000000001 train_loss:3.2715 train_time:1748950ms step_avg:447.19ms
step:3922/5100 lr:0.000589 train_loss:3.2898 train_time:1749444ms step_avg:447.20ms
step:3923/5100 lr:0.0005885 train_loss:3.5649 train_time:1749939ms step_avg:447.21ms
step:3924/5100 lr:0.000588 train_loss:3.2814 train_time:1750433ms step_avg:447.22ms
step:3925/5100 lr:0.0005875 train_loss:3.1944 train_time:1750927ms step_avg:447.24ms
step:3926/5100 lr:0.000587 train_loss:3.2241 train_time:1751421ms step_avg:447.25ms
step:3927/5100 lr:0.0005865 train_loss:3.3655 train_time:1751914ms step_avg:447.26ms
step:3928/5100 lr:0.0005859999999999999 train_loss:3.6218 train_time:1752408ms step_avg:447.27ms
step:3929/5100 lr:0.0005855000000000001 train_loss:3.2614 train_time:1752902ms step_avg:447.28ms
step:3930/5100 lr:0.000585 train_loss:3.1999 train_time:1753395ms step_avg:447.29ms
step:3931/5100 lr:0.0005845000000000001 train_loss:3.4031 train_time:1753890ms step_avg:447.31ms
step:3932/5100 lr:0.000584 train_loss:3.2760 train_time:1754384ms step_avg:447.32ms
step:3933/5100 lr:0.0005835 train_loss:3.3558 train_time:1754879ms step_avg:447.33ms
step:3934/5100 lr:0.000583 train_loss:3.4188 train_time:1755372ms step_avg:447.34ms
step:3935/5100 lr:0.0005825 train_loss:3.4382 train_time:1755866ms step_avg:447.35ms
step:3936/5100 lr:0.0005819999999999999 train_loss:3.3054 train_time:1756360ms step_avg:447.37ms
step:3937/5100 lr:0.0005815 train_loss:3.3847 train_time:1756854ms step_avg:447.38ms
step:3938/5100 lr:0.0005809999999999999 train_loss:3.2996 train_time:1757348ms step_avg:447.39ms
step:3939/5100 lr:0.0005805000000000001 train_loss:3.6098 train_time:1757842ms step_avg:447.40ms
step:3940/5100 lr:0.00058 train_loss:3.3639 train_time:1758337ms step_avg:447.41ms
step:3941/5100 lr:0.0005795 train_loss:3.4364 train_time:1758831ms step_avg:447.43ms
step:3942/5100 lr:0.000579 train_loss:3.3490 train_time:1759326ms step_avg:447.44ms
step:3943/5100 lr:0.0005785 train_loss:3.3508 train_time:1759819ms step_avg:447.45ms
step:3944/5100 lr:0.000578 train_loss:3.4081 train_time:1760313ms step_avg:447.46ms
step:3945/5100 lr:0.0005775 train_loss:3.4465 train_time:1760811ms step_avg:447.47ms
step:3946/5100 lr:0.0005769999999999999 train_loss:3.4069 train_time:1761305ms step_avg:447.49ms
step:3947/5100 lr:0.0005765 train_loss:3.4311 train_time:1761799ms step_avg:447.50ms
step:3948/5100 lr:0.000576 train_loss:3.3288 train_time:1762292ms step_avg:447.51ms
step:3949/5100 lr:0.0005755000000000001 train_loss:3.2731 train_time:1762791ms step_avg:447.52ms
step:3950/5100 lr:0.000575 train_loss:3.2646 train_time:1763286ms step_avg:447.53ms
step:3951/5100 lr:0.0005745 train_loss:3.3996 train_time:1763780ms step_avg:447.55ms
step:3952/5100 lr:0.000574 train_loss:3.5849 train_time:1764275ms step_avg:447.56ms
step:3953/5100 lr:0.0005735 train_loss:3.4011 train_time:1764769ms step_avg:447.57ms
step:3954/5100 lr:0.0005729999999999999 train_loss:3.0889 train_time:1765264ms step_avg:447.58ms
step:3955/5100 lr:0.0005725 train_loss:3.3591 train_time:1765758ms step_avg:447.59ms
step:3956/5100 lr:0.0005719999999999999 train_loss:3.1848 train_time:1766252ms step_avg:447.61ms
step:3957/5100 lr:0.0005715000000000001 train_loss:3.2726 train_time:1766746ms step_avg:447.62ms
step:3958/5100 lr:0.000571 train_loss:3.1862 train_time:1767240ms step_avg:447.63ms
step:3959/5100 lr:0.0005705 train_loss:3.4013 train_time:1767735ms step_avg:447.64ms
step:3960/5100 lr:0.00057 train_loss:3.3450 train_time:1768229ms step_avg:447.65ms
step:3961/5100 lr:0.0005695 train_loss:3.0447 train_time:1768727ms step_avg:447.67ms
step:3962/5100 lr:0.000569 train_loss:3.2060 train_time:1769221ms step_avg:447.68ms
step:3963/5100 lr:0.0005685 train_loss:3.4094 train_time:1769716ms step_avg:447.69ms
step:3964/5100 lr:0.0005679999999999999 train_loss:3.2980 train_time:1770210ms step_avg:447.70ms
step:3965/5100 lr:0.0005675 train_loss:3.2321 train_time:1770704ms step_avg:447.71ms
step:3966/5100 lr:0.000567 train_loss:3.2806 train_time:1771204ms step_avg:447.73ms
step:3967/5100 lr:0.0005665000000000001 train_loss:3.0214 train_time:1771698ms step_avg:447.74ms
step:3968/5100 lr:0.000566 train_loss:3.3489 train_time:1772192ms step_avg:447.75ms
step:3969/5100 lr:0.0005655 train_loss:3.4202 train_time:1772685ms step_avg:447.76ms
step:3970/5100 lr:0.000565 train_loss:3.2672 train_time:1773179ms step_avg:447.77ms
step:3971/5100 lr:0.0005645 train_loss:3.3855 train_time:1773674ms step_avg:447.78ms
step:3972/5100 lr:0.0005639999999999999 train_loss:3.4550 train_time:1774168ms step_avg:447.80ms
step:3973/5100 lr:0.0005635 train_loss:3.3698 train_time:1774663ms step_avg:447.81ms
step:3974/5100 lr:0.0005629999999999999 train_loss:3.2143 train_time:1775157ms step_avg:447.82ms
step:3975/5100 lr:0.0005625000000000001 train_loss:3.4017 train_time:1775652ms step_avg:447.83ms
step:3976/5100 lr:0.0005620000000000001 train_loss:3.4121 train_time:1776145ms step_avg:447.84ms
step:3977/5100 lr:0.0005615 train_loss:3.2415 train_time:1776640ms step_avg:447.85ms
step:3978/5100 lr:0.0005610000000000001 train_loss:3.3613 train_time:1777134ms step_avg:447.87ms
step:3979/5100 lr:0.0005605 train_loss:3.2991 train_time:1777628ms step_avg:447.88ms
step:3980/5100 lr:0.0005600000000000001 train_loss:3.5437 train_time:1778122ms step_avg:447.89ms
step:3981/5100 lr:0.0005595 train_loss:3.3459 train_time:1778616ms step_avg:447.90ms
step:3982/5100 lr:0.000559 train_loss:3.4143 train_time:1779110ms step_avg:447.91ms
step:3983/5100 lr:0.0005585 train_loss:3.3891 train_time:1779612ms step_avg:447.93ms
step:3984/5100 lr:0.000558 train_loss:3.3214 train_time:1780106ms step_avg:447.94ms
step:3985/5100 lr:0.0005575 train_loss:3.4383 train_time:1780599ms step_avg:447.95ms
step:3986/5100 lr:0.0005570000000000001 train_loss:3.2204 train_time:1781094ms step_avg:447.96ms
step:3987/5100 lr:0.0005565 train_loss:3.3648 train_time:1781589ms step_avg:447.97ms
step:3988/5100 lr:0.0005560000000000001 train_loss:3.4477 train_time:1782082ms step_avg:447.98ms
step:3989/5100 lr:0.0005555 train_loss:3.3482 train_time:1782575ms step_avg:448.00ms
step:3990/5100 lr:0.000555 train_loss:3.3619 train_time:1783272ms step_avg:448.06ms
step:3991/5100 lr:0.0005545 train_loss:3.7668 train_time:1783766ms step_avg:448.07ms
step:3992/5100 lr:0.000554 train_loss:3.2569 train_time:1784259ms step_avg:448.08ms
step:3993/5100 lr:0.0005535 train_loss:3.3648 train_time:1784756ms step_avg:448.09ms
step:3994/5100 lr:0.0005530000000000001 train_loss:3.2960 train_time:1785253ms step_avg:448.11ms
step:3995/5100 lr:0.0005525 train_loss:3.4183 train_time:1785748ms step_avg:448.12ms
step:3996/5100 lr:0.0005520000000000001 train_loss:3.2785 train_time:1786241ms step_avg:448.13ms
step:3997/5100 lr:0.0005515 train_loss:3.3658 train_time:1786734ms step_avg:448.14ms
step:3998/5100 lr:0.0005510000000000001 train_loss:2.5632 train_time:1787228ms step_avg:448.15ms
step:3999/5100 lr:0.0005505 train_loss:3.2980 train_time:1787722ms step_avg:448.16ms
step:4000/5100 lr:0.00055 train_loss:3.3232 train_time:1788217ms step_avg:448.17ms
step:4000/5100 val_loss:3.3177 train_time:1788227ms step_avg:448.18ms
step:4001/5100 lr:0.0005495 train_loss:3.1984 train_time:1792641ms step_avg:449.17ms
step:4002/5100 lr:0.000549 train_loss:3.3974 train_time:1793136ms step_avg:449.18ms
step:4003/5100 lr:0.0005485 train_loss:3.2389 train_time:1793629ms step_avg:449.19ms
step:4004/5100 lr:0.0005480000000000001 train_loss:3.3341 train_time:1794124ms step_avg:449.20ms
step:4005/5100 lr:0.0005475 train_loss:3.3179 train_time:1794618ms step_avg:449.22ms
step:4006/5100 lr:0.0005470000000000001 train_loss:3.0659 train_time:1795113ms step_avg:449.23ms
step:4007/5100 lr:0.0005465 train_loss:3.3677 train_time:1795607ms step_avg:449.24ms
step:4008/5100 lr:0.000546 train_loss:3.3744 train_time:1796100ms step_avg:449.25ms
step:4009/5100 lr:0.0005455 train_loss:3.1822 train_time:1796594ms step_avg:449.26ms
step:4010/5100 lr:0.000545 train_loss:3.3908 train_time:1797087ms step_avg:449.27ms
step:4011/5100 lr:0.0005445 train_loss:3.2940 train_time:1797582ms step_avg:449.28ms
step:4012/5100 lr:0.0005440000000000001 train_loss:3.2864 train_time:1798075ms step_avg:449.29ms
step:4013/5100 lr:0.0005435 train_loss:3.3672 train_time:1798570ms step_avg:449.31ms
step:4014/5100 lr:0.0005430000000000001 train_loss:3.1157 train_time:1799064ms step_avg:449.32ms
step:4015/5100 lr:0.0005425 train_loss:3.3559 train_time:1799558ms step_avg:449.33ms
step:4016/5100 lr:0.0005420000000000001 train_loss:2.5132 train_time:1800053ms step_avg:449.34ms
step:4017/5100 lr:0.0005415 train_loss:3.3125 train_time:1800547ms step_avg:449.35ms
step:4018/5100 lr:0.000541 train_loss:3.3857 train_time:1801041ms step_avg:449.36ms
step:4019/5100 lr:0.0005405 train_loss:3.3623 train_time:1801534ms step_avg:449.37ms
step:4020/5100 lr:0.00054 train_loss:3.1866 train_time:1802029ms step_avg:449.38ms
step:4021/5100 lr:0.0005394999999999999 train_loss:3.1849 train_time:1802524ms step_avg:449.40ms
step:4022/5100 lr:0.0005390000000000001 train_loss:3.2497 train_time:1803019ms step_avg:449.41ms
step:4023/5100 lr:0.0005385 train_loss:3.6141 train_time:1803513ms step_avg:449.42ms
step:4024/5100 lr:0.0005380000000000001 train_loss:3.3678 train_time:1804012ms step_avg:449.43ms
step:4025/5100 lr:0.0005375 train_loss:3.3196 train_time:1804506ms step_avg:449.44ms
step:4026/5100 lr:0.000537 train_loss:3.3749 train_time:1805000ms step_avg:449.45ms
step:4027/5100 lr:0.0005365 train_loss:3.3381 train_time:1805495ms step_avg:449.46ms
step:4028/5100 lr:0.000536 train_loss:3.3446 train_time:1805989ms step_avg:449.47ms
step:4029/5100 lr:0.0005355 train_loss:3.2563 train_time:1806483ms step_avg:449.49ms
step:4030/5100 lr:0.000535 train_loss:3.4051 train_time:1806977ms step_avg:449.50ms
step:4031/5100 lr:0.0005345 train_loss:3.4561 train_time:1807472ms step_avg:449.51ms
step:4032/5100 lr:0.0005340000000000001 train_loss:3.5839 train_time:1807965ms step_avg:449.52ms
step:4033/5100 lr:0.0005335 train_loss:3.3785 train_time:1808460ms step_avg:449.53ms
step:4034/5100 lr:0.000533 train_loss:3.1130 train_time:1808954ms step_avg:449.54ms
step:4035/5100 lr:0.0005325 train_loss:3.3704 train_time:1809448ms step_avg:449.55ms
step:4036/5100 lr:0.000532 train_loss:3.3973 train_time:1809941ms step_avg:449.56ms
step:4037/5100 lr:0.0005315 train_loss:3.3635 train_time:1810436ms step_avg:449.57ms
step:4038/5100 lr:0.000531 train_loss:3.4269 train_time:1810929ms step_avg:449.59ms
step:4039/5100 lr:0.0005304999999999999 train_loss:3.3471 train_time:1811425ms step_avg:449.60ms
step:4040/5100 lr:0.0005300000000000001 train_loss:3.2836 train_time:1811921ms step_avg:449.61ms
step:4041/5100 lr:0.0005295 train_loss:3.3156 train_time:1812415ms step_avg:449.62ms
step:4042/5100 lr:0.0005290000000000001 train_loss:3.3034 train_time:1812910ms step_avg:449.63ms
step:4043/5100 lr:0.0005285 train_loss:3.2060 train_time:1813404ms step_avg:449.64ms
step:4044/5100 lr:0.000528 train_loss:3.3607 train_time:1813898ms step_avg:449.65ms
step:4045/5100 lr:0.0005275 train_loss:3.2124 train_time:1814398ms step_avg:449.66ms
step:4046/5100 lr:0.000527 train_loss:3.3797 train_time:1814894ms step_avg:449.68ms
step:4047/5100 lr:0.0005265 train_loss:3.1069 train_time:1815389ms step_avg:449.69ms
step:4048/5100 lr:0.000526 train_loss:3.3703 train_time:1815883ms step_avg:449.70ms
step:4049/5100 lr:0.0005254999999999999 train_loss:3.1928 train_time:1816377ms step_avg:449.71ms
step:4050/5100 lr:0.0005250000000000001 train_loss:3.3481 train_time:1816870ms step_avg:449.72ms
step:4051/5100 lr:0.0005245 train_loss:3.2864 train_time:1817369ms step_avg:449.73ms
step:4052/5100 lr:0.000524 train_loss:3.0915 train_time:1817863ms step_avg:449.74ms
step:4053/5100 lr:0.0005235 train_loss:3.3162 train_time:1818357ms step_avg:449.75ms
step:4054/5100 lr:0.000523 train_loss:3.4295 train_time:1818851ms step_avg:449.77ms
step:4055/5100 lr:0.0005225 train_loss:3.4126 train_time:1819345ms step_avg:449.78ms
step:4056/5100 lr:0.000522 train_loss:3.4754 train_time:1819839ms step_avg:449.79ms
step:4057/5100 lr:0.0005214999999999999 train_loss:3.4746 train_time:1820334ms step_avg:449.80ms
step:4058/5100 lr:0.000521 train_loss:3.3967 train_time:1820828ms step_avg:449.81ms
step:4059/5100 lr:0.0005205 train_loss:3.2983 train_time:1821325ms step_avg:449.82ms
step:4060/5100 lr:0.0005200000000000001 train_loss:3.1929 train_time:1821819ms step_avg:449.83ms
step:4061/5100 lr:0.0005195 train_loss:3.2134 train_time:1822314ms step_avg:449.84ms
step:4062/5100 lr:0.000519 train_loss:3.3363 train_time:1822808ms step_avg:449.85ms
step:4063/5100 lr:0.0005185 train_loss:3.2308 train_time:1823302ms step_avg:449.86ms
step:4064/5100 lr:0.000518 train_loss:3.4419 train_time:1823796ms step_avg:449.88ms
step:4065/5100 lr:0.0005175 train_loss:3.4067 train_time:1824293ms step_avg:449.89ms
step:4066/5100 lr:0.000517 train_loss:3.3381 train_time:1824786ms step_avg:449.90ms
step:4067/5100 lr:0.0005164999999999999 train_loss:3.2686 train_time:1825281ms step_avg:449.91ms
step:4068/5100 lr:0.0005160000000000001 train_loss:3.3395 train_time:1825776ms step_avg:449.92ms
step:4069/5100 lr:0.0005155 train_loss:3.2435 train_time:1826270ms step_avg:449.93ms
step:4070/5100 lr:0.000515 train_loss:3.2644 train_time:1826765ms step_avg:449.94ms
step:4071/5100 lr:0.0005145 train_loss:3.1976 train_time:1827259ms step_avg:449.95ms
step:4072/5100 lr:0.000514 train_loss:3.4435 train_time:1827753ms step_avg:449.96ms
step:4073/5100 lr:0.0005135 train_loss:3.2990 train_time:1828247ms step_avg:449.97ms
step:4074/5100 lr:0.000513 train_loss:3.3185 train_time:1828740ms step_avg:449.99ms
step:4075/5100 lr:0.0005124999999999999 train_loss:3.2771 train_time:1829234ms step_avg:450.00ms
step:4076/5100 lr:0.000512 train_loss:3.6837 train_time:1829729ms step_avg:450.01ms
step:4077/5100 lr:0.0005115 train_loss:3.1665 train_time:1830224ms step_avg:450.02ms
step:4078/5100 lr:0.0005110000000000001 train_loss:3.3261 train_time:1830717ms step_avg:450.03ms
step:4079/5100 lr:0.0005105 train_loss:3.1982 train_time:1831212ms step_avg:450.04ms
step:4080/5100 lr:0.00051 train_loss:3.2919 train_time:1831712ms step_avg:450.05ms
step:4081/5100 lr:0.0005095 train_loss:3.2150 train_time:1832207ms step_avg:450.06ms
step:4082/5100 lr:0.000509 train_loss:3.3213 train_time:1832706ms step_avg:450.08ms
step:4083/5100 lr:0.0005085 train_loss:3.2471 train_time:1833206ms step_avg:450.09ms
step:4084/5100 lr:0.000508 train_loss:3.4824 train_time:1833700ms step_avg:450.10ms
step:4085/5100 lr:0.0005074999999999999 train_loss:3.4878 train_time:1834196ms step_avg:450.11ms
step:4086/5100 lr:0.000507 train_loss:3.3983 train_time:1834690ms step_avg:450.12ms
step:4087/5100 lr:0.0005065 train_loss:3.3499 train_time:1835185ms step_avg:450.13ms
step:4088/5100 lr:0.000506 train_loss:3.1996 train_time:1835680ms step_avg:450.14ms
step:4089/5100 lr:0.0005055 train_loss:3.2623 train_time:1836174ms step_avg:450.15ms
step:4090/5100 lr:0.000505 train_loss:3.3029 train_time:1836668ms step_avg:450.16ms
step:4091/5100 lr:0.0005045 train_loss:3.6305 train_time:1837163ms step_avg:450.17ms
step:4092/5100 lr:0.000504 train_loss:3.1691 train_time:1837665ms step_avg:450.19ms
step:4093/5100 lr:0.0005034999999999999 train_loss:3.4760 train_time:1838161ms step_avg:450.20ms
step:4094/5100 lr:0.000503 train_loss:3.2788 train_time:1838657ms step_avg:450.21ms
step:4095/5100 lr:0.0005024999999999999 train_loss:3.3752 train_time:1839153ms step_avg:450.22ms
step:4096/5100 lr:0.0005020000000000001 train_loss:3.4425 train_time:1839649ms step_avg:450.23ms
step:4097/5100 lr:0.0005015 train_loss:3.3218 train_time:1840146ms step_avg:450.24ms
step:4098/5100 lr:0.000501 train_loss:3.2782 train_time:1840641ms step_avg:450.25ms
step:4099/5100 lr:0.0005005 train_loss:3.2244 train_time:1841137ms step_avg:450.27ms
step:4100/5100 lr:0.0005 train_loss:3.3191 train_time:1841631ms step_avg:450.28ms
step:4101/5100 lr:0.0004995 train_loss:3.2832 train_time:1842127ms step_avg:450.29ms
step:4102/5100 lr:0.000499 train_loss:3.3336 train_time:1842622ms step_avg:450.30ms
step:4103/5100 lr:0.0004985 train_loss:3.3188 train_time:1843116ms step_avg:450.31ms
step:4104/5100 lr:0.000498 train_loss:3.4205 train_time:1843612ms step_avg:450.32ms
step:4105/5100 lr:0.0004975 train_loss:3.4565 train_time:1844108ms step_avg:450.33ms
step:4106/5100 lr:0.000497 train_loss:3.1971 train_time:1844603ms step_avg:450.34ms
step:4107/5100 lr:0.0004965 train_loss:3.3437 train_time:1845097ms step_avg:450.35ms
step:4108/5100 lr:0.000496 train_loss:3.4914 train_time:1845592ms step_avg:450.36ms
step:4109/5100 lr:0.0004955 train_loss:3.4116 train_time:1846087ms step_avg:450.37ms
step:4110/5100 lr:0.000495 train_loss:3.2987 train_time:1846583ms step_avg:450.39ms
step:4111/5100 lr:0.0004945 train_loss:3.3811 train_time:1847078ms step_avg:450.40ms
step:4112/5100 lr:0.000494 train_loss:2.8187 train_time:1847573ms step_avg:450.41ms
step:4113/5100 lr:0.0004935 train_loss:3.3549 train_time:1848068ms step_avg:450.42ms
step:4114/5100 lr:0.0004930000000000001 train_loss:3.2688 train_time:1848563ms step_avg:450.43ms
step:4115/5100 lr:0.0004925 train_loss:3.3656 train_time:1849058ms step_avg:450.44ms
step:4116/5100 lr:0.000492 train_loss:3.2844 train_time:1849553ms step_avg:450.45ms
step:4117/5100 lr:0.0004915 train_loss:3.3113 train_time:1850047ms step_avg:450.46ms
step:4118/5100 lr:0.000491 train_loss:3.3945 train_time:1850542ms step_avg:450.47ms
step:4119/5100 lr:0.0004905 train_loss:3.3009 train_time:1851041ms step_avg:450.48ms
step:4120/5100 lr:0.00049 train_loss:3.9961 train_time:1851531ms step_avg:450.49ms
step:4121/5100 lr:0.0004895 train_loss:3.2362 train_time:1852026ms step_avg:450.50ms
step:4122/5100 lr:0.000489 train_loss:3.2644 train_time:1852523ms step_avg:450.52ms
step:4123/5100 lr:0.0004885 train_loss:3.4554 train_time:1853017ms step_avg:450.53ms
step:4124/5100 lr:0.000488 train_loss:3.2588 train_time:1853512ms step_avg:450.54ms
step:4125/5100 lr:0.0004875 train_loss:3.3543 train_time:1854017ms step_avg:450.55ms
step:4125/5100 val_loss:3.3032 train_time:1854024ms step_avg:450.55ms
step:4126/5100 lr:0.000487 train_loss:3.4699 train_time:1858252ms step_avg:451.47ms
step:4127/5100 lr:0.0004865 train_loss:3.2356 train_time:1858747ms step_avg:451.48ms
step:4128/5100 lr:0.000486 train_loss:3.2056 train_time:1859242ms step_avg:451.49ms
step:4129/5100 lr:0.0004855 train_loss:3.3117 train_time:1859735ms step_avg:451.50ms
step:4130/5100 lr:0.00048499999999999997 train_loss:3.5590 train_time:1860230ms step_avg:451.51ms
step:4131/5100 lr:0.0004845 train_loss:3.4375 train_time:1860724ms step_avg:451.52ms
step:4132/5100 lr:0.000484 train_loss:3.3893 train_time:1861219ms step_avg:451.53ms
step:4133/5100 lr:0.0004835 train_loss:3.3251 train_time:1861713ms step_avg:451.54ms
step:4134/5100 lr:0.000483 train_loss:3.2996 train_time:1862208ms step_avg:451.55ms
step:4135/5100 lr:0.0004825 train_loss:3.3737 train_time:1862702ms step_avg:451.56ms
step:4136/5100 lr:0.000482 train_loss:3.3599 train_time:1863196ms step_avg:451.57ms
step:4137/5100 lr:0.0004815 train_loss:3.4336 train_time:1863691ms step_avg:451.58ms
step:4138/5100 lr:0.000481 train_loss:3.2614 train_time:1864186ms step_avg:451.60ms
step:4139/5100 lr:0.00048049999999999997 train_loss:3.3014 train_time:1864680ms step_avg:451.61ms
step:4140/5100 lr:0.00048 train_loss:3.3136 train_time:1865176ms step_avg:451.62ms
step:4141/5100 lr:0.0004795 train_loss:3.3213 train_time:1865670ms step_avg:451.63ms
step:4142/5100 lr:0.000479 train_loss:3.3060 train_time:1866165ms step_avg:451.64ms
step:4143/5100 lr:0.0004785 train_loss:3.2805 train_time:1866663ms step_avg:451.65ms
step:4144/5100 lr:0.00047799999999999996 train_loss:3.2296 train_time:1867158ms step_avg:451.66ms
step:4145/5100 lr:0.0004775 train_loss:3.5527 train_time:1867652ms step_avg:451.67ms
step:4146/5100 lr:0.000477 train_loss:3.4452 train_time:1868146ms step_avg:451.68ms
step:4147/5100 lr:0.0004765 train_loss:3.2555 train_time:1868643ms step_avg:451.69ms
step:4148/5100 lr:0.00047599999999999997 train_loss:3.3740 train_time:1869139ms step_avg:451.70ms
step:4149/5100 lr:0.0004755 train_loss:3.4154 train_time:1869633ms step_avg:451.71ms
step:4150/5100 lr:0.000475 train_loss:3.4290 train_time:1870128ms step_avg:451.72ms
step:4151/5100 lr:0.0004745 train_loss:3.3376 train_time:1870623ms step_avg:451.73ms
step:4152/5100 lr:0.000474 train_loss:3.6005 train_time:1871118ms step_avg:451.74ms
step:4153/5100 lr:0.00047349999999999996 train_loss:3.8143 train_time:1871612ms step_avg:451.75ms
step:4154/5100 lr:0.000473 train_loss:3.2961 train_time:1872106ms step_avg:451.76ms
step:4155/5100 lr:0.0004725 train_loss:3.1682 train_time:1872600ms step_avg:451.77ms
step:4156/5100 lr:0.000472 train_loss:3.3136 train_time:1873095ms step_avg:451.78ms
step:4157/5100 lr:0.00047149999999999997 train_loss:3.5246 train_time:1873589ms step_avg:451.79ms
step:4158/5100 lr:0.000471 train_loss:3.2139 train_time:1874084ms step_avg:451.80ms
step:4159/5100 lr:0.0004705 train_loss:3.0975 train_time:1874580ms step_avg:451.81ms
step:4160/5100 lr:0.00047 train_loss:3.4431 train_time:1875073ms step_avg:451.82ms
step:4161/5100 lr:0.0004695 train_loss:3.3856 train_time:1875567ms step_avg:451.84ms
step:4162/5100 lr:0.00046899999999999996 train_loss:3.4377 train_time:1876061ms step_avg:451.85ms
step:4163/5100 lr:0.00046850000000000006 train_loss:3.0113 train_time:1876554ms step_avg:451.86ms
step:4164/5100 lr:0.00046800000000000005 train_loss:3.4120 train_time:1877048ms step_avg:451.87ms
step:4165/5100 lr:0.00046750000000000003 train_loss:3.3112 train_time:1877543ms step_avg:451.88ms
step:4166/5100 lr:0.000467 train_loss:3.2271 train_time:1878038ms step_avg:451.89ms
step:4167/5100 lr:0.0004665 train_loss:3.1986 train_time:1878532ms step_avg:451.90ms
step:4168/5100 lr:0.00046600000000000005 train_loss:3.4548 train_time:1879026ms step_avg:451.91ms
step:4169/5100 lr:0.00046550000000000004 train_loss:3.3141 train_time:1879521ms step_avg:451.92ms
step:4170/5100 lr:0.000465 train_loss:3.3388 train_time:1880016ms step_avg:451.93ms
step:4171/5100 lr:0.0004645 train_loss:3.4113 train_time:1880512ms step_avg:451.94ms
step:4172/5100 lr:0.00046400000000000006 train_loss:3.5295 train_time:1881007ms step_avg:451.95ms
step:4173/5100 lr:0.00046350000000000004 train_loss:3.0379 train_time:1881501ms step_avg:451.96ms
step:4174/5100 lr:0.00046300000000000003 train_loss:3.2299 train_time:1881995ms step_avg:451.97ms
step:4175/5100 lr:0.0004625 train_loss:3.3447 train_time:1882490ms step_avg:451.98ms
step:4176/5100 lr:0.000462 train_loss:3.4091 train_time:1882985ms step_avg:451.99ms
step:4177/5100 lr:0.00046150000000000005 train_loss:3.3485 train_time:1883479ms step_avg:452.00ms
step:4178/5100 lr:0.00046100000000000004 train_loss:3.2312 train_time:1883973ms step_avg:452.01ms
step:4179/5100 lr:0.0004605 train_loss:3.2540 train_time:1884467ms step_avg:452.02ms
step:4180/5100 lr:0.00046 train_loss:3.2803 train_time:1885160ms step_avg:452.08ms
step:4181/5100 lr:0.00045950000000000006 train_loss:3.1635 train_time:1885654ms step_avg:452.09ms
step:4182/5100 lr:0.00045900000000000004 train_loss:3.6252 train_time:1886149ms step_avg:452.10ms
step:4183/5100 lr:0.00045850000000000003 train_loss:3.2395 train_time:1886642ms step_avg:452.11ms
step:4184/5100 lr:0.000458 train_loss:3.3694 train_time:1887137ms step_avg:452.12ms
step:4185/5100 lr:0.0004575 train_loss:3.4319 train_time:1887631ms step_avg:452.13ms
step:4186/5100 lr:0.00045700000000000005 train_loss:3.6514 train_time:1888127ms step_avg:452.14ms
step:4187/5100 lr:0.00045650000000000004 train_loss:3.3091 train_time:1888619ms step_avg:452.15ms
step:4188/5100 lr:0.000456 train_loss:3.3239 train_time:1889117ms step_avg:452.16ms
step:4189/5100 lr:0.0004555 train_loss:3.1995 train_time:1889613ms step_avg:452.17ms
step:4190/5100 lr:0.000455 train_loss:3.1954 train_time:1890106ms step_avg:452.18ms
step:4191/5100 lr:0.00045450000000000004 train_loss:3.2461 train_time:1890796ms step_avg:452.24ms
step:4192/5100 lr:0.00045400000000000003 train_loss:3.3213 train_time:1891290ms step_avg:452.25ms
step:4193/5100 lr:0.0004535 train_loss:3.3560 train_time:1891785ms step_avg:452.26ms
step:4194/5100 lr:0.000453 train_loss:3.6380 train_time:1892279ms step_avg:452.27ms
step:4195/5100 lr:0.00045250000000000005 train_loss:3.3362 train_time:1892774ms step_avg:452.28ms
step:4196/5100 lr:0.00045200000000000004 train_loss:3.1794 train_time:1893268ms step_avg:452.29ms
step:4197/5100 lr:0.0004515 train_loss:3.3482 train_time:1893762ms step_avg:452.30ms
step:4198/5100 lr:0.000451 train_loss:3.3549 train_time:1894258ms step_avg:452.31ms
step:4199/5100 lr:0.0004505 train_loss:3.3090 train_time:1894752ms step_avg:452.32ms
step:4200/5100 lr:0.00045000000000000004 train_loss:3.1725 train_time:1895247ms step_avg:452.33ms
step:4201/5100 lr:0.00044950000000000003 train_loss:3.4289 train_time:1895741ms step_avg:452.34ms
step:4202/5100 lr:0.000449 train_loss:3.2878 train_time:1896236ms step_avg:452.35ms
step:4203/5100 lr:0.0004485 train_loss:3.3156 train_time:1896730ms step_avg:452.36ms
step:4204/5100 lr:0.000448 train_loss:3.4390 train_time:1897224ms step_avg:452.37ms
step:4205/5100 lr:0.00044750000000000004 train_loss:3.2200 train_time:1897718ms step_avg:452.38ms
step:4206/5100 lr:0.000447 train_loss:3.3293 train_time:1898213ms step_avg:452.39ms
step:4207/5100 lr:0.0004465 train_loss:3.7730 train_time:1898709ms step_avg:452.40ms
step:4208/5100 lr:0.000446 train_loss:2.8055 train_time:1899203ms step_avg:452.41ms
step:4209/5100 lr:0.00044550000000000004 train_loss:3.5330 train_time:1899698ms step_avg:452.42ms
step:4210/5100 lr:0.00044500000000000003 train_loss:3.4361 train_time:1900192ms step_avg:452.43ms
step:4211/5100 lr:0.0004445 train_loss:3.1588 train_time:1900687ms step_avg:452.44ms
step:4212/5100 lr:0.000444 train_loss:3.3081 train_time:1901181ms step_avg:452.45ms
step:4213/5100 lr:0.0004435 train_loss:3.3157 train_time:1902257ms step_avg:452.60ms
step:4214/5100 lr:0.00044300000000000003 train_loss:3.1642 train_time:1902751ms step_avg:452.60ms
step:4215/5100 lr:0.0004425 train_loss:3.2290 train_time:1903245ms step_avg:452.61ms
step:4216/5100 lr:0.000442 train_loss:3.2605 train_time:1903740ms step_avg:452.62ms
step:4217/5100 lr:0.0004415 train_loss:4.0680 train_time:1904247ms step_avg:452.64ms
step:4218/5100 lr:0.000441 train_loss:3.3752 train_time:1904741ms step_avg:452.65ms
step:4219/5100 lr:0.00044050000000000003 train_loss:3.4784 train_time:1905235ms step_avg:452.66ms
step:4220/5100 lr:0.00044 train_loss:3.3288 train_time:1905729ms step_avg:452.67ms
step:4221/5100 lr:0.0004395 train_loss:3.5965 train_time:1906224ms step_avg:452.68ms
step:4222/5100 lr:0.000439 train_loss:3.3575 train_time:1906719ms step_avg:452.69ms
step:4223/5100 lr:0.00043850000000000003 train_loss:3.4086 train_time:1907212ms step_avg:452.70ms
step:4224/5100 lr:0.000438 train_loss:3.1608 train_time:1907707ms step_avg:452.71ms
step:4225/5100 lr:0.0004375 train_loss:3.2321 train_time:1908201ms step_avg:452.72ms
step:4226/5100 lr:0.000437 train_loss:3.4009 train_time:1908705ms step_avg:452.73ms
step:4227/5100 lr:0.0004365 train_loss:3.2144 train_time:1909195ms step_avg:452.74ms
step:4228/5100 lr:0.000436 train_loss:3.3005 train_time:1909689ms step_avg:452.75ms
step:4229/5100 lr:0.0004355 train_loss:3.4112 train_time:1910189ms step_avg:452.76ms
step:4230/5100 lr:0.000435 train_loss:3.1424 train_time:1910678ms step_avg:452.77ms
step:4231/5100 lr:0.0004345 train_loss:3.2609 train_time:1911172ms step_avg:452.78ms
step:4232/5100 lr:0.00043400000000000003 train_loss:3.3896 train_time:1911667ms step_avg:452.79ms
step:4233/5100 lr:0.0004335 train_loss:3.3267 train_time:1912161ms step_avg:452.80ms
step:4234/5100 lr:0.000433 train_loss:3.5517 train_time:1912655ms step_avg:452.81ms
step:4235/5100 lr:0.0004325 train_loss:3.2721 train_time:1913149ms step_avg:452.82ms
step:4236/5100 lr:0.000432 train_loss:3.7114 train_time:1913643ms step_avg:452.83ms
step:4237/5100 lr:0.0004315 train_loss:3.4030 train_time:1914137ms step_avg:452.84ms
step:4238/5100 lr:0.000431 train_loss:3.3275 train_time:1914631ms step_avg:452.85ms
step:4239/5100 lr:0.0004305 train_loss:3.2783 train_time:1915125ms step_avg:452.86ms
step:4240/5100 lr:0.00043 train_loss:3.2366 train_time:1915619ms step_avg:452.87ms
step:4241/5100 lr:0.0004295 train_loss:3.4054 train_time:1916114ms step_avg:452.87ms
step:4242/5100 lr:0.000429 train_loss:3.2579 train_time:1916607ms step_avg:452.88ms
step:4243/5100 lr:0.0004285 train_loss:3.3822 train_time:1917101ms step_avg:452.89ms
step:4244/5100 lr:0.000428 train_loss:3.4754 train_time:1917595ms step_avg:452.90ms
step:4245/5100 lr:0.0004275 train_loss:3.3780 train_time:1918090ms step_avg:452.91ms
step:4246/5100 lr:0.000427 train_loss:3.2579 train_time:1918585ms step_avg:452.92ms
step:4247/5100 lr:0.0004265 train_loss:3.3778 train_time:1919084ms step_avg:452.93ms
step:4248/5100 lr:0.000426 train_loss:3.2596 train_time:1919578ms step_avg:452.94ms
step:4249/5100 lr:0.0004255 train_loss:3.2920 train_time:1920072ms step_avg:452.95ms
step:4250/5100 lr:0.000425 train_loss:3.3375 train_time:1920567ms step_avg:452.96ms
step:4250/5100 val_loss:3.2915 train_time:1920578ms step_avg:452.97ms
step:4251/5100 lr:0.0004245 train_loss:3.3736 train_time:1924773ms step_avg:453.85ms
step:4252/5100 lr:0.000424 train_loss:3.2637 train_time:1925266ms step_avg:453.86ms
step:4253/5100 lr:0.0004235 train_loss:3.4299 train_time:1925761ms step_avg:453.87ms
step:4254/5100 lr:0.000423 train_loss:3.2422 train_time:1926256ms step_avg:453.88ms
step:4255/5100 lr:0.00042249999999999997 train_loss:3.1972 train_time:1926749ms step_avg:453.89ms
step:4256/5100 lr:0.000422 train_loss:3.5681 train_time:1927243ms step_avg:453.90ms
step:4257/5100 lr:0.0004215 train_loss:3.0829 train_time:1927737ms step_avg:453.91ms
step:4258/5100 lr:0.000421 train_loss:3.0759 train_time:1928231ms step_avg:453.92ms
step:4259/5100 lr:0.0004205 train_loss:3.3255 train_time:1928725ms step_avg:453.92ms
step:4260/5100 lr:0.00042 train_loss:3.8162 train_time:1929219ms step_avg:453.93ms
step:4261/5100 lr:0.0004195 train_loss:3.2220 train_time:1929713ms step_avg:453.94ms
step:4262/5100 lr:0.000419 train_loss:3.6117 train_time:1930207ms step_avg:453.95ms
step:4263/5100 lr:0.0004185 train_loss:3.3387 train_time:1930701ms step_avg:453.96ms
step:4264/5100 lr:0.00041799999999999997 train_loss:3.1647 train_time:1931195ms step_avg:453.97ms
step:4265/5100 lr:0.0004175 train_loss:3.2491 train_time:1931689ms step_avg:453.98ms
step:4266/5100 lr:0.000417 train_loss:3.1470 train_time:1932183ms step_avg:453.99ms
step:4267/5100 lr:0.0004165 train_loss:3.4311 train_time:1932681ms step_avg:454.00ms
step:4268/5100 lr:0.000416 train_loss:3.4044 train_time:1933181ms step_avg:454.01ms
step:4269/5100 lr:0.00041549999999999996 train_loss:3.3271 train_time:1933675ms step_avg:454.02ms
step:4270/5100 lr:0.000415 train_loss:3.4188 train_time:1934168ms step_avg:454.03ms
step:4271/5100 lr:0.0004145 train_loss:3.3528 train_time:1934888ms step_avg:454.09ms
step:4272/5100 lr:0.000414 train_loss:3.3007 train_time:1935382ms step_avg:454.10ms
step:4273/5100 lr:0.00041349999999999997 train_loss:3.2988 train_time:1935881ms step_avg:454.11ms
step:4274/5100 lr:0.000413 train_loss:3.4767 train_time:1936376ms step_avg:454.12ms
step:4275/5100 lr:0.0004125 train_loss:3.1618 train_time:1936870ms step_avg:454.13ms
step:4276/5100 lr:0.000412 train_loss:3.2523 train_time:1937364ms step_avg:454.14ms
step:4277/5100 lr:0.0004115 train_loss:3.2525 train_time:1937863ms step_avg:454.15ms
step:4278/5100 lr:0.00041099999999999996 train_loss:3.2229 train_time:1938357ms step_avg:454.16ms
step:4279/5100 lr:0.0004105 train_loss:3.9887 train_time:1938854ms step_avg:454.17ms
step:4280/5100 lr:0.00041 train_loss:3.2175 train_time:1939347ms step_avg:454.18ms
step:4281/5100 lr:0.0004095 train_loss:3.3156 train_time:1939840ms step_avg:454.19ms
step:4282/5100 lr:0.00040899999999999997 train_loss:3.3402 train_time:1940335ms step_avg:454.20ms
step:4283/5100 lr:0.0004085 train_loss:3.4511 train_time:1940829ms step_avg:454.21ms
step:4284/5100 lr:0.000408 train_loss:3.4620 train_time:1941323ms step_avg:454.22ms
step:4285/5100 lr:0.0004075 train_loss:3.3123 train_time:1941816ms step_avg:454.23ms
step:4286/5100 lr:0.00040699999999999997 train_loss:3.4962 train_time:1942310ms step_avg:454.24ms
step:4287/5100 lr:0.00040649999999999996 train_loss:3.1979 train_time:1942804ms step_avg:454.24ms
step:4288/5100 lr:0.00040600000000000006 train_loss:3.2156 train_time:1943297ms step_avg:454.25ms
step:4289/5100 lr:0.00040550000000000004 train_loss:3.1598 train_time:1943792ms step_avg:454.26ms
step:4290/5100 lr:0.00040500000000000003 train_loss:3.2603 train_time:1944285ms step_avg:454.27ms
step:4291/5100 lr:0.0004045 train_loss:3.4112 train_time:1944782ms step_avg:454.28ms
step:4292/5100 lr:0.000404 train_loss:3.3983 train_time:1945279ms step_avg:454.29ms
step:4293/5100 lr:0.00040350000000000005 train_loss:3.3035 train_time:1945773ms step_avg:454.30ms
step:4294/5100 lr:0.00040300000000000004 train_loss:3.3974 train_time:1946267ms step_avg:454.31ms
step:4295/5100 lr:0.0004025 train_loss:3.3563 train_time:1946763ms step_avg:454.32ms
step:4296/5100 lr:0.000402 train_loss:3.3261 train_time:1947258ms step_avg:454.33ms
step:4297/5100 lr:0.00040150000000000006 train_loss:3.1851 train_time:1947752ms step_avg:454.34ms
step:4298/5100 lr:0.00040100000000000004 train_loss:3.3836 train_time:1948246ms step_avg:454.35ms
step:4299/5100 lr:0.00040050000000000003 train_loss:3.3314 train_time:1948740ms step_avg:454.36ms
step:4300/5100 lr:0.0004 train_loss:3.3481 train_time:1949234ms step_avg:454.37ms
step:4301/5100 lr:0.0003995 train_loss:3.2446 train_time:1949728ms step_avg:454.38ms
step:4302/5100 lr:0.00039900000000000005 train_loss:3.3451 train_time:1950222ms step_avg:454.39ms
step:4303/5100 lr:0.00039850000000000004 train_loss:3.3134 train_time:1950715ms step_avg:454.39ms
step:4304/5100 lr:0.000398 train_loss:3.1882 train_time:1951209ms step_avg:454.40ms
step:4305/5100 lr:0.0003975 train_loss:3.4654 train_time:1951704ms step_avg:454.41ms
step:4306/5100 lr:0.00039700000000000005 train_loss:3.3415 train_time:1952197ms step_avg:454.42ms
step:4307/5100 lr:0.00039650000000000004 train_loss:3.2638 train_time:1952690ms step_avg:454.43ms
step:4308/5100 lr:0.00039600000000000003 train_loss:3.3361 train_time:1953184ms step_avg:454.44ms
step:4309/5100 lr:0.0003955 train_loss:3.4705 train_time:1953677ms step_avg:454.45ms
step:4310/5100 lr:0.000395 train_loss:3.2000 train_time:1954171ms step_avg:454.46ms
step:4311/5100 lr:0.00039450000000000005 train_loss:3.1883 train_time:1954665ms step_avg:454.47ms
step:4312/5100 lr:0.00039400000000000004 train_loss:3.2813 train_time:1955160ms step_avg:454.48ms
step:4313/5100 lr:0.0003935 train_loss:3.2554 train_time:1955654ms step_avg:454.49ms
step:4314/5100 lr:0.000393 train_loss:3.2626 train_time:1956153ms step_avg:454.50ms
step:4315/5100 lr:0.0003925 train_loss:3.3739 train_time:1956647ms step_avg:454.51ms
step:4316/5100 lr:0.00039200000000000004 train_loss:3.2197 train_time:1957142ms step_avg:454.51ms
step:4317/5100 lr:0.00039150000000000003 train_loss:4.1844 train_time:1957641ms step_avg:454.53ms
step:4318/5100 lr:0.000391 train_loss:3.3170 train_time:1958135ms step_avg:454.53ms
step:4319/5100 lr:0.0003905 train_loss:3.3172 train_time:1958634ms step_avg:454.54ms
step:4320/5100 lr:0.00039000000000000005 train_loss:3.4130 train_time:1959130ms step_avg:454.55ms
step:4321/5100 lr:0.00038950000000000003 train_loss:3.5863 train_time:1959624ms step_avg:454.56ms
step:4322/5100 lr:0.000389 train_loss:3.2451 train_time:1960118ms step_avg:454.57ms
step:4323/5100 lr:0.0003885 train_loss:3.1332 train_time:1960612ms step_avg:454.58ms
step:4324/5100 lr:0.000388 train_loss:3.4437 train_time:1961105ms step_avg:454.59ms
step:4325/5100 lr:0.00038750000000000004 train_loss:3.2760 train_time:1961600ms step_avg:454.60ms
step:4326/5100 lr:0.00038700000000000003 train_loss:3.3274 train_time:1962099ms step_avg:454.61ms
step:4327/5100 lr:0.0003865 train_loss:3.2216 train_time:1962594ms step_avg:454.62ms
step:4328/5100 lr:0.000386 train_loss:3.1945 train_time:1963088ms step_avg:454.63ms
step:4329/5100 lr:0.0003855 train_loss:3.4471 train_time:1963582ms step_avg:454.64ms
step:4330/5100 lr:0.00038500000000000003 train_loss:3.4476 train_time:1964076ms step_avg:454.65ms
step:4331/5100 lr:0.0003845 train_loss:3.2544 train_time:1964571ms step_avg:454.66ms
step:4332/5100 lr:0.000384 train_loss:3.3522 train_time:1965065ms step_avg:454.67ms
step:4333/5100 lr:0.0003835 train_loss:3.3414 train_time:1965559ms step_avg:454.67ms
step:4334/5100 lr:0.00038300000000000004 train_loss:3.1669 train_time:1966058ms step_avg:454.68ms
step:4335/5100 lr:0.00038250000000000003 train_loss:3.0242 train_time:1966552ms step_avg:454.69ms
step:4336/5100 lr:0.000382 train_loss:3.1493 train_time:1967046ms step_avg:454.70ms
step:4337/5100 lr:0.0003815 train_loss:3.1242 train_time:1967545ms step_avg:454.71ms
step:4338/5100 lr:0.000381 train_loss:3.2475 train_time:1968040ms step_avg:454.72ms
step:4339/5100 lr:0.00038050000000000003 train_loss:3.1891 train_time:1968536ms step_avg:454.73ms
step:4340/5100 lr:0.00038 train_loss:3.1283 train_time:1969031ms step_avg:454.74ms
step:4341/5100 lr:0.0003795 train_loss:3.3839 train_time:1969525ms step_avg:454.75ms
step:4342/5100 lr:0.000379 train_loss:3.2454 train_time:1970019ms step_avg:454.76ms
step:4343/5100 lr:0.0003785 train_loss:3.4640 train_time:1970513ms step_avg:454.77ms
step:4344/5100 lr:0.000378 train_loss:4.0652 train_time:1971007ms step_avg:454.78ms
step:4345/5100 lr:0.0003775 train_loss:3.2608 train_time:1971501ms step_avg:454.79ms
step:4346/5100 lr:0.000377 train_loss:3.3883 train_time:1971994ms step_avg:454.80ms
step:4347/5100 lr:0.0003765 train_loss:3.4839 train_time:1972488ms step_avg:454.80ms
step:4348/5100 lr:0.00037600000000000003 train_loss:3.1930 train_time:1972982ms step_avg:454.81ms
step:4349/5100 lr:0.0003755 train_loss:3.2924 train_time:1973476ms step_avg:454.82ms
step:4350/5100 lr:0.000375 train_loss:3.0597 train_time:1973971ms step_avg:454.83ms
step:4351/5100 lr:0.0003745 train_loss:3.2428 train_time:1974470ms step_avg:454.84ms
step:4352/5100 lr:0.000374 train_loss:3.3661 train_time:1974964ms step_avg:454.85ms
step:4353/5100 lr:0.0003735 train_loss:3.4168 train_time:1975458ms step_avg:454.86ms
step:4354/5100 lr:0.000373 train_loss:3.3430 train_time:1975957ms step_avg:454.87ms
step:4355/5100 lr:0.0003725 train_loss:3.3644 train_time:1976456ms step_avg:454.88ms
step:4356/5100 lr:0.000372 train_loss:3.3698 train_time:1976951ms step_avg:454.89ms
step:4357/5100 lr:0.00037150000000000003 train_loss:3.1180 train_time:1977444ms step_avg:454.90ms
step:4358/5100 lr:0.000371 train_loss:3.1997 train_time:1977938ms step_avg:454.91ms
step:4359/5100 lr:0.0003705 train_loss:3.0097 train_time:1978432ms step_avg:454.92ms
step:4360/5100 lr:0.00037 train_loss:3.2592 train_time:1978926ms step_avg:454.93ms
step:4361/5100 lr:0.0003695 train_loss:3.3102 train_time:1979420ms step_avg:454.93ms
step:4362/5100 lr:0.000369 train_loss:3.2167 train_time:1979935ms step_avg:454.95ms
step:4363/5100 lr:0.0003685 train_loss:3.4611 train_time:1980429ms step_avg:454.96ms
step:4364/5100 lr:0.000368 train_loss:3.4018 train_time:1980922ms step_avg:454.97ms
step:4365/5100 lr:0.0003675 train_loss:3.1040 train_time:1981415ms step_avg:454.97ms
step:4366/5100 lr:0.000367 train_loss:3.0751 train_time:1981909ms step_avg:454.98ms
step:4367/5100 lr:0.0003665 train_loss:3.1746 train_time:1982403ms step_avg:454.99ms
step:4368/5100 lr:0.000366 train_loss:3.2836 train_time:1982897ms step_avg:455.00ms
step:4369/5100 lr:0.0003655 train_loss:3.4128 train_time:1983390ms step_avg:455.01ms
step:4370/5100 lr:0.000365 train_loss:3.4057 train_time:1984084ms step_avg:455.07ms
step:4371/5100 lr:0.0003645 train_loss:3.4243 train_time:1984583ms step_avg:455.08ms
step:4372/5100 lr:0.000364 train_loss:3.6558 train_time:1985081ms step_avg:455.09ms
step:4373/5100 lr:0.0003635 train_loss:3.3714 train_time:1985575ms step_avg:455.09ms
step:4374/5100 lr:0.000363 train_loss:3.3705 train_time:1986069ms step_avg:455.10ms
step:4375/5100 lr:0.0003625 train_loss:3.4054 train_time:1986566ms step_avg:455.11ms
step:4375/5100 val_loss:3.2799 train_time:1986577ms step_avg:455.11ms
step:4376/5100 lr:0.000362 train_loss:3.2652 train_time:1990782ms step_avg:455.97ms
step:4377/5100 lr:0.0003615 train_loss:3.2792 train_time:1991276ms step_avg:455.98ms
step:4378/5100 lr:0.000361 train_loss:3.2730 train_time:1991771ms step_avg:455.99ms
step:4379/5100 lr:0.0003605 train_loss:3.4357 train_time:1992272ms step_avg:456.00ms
step:4380/5100 lr:0.00035999999999999997 train_loss:3.3809 train_time:1992769ms step_avg:456.01ms
step:4381/5100 lr:0.0003595 train_loss:3.5340 train_time:1993263ms step_avg:456.02ms
step:4382/5100 lr:0.000359 train_loss:3.2157 train_time:1993962ms step_avg:456.08ms
step:4383/5100 lr:0.0003585 train_loss:3.2430 train_time:1994463ms step_avg:456.09ms
step:4384/5100 lr:0.000358 train_loss:3.2043 train_time:1994957ms step_avg:456.09ms
step:4385/5100 lr:0.0003575 train_loss:2.9875 train_time:1995453ms step_avg:456.10ms
step:4386/5100 lr:0.000357 train_loss:3.0543 train_time:1995948ms step_avg:456.11ms
step:4387/5100 lr:0.0003565 train_loss:3.2583 train_time:1996443ms step_avg:456.12ms
step:4388/5100 lr:0.000356 train_loss:3.3996 train_time:1996937ms step_avg:456.13ms
step:4389/5100 lr:0.00035549999999999997 train_loss:3.8874 train_time:1997432ms step_avg:456.14ms
step:4390/5100 lr:0.000355 train_loss:3.2202 train_time:1997926ms step_avg:456.15ms
step:4391/5100 lr:0.0003545 train_loss:3.2927 train_time:1998421ms step_avg:456.16ms
step:4392/5100 lr:0.000354 train_loss:3.2673 train_time:1998915ms step_avg:456.16ms
step:4393/5100 lr:0.0003535 train_loss:3.1355 train_time:1999409ms step_avg:456.17ms
step:4394/5100 lr:0.00035299999999999996 train_loss:3.3328 train_time:1999902ms step_avg:456.18ms
step:4395/5100 lr:0.0003525 train_loss:3.3012 train_time:2000396ms step_avg:456.19ms
step:4396/5100 lr:0.000352 train_loss:3.2907 train_time:2000891ms step_avg:456.20ms
step:4397/5100 lr:0.0003515 train_loss:3.1804 train_time:2001385ms step_avg:456.21ms
step:4398/5100 lr:0.00035099999999999997 train_loss:3.4932 train_time:2001879ms step_avg:456.22ms
step:4399/5100 lr:0.0003505 train_loss:3.3297 train_time:2002374ms step_avg:456.23ms
step:4400/5100 lr:0.00035 train_loss:3.2280 train_time:2002870ms step_avg:456.23ms
step:4401/5100 lr:0.0003495 train_loss:3.3252 train_time:2003364ms step_avg:456.24ms
step:4402/5100 lr:0.00034899999999999997 train_loss:3.1571 train_time:2003859ms step_avg:456.25ms
step:4403/5100 lr:0.00034849999999999996 train_loss:3.2700 train_time:2004354ms step_avg:456.26ms
step:4404/5100 lr:0.000348 train_loss:3.2783 train_time:2004848ms step_avg:456.27ms
step:4405/5100 lr:0.0003475 train_loss:3.1985 train_time:2005451ms step_avg:456.30ms
step:4406/5100 lr:0.000347 train_loss:3.2142 train_time:2005944ms step_avg:456.31ms
step:4407/5100 lr:0.00034649999999999997 train_loss:3.0981 train_time:2006438ms step_avg:456.32ms
step:4408/5100 lr:0.000346 train_loss:3.1839 train_time:2006949ms step_avg:456.33ms
step:4409/5100 lr:0.0003455 train_loss:3.6781 train_time:2007444ms step_avg:456.34ms
step:4410/5100 lr:0.000345 train_loss:3.1795 train_time:2007938ms step_avg:456.35ms
step:4411/5100 lr:0.00034449999999999997 train_loss:3.3031 train_time:2008433ms step_avg:456.36ms
step:4412/5100 lr:0.00034399999999999996 train_loss:3.2249 train_time:2008927ms step_avg:456.37ms
step:4413/5100 lr:0.00034350000000000006 train_loss:3.1962 train_time:2009421ms step_avg:456.38ms
step:4414/5100 lr:0.00034300000000000004 train_loss:3.4224 train_time:2009915ms step_avg:456.38ms
step:4415/5100 lr:0.00034250000000000003 train_loss:3.3765 train_time:2010409ms step_avg:456.39ms
step:4416/5100 lr:0.000342 train_loss:3.3023 train_time:2010902ms step_avg:456.40ms
step:4417/5100 lr:0.0003415 train_loss:3.5805 train_time:2011396ms step_avg:456.41ms
step:4418/5100 lr:0.00034100000000000005 train_loss:3.3879 train_time:2011892ms step_avg:456.42ms
step:4419/5100 lr:0.00034050000000000004 train_loss:3.3814 train_time:2012392ms step_avg:456.43ms
step:4420/5100 lr:0.00034 train_loss:3.5892 train_time:2012881ms step_avg:456.44ms
step:4421/5100 lr:0.0003395 train_loss:3.2990 train_time:2013375ms step_avg:456.44ms
step:4422/5100 lr:0.00033900000000000005 train_loss:3.2629 train_time:2013869ms step_avg:456.45ms
step:4423/5100 lr:0.00033850000000000004 train_loss:3.3150 train_time:2014365ms step_avg:456.46ms
step:4424/5100 lr:0.00033800000000000003 train_loss:3.3716 train_time:2014862ms step_avg:456.47ms
step:4425/5100 lr:0.0003375 train_loss:3.1926 train_time:2015360ms step_avg:456.48ms
step:4426/5100 lr:0.000337 train_loss:3.0960 train_time:2015854ms step_avg:456.49ms
step:4427/5100 lr:0.00033650000000000005 train_loss:3.2973 train_time:2016349ms step_avg:456.50ms
step:4428/5100 lr:0.00033600000000000004 train_loss:3.6294 train_time:2016845ms step_avg:456.51ms
step:4429/5100 lr:0.0003355 train_loss:3.2405 train_time:2017339ms step_avg:456.51ms
step:4430/5100 lr:0.000335 train_loss:3.1850 train_time:2017837ms step_avg:456.52ms
step:4431/5100 lr:0.00033450000000000005 train_loss:3.1994 train_time:2018332ms step_avg:456.53ms
step:4432/5100 lr:0.00033400000000000004 train_loss:3.3501 train_time:2018825ms step_avg:456.54ms
step:4433/5100 lr:0.00033350000000000003 train_loss:3.2981 train_time:2019319ms step_avg:456.55ms
step:4434/5100 lr:0.000333 train_loss:3.3880 train_time:2019813ms step_avg:456.56ms
step:4435/5100 lr:0.0003325 train_loss:3.2996 train_time:2020307ms step_avg:456.57ms
step:4436/5100 lr:0.00033200000000000005 train_loss:3.2024 train_time:2020801ms step_avg:456.58ms
step:4437/5100 lr:0.00033150000000000003 train_loss:3.2596 train_time:2021295ms step_avg:456.58ms
step:4438/5100 lr:0.000331 train_loss:3.1414 train_time:2021793ms step_avg:456.59ms
step:4439/5100 lr:0.0003305 train_loss:3.1323 train_time:2022284ms step_avg:456.60ms
step:4440/5100 lr:0.00033 train_loss:3.3163 train_time:2022784ms step_avg:456.61ms
step:4441/5100 lr:0.00032950000000000004 train_loss:3.4410 train_time:2023278ms step_avg:456.62ms
step:4442/5100 lr:0.00032900000000000003 train_loss:3.2566 train_time:2023772ms step_avg:456.63ms
step:4443/5100 lr:0.0003285 train_loss:3.1188 train_time:2024266ms step_avg:456.64ms
step:4444/5100 lr:0.000328 train_loss:3.2947 train_time:2024767ms step_avg:456.65ms
step:4445/5100 lr:0.00032750000000000005 train_loss:3.1049 train_time:2025826ms step_avg:456.78ms
step:4446/5100 lr:0.00032700000000000003 train_loss:3.2906 train_time:2026319ms step_avg:456.79ms
step:4447/5100 lr:0.0003265 train_loss:3.2122 train_time:2026813ms step_avg:456.80ms
step:4448/5100 lr:0.000326 train_loss:3.2780 train_time:2027307ms step_avg:456.81ms
step:4449/5100 lr:0.0003255 train_loss:3.0833 train_time:2027801ms step_avg:456.81ms
step:4450/5100 lr:0.00032500000000000004 train_loss:3.1874 train_time:2028296ms step_avg:456.82ms
step:4451/5100 lr:0.00032450000000000003 train_loss:3.1131 train_time:2028791ms step_avg:456.83ms
step:4452/5100 lr:0.000324 train_loss:3.1920 train_time:2029285ms step_avg:456.84ms
step:4453/5100 lr:0.0003235 train_loss:3.1819 train_time:2029778ms step_avg:456.85ms
step:4454/5100 lr:0.000323 train_loss:3.2723 train_time:2030273ms step_avg:456.86ms
step:4455/5100 lr:0.00032250000000000003 train_loss:3.4699 train_time:2030768ms step_avg:456.87ms
step:4456/5100 lr:0.000322 train_loss:3.2849 train_time:2031262ms step_avg:456.87ms
step:4457/5100 lr:0.0003215 train_loss:3.3568 train_time:2031759ms step_avg:456.88ms
step:4458/5100 lr:0.000321 train_loss:3.2223 train_time:2032254ms step_avg:456.89ms
step:4459/5100 lr:0.00032050000000000004 train_loss:3.1918 train_time:2032748ms step_avg:456.90ms
step:4460/5100 lr:0.00032 train_loss:3.1816 train_time:2033248ms step_avg:456.91ms
step:4461/5100 lr:0.0003195 train_loss:3.0094 train_time:2033745ms step_avg:456.92ms
step:4462/5100 lr:0.000319 train_loss:3.3540 train_time:2034239ms step_avg:456.93ms
step:4463/5100 lr:0.0003185 train_loss:3.3660 train_time:2034734ms step_avg:456.94ms
step:4464/5100 lr:0.00031800000000000003 train_loss:3.1935 train_time:2035229ms step_avg:456.94ms
step:4465/5100 lr:0.0003175 train_loss:3.2708 train_time:2035723ms step_avg:456.95ms
step:4466/5100 lr:0.000317 train_loss:3.2866 train_time:2036217ms step_avg:456.96ms
step:4467/5100 lr:0.0003165 train_loss:3.2331 train_time:2036711ms step_avg:456.97ms
step:4468/5100 lr:0.000316 train_loss:3.2252 train_time:2037206ms step_avg:456.98ms
step:4469/5100 lr:0.0003155 train_loss:3.2855 train_time:2037705ms step_avg:456.99ms
step:4470/5100 lr:0.000315 train_loss:3.2902 train_time:2038198ms step_avg:457.00ms
step:4471/5100 lr:0.0003145 train_loss:3.5832 train_time:2038692ms step_avg:457.00ms
step:4472/5100 lr:0.000314 train_loss:3.2705 train_time:2039186ms step_avg:457.01ms
step:4473/5100 lr:0.00031350000000000003 train_loss:3.2303 train_time:2039680ms step_avg:457.02ms
step:4474/5100 lr:0.000313 train_loss:3.0041 train_time:2040181ms step_avg:457.03ms
step:4475/5100 lr:0.0003125 train_loss:3.4222 train_time:2040675ms step_avg:457.04ms
step:4476/5100 lr:0.000312 train_loss:3.0904 train_time:2041169ms step_avg:457.05ms
step:4477/5100 lr:0.0003115 train_loss:3.0310 train_time:2041662ms step_avg:457.05ms
step:4478/5100 lr:0.000311 train_loss:3.3134 train_time:2042160ms step_avg:457.06ms
step:4479/5100 lr:0.0003105 train_loss:2.8185 train_time:2042654ms step_avg:457.07ms
step:4480/5100 lr:0.00031 train_loss:3.2572 train_time:2043152ms step_avg:457.08ms
step:4481/5100 lr:0.0003095 train_loss:3.3389 train_time:2043649ms step_avg:457.09ms
step:4482/5100 lr:0.00030900000000000003 train_loss:3.2335 train_time:2044144ms step_avg:457.10ms
step:4483/5100 lr:0.0003085 train_loss:3.2597 train_time:2044638ms step_avg:457.11ms
step:4484/5100 lr:0.000308 train_loss:3.3018 train_time:2045132ms step_avg:457.11ms
step:4485/5100 lr:0.0003075 train_loss:3.3350 train_time:2045629ms step_avg:457.12ms
step:4486/5100 lr:0.000307 train_loss:3.1820 train_time:2046121ms step_avg:457.13ms
step:4487/5100 lr:0.0003065 train_loss:3.4817 train_time:2046615ms step_avg:457.14ms
step:4488/5100 lr:0.000306 train_loss:3.3509 train_time:2047109ms step_avg:457.15ms
step:4489/5100 lr:0.0003055 train_loss:3.3364 train_time:2047603ms step_avg:457.16ms
step:4490/5100 lr:0.000305 train_loss:3.1152 train_time:2048102ms step_avg:457.17ms
step:4491/5100 lr:0.0003045 train_loss:3.2470 train_time:2048595ms step_avg:457.17ms
step:4492/5100 lr:0.000304 train_loss:3.3171 train_time:2049090ms step_avg:457.18ms
step:4493/5100 lr:0.0003035 train_loss:3.1276 train_time:2049584ms step_avg:457.19ms
step:4494/5100 lr:0.000303 train_loss:3.1469 train_time:2050078ms step_avg:457.20ms
step:4495/5100 lr:0.0003025 train_loss:3.0451 train_time:2050571ms step_avg:457.21ms
step:4496/5100 lr:0.000302 train_loss:3.2534 train_time:2051064ms step_avg:457.21ms
step:4497/5100 lr:0.0003015 train_loss:2.8896 train_time:2051559ms step_avg:457.22ms
step:4498/5100 lr:0.000301 train_loss:3.4891 train_time:2052054ms step_avg:457.23ms
step:4499/5100 lr:0.0003005 train_loss:3.2631 train_time:2052548ms step_avg:457.24ms
step:4500/5100 lr:0.0003 train_loss:3.3179 train_time:2053042ms step_avg:457.25ms
step:4500/5100 val_loss:3.2690 train_time:2053052ms step_avg:457.25ms
step:4501/5100 lr:0.0002995 train_loss:3.6607 train_time:2057268ms step_avg:458.09ms
step:4502/5100 lr:0.000299 train_loss:3.0084 train_time:2057761ms step_avg:458.09ms
step:4503/5100 lr:0.0002985 train_loss:3.4454 train_time:2058260ms step_avg:458.10ms
step:4504/5100 lr:0.000298 train_loss:3.0958 train_time:2058754ms step_avg:458.11ms
step:4505/5100 lr:0.00029749999999999997 train_loss:3.4453 train_time:2059249ms step_avg:458.12ms
step:4506/5100 lr:0.000297 train_loss:3.2382 train_time:2059744ms step_avg:458.13ms
step:4507/5100 lr:0.0002965 train_loss:3.2888 train_time:2060240ms step_avg:458.14ms
step:4508/5100 lr:0.000296 train_loss:3.3108 train_time:2060735ms step_avg:458.14ms
step:4509/5100 lr:0.00029549999999999997 train_loss:3.4406 train_time:2061229ms step_avg:458.15ms
step:4510/5100 lr:0.000295 train_loss:3.2013 train_time:2061723ms step_avg:458.16ms
step:4511/5100 lr:0.0002945 train_loss:3.2371 train_time:2062218ms step_avg:458.17ms
step:4512/5100 lr:0.000294 train_loss:3.5820 train_time:2062712ms step_avg:458.18ms
step:4513/5100 lr:0.0002935 train_loss:3.5765 train_time:2063206ms step_avg:458.18ms
step:4514/5100 lr:0.00029299999999999997 train_loss:3.3071 train_time:2063700ms step_avg:458.19ms
step:4515/5100 lr:0.0002925 train_loss:3.1673 train_time:2064193ms step_avg:458.20ms
step:4516/5100 lr:0.000292 train_loss:3.3307 train_time:2064687ms step_avg:458.21ms
step:4517/5100 lr:0.0002915 train_loss:3.3348 train_time:2065181ms step_avg:458.22ms
step:4518/5100 lr:0.00029099999999999997 train_loss:3.3351 train_time:2065676ms step_avg:458.22ms
step:4519/5100 lr:0.00029049999999999996 train_loss:3.3547 train_time:2066170ms step_avg:458.23ms
step:4520/5100 lr:0.00029 train_loss:3.3196 train_time:2066670ms step_avg:458.24ms
step:4521/5100 lr:0.0002895 train_loss:3.3258 train_time:2067164ms step_avg:458.25ms
step:4522/5100 lr:0.000289 train_loss:3.2021 train_time:2067658ms step_avg:458.26ms
step:4523/5100 lr:0.00028849999999999997 train_loss:3.3646 train_time:2068151ms step_avg:458.27ms
step:4524/5100 lr:0.000288 train_loss:3.2332 train_time:2068645ms step_avg:458.27ms
step:4525/5100 lr:0.0002875 train_loss:3.3354 train_time:2069141ms step_avg:458.28ms
step:4526/5100 lr:0.000287 train_loss:3.2996 train_time:2069640ms step_avg:458.29ms
step:4527/5100 lr:0.00028649999999999997 train_loss:3.1146 train_time:2070130ms step_avg:458.30ms
step:4528/5100 lr:0.00028599999999999996 train_loss:3.2153 train_time:2070623ms step_avg:458.31ms
step:4529/5100 lr:0.0002855 train_loss:3.5022 train_time:2071117ms step_avg:458.31ms
step:4530/5100 lr:0.000285 train_loss:3.3502 train_time:2071611ms step_avg:458.32ms
step:4531/5100 lr:0.0002845 train_loss:3.3969 train_time:2072105ms step_avg:458.33ms
step:4532/5100 lr:0.00028399999999999996 train_loss:3.1755 train_time:2072605ms step_avg:458.34ms
step:4533/5100 lr:0.0002835 train_loss:3.2750 train_time:2073123ms step_avg:458.35ms
step:4534/5100 lr:0.000283 train_loss:3.3094 train_time:2073618ms step_avg:458.36ms
step:4535/5100 lr:0.0002825 train_loss:3.2105 train_time:2074112ms step_avg:458.37ms
step:4536/5100 lr:0.00028199999999999997 train_loss:3.1733 train_time:2074606ms step_avg:458.38ms
step:4537/5100 lr:0.00028149999999999996 train_loss:3.2187 train_time:2075100ms step_avg:458.38ms
step:4538/5100 lr:0.00028100000000000005 train_loss:3.4334 train_time:2075593ms step_avg:458.39ms
step:4539/5100 lr:0.00028050000000000004 train_loss:3.1325 train_time:2076086ms step_avg:458.40ms
step:4540/5100 lr:0.00028000000000000003 train_loss:3.2906 train_time:2076580ms step_avg:458.41ms
step:4541/5100 lr:0.0002795 train_loss:3.3299 train_time:2077074ms step_avg:458.41ms
step:4542/5100 lr:0.000279 train_loss:3.3924 train_time:2077568ms step_avg:458.42ms
step:4543/5100 lr:0.00027850000000000005 train_loss:3.3908 train_time:2078068ms step_avg:458.43ms
step:4544/5100 lr:0.00027800000000000004 train_loss:3.2000 train_time:2078562ms step_avg:458.44ms
step:4545/5100 lr:0.0002775 train_loss:3.2942 train_time:2079062ms step_avg:458.45ms
step:4546/5100 lr:0.000277 train_loss:3.1009 train_time:2079559ms step_avg:458.46ms
step:4547/5100 lr:0.00027650000000000005 train_loss:3.1268 train_time:2080050ms step_avg:458.46ms
step:4548/5100 lr:0.00027600000000000004 train_loss:3.3770 train_time:2080544ms step_avg:458.47ms
step:4549/5100 lr:0.00027550000000000003 train_loss:3.1939 train_time:2081038ms step_avg:458.48ms
step:4550/5100 lr:0.000275 train_loss:3.1383 train_time:2081531ms step_avg:458.49ms
step:4551/5100 lr:0.0002745 train_loss:3.1156 train_time:2082025ms step_avg:458.49ms
step:4552/5100 lr:0.00027400000000000005 train_loss:3.0972 train_time:2082519ms step_avg:458.50ms
step:4553/5100 lr:0.00027350000000000003 train_loss:3.3035 train_time:2083012ms step_avg:458.51ms
step:4554/5100 lr:0.000273 train_loss:3.1862 train_time:2083506ms step_avg:458.52ms
step:4555/5100 lr:0.0002725 train_loss:3.2582 train_time:2084000ms step_avg:458.53ms
step:4556/5100 lr:0.00027200000000000005 train_loss:3.0127 train_time:2084494ms step_avg:458.53ms
step:4557/5100 lr:0.00027150000000000004 train_loss:3.3190 train_time:2084988ms step_avg:458.54ms
step:4558/5100 lr:0.00027100000000000003 train_loss:3.1004 train_time:2085482ms step_avg:458.55ms
step:4559/5100 lr:0.0002705 train_loss:3.2526 train_time:2085976ms step_avg:458.56ms
step:4560/5100 lr:0.00027 train_loss:3.3053 train_time:2087287ms step_avg:458.74ms
step:4561/5100 lr:0.00026950000000000005 train_loss:3.3983 train_time:2087781ms step_avg:458.75ms
step:4562/5100 lr:0.00026900000000000003 train_loss:3.2888 train_time:2088275ms step_avg:458.76ms
step:4563/5100 lr:0.0002685 train_loss:3.2116 train_time:2088769ms step_avg:458.77ms
step:4564/5100 lr:0.000268 train_loss:3.5451 train_time:2089263ms step_avg:458.78ms
step:4565/5100 lr:0.0002675 train_loss:3.4646 train_time:2089760ms step_avg:458.78ms
step:4566/5100 lr:0.00026700000000000004 train_loss:3.4854 train_time:2090254ms step_avg:458.79ms
step:4567/5100 lr:0.0002665 train_loss:3.4169 train_time:2090748ms step_avg:458.80ms
step:4568/5100 lr:0.000266 train_loss:3.1922 train_time:2091242ms step_avg:458.81ms
step:4569/5100 lr:0.0002655 train_loss:3.3097 train_time:2091736ms step_avg:458.81ms
step:4570/5100 lr:0.00026500000000000004 train_loss:3.2940 train_time:2092230ms step_avg:458.82ms
step:4571/5100 lr:0.00026450000000000003 train_loss:3.2117 train_time:2092724ms step_avg:458.83ms
step:4572/5100 lr:0.000264 train_loss:3.3362 train_time:2093419ms step_avg:458.88ms
step:4573/5100 lr:0.0002635 train_loss:3.3520 train_time:2093912ms step_avg:458.89ms
step:4574/5100 lr:0.000263 train_loss:3.2152 train_time:2094410ms step_avg:458.90ms
step:4575/5100 lr:0.00026250000000000004 train_loss:3.2677 train_time:2094904ms step_avg:458.91ms
step:4576/5100 lr:0.000262 train_loss:3.3868 train_time:2095399ms step_avg:458.91ms
step:4577/5100 lr:0.0002615 train_loss:3.4985 train_time:2095892ms step_avg:458.92ms
step:4578/5100 lr:0.000261 train_loss:3.3130 train_time:2096386ms step_avg:458.93ms
step:4579/5100 lr:0.0002605 train_loss:3.2515 train_time:2096880ms step_avg:458.94ms
step:4580/5100 lr:0.00026000000000000003 train_loss:3.4425 train_time:2097373ms step_avg:458.94ms
step:4581/5100 lr:0.0002595 train_loss:3.1630 train_time:2098544ms step_avg:459.10ms
step:4582/5100 lr:0.000259 train_loss:3.1334 train_time:2099038ms step_avg:459.11ms
step:4583/5100 lr:0.0002585 train_loss:3.4624 train_time:2099542ms step_avg:459.12ms
step:4584/5100 lr:0.00025800000000000004 train_loss:3.1064 train_time:2100036ms step_avg:459.12ms
step:4585/5100 lr:0.0002575 train_loss:3.1896 train_time:2100531ms step_avg:459.13ms
step:4586/5100 lr:0.000257 train_loss:3.3313 train_time:2101026ms step_avg:459.14ms
step:4587/5100 lr:0.0002565 train_loss:3.3371 train_time:2101520ms step_avg:459.15ms
step:4588/5100 lr:0.000256 train_loss:3.2932 train_time:2102015ms step_avg:459.16ms
step:4589/5100 lr:0.00025550000000000003 train_loss:3.2157 train_time:2102509ms step_avg:459.16ms
step:4590/5100 lr:0.000255 train_loss:3.2845 train_time:2103002ms step_avg:459.17ms
step:4591/5100 lr:0.0002545 train_loss:3.2738 train_time:2103496ms step_avg:459.18ms
step:4592/5100 lr:0.000254 train_loss:3.2051 train_time:2103991ms step_avg:459.19ms
step:4593/5100 lr:0.0002535 train_loss:3.2845 train_time:2104486ms step_avg:459.19ms
step:4594/5100 lr:0.000253 train_loss:3.1504 train_time:2104980ms step_avg:459.20ms
step:4595/5100 lr:0.0002525 train_loss:3.1837 train_time:2105474ms step_avg:459.21ms
step:4596/5100 lr:0.000252 train_loss:3.3549 train_time:2105968ms step_avg:459.22ms
step:4597/5100 lr:0.0002515 train_loss:3.4120 train_time:2106462ms step_avg:459.22ms
step:4598/5100 lr:0.00025100000000000003 train_loss:3.1789 train_time:2106962ms step_avg:459.23ms
step:4599/5100 lr:0.0002505 train_loss:3.1190 train_time:2107457ms step_avg:459.24ms
step:4600/5100 lr:0.00025 train_loss:3.2128 train_time:2107950ms step_avg:459.25ms
step:4601/5100 lr:0.0002495 train_loss:3.3896 train_time:2108444ms step_avg:459.26ms
step:4602/5100 lr:0.000249 train_loss:3.4070 train_time:2108938ms step_avg:459.26ms
step:4603/5100 lr:0.0002485 train_loss:3.3284 train_time:2109432ms step_avg:459.27ms
step:4604/5100 lr:0.000248 train_loss:3.2787 train_time:2109927ms step_avg:459.28ms
step:4605/5100 lr:0.0002475 train_loss:3.4713 train_time:2110421ms step_avg:459.29ms
step:4606/5100 lr:0.000247 train_loss:3.2766 train_time:2110923ms step_avg:459.30ms
step:4607/5100 lr:0.00024650000000000003 train_loss:3.0357 train_time:2111417ms step_avg:459.30ms
step:4608/5100 lr:0.000246 train_loss:3.3648 train_time:2111911ms step_avg:459.31ms
step:4609/5100 lr:0.0002455 train_loss:3.2240 train_time:2112406ms step_avg:459.32ms
step:4610/5100 lr:0.000245 train_loss:3.3441 train_time:2112900ms step_avg:459.33ms
step:4611/5100 lr:0.0002445 train_loss:3.3614 train_time:2113394ms step_avg:459.33ms
step:4612/5100 lr:0.000244 train_loss:3.2509 train_time:2113888ms step_avg:459.34ms
step:4613/5100 lr:0.0002435 train_loss:3.1974 train_time:2114382ms step_avg:459.35ms
step:4614/5100 lr:0.000243 train_loss:3.2137 train_time:2114878ms step_avg:459.36ms
step:4615/5100 lr:0.00024249999999999999 train_loss:3.1676 train_time:2115372ms step_avg:459.36ms
step:4616/5100 lr:0.000242 train_loss:3.3080 train_time:2115867ms step_avg:459.37ms
step:4617/5100 lr:0.0002415 train_loss:3.2752 train_time:2116360ms step_avg:459.38ms
step:4618/5100 lr:0.000241 train_loss:3.3323 train_time:2116855ms step_avg:459.39ms
step:4619/5100 lr:0.0002405 train_loss:3.3129 train_time:2117349ms step_avg:459.39ms
step:4620/5100 lr:0.00024 train_loss:3.3727 train_time:2117843ms step_avg:459.40ms
step:4621/5100 lr:0.0002395 train_loss:3.1959 train_time:2118338ms step_avg:459.41ms
step:4622/5100 lr:0.00023899999999999998 train_loss:3.2763 train_time:2118832ms step_avg:459.42ms
step:4623/5100 lr:0.0002385 train_loss:3.5031 train_time:2119326ms step_avg:459.42ms
step:4624/5100 lr:0.00023799999999999998 train_loss:3.2280 train_time:2119820ms step_avg:459.43ms
step:4625/5100 lr:0.0002375 train_loss:3.0081 train_time:2120315ms step_avg:459.44ms
step:4625/5100 val_loss:3.2582 train_time:2120325ms step_avg:459.44ms
step:4626/5100 lr:0.000237 train_loss:3.2588 train_time:2124549ms step_avg:460.26ms
step:4627/5100 lr:0.0002365 train_loss:3.1255 train_time:2125043ms step_avg:460.26ms
step:4628/5100 lr:0.000236 train_loss:3.3583 train_time:2125537ms step_avg:460.27ms
step:4629/5100 lr:0.0002355 train_loss:3.1594 train_time:2126030ms step_avg:460.28ms
step:4630/5100 lr:0.000235 train_loss:3.3456 train_time:2126524ms step_avg:460.29ms
step:4631/5100 lr:0.00023449999999999998 train_loss:3.4161 train_time:2127021ms step_avg:460.29ms
step:4632/5100 lr:0.00023400000000000002 train_loss:3.4721 train_time:2127515ms step_avg:460.30ms
step:4633/5100 lr:0.0002335 train_loss:2.9970 train_time:2128009ms step_avg:460.31ms
step:4634/5100 lr:0.00023300000000000003 train_loss:3.2682 train_time:2128502ms step_avg:460.32ms
step:4635/5100 lr:0.0002325 train_loss:3.2671 train_time:2128996ms step_avg:460.32ms
step:4636/5100 lr:0.00023200000000000003 train_loss:3.1042 train_time:2129490ms step_avg:460.33ms
step:4637/5100 lr:0.00023150000000000002 train_loss:3.3449 train_time:2129986ms step_avg:460.34ms
step:4638/5100 lr:0.000231 train_loss:3.2701 train_time:2130480ms step_avg:460.35ms
step:4639/5100 lr:0.00023050000000000002 train_loss:3.0710 train_time:2130975ms step_avg:460.35ms
step:4640/5100 lr:0.00023 train_loss:3.2227 train_time:2131469ms step_avg:460.36ms
step:4641/5100 lr:0.00022950000000000002 train_loss:3.3351 train_time:2131962ms step_avg:460.37ms
step:4642/5100 lr:0.000229 train_loss:3.5175 train_time:2132457ms step_avg:460.37ms
step:4643/5100 lr:0.00022850000000000002 train_loss:3.1205 train_time:2132950ms step_avg:460.38ms
step:4644/5100 lr:0.000228 train_loss:3.4222 train_time:2133444ms step_avg:460.39ms
step:4645/5100 lr:0.0002275 train_loss:3.2346 train_time:2133939ms step_avg:460.40ms
step:4646/5100 lr:0.00022700000000000002 train_loss:3.1942 train_time:2134432ms step_avg:460.40ms
step:4647/5100 lr:0.0002265 train_loss:3.3494 train_time:2134927ms step_avg:460.41ms
step:4648/5100 lr:0.00022600000000000002 train_loss:3.1284 train_time:2135422ms step_avg:460.42ms
step:4649/5100 lr:0.0002255 train_loss:3.3557 train_time:2135916ms step_avg:460.43ms
step:4650/5100 lr:0.00022500000000000002 train_loss:3.2565 train_time:2136410ms step_avg:460.43ms
step:4651/5100 lr:0.0002245 train_loss:3.2475 train_time:2136905ms step_avg:460.44ms
step:4652/5100 lr:0.000224 train_loss:3.1161 train_time:2137399ms step_avg:460.45ms
step:4653/5100 lr:0.0002235 train_loss:3.2149 train_time:2138516ms step_avg:460.59ms
step:4654/5100 lr:0.000223 train_loss:3.2179 train_time:2139010ms step_avg:460.60ms
step:4655/5100 lr:0.00022250000000000001 train_loss:3.5620 train_time:2139504ms step_avg:460.60ms
step:4656/5100 lr:0.000222 train_loss:3.2654 train_time:2139998ms step_avg:460.61ms
step:4657/5100 lr:0.00022150000000000002 train_loss:3.2295 train_time:2140493ms step_avg:460.62ms
step:4658/5100 lr:0.000221 train_loss:3.2191 train_time:2140987ms step_avg:460.63ms
step:4659/5100 lr:0.0002205 train_loss:3.3893 train_time:2141481ms step_avg:460.63ms
step:4660/5100 lr:0.00022 train_loss:3.3709 train_time:2141975ms step_avg:460.64ms
step:4661/5100 lr:0.0002195 train_loss:3.3059 train_time:2142468ms step_avg:460.65ms
step:4662/5100 lr:0.000219 train_loss:3.1708 train_time:2142962ms step_avg:460.65ms
step:4663/5100 lr:0.0002185 train_loss:3.4299 train_time:2143456ms step_avg:460.66ms
step:4664/5100 lr:0.000218 train_loss:3.4819 train_time:2143950ms step_avg:460.67ms
step:4665/5100 lr:0.0002175 train_loss:3.2797 train_time:2144445ms step_avg:460.68ms
step:4666/5100 lr:0.00021700000000000002 train_loss:3.2081 train_time:2144938ms step_avg:460.68ms
step:4667/5100 lr:0.0002165 train_loss:3.3849 train_time:2145432ms step_avg:460.69ms
step:4668/5100 lr:0.000216 train_loss:3.1831 train_time:2146548ms step_avg:460.83ms
step:4669/5100 lr:0.0002155 train_loss:3.0842 train_time:2147041ms step_avg:460.84ms
step:4670/5100 lr:0.000215 train_loss:3.1996 train_time:2147545ms step_avg:460.85ms
step:4671/5100 lr:0.0002145 train_loss:3.1360 train_time:2148040ms step_avg:460.85ms
step:4672/5100 lr:0.000214 train_loss:3.1731 train_time:2148535ms step_avg:460.86ms
step:4673/5100 lr:0.0002135 train_loss:3.1360 train_time:2149030ms step_avg:460.87ms
step:4674/5100 lr:0.000213 train_loss:3.3445 train_time:2149524ms step_avg:460.88ms
step:4675/5100 lr:0.0002125 train_loss:3.2034 train_time:2150018ms step_avg:460.88ms
step:4676/5100 lr:0.000212 train_loss:3.1626 train_time:2150512ms step_avg:460.89ms
step:4677/5100 lr:0.0002115 train_loss:3.3791 train_time:2151007ms step_avg:460.90ms
step:4678/5100 lr:0.000211 train_loss:3.2435 train_time:2151501ms step_avg:460.90ms
step:4679/5100 lr:0.0002105 train_loss:3.2637 train_time:2151996ms step_avg:460.91ms
step:4680/5100 lr:0.00021 train_loss:3.2649 train_time:2152490ms step_avg:460.92ms
step:4681/5100 lr:0.0002095 train_loss:3.3254 train_time:2152985ms step_avg:460.93ms
step:4682/5100 lr:0.00020899999999999998 train_loss:3.3886 train_time:2153479ms step_avg:460.93ms
step:4683/5100 lr:0.0002085 train_loss:3.2742 train_time:2153973ms step_avg:460.94ms
step:4684/5100 lr:0.000208 train_loss:3.3073 train_time:2154468ms step_avg:460.95ms
step:4685/5100 lr:0.0002075 train_loss:3.3220 train_time:2154962ms step_avg:460.95ms
step:4686/5100 lr:0.000207 train_loss:3.2073 train_time:2156075ms step_avg:461.09ms
step:4687/5100 lr:0.0002065 train_loss:3.4552 train_time:2156570ms step_avg:461.10ms
step:4688/5100 lr:0.000206 train_loss:3.0732 train_time:2157065ms step_avg:461.11ms
step:4689/5100 lr:0.00020549999999999998 train_loss:3.1158 train_time:2157564ms step_avg:461.12ms
step:4690/5100 lr:0.000205 train_loss:3.3168 train_time:2158060ms step_avg:461.12ms
step:4691/5100 lr:0.00020449999999999998 train_loss:3.1490 train_time:2158553ms step_avg:461.13ms
step:4692/5100 lr:0.000204 train_loss:3.1650 train_time:2159048ms step_avg:461.14ms
step:4693/5100 lr:0.00020349999999999999 train_loss:3.2001 train_time:2159542ms step_avg:461.14ms
step:4694/5100 lr:0.00020300000000000003 train_loss:3.1062 train_time:2160036ms step_avg:461.15ms
step:4695/5100 lr:0.00020250000000000002 train_loss:3.2060 train_time:2160530ms step_avg:461.16ms
step:4696/5100 lr:0.000202 train_loss:3.4561 train_time:2161025ms step_avg:461.17ms
step:4697/5100 lr:0.00020150000000000002 train_loss:3.5147 train_time:2161519ms step_avg:461.17ms
step:4698/5100 lr:0.000201 train_loss:3.2207 train_time:2162015ms step_avg:461.18ms
step:4699/5100 lr:0.00020050000000000002 train_loss:3.1316 train_time:2162508ms step_avg:461.19ms
step:4700/5100 lr:0.0002 train_loss:3.4730 train_time:2163002ms step_avg:461.19ms
step:4701/5100 lr:0.00019950000000000002 train_loss:3.1400 train_time:2163496ms step_avg:461.20ms
step:4702/5100 lr:0.000199 train_loss:3.0182 train_time:2163990ms step_avg:461.21ms
step:4703/5100 lr:0.00019850000000000003 train_loss:3.2179 train_time:2164484ms step_avg:461.22ms
step:4704/5100 lr:0.00019800000000000002 train_loss:3.1502 train_time:2164979ms step_avg:461.22ms
step:4705/5100 lr:0.0001975 train_loss:3.1899 train_time:2165473ms step_avg:461.23ms
step:4706/5100 lr:0.00019700000000000002 train_loss:3.2172 train_time:2165968ms step_avg:461.24ms
step:4707/5100 lr:0.0001965 train_loss:3.2731 train_time:2166465ms step_avg:461.24ms
step:4708/5100 lr:0.00019600000000000002 train_loss:3.3981 train_time:2166959ms step_avg:461.25ms
step:4709/5100 lr:0.0001955 train_loss:3.1849 train_time:2167453ms step_avg:461.26ms
step:4710/5100 lr:0.00019500000000000002 train_loss:3.3329 train_time:2167947ms step_avg:461.27ms
step:4711/5100 lr:0.0001945 train_loss:3.2961 train_time:2168441ms step_avg:461.27ms
step:4712/5100 lr:0.000194 train_loss:3.2685 train_time:2168935ms step_avg:461.28ms
step:4713/5100 lr:0.00019350000000000001 train_loss:3.2742 train_time:2169430ms step_avg:461.29ms
step:4714/5100 lr:0.000193 train_loss:3.2587 train_time:2169924ms step_avg:461.29ms
step:4715/5100 lr:0.00019250000000000002 train_loss:3.3188 train_time:2170418ms step_avg:461.30ms
step:4716/5100 lr:0.000192 train_loss:3.2133 train_time:2170912ms step_avg:461.31ms
step:4717/5100 lr:0.00019150000000000002 train_loss:3.1405 train_time:2171407ms step_avg:461.31ms
step:4718/5100 lr:0.000191 train_loss:3.3316 train_time:2171902ms step_avg:461.32ms
step:4719/5100 lr:0.0001905 train_loss:3.2521 train_time:2172396ms step_avg:461.33ms
step:4720/5100 lr:0.00019 train_loss:3.2527 train_time:2172890ms step_avg:461.34ms
step:4721/5100 lr:0.0001895 train_loss:3.2095 train_time:2173383ms step_avg:461.34ms
step:4722/5100 lr:0.000189 train_loss:3.1666 train_time:2173878ms step_avg:461.35ms
step:4723/5100 lr:0.0001885 train_loss:3.3055 train_time:2174372ms step_avg:461.36ms
step:4724/5100 lr:0.00018800000000000002 train_loss:3.2922 train_time:2174873ms step_avg:461.36ms
step:4725/5100 lr:0.0001875 train_loss:3.1828 train_time:2175367ms step_avg:461.37ms
step:4726/5100 lr:0.000187 train_loss:3.3595 train_time:2175861ms step_avg:461.38ms
step:4727/5100 lr:0.0001865 train_loss:3.3553 train_time:2176356ms step_avg:461.39ms
step:4728/5100 lr:0.000186 train_loss:3.2802 train_time:2176850ms step_avg:461.39ms
step:4729/5100 lr:0.0001855 train_loss:3.1463 train_time:2177345ms step_avg:461.40ms
step:4730/5100 lr:0.000185 train_loss:3.1119 train_time:2177840ms step_avg:461.41ms
step:4731/5100 lr:0.0001845 train_loss:3.2303 train_time:2178334ms step_avg:461.41ms
step:4732/5100 lr:0.000184 train_loss:3.3258 train_time:2178829ms step_avg:461.42ms
step:4733/5100 lr:0.0001835 train_loss:3.2272 train_time:2179323ms step_avg:461.43ms
step:4734/5100 lr:0.000183 train_loss:3.1391 train_time:2179817ms step_avg:461.43ms
step:4735/5100 lr:0.0001825 train_loss:3.2577 train_time:2180312ms step_avg:461.44ms
step:4736/5100 lr:0.000182 train_loss:3.2043 train_time:2180806ms step_avg:461.45ms
step:4737/5100 lr:0.0001815 train_loss:3.6288 train_time:2181300ms step_avg:461.46ms
step:4738/5100 lr:0.000181 train_loss:3.2062 train_time:2181796ms step_avg:461.46ms
step:4739/5100 lr:0.0001805 train_loss:3.3313 train_time:2182290ms step_avg:461.47ms
step:4740/5100 lr:0.00017999999999999998 train_loss:3.0330 train_time:2182783ms step_avg:461.48ms
step:4741/5100 lr:0.0001795 train_loss:3.2954 train_time:2183278ms step_avg:461.48ms
step:4742/5100 lr:0.000179 train_loss:3.1164 train_time:2183782ms step_avg:461.49ms
step:4743/5100 lr:0.0001785 train_loss:3.2212 train_time:2184276ms step_avg:461.50ms
step:4744/5100 lr:0.000178 train_loss:3.1533 train_time:2184770ms step_avg:461.51ms
step:4745/5100 lr:0.0001775 train_loss:3.1751 train_time:2185271ms step_avg:461.51ms
step:4746/5100 lr:0.000177 train_loss:3.3661 train_time:2185765ms step_avg:461.52ms
step:4747/5100 lr:0.00017649999999999998 train_loss:3.2713 train_time:2186260ms step_avg:461.53ms
step:4748/5100 lr:0.000176 train_loss:3.4447 train_time:2186766ms step_avg:461.54ms
step:4749/5100 lr:0.00017549999999999998 train_loss:3.3642 train_time:2187261ms step_avg:461.54ms
step:4750/5100 lr:0.000175 train_loss:3.1556 train_time:2187961ms step_avg:461.60ms
step:4750/5100 val_loss:3.2482 train_time:2187971ms step_avg:461.60ms
step:4751/5100 lr:0.00017449999999999999 train_loss:3.2414 train_time:2192177ms step_avg:462.39ms
step:4752/5100 lr:0.000174 train_loss:3.3110 train_time:2192680ms step_avg:462.40ms
step:4753/5100 lr:0.0001735 train_loss:3.2039 train_time:2193174ms step_avg:462.40ms
step:4754/5100 lr:0.000173 train_loss:3.1125 train_time:2193667ms step_avg:462.41ms
step:4755/5100 lr:0.0001725 train_loss:3.1926 train_time:2194162ms step_avg:462.42ms
step:4756/5100 lr:0.00017199999999999998 train_loss:3.2172 train_time:2194656ms step_avg:462.42ms
step:4757/5100 lr:0.00017150000000000002 train_loss:3.1865 train_time:2195150ms step_avg:462.43ms
step:4758/5100 lr:0.000171 train_loss:3.1903 train_time:2195645ms step_avg:462.44ms
step:4759/5100 lr:0.00017050000000000002 train_loss:3.4155 train_time:2196145ms step_avg:462.44ms
step:4760/5100 lr:0.00017 train_loss:3.1537 train_time:2196639ms step_avg:462.45ms
step:4761/5100 lr:0.00016950000000000003 train_loss:3.2226 train_time:2197133ms step_avg:462.46ms
step:4762/5100 lr:0.00016900000000000002 train_loss:3.1266 train_time:2197627ms step_avg:462.46ms
step:4763/5100 lr:0.0001685 train_loss:3.1028 train_time:2198316ms step_avg:462.51ms
step:4764/5100 lr:0.00016800000000000002 train_loss:3.2435 train_time:2198810ms step_avg:462.52ms
step:4765/5100 lr:0.0001675 train_loss:3.3030 train_time:2199304ms step_avg:462.52ms
step:4766/5100 lr:0.00016700000000000002 train_loss:3.3495 train_time:2199799ms step_avg:462.53ms
step:4767/5100 lr:0.0001665 train_loss:3.2280 train_time:2200293ms step_avg:462.54ms
step:4768/5100 lr:0.00016600000000000002 train_loss:3.2758 train_time:2200786ms step_avg:462.54ms
step:4769/5100 lr:0.0001655 train_loss:3.1269 train_time:2201280ms step_avg:462.55ms
step:4770/5100 lr:0.000165 train_loss:3.2326 train_time:2201775ms step_avg:462.56ms
step:4771/5100 lr:0.00016450000000000001 train_loss:3.2495 train_time:2202269ms step_avg:462.56ms
step:4772/5100 lr:0.000164 train_loss:3.4713 train_time:2202770ms step_avg:462.57ms
step:4773/5100 lr:0.00016350000000000002 train_loss:3.3101 train_time:2203264ms step_avg:462.58ms
step:4774/5100 lr:0.000163 train_loss:3.1396 train_time:2203835ms step_avg:462.60ms
step:4775/5100 lr:0.00016250000000000002 train_loss:3.1631 train_time:2204330ms step_avg:462.61ms
step:4776/5100 lr:0.000162 train_loss:3.3088 train_time:2204824ms step_avg:462.62ms
step:4777/5100 lr:0.0001615 train_loss:3.1757 train_time:2205318ms step_avg:462.62ms
step:4778/5100 lr:0.000161 train_loss:3.3340 train_time:2205813ms step_avg:462.63ms
step:4779/5100 lr:0.0001605 train_loss:3.2526 train_time:2206307ms step_avg:462.64ms
step:4780/5100 lr:0.00016 train_loss:3.2120 train_time:2206801ms step_avg:462.64ms
step:4781/5100 lr:0.0001595 train_loss:3.2530 train_time:2207295ms step_avg:462.65ms
step:4782/5100 lr:0.00015900000000000002 train_loss:3.2978 train_time:2207789ms step_avg:462.65ms
step:4783/5100 lr:0.0001585 train_loss:3.3149 train_time:2208283ms step_avg:462.66ms
step:4784/5100 lr:0.000158 train_loss:3.1769 train_time:2208905ms step_avg:462.69ms
step:4785/5100 lr:0.0001575 train_loss:3.2035 train_time:2209399ms step_avg:462.70ms
step:4786/5100 lr:0.000157 train_loss:3.1327 train_time:2209893ms step_avg:462.71ms
step:4787/5100 lr:0.0001565 train_loss:3.4314 train_time:2210387ms step_avg:462.71ms
step:4788/5100 lr:0.000156 train_loss:3.2066 train_time:2210880ms step_avg:462.72ms
step:4789/5100 lr:0.0001555 train_loss:3.2128 train_time:2211374ms step_avg:462.73ms
step:4790/5100 lr:0.000155 train_loss:3.2457 train_time:2211868ms step_avg:462.73ms
step:4791/5100 lr:0.00015450000000000001 train_loss:3.2858 train_time:2212362ms step_avg:462.74ms
step:4792/5100 lr:0.000154 train_loss:3.1707 train_time:2212856ms step_avg:462.75ms
step:4793/5100 lr:0.0001535 train_loss:3.1709 train_time:2213353ms step_avg:462.75ms
step:4794/5100 lr:0.000153 train_loss:3.2817 train_time:2213847ms step_avg:462.76ms
step:4795/5100 lr:0.0001525 train_loss:3.4214 train_time:2214341ms step_avg:462.77ms
step:4796/5100 lr:0.000152 train_loss:3.2378 train_time:2214835ms step_avg:462.77ms
step:4797/5100 lr:0.0001515 train_loss:3.2348 train_time:2215329ms step_avg:462.78ms
step:4798/5100 lr:0.000151 train_loss:3.2721 train_time:2215823ms step_avg:462.79ms
step:4799/5100 lr:0.0001505 train_loss:3.2639 train_time:2216317ms step_avg:462.79ms
step:4800/5100 lr:0.00015 train_loss:3.2483 train_time:2216812ms step_avg:462.80ms
step:4801/5100 lr:0.0001495 train_loss:3.2885 train_time:2217306ms step_avg:462.81ms
step:4802/5100 lr:0.000149 train_loss:3.2559 train_time:2217799ms step_avg:462.81ms
step:4803/5100 lr:0.0001485 train_loss:3.2344 train_time:2218294ms step_avg:462.82ms
step:4804/5100 lr:0.000148 train_loss:3.5177 train_time:2218789ms step_avg:462.83ms
step:4805/5100 lr:0.0001475 train_loss:3.4807 train_time:2219283ms step_avg:462.83ms
step:4806/5100 lr:0.000147 train_loss:3.2720 train_time:2219778ms step_avg:462.84ms
step:4807/5100 lr:0.00014649999999999998 train_loss:3.2416 train_time:2220272ms step_avg:462.85ms
step:4808/5100 lr:0.000146 train_loss:3.2814 train_time:2220766ms step_avg:462.85ms
step:4809/5100 lr:0.00014549999999999999 train_loss:3.2066 train_time:2221260ms step_avg:462.86ms
step:4810/5100 lr:0.000145 train_loss:3.1760 train_time:2221754ms step_avg:462.87ms
step:4811/5100 lr:0.0001445 train_loss:3.2505 train_time:2222248ms step_avg:462.87ms
step:4812/5100 lr:0.000144 train_loss:3.0680 train_time:2222742ms step_avg:462.88ms
step:4813/5100 lr:0.0001435 train_loss:3.4287 train_time:2223236ms step_avg:462.88ms
step:4814/5100 lr:0.00014299999999999998 train_loss:3.1796 train_time:2223730ms step_avg:462.89ms
step:4815/5100 lr:0.0001425 train_loss:3.3064 train_time:2224225ms step_avg:462.90ms
step:4816/5100 lr:0.00014199999999999998 train_loss:3.2246 train_time:2224720ms step_avg:462.90ms
step:4817/5100 lr:0.0001415 train_loss:3.3070 train_time:2225214ms step_avg:462.91ms
step:4818/5100 lr:0.00014099999999999998 train_loss:3.1977 train_time:2225708ms step_avg:462.92ms
step:4819/5100 lr:0.00014050000000000003 train_loss:3.2719 train_time:2226202ms step_avg:462.92ms
step:4820/5100 lr:0.00014000000000000001 train_loss:3.2344 train_time:2226696ms step_avg:462.93ms
step:4821/5100 lr:0.0001395 train_loss:2.9536 train_time:2227200ms step_avg:462.94ms
step:4822/5100 lr:0.00013900000000000002 train_loss:3.2031 train_time:2227695ms step_avg:462.95ms
step:4823/5100 lr:0.0001385 train_loss:3.2113 train_time:2228189ms step_avg:462.95ms
step:4824/5100 lr:0.00013800000000000002 train_loss:3.2578 train_time:2228688ms step_avg:462.96ms
step:4825/5100 lr:0.0001375 train_loss:3.0977 train_time:2229182ms step_avg:462.97ms
step:4826/5100 lr:0.00013700000000000002 train_loss:3.1702 train_time:2229676ms step_avg:462.97ms
step:4827/5100 lr:0.0001365 train_loss:2.9234 train_time:2230169ms step_avg:462.98ms
step:4828/5100 lr:0.00013600000000000003 train_loss:3.3120 train_time:2230663ms step_avg:462.99ms
step:4829/5100 lr:0.00013550000000000001 train_loss:3.2440 train_time:2231157ms step_avg:462.99ms
step:4830/5100 lr:0.000135 train_loss:3.4017 train_time:2231651ms step_avg:463.00ms
step:4831/5100 lr:0.00013450000000000002 train_loss:3.1235 train_time:2232145ms step_avg:463.00ms
step:4832/5100 lr:0.000134 train_loss:3.1684 train_time:2232639ms step_avg:463.01ms
step:4833/5100 lr:0.00013350000000000002 train_loss:3.2473 train_time:2233134ms step_avg:463.02ms
step:4834/5100 lr:0.000133 train_loss:3.3186 train_time:2233627ms step_avg:463.02ms
step:4835/5100 lr:0.00013250000000000002 train_loss:3.0240 train_time:2234121ms step_avg:463.03ms
step:4836/5100 lr:0.000132 train_loss:3.1309 train_time:2234617ms step_avg:463.04ms
step:4837/5100 lr:0.0001315 train_loss:3.2408 train_time:2235112ms step_avg:463.04ms
step:4838/5100 lr:0.000131 train_loss:3.1745 train_time:2235606ms step_avg:463.05ms
step:4839/5100 lr:0.0001305 train_loss:3.0385 train_time:2236100ms step_avg:463.06ms
step:4840/5100 lr:0.00013000000000000002 train_loss:3.4159 train_time:2236594ms step_avg:463.06ms
step:4841/5100 lr:0.0001295 train_loss:3.1976 train_time:2237088ms step_avg:463.07ms
step:4842/5100 lr:0.00012900000000000002 train_loss:3.1831 train_time:2237582ms step_avg:463.08ms
step:4843/5100 lr:0.0001285 train_loss:3.1729 train_time:2238076ms step_avg:463.08ms
step:4844/5100 lr:0.000128 train_loss:2.9684 train_time:2238571ms step_avg:463.09ms
step:4845/5100 lr:0.0001275 train_loss:3.2895 train_time:2239065ms step_avg:463.10ms
step:4846/5100 lr:0.000127 train_loss:3.1417 train_time:2239559ms step_avg:463.10ms
step:4847/5100 lr:0.0001265 train_loss:3.1431 train_time:2240053ms step_avg:463.11ms
step:4848/5100 lr:0.000126 train_loss:3.0642 train_time:2240548ms step_avg:463.11ms
step:4849/5100 lr:0.00012550000000000001 train_loss:3.1432 train_time:2241047ms step_avg:463.12ms
step:4850/5100 lr:0.000125 train_loss:3.2666 train_time:2241541ms step_avg:463.13ms
step:4851/5100 lr:0.0001245 train_loss:3.1240 train_time:2242035ms step_avg:463.13ms
step:4852/5100 lr:0.000124 train_loss:3.3242 train_time:2242529ms step_avg:463.14ms
step:4853/5100 lr:0.0001235 train_loss:3.0966 train_time:2243023ms step_avg:463.15ms
step:4854/5100 lr:0.000123 train_loss:3.1531 train_time:2243522ms step_avg:463.15ms
step:4855/5100 lr:0.0001225 train_loss:3.3997 train_time:2244018ms step_avg:463.16ms
step:4856/5100 lr:0.000122 train_loss:3.2771 train_time:2244510ms step_avg:463.17ms
step:4857/5100 lr:0.0001215 train_loss:3.3886 train_time:2245006ms step_avg:463.17ms
step:4858/5100 lr:0.000121 train_loss:3.2554 train_time:2245500ms step_avg:463.18ms
step:4859/5100 lr:0.0001205 train_loss:3.2145 train_time:2245994ms step_avg:463.19ms
step:4860/5100 lr:0.00012 train_loss:3.2931 train_time:2246489ms step_avg:463.19ms
step:4861/5100 lr:0.00011949999999999999 train_loss:3.2543 train_time:2246983ms step_avg:463.20ms
step:4862/5100 lr:0.00011899999999999999 train_loss:3.3217 train_time:2247478ms step_avg:463.21ms
step:4863/5100 lr:0.0001185 train_loss:3.2806 train_time:2247976ms step_avg:463.21ms
step:4864/5100 lr:0.000118 train_loss:3.1261 train_time:2248470ms step_avg:463.22ms
step:4865/5100 lr:0.0001175 train_loss:2.9940 train_time:2248965ms step_avg:463.23ms
step:4866/5100 lr:0.00011700000000000001 train_loss:3.2111 train_time:2249459ms step_avg:463.23ms
step:4867/5100 lr:0.00011650000000000001 train_loss:3.2617 train_time:2249953ms step_avg:463.24ms
step:4868/5100 lr:0.00011600000000000001 train_loss:3.1991 train_time:2250447ms step_avg:463.25ms
step:4869/5100 lr:0.0001155 train_loss:3.2715 train_time:2250941ms step_avg:463.25ms
step:4870/5100 lr:0.000115 train_loss:3.1556 train_time:2251435ms step_avg:463.26ms
step:4871/5100 lr:0.0001145 train_loss:3.1197 train_time:2251930ms step_avg:463.26ms
step:4872/5100 lr:0.000114 train_loss:3.2693 train_time:2252424ms step_avg:463.27ms
step:4873/5100 lr:0.00011350000000000001 train_loss:3.1618 train_time:2252919ms step_avg:463.28ms
step:4874/5100 lr:0.00011300000000000001 train_loss:3.2714 train_time:2253414ms step_avg:463.28ms
step:4875/5100 lr:0.00011250000000000001 train_loss:3.4609 train_time:2253908ms step_avg:463.29ms
step:4875/5100 val_loss:3.2395 train_time:2253918ms step_avg:463.29ms
step:4876/5100 lr:0.000112 train_loss:3.2687 train_time:2258146ms step_avg:464.07ms
step:4877/5100 lr:0.0001115 train_loss:3.1764 train_time:2258640ms step_avg:464.07ms
step:4878/5100 lr:0.000111 train_loss:3.1717 train_time:2259134ms step_avg:464.08ms
step:4879/5100 lr:0.0001105 train_loss:3.1477 train_time:2259628ms step_avg:464.08ms
step:4880/5100 lr:0.00011 train_loss:3.1095 train_time:2260123ms step_avg:464.09ms
step:4881/5100 lr:0.0001095 train_loss:3.3182 train_time:2260617ms step_avg:464.10ms
step:4882/5100 lr:0.000109 train_loss:3.1793 train_time:2261111ms step_avg:464.10ms
step:4883/5100 lr:0.00010850000000000001 train_loss:3.2828 train_time:2261605ms step_avg:464.11ms
step:4884/5100 lr:0.000108 train_loss:3.1502 train_time:2262102ms step_avg:464.12ms
step:4885/5100 lr:0.0001075 train_loss:3.2442 train_time:2262596ms step_avg:464.12ms
step:4886/5100 lr:0.000107 train_loss:3.1581 train_time:2263091ms step_avg:464.13ms
step:4887/5100 lr:0.0001065 train_loss:3.3162 train_time:2263585ms step_avg:464.13ms
step:4888/5100 lr:0.000106 train_loss:3.2027 train_time:2264079ms step_avg:464.14ms
step:4889/5100 lr:0.0001055 train_loss:3.1586 train_time:2264573ms step_avg:464.15ms
step:4890/5100 lr:0.000105 train_loss:3.3412 train_time:2265067ms step_avg:464.15ms
step:4891/5100 lr:0.00010449999999999999 train_loss:3.2565 train_time:2265563ms step_avg:464.16ms
step:4892/5100 lr:0.000104 train_loss:3.0791 train_time:2266056ms step_avg:464.17ms
step:4893/5100 lr:0.0001035 train_loss:3.2231 train_time:2266551ms step_avg:464.17ms
step:4894/5100 lr:0.000103 train_loss:3.2050 train_time:2267044ms step_avg:464.18ms
step:4895/5100 lr:0.0001025 train_loss:3.3481 train_time:2267539ms step_avg:464.18ms
step:4896/5100 lr:0.000102 train_loss:3.2477 train_time:2268032ms step_avg:464.19ms
step:4897/5100 lr:0.00010150000000000001 train_loss:3.3500 train_time:2268526ms step_avg:464.20ms
step:4898/5100 lr:0.000101 train_loss:3.1701 train_time:2269020ms step_avg:464.20ms
step:4899/5100 lr:0.0001005 train_loss:3.2382 train_time:2269514ms step_avg:464.21ms
step:4900/5100 lr:0.0001 train_loss:3.3805 train_time:2270011ms step_avg:464.21ms
step:4901/5100 lr:9.95e-05 train_loss:3.1001 train_time:2270510ms step_avg:464.22ms
step:4902/5100 lr:9.900000000000001e-05 train_loss:3.2216 train_time:2271005ms step_avg:464.23ms
step:4903/5100 lr:9.850000000000001e-05 train_loss:3.1035 train_time:2271499ms step_avg:464.23ms
step:4904/5100 lr:9.800000000000001e-05 train_loss:3.2696 train_time:2271994ms step_avg:464.24ms
step:4905/5100 lr:9.750000000000001e-05 train_loss:3.3744 train_time:2272488ms step_avg:464.25ms
step:4906/5100 lr:9.7e-05 train_loss:3.1924 train_time:2272983ms step_avg:464.25ms
step:4907/5100 lr:9.65e-05 train_loss:3.1975 train_time:2273480ms step_avg:464.26ms
step:4908/5100 lr:9.6e-05 train_loss:3.3612 train_time:2273974ms step_avg:464.27ms
step:4909/5100 lr:9.55e-05 train_loss:3.4125 train_time:2274468ms step_avg:464.27ms
step:4910/5100 lr:9.5e-05 train_loss:3.2490 train_time:2274963ms step_avg:464.28ms
step:4911/5100 lr:9.45e-05 train_loss:3.1937 train_time:2275465ms step_avg:464.29ms
step:4912/5100 lr:9.400000000000001e-05 train_loss:3.2569 train_time:2275959ms step_avg:464.29ms
step:4913/5100 lr:9.35e-05 train_loss:3.2254 train_time:2276454ms step_avg:464.30ms
step:4914/5100 lr:9.3e-05 train_loss:3.1407 train_time:2276948ms step_avg:464.30ms
step:4915/5100 lr:9.25e-05 train_loss:3.3514 train_time:2277449ms step_avg:464.31ms
step:4916/5100 lr:9.2e-05 train_loss:3.0989 train_time:2277944ms step_avg:464.32ms
step:4917/5100 lr:9.15e-05 train_loss:3.3348 train_time:2278438ms step_avg:464.32ms
step:4918/5100 lr:9.1e-05 train_loss:3.3002 train_time:2278937ms step_avg:464.33ms
step:4919/5100 lr:9.05e-05 train_loss:3.3050 train_time:2279431ms step_avg:464.34ms
step:4920/5100 lr:8.999999999999999e-05 train_loss:3.1144 train_time:2279927ms step_avg:464.34ms
step:4921/5100 lr:8.95e-05 train_loss:3.3031 train_time:2280420ms step_avg:464.35ms
step:4922/5100 lr:8.9e-05 train_loss:3.1246 train_time:2280917ms step_avg:464.36ms
step:4923/5100 lr:8.85e-05 train_loss:3.2291 train_time:2281413ms step_avg:464.36ms
step:4924/5100 lr:8.8e-05 train_loss:3.3043 train_time:2281907ms step_avg:464.37ms
step:4925/5100 lr:8.75e-05 train_loss:3.8190 train_time:2282403ms step_avg:464.38ms
step:4926/5100 lr:8.7e-05 train_loss:3.1923 train_time:2282897ms step_avg:464.38ms
step:4927/5100 lr:8.65e-05 train_loss:3.2817 train_time:2283392ms step_avg:464.39ms
step:4928/5100 lr:8.599999999999999e-05 train_loss:3.1189 train_time:2283886ms step_avg:464.39ms
step:4929/5100 lr:8.55e-05 train_loss:3.2629 train_time:2284382ms step_avg:464.40ms
step:4930/5100 lr:8.5e-05 train_loss:3.2652 train_time:2284876ms step_avg:464.41ms
step:4931/5100 lr:8.450000000000001e-05 train_loss:3.3201 train_time:2285370ms step_avg:464.41ms
step:4932/5100 lr:8.400000000000001e-05 train_loss:3.1662 train_time:2285865ms step_avg:464.42ms
step:4933/5100 lr:8.350000000000001e-05 train_loss:3.5141 train_time:2286358ms step_avg:464.42ms
step:4934/5100 lr:8.300000000000001e-05 train_loss:3.3848 train_time:2286852ms step_avg:464.43ms
step:4935/5100 lr:8.25e-05 train_loss:3.2625 train_time:2287346ms step_avg:464.44ms
step:4936/5100 lr:8.2e-05 train_loss:3.2045 train_time:2287840ms step_avg:464.44ms
step:4937/5100 lr:8.15e-05 train_loss:3.1699 train_time:2288336ms step_avg:464.45ms
step:4938/5100 lr:8.1e-05 train_loss:3.2188 train_time:2288829ms step_avg:464.45ms
step:4939/5100 lr:8.05e-05 train_loss:3.0063 train_time:2289323ms step_avg:464.46ms
step:4940/5100 lr:8e-05 train_loss:3.2368 train_time:2290023ms step_avg:464.51ms
step:4941/5100 lr:7.950000000000001e-05 train_loss:3.3629 train_time:2290519ms step_avg:464.51ms
step:4942/5100 lr:7.9e-05 train_loss:3.2636 train_time:2291014ms step_avg:464.52ms
step:4943/5100 lr:7.85e-05 train_loss:3.2119 train_time:2291508ms step_avg:464.53ms
step:4944/5100 lr:7.8e-05 train_loss:3.1664 train_time:2292003ms step_avg:464.53ms
step:4945/5100 lr:7.75e-05 train_loss:3.0811 train_time:2292497ms step_avg:464.54ms
step:4946/5100 lr:7.7e-05 train_loss:3.1831 train_time:2292992ms step_avg:464.54ms
step:4947/5100 lr:7.65e-05 train_loss:3.1840 train_time:2293487ms step_avg:464.55ms
step:4948/5100 lr:7.6e-05 train_loss:3.1083 train_time:2293981ms step_avg:464.56ms
step:4949/5100 lr:7.55e-05 train_loss:3.1075 train_time:2294475ms step_avg:464.56ms
step:4950/5100 lr:7.5e-05 train_loss:3.2668 train_time:2294969ms step_avg:464.57ms
step:4951/5100 lr:7.45e-05 train_loss:3.0275 train_time:2295467ms step_avg:464.58ms
step:4952/5100 lr:7.4e-05 train_loss:3.1902 train_time:2295961ms step_avg:464.58ms
step:4953/5100 lr:7.35e-05 train_loss:3.3425 train_time:2296649ms step_avg:464.63ms
step:4954/5100 lr:7.3e-05 train_loss:3.3166 train_time:2297143ms step_avg:464.63ms
step:4955/5100 lr:7.25e-05 train_loss:2.9446 train_time:2297637ms step_avg:464.64ms
step:4956/5100 lr:7.2e-05 train_loss:3.3202 train_time:2298132ms step_avg:464.64ms
step:4957/5100 lr:7.149999999999999e-05 train_loss:3.7604 train_time:2298626ms step_avg:464.65ms
step:4958/5100 lr:7.099999999999999e-05 train_loss:3.1228 train_time:2299120ms step_avg:464.66ms
step:4959/5100 lr:7.049999999999999e-05 train_loss:3.1567 train_time:2299615ms step_avg:464.66ms
step:4960/5100 lr:7.000000000000001e-05 train_loss:3.3727 train_time:2300113ms step_avg:464.67ms
step:4961/5100 lr:6.950000000000001e-05 train_loss:3.0444 train_time:2300607ms step_avg:464.68ms
step:4962/5100 lr:6.900000000000001e-05 train_loss:3.3574 train_time:2301101ms step_avg:464.68ms
step:4963/5100 lr:6.850000000000001e-05 train_loss:3.1612 train_time:2301597ms step_avg:464.69ms
step:4964/5100 lr:6.800000000000001e-05 train_loss:3.3452 train_time:2302092ms step_avg:464.69ms
step:4965/5100 lr:6.75e-05 train_loss:3.1548 train_time:2302586ms step_avg:464.70ms
step:4966/5100 lr:6.7e-05 train_loss:3.1668 train_time:2303081ms step_avg:464.71ms
step:4967/5100 lr:6.65e-05 train_loss:3.1227 train_time:2303575ms step_avg:464.71ms
step:4968/5100 lr:6.6e-05 train_loss:3.0849 train_time:2304070ms step_avg:464.72ms
step:4969/5100 lr:6.55e-05 train_loss:3.3011 train_time:2304564ms step_avg:464.72ms
step:4970/5100 lr:6.500000000000001e-05 train_loss:3.1377 train_time:2305058ms step_avg:464.73ms
step:4971/5100 lr:6.450000000000001e-05 train_loss:3.1447 train_time:2305552ms step_avg:464.74ms
step:4972/5100 lr:6.4e-05 train_loss:3.2796 train_time:2306046ms step_avg:464.74ms
step:4973/5100 lr:6.35e-05 train_loss:3.5490 train_time:2306540ms step_avg:464.75ms
step:4974/5100 lr:6.3e-05 train_loss:3.1430 train_time:2307033ms step_avg:464.75ms
step:4975/5100 lr:6.25e-05 train_loss:3.2929 train_time:2307528ms step_avg:464.76ms
step:4976/5100 lr:6.2e-05 train_loss:3.1334 train_time:2308022ms step_avg:464.76ms
step:4977/5100 lr:6.15e-05 train_loss:4.3326 train_time:2308516ms step_avg:464.77ms
step:4978/5100 lr:6.1e-05 train_loss:3.1715 train_time:2309011ms step_avg:464.78ms
step:4979/5100 lr:6.05e-05 train_loss:3.2595 train_time:2309508ms step_avg:464.78ms
step:4980/5100 lr:6e-05 train_loss:3.2866 train_time:2310008ms step_avg:464.79ms
step:4981/5100 lr:5.9499999999999996e-05 train_loss:4.3485 train_time:2310503ms step_avg:464.80ms
step:4982/5100 lr:5.9e-05 train_loss:3.4365 train_time:2310997ms step_avg:464.80ms
step:4983/5100 lr:5.8500000000000006e-05 train_loss:3.3289 train_time:2311494ms step_avg:464.81ms
step:4984/5100 lr:5.800000000000001e-05 train_loss:3.2979 train_time:2311988ms step_avg:464.81ms
step:4985/5100 lr:5.75e-05 train_loss:3.3169 train_time:2312484ms step_avg:464.82ms
step:4986/5100 lr:5.7e-05 train_loss:3.1857 train_time:2312979ms step_avg:464.83ms
step:4987/5100 lr:5.6500000000000005e-05 train_loss:3.2109 train_time:2313474ms step_avg:464.83ms
step:4988/5100 lr:5.6e-05 train_loss:3.3079 train_time:2313968ms step_avg:464.84ms
step:4989/5100 lr:5.55e-05 train_loss:3.1687 train_time:2314463ms step_avg:464.85ms
step:4990/5100 lr:5.5e-05 train_loss:3.1289 train_time:2314965ms step_avg:464.85ms
step:4991/5100 lr:5.45e-05 train_loss:3.2819 train_time:2315459ms step_avg:464.86ms
step:4992/5100 lr:5.4e-05 train_loss:3.1526 train_time:2315954ms step_avg:464.86ms
step:4993/5100 lr:5.35e-05 train_loss:3.4045 train_time:2316448ms step_avg:464.87ms
step:4994/5100 lr:5.3e-05 train_loss:3.3567 train_time:2316942ms step_avg:464.88ms
step:4995/5100 lr:5.25e-05 train_loss:3.0536 train_time:2317435ms step_avg:464.88ms
step:4996/5100 lr:5.2e-05 train_loss:2.9357 train_time:2317930ms step_avg:464.89ms
step:4997/5100 lr:5.15e-05 train_loss:3.6233 train_time:2318424ms step_avg:464.89ms
step:4998/5100 lr:5.1e-05 train_loss:3.5125 train_time:2318919ms step_avg:464.90ms
step:4999/5100 lr:5.05e-05 train_loss:3.2298 train_time:2319414ms step_avg:464.91ms
step:5000/5100 lr:5e-05 train_loss:3.2950 train_time:2319908ms step_avg:464.91ms
step:5000/5100 val_loss:3.2327 train_time:2319919ms step_avg:464.91ms
step:5001/5100 lr:4.9500000000000004e-05 train_loss:3.3035 train_time:2324129ms step_avg:465.66ms
step:5002/5100 lr:4.9000000000000005e-05 train_loss:3.1913 train_time:2324622ms step_avg:465.67ms
step:5003/5100 lr:4.85e-05 train_loss:3.1879 train_time:2325118ms step_avg:465.68ms
step:5004/5100 lr:4.8e-05 train_loss:3.3425 train_time:2325615ms step_avg:465.68ms
step:5005/5100 lr:4.75e-05 train_loss:3.0222 train_time:2326109ms step_avg:465.69ms
step:5006/5100 lr:4.7000000000000004e-05 train_loss:3.2518 train_time:2326604ms step_avg:465.69ms
step:5007/5100 lr:4.65e-05 train_loss:3.1889 train_time:2327098ms step_avg:465.70ms
step:5008/5100 lr:4.6e-05 train_loss:3.4392 train_time:2327591ms step_avg:465.70ms
step:5009/5100 lr:4.55e-05 train_loss:3.2776 train_time:2328085ms step_avg:465.71ms
step:5010/5100 lr:4.4999999999999996e-05 train_loss:3.2886 train_time:2328596ms step_avg:465.72ms
step:5011/5100 lr:4.45e-05 train_loss:3.3293 train_time:2329089ms step_avg:465.72ms
step:5012/5100 lr:4.4e-05 train_loss:3.4480 train_time:2329582ms step_avg:465.73ms
step:5013/5100 lr:4.35e-05 train_loss:3.2823 train_time:2330075ms step_avg:465.74ms
step:5014/5100 lr:4.2999999999999995e-05 train_loss:3.2602 train_time:2330569ms step_avg:465.74ms
step:5015/5100 lr:4.25e-05 train_loss:3.2608 train_time:2331063ms step_avg:465.75ms
step:5016/5100 lr:4.2000000000000004e-05 train_loss:3.3458 train_time:2331557ms step_avg:465.75ms
step:5017/5100 lr:4.1500000000000006e-05 train_loss:3.1374 train_time:2332051ms step_avg:465.76ms
step:5018/5100 lr:4.1e-05 train_loss:3.0184 train_time:2332545ms step_avg:465.76ms
step:5019/5100 lr:4.05e-05 train_loss:3.2046 train_time:2333039ms step_avg:465.77ms
step:5020/5100 lr:4e-05 train_loss:3.2785 train_time:2333542ms step_avg:465.78ms
step:5021/5100 lr:3.95e-05 train_loss:3.0514 train_time:2334047ms step_avg:465.78ms
step:5022/5100 lr:3.9e-05 train_loss:3.2099 train_time:2334540ms step_avg:465.79ms
step:5023/5100 lr:3.85e-05 train_loss:3.5735 train_time:2335033ms step_avg:465.80ms
step:5024/5100 lr:3.8e-05 train_loss:3.1833 train_time:2335527ms step_avg:465.80ms
step:5025/5100 lr:3.75e-05 train_loss:3.2529 train_time:2336022ms step_avg:465.81ms
step:5026/5100 lr:3.7e-05 train_loss:3.0475 train_time:2336518ms step_avg:465.81ms
step:5027/5100 lr:3.65e-05 train_loss:3.2681 train_time:2337012ms step_avg:465.82ms
step:5028/5100 lr:3.6e-05 train_loss:3.1767 train_time:2337507ms step_avg:465.82ms
step:5029/5100 lr:3.5499999999999996e-05 train_loss:3.1249 train_time:2338001ms step_avg:465.83ms
step:5030/5100 lr:3.5000000000000004e-05 train_loss:3.1986 train_time:2338496ms step_avg:465.84ms
step:5031/5100 lr:3.4500000000000005e-05 train_loss:3.2237 train_time:2338989ms step_avg:465.84ms
step:5032/5100 lr:3.4000000000000007e-05 train_loss:3.9036 train_time:2339483ms step_avg:465.85ms
step:5033/5100 lr:3.35e-05 train_loss:3.1234 train_time:2339977ms step_avg:465.85ms
step:5034/5100 lr:3.3e-05 train_loss:3.1922 train_time:2340470ms step_avg:465.86ms
step:5035/5100 lr:3.2500000000000004e-05 train_loss:3.2501 train_time:2340964ms step_avg:465.86ms
step:5036/5100 lr:3.2e-05 train_loss:3.3852 train_time:2341458ms step_avg:465.87ms
step:5037/5100 lr:3.15e-05 train_loss:3.1500 train_time:2341952ms step_avg:465.87ms
step:5038/5100 lr:3.1e-05 train_loss:3.5161 train_time:2342446ms step_avg:465.88ms
step:5039/5100 lr:3.05e-05 train_loss:3.1463 train_time:2342943ms step_avg:465.89ms
step:5040/5100 lr:3e-05 train_loss:3.2883 train_time:2343438ms step_avg:465.89ms
step:5041/5100 lr:2.95e-05 train_loss:3.3702 train_time:2343938ms step_avg:465.90ms
step:5042/5100 lr:2.9000000000000004e-05 train_loss:3.3444 train_time:2344432ms step_avg:465.90ms
step:5043/5100 lr:2.85e-05 train_loss:3.1572 train_time:2344927ms step_avg:465.91ms
step:5044/5100 lr:2.8e-05 train_loss:3.2346 train_time:2345421ms step_avg:465.92ms
step:5045/5100 lr:2.75e-05 train_loss:3.0457 train_time:2345915ms step_avg:465.92ms
step:5046/5100 lr:2.7e-05 train_loss:3.3343 train_time:2346413ms step_avg:465.93ms
step:5047/5100 lr:2.65e-05 train_loss:3.3852 train_time:2346906ms step_avg:465.93ms
step:5048/5100 lr:2.6e-05 train_loss:3.1421 train_time:2347403ms step_avg:465.94ms
step:5049/5100 lr:2.55e-05 train_loss:3.1536 train_time:2347897ms step_avg:465.95ms
step:5050/5100 lr:2.5e-05 train_loss:3.1251 train_time:2348391ms step_avg:465.95ms
step:5051/5100 lr:2.4500000000000003e-05 train_loss:3.2219 train_time:2348886ms step_avg:465.96ms
step:5052/5100 lr:2.4e-05 train_loss:3.1461 train_time:2349380ms step_avg:465.96ms
step:5053/5100 lr:2.3500000000000002e-05 train_loss:3.3965 train_time:2349873ms step_avg:465.97ms
step:5054/5100 lr:2.3e-05 train_loss:3.1986 train_time:2350369ms step_avg:465.97ms
step:5055/5100 lr:2.2499999999999998e-05 train_loss:3.3099 train_time:2350862ms step_avg:465.98ms
step:5056/5100 lr:2.2e-05 train_loss:3.2149 train_time:2351356ms step_avg:465.98ms
step:5057/5100 lr:2.1499999999999997e-05 train_loss:3.4244 train_time:2351850ms step_avg:465.99ms
step:5058/5100 lr:2.1000000000000002e-05 train_loss:3.0933 train_time:2352349ms step_avg:466.00ms
step:5059/5100 lr:2.05e-05 train_loss:3.2265 train_time:2352848ms step_avg:466.00ms
step:5060/5100 lr:2e-05 train_loss:2.8196 train_time:2353342ms step_avg:466.01ms
step:5061/5100 lr:1.95e-05 train_loss:3.3130 train_time:2353837ms step_avg:466.01ms
step:5062/5100 lr:1.9e-05 train_loss:3.2252 train_time:2354343ms step_avg:466.02ms
step:5063/5100 lr:1.85e-05 train_loss:3.1466 train_time:2354837ms step_avg:466.03ms
step:5064/5100 lr:1.8e-05 train_loss:3.2181 train_time:2355330ms step_avg:466.03ms
step:5065/5100 lr:1.7500000000000002e-05 train_loss:3.1822 train_time:2355825ms step_avg:466.04ms
step:5066/5100 lr:1.7000000000000003e-05 train_loss:3.3488 train_time:2356319ms step_avg:466.04ms
step:5067/5100 lr:1.65e-05 train_loss:3.4856 train_time:2356813ms step_avg:466.05ms
step:5068/5100 lr:1.6e-05 train_loss:3.2583 train_time:2357308ms step_avg:466.06ms
step:5069/5100 lr:1.55e-05 train_loss:3.2013 train_time:2357801ms step_avg:466.06ms
step:5070/5100 lr:1.5e-05 train_loss:3.1149 train_time:2358296ms step_avg:466.07ms
step:5071/5100 lr:1.4500000000000002e-05 train_loss:2.8877 train_time:2359415ms step_avg:466.20ms
step:5072/5100 lr:1.4e-05 train_loss:3.2014 train_time:2359909ms step_avg:466.20ms
step:5073/5100 lr:1.35e-05 train_loss:3.2084 train_time:2360403ms step_avg:466.21ms
step:5074/5100 lr:1.3e-05 train_loss:3.2099 train_time:2360897ms step_avg:466.21ms
step:5075/5100 lr:1.25e-05 train_loss:3.4401 train_time:2361390ms step_avg:466.22ms
step:5076/5100 lr:1.2e-05 train_loss:3.3059 train_time:2361884ms step_avg:466.22ms
step:5077/5100 lr:1.15e-05 train_loss:3.2687 train_time:2362378ms step_avg:466.23ms
step:5078/5100 lr:1.1e-05 train_loss:3.3099 train_time:2362872ms step_avg:466.23ms
step:5079/5100 lr:1.0500000000000001e-05 train_loss:3.7797 train_time:2363366ms step_avg:466.24ms
step:5080/5100 lr:1e-05 train_loss:3.1904 train_time:2363859ms step_avg:466.24ms
step:5081/5100 lr:9.5e-06 train_loss:3.4709 train_time:2364358ms step_avg:466.25ms
step:5082/5100 lr:9e-06 train_loss:3.2913 train_time:2364854ms step_avg:466.26ms
step:5083/5100 lr:8.500000000000002e-06 train_loss:3.4018 train_time:2365348ms step_avg:466.26ms
step:5084/5100 lr:8e-06 train_loss:3.2272 train_time:2365841ms step_avg:466.27ms
step:5085/5100 lr:7.5e-06 train_loss:3.3505 train_time:2366336ms step_avg:466.27ms
step:5086/5100 lr:7e-06 train_loss:3.4057 train_time:2366830ms step_avg:466.28ms
step:5087/5100 lr:6.5e-06 train_loss:3.2995 train_time:2367325ms step_avg:466.28ms
step:5088/5100 lr:6e-06 train_loss:3.2036 train_time:2367818ms step_avg:466.29ms
step:5089/5100 lr:5.5e-06 train_loss:3.1283 train_time:2368315ms step_avg:466.30ms
step:5090/5100 lr:5e-06 train_loss:3.3056 train_time:2368809ms step_avg:466.30ms
step:5091/5100 lr:4.5e-06 train_loss:3.4688 train_time:2369302ms step_avg:466.31ms
step:5092/5100 lr:4e-06 train_loss:3.4090 train_time:2369796ms step_avg:466.31ms
step:5093/5100 lr:3.5e-06 train_loss:3.2477 train_time:2370290ms step_avg:466.32ms
step:5094/5100 lr:3e-06 train_loss:3.3239 train_time:2370784ms step_avg:466.32ms
step:5095/5100 lr:2.5e-06 train_loss:3.1162 train_time:2371278ms step_avg:466.33ms
step:5096/5100 lr:2e-06 train_loss:3.2168 train_time:2371771ms step_avg:466.33ms
step:5097/5100 lr:1.5e-06 train_loss:3.1121 train_time:2372271ms step_avg:466.34ms
step:5098/5100 lr:1e-06 train_loss:3.3929 train_time:2372770ms step_avg:466.35ms
step:5099/5100 lr:5e-07 train_loss:3.2900 train_time:2373264ms step_avg:466.35ms
step:5100/5100 lr:0.0 train_loss:3.1984 train_time:2373764ms step_avg:466.36ms
step:5100/5100 val_loss:3.2299 train_time:2373774ms step_avg:466.36ms
peak memory consumption: 50983 MiB
