/opt/conda/lib/python3.11/site-packages/torch/cuda/__init__.py:63: FutureWarning: The pynvml package is deprecated. Please install nvidia-ml-py instead. If you did not install pynvml directly, please report this to the maintainers of the package that installed pynvml for you.
  import pynvml  # type: ignore[import]
W0712 00:57:34.175000 927041 site-packages/torch/distributed/run.py:774] 
W0712 00:57:34.175000 927041 site-packages/torch/distributed/run.py:774] *****************************************
W0712 00:57:34.175000 927041 site-packages/torch/distributed/run.py:774] Setting OMP_NUM_THREADS environment variable for each process to be 1 in default, to avoid your system being overloaded, please further tune the variable for optimal performance in your application as needed. 
W0712 00:57:34.175000 927041 site-packages/torch/distributed/run.py:774] *****************************************
/opt/conda/lib/python3.11/site-packages/torch/cuda/__init__.py:63: FutureWarning: The pynvml package is deprecated. Please install nvidia-ml-py instead. If you did not install pynvml directly, please report this to the maintainers of the package that installed pynvml for you.
  import pynvml  # type: ignore[import]
/opt/conda/lib/python3.11/site-packages/torch/cuda/__init__.py:63: FutureWarning: The pynvml package is deprecated. Please install nvidia-ml-py instead. If you did not install pynvml directly, please report this to the maintainers of the package that installed pynvml for you.
  import pynvml  # type: ignore[import]
/opt/conda/lib/python3.11/site-packages/torch/cuda/__init__.py:63: FutureWarning: The pynvml package is deprecated. Please install nvidia-ml-py instead. If you did not install pynvml directly, please report this to the maintainers of the package that installed pynvml for you.
  import pynvml  # type: ignore[import]
/opt/conda/lib/python3.11/site-packages/torch/cuda/__init__.py:63: FutureWarning: The pynvml package is deprecated. Please install nvidia-ml-py instead. If you did not install pynvml directly, please report this to the maintainers of the package that installed pynvml for you.
  import pynvml  # type: ignore[import]
/opt/conda/lib/python3.11/site-packages/torch/cuda/__init__.py:63: FutureWarning: The pynvml package is deprecated. Please install nvidia-ml-py instead. If you did not install pynvml directly, please report this to the maintainers of the package that installed pynvml for you.
  import pynvml  # type: ignore[import]
/opt/conda/lib/python3.11/site-packages/torch/cuda/__init__.py:63: FutureWarning: The pynvml package is deprecated. Please install nvidia-ml-py instead. If you did not install pynvml directly, please report this to the maintainers of the package that installed pynvml for you.
  import pynvml  # type: ignore[import]
/opt/conda/lib/python3.11/site-packages/torch/cuda/__init__.py:63: FutureWarning: The pynvml package is deprecated. Please install nvidia-ml-py instead. If you did not install pynvml directly, please report this to the maintainers of the package that installed pynvml for you.
  import pynvml  # type: ignore[import]
/opt/conda/lib/python3.11/site-packages/torch/cuda/__init__.py:63: FutureWarning: The pynvml package is deprecated. Please install nvidia-ml-py instead. If you did not install pynvml directly, please report this to the maintainers of the package that installed pynvml for you.
  import pynvml  # type: ignore[import]
using device: cuda:4
using device: cuda:7
using device: cuda:0
Accumulation steps: 2
using device: cuda:6
using device: cuda:2
using device: cuda:1
using device: cuda:3
using device: cuda:5
Training DataLoader: total number of tokens: 2900000000 across 29 files
Validation DataLoader: total number of tokens: 100000000 across 1 files
number of parameters: 373.43M
number of parameters: 373.43M
number of parameters: 373.43M
number of parameters: 373.43M
number of parameters: 373.43M
number of parameters: 373.43M
number of parameters: 373.43M
number of parameters: 373.43M
Model size: 1424.53 MB
Number of parameters: 373432065
Number of trainable parameters: 373432065
Logging run in logs/ar_full_F72_0/
====================================================================================================
import datetime
import os
import sys

from coqpit import Coqpit
from optimizers import get_optimizer
from utils import get_model

with open(sys.argv[0]) as f:
    code = f.read()  # read the code of this file ASAP, for logging
import glob
import time
from dataclasses import dataclass, field

import numpy as np
import torch
import torch.distributed as dist
from torch.nn.parallel import DistributedDataParallel as DDP

os.environ["TORCH_NCCL_ASYNC_ERROR_HANDLING"] = "1"
os.environ["NCCL_TIMEOUT"] = "1800"

torch._dynamo.config.optimize_ddp = False
torch.set_float32_matmul_precision("high")


class TeeLogger:
    def __init__(self, filename):
        self.terminal = sys.stdout
        self.log = open(filename, "a")

    def write(self, message):
        self.terminal.write(message)
        self.log.write(message)
        self.log.flush()

    def flush(self):
        self.terminal.flush()

    def isatty(self):
        return hasattr(self.terminal, "isatty") and self.terminal.isatty()

    def fileno(self):
        return self.terminal.fileno()


# -----------------------------------------------------------------------------
# Our own simple Distributed Data Loader


def _peek_data_shard(filename):
    # only reads the header, returns header data
    with open(filename, "rb") as f:
        # first read the header, which is 256 int32 integers (4 bytes each)
        header = np.frombuffer(f.read(256 * 4), dtype=np.int32)
    if header[0] != 20240520:
        print("ERROR: magic number mismatch in the data .bin file!")
        print("---> HINT: Are you passing in a correct file with --input_bin?")
        print(
            "---> HINT: Dataset encoding changed recently, re-run data prepro or refer again to README"
        )
        print(
            "---> HINT: For example re-run: `python dev/data/tinyshakespeare.py`, then re-try"
        )
        exit(1)
    assert header[1] == 1, "unsupported version"
    ntok = header[2]  # number of tokens (claimed)
    return ntok  # for now just return the number of tokens


def _load_data_shard(filename):
    with open(filename, "rb") as f:
        # first read the header, which is 256 int32 integers (4 bytes each)
        header = np.frombuffer(f.read(256 * 4), dtype=np.int32)
        assert header[0] == 20240520, "magic number mismatch in the data .bin file"
        assert header[1] == 1, "unsupported version"
        ntok = header[2]  # number of tokens (claimed)
        # the rest of it are tokens, stored as uint16
        tokens = np.frombuffer(f.read(), dtype=np.uint16)
    assert len(tokens) == ntok, "number of tokens read does not match header?"
    return tokens


class DistributedDataLoader:
    def __init__(self, filename_pattern, B, T, process_rank, num_processes):
        self.process_rank = process_rank
        self.num_processes = num_processes
        self.B = B
        self.T = T

        # glob files that match the pattern
        self.files = sorted(glob.glob(filename_pattern))
        assert (
            len(self.files) > 0
        ), f"did not find any files that match the pattern {filename_pattern}"

        # load and validate all data shards, count number of tokens in total
        ntok_total = 0
        for fname in self.files:
            shard_ntok = _peek_data_shard(fname)
            assert shard_ntok >= num_processes * B * T + 1
            ntok_total += int(shard_ntok)
        self.ntok_total = ntok_total

        # kick things off
        self.reset()

    def reset(self):
        self.current_shard = 0
        self.current_position = self.process_rank * self.B * self.T
        self.tokens = _load_data_shard(self.files[self.current_shard])

    def advance(self):  # advance to next data shard
        self.current_shard = (self.current_shard + 1) % len(self.files)
        self.current_position = self.process_rank * self.B * self.T
        self.tokens = _load_data_shard(self.files[self.current_shard])

    def next_batch(self):
        B = self.B
        T = self.T
        buf = self.tokens[self.current_position : self.current_position + B * T + 1]
        buf = torch.tensor(buf.astype(np.int32), dtype=torch.long)
        x = (buf[:-1]).view(B, T)  # inputs
        y = (buf[1:]).view(B, T)  # targets
        # advance current position and load next shard if necessary
        self.current_position += B * T * self.num_processes
        if self.current_position + (B * T * self.num_processes + 1) > len(self.tokens):
            self.advance()
        return x.cuda(), y.cuda()


# -----------------------------------------------------------------------------
# Hyperparameters


@dataclass
class Hyperparameters(Coqpit):
    run_name: str = "nano_gpt+rms_norm+geglu+gqa+softcap"
    compile_model: bool = True
    # data hyperparams
    input_bin: str = "../data/fineweb10B/fineweb_train_*.bin"  # input .bin to train on
    input_val_bin: str = (
        "../data/fineweb10B/fineweb_val_*.bin"  # input .bin to eval validation loss on
    )

    # training
    batch_size: int = 8 * 64  # batch size, in sequences, across all devices
    device_batch_size: int = 32  # batch size, in sequences, per device, grad_accum_steps = batch_size // num_devices /// device_batch_size
    sequence_length: int = 1024  # sequence length, in tokens
    num_iterations: int = 5100  # number of iterations to run

    # optimizer
    optimizer_name: str = "Adam"
    optimizer_args: dict = field(
        default_factory=lambda: {
            "betas": (0.9, 0.95),
            "eps": 1e-8,
            "weight_decay": 0.0,
            "use_cautious_weight_decay": False,
        }
    )
    learning_rate: float = 0.001
    warmup_iters: int = 250
    warmdown_iters: int = 2000  # number of iterations of linear warmup/warmdown for triangular or trapezoidal schedule

    # evaluation and logging hyperparams
    val_loss_every: int = (
        125  # every how many steps to evaluate val loss? 0 for only at the end
    )
    val_tokens: int = 10485760  # how many tokens of validation data? it's important to keep this fixed for consistent comparisons
    save_every: int = (
        5000  # every how many steps to save the checkpoint? 0 for only at the end
    )

    # checkpoint params
    keep_last_n_checkpoints: int = 1  # number of checkpoints to keep
    save_best_model: bool = True  # whether to save best model based on val loss


# -----------------------------------------------------------------------------
# int main

if __name__ == "__main__":
    from argparse import ArgumentParser

    parser = ArgumentParser()
    parser.add_argument("--config", type=str, default=None)
    parser.add_argument("--run_name", type=str, default=None)
    parser.add_argument("--model_name", type=str, default="bla_gpt")
    cli_args = parser.parse_args()

    args = Hyperparameters()
    model_config, model = get_model(cli_args.model_name)

    if cli_args.config:
        model_config.load_json(cli_args.config)

    # Apply model-config values to matching training hyperparameters after
    # loading overrides (e.g. warmup_iters in a full-training recipe).
    for key, value in model_config.to_dict().items():
        if hasattr(args, key):
            setattr(args, key, value)

    if cli_args.run_name:
        args.run_name = cli_args.run_name

    # set up DDP (distributed data parallel). torchrun sets this env variable
    assert torch.cuda.is_available()
    dist.init_process_group(
        backend="nccl", init_method="env://", timeout=datetime.timedelta(minutes=30)
    )
    ddp_rank = int(os.environ["RANK"])
    ddp_local_rank = int(os.environ["LOCAL_RANK"])
    ddp_world_size = int(os.environ["WORLD_SIZE"])
    device = f"cuda:{ddp_local_rank}"
    torch.cuda.set_device(device)
    print(f"using device: {device}")
    master_process = ddp_rank == 0  # this process will do logging, checkpointing etc.

    # convenience variables
    B, T = args.device_batch_size, args.sequence_length
    # calculate the number of steps to take in the val loop.
    assert args.val_tokens % (B * T * ddp_world_size) == 0
    val_steps = args.val_tokens // (B * T * ddp_world_size)
    # calculate the steps of gradient accumulation required to attain the desired global batch size.
    assert args.batch_size % (B * ddp_world_size) == 0
    train_accumulation_steps = args.batch_size // (B * ddp_world_size)
    if master_process:
        print(f"Accumulation steps: {train_accumulation_steps}")

    # load tokens
    train_loader = DistributedDataLoader(args.input_bin, B, T, ddp_rank, ddp_world_size)
    val_loader = DistributedDataLoader(
        args.input_val_bin, B, T, ddp_rank, ddp_world_size
    )
    if master_process:
        print(
            f"Training DataLoader: total number of tokens: {train_loader.ntok_total} across {len(train_loader.files)} files"
        )
        print(
            f"Validation DataLoader: total number of tokens: {val_loader.ntok_total} across {len(val_loader.files)} files"
        )
    x, y = train_loader.next_batch()

    # there are only 50257 unique GPT-2 tokens; we extend to nearest multiple of 128 for efficiency. suggested to me by @Grad62304977.
    # this originates from Karpathy's experiments.
    torch.cuda.empty_cache()
    model = model(model_config)
    model = model.cuda()

    if args.compile_model:
        model = torch.compile(model)

    model_size = (
        sum(p.numel() for p in model.parameters()) * 4 / (1024**2)
    )  # size in MB

    num_parameters = sum(p.numel() for p in model.parameters())
    num_trainable_parameters = sum(
        p.numel() for p in model.parameters() if p.requires_grad
    )

    if master_process:
        print(f"Model size: {model_size:.2f} MB")
        print(f"Number of parameters: {num_parameters}")
        print(f"Number of trainable parameters: {num_trainable_parameters}")

    # here we wrap model into DDP container
    model = DDP(
        model,
        device_ids=[ddp_local_rank],
        find_unused_parameters=True,
        broadcast_buffers=False,
        gradient_as_bucket_view=True,
    )
    raw_model = model.module  # always contains the "raw" unwrapped model
    ctx = torch.amp.autocast(device_type="cuda", dtype=torch.bfloat16)

    # init the optimizer(s)
    # foreach == false to save VRAM

    optimizer1 = get_optimizer(
        args.optimizer_name, args.optimizer_args, args.learning_rate, raw_model
    )

    optimizers = [
        optimizer1,
    ]

    # learning rate decay scheduler (linear warmup and warmdown)
    def get_lr(it):
        assert it <= args.num_iterations
        # 1) linear warmup for warmup_iters steps
        if it < args.warmup_iters:
            return (it + 1) / args.warmup_iters
        # 2) constant lr for a while
        elif it < args.num_iterations - args.warmdown_iters:
            return 1.0
        # 3) linear warmdown
        else:
            decay_ratio = (args.num_iterations - it) / args.warmdown_iters
            return decay_ratio

    schedulers = [torch.optim.lr_scheduler.LambdaLR(opt, get_lr) for opt in optimizers]

    # begin logging
    if master_process:
        run_num = 0
        run_id = f"{args.run_name}_{run_num}"
        logdir = "logs/%s/" % run_id
        while os.path.exists(logdir):
            run_num += 1
            run_id = f"{args.run_name}_{run_num}"
            logdir = "logs/%s/" % run_id
        os.makedirs(logdir, exist_ok=True)
        logfile = "logs/%s.txt" % run_id
        print(f"Logging run in {logdir}")
        # create the log file and set up TeeLogger
        sys.stdout = TeeLogger(logfile)
        # begin the log by printing this file (the Python code)
        print("=" * 100)
        print(code)
        print("=" * 100)
        # log information about the hardware/software environment this is running on
        # and print the full `nvidia-smi` to file
        print(
            f"Running pytorch {torch.version.__version__} compiled for CUDA {torch.version.cuda}\nnvidia-smi:"
        )
        import subprocess

        result = subprocess.run(
            ["nvidia-smi"],
            stdout=subprocess.PIPE,
            stderr=subprocess.PIPE,
            text=True,
        )
        print(f"{result.stdout}")
        print("=" * 100)

    training_time_ms = 0
    best_val_loss = float("inf")
    # start the clock
    torch.cuda.synchronize()
    t0 = time.time()
    # begin training
    train_loader.reset()
    for step in range(args.num_iterations + 1):
        last_step = step == args.num_iterations
        # This effectively ignores timing first 10 steps, which are slower for weird reasons.
        # Alternately, and slightly more correctly in terms of benchmarking, we could do 10
        # steps with dummy data first, and then re-initialize the model and reset the loader.
        if step == 10:
            training_time_ms = 0
            t0 = time.time()
        timed_steps = (
            float("nan") if step <= 11 else (step - 10) + 1
        )  # <= 11 to avoid bug in val

        # once in a while evaluate the validation dataset
        if last_step or (args.val_loss_every > 0 and step % args.val_loss_every == 0):
            # stop the clock
            torch.cuda.synchronize()
            training_time_ms += 1000 * (time.time() - t0)
            # run validation batches
            model.eval()
            val_loader.reset()
            val_loss = 0.0
            with torch.no_grad():
                for _ in range(val_steps):
                    x_val, y_val = val_loader.next_batch()
                    with ctx:  # of course, we'd like to use no_grad() here too, but that creates a torch.compile error for some reason
                        _, loss = model(x_val, y_val)
                        metrics = None
                        if type(loss) is dict:
                            metrics = {k: v for k, v in loss.items() if k != "total"}
                            loss = loss["total"]
                        val_loss += loss.detach()
                        del loss
            dist.all_reduce(val_loss, op=dist.ReduceOp.AVG)
            val_loss /= val_steps
            # log val loss to console and to logfile
            if master_process:
                if metrics is None:
                    print(
                        f"step:{step}/{args.num_iterations} val_loss:{val_loss:.4f} train_time:{training_time_ms:.0f}ms step_avg:{training_time_ms/(timed_steps-1):.2f}ms"
                    )
                else:
                    print(
                        f"step:{step}/{args.num_iterations} val_loss:{val_loss:.4f} train_time:{training_time_ms:.0f}ms step_avg:{training_time_ms/(timed_steps-1):.2f}ms {metrics}"
                    )
                with open(logfile, "a") as f:
                    f.write(
                        f"step:{step}/{args.num_iterations} val_loss:{val_loss:.4f} train_time:{training_time_ms:.0f}ms step_avg:{training_time_ms/(timed_steps-1):.2f}ms\n"
                    )
            # start the clock again
            torch.cuda.synchronize()
            torch.cuda.empty_cache()
            t0 = time.time()

            # Save best model if validation loss improved
            if master_process and (args.save_best_model and val_loss < best_val_loss):
                best_val_loss = val_loss
                log = dict(
                    step=step,
                    code=code,
                    model_config=model_config.to_dict(),
                    train_config=args.to_dict(),
                    model=raw_model.state_dict(),
                    optimizers=[opt.state_dict() for opt in optimizers],
                    val_loss=val_loss,
                )
                best_model_path = f"logs/{run_id}/best_model_{step}.pt"
                torch.save(log, best_model_path)

                # Remove previous best model if exists
                for f in glob.glob(f"logs/{run_id}/best_model_*.pt"):
                    if f != best_model_path:
                        os.remove(f)

        if master_process and (
            last_step or (args.save_every > 0 and step % args.save_every == 0)
        ):
            # stop the clock
            torch.cuda.synchronize()
            training_time_ms += 1000 * (time.time() - t0)
            # save the state of the training process
            log = dict(
                step=step,
                code=code,
                model_config=model_config.to_dict(),
                train_config=args.to_dict(),
                model=raw_model.state_dict(),
                optimizers=[opt.state_dict() for opt in optimizers],
            )
            torch.save(log, "logs/%s/state_step%06d.pt" % (run_id, step))

            # Cleanup old checkpoints
            if args.keep_last_n_checkpoints > 0:
                checkpoints = sorted(glob.glob(f"logs/{run_id}/state_step*.pt"))
                if len(checkpoints) > args.keep_last_n_checkpoints:
                    for checkpoint in checkpoints[: -args.keep_last_n_checkpoints]:
                        os.remove(checkpoint)

            # start the clock again
            torch.cuda.synchronize()
            t0 = time.time()

        # bit confusing: we want to make sure to eval on 0th iteration
        # but also after the very last iteration. so we loop for step <= num_iterations
        # instead of just < num_iterations (one extra due to <=), only to do
        # the validation/sampling one last time, and then we break right here as we're done.
        if last_step:
            break

        # --------------- TRAINING SECTION BEGIN -----------------
        model.train()
        # Optional sequence-length curriculum from the model recipe. Data and
        # validation remain unchanged; only early train forwards use a prefix.
        curriculum_steps = getattr(model_config, "seq_curriculum_steps", 0)
        curriculum_len = getattr(model_config, "seq_curriculum_len", T)
        use_short_sequence = curriculum_steps > 0 and step < curriculum_steps
        for i in range(1, train_accumulation_steps + 1):
            # forward pass
            with ctx:
                if use_short_sequence:
                    _, loss = model(
                        x[:, :curriculum_len].contiguous(),
                        y[:, :curriculum_len].contiguous(),
                    )
                else:
                    _, loss = model(x, y)
                metrics = None
                if type(loss) is dict:
                    metrics = {k: v for k, v in loss.items() if k != "total"}
                    loss = loss["total"]
                train_loss = loss.detach()

            # advance the dataset for the next batch
            x, y = train_loader.next_batch()
            # backward pass
            if i < train_accumulation_steps:
                with (
                    model.no_sync()
                ):  # there's no need to sync gradients every accumulation step
                    loss.backward()
            else:
                loss.backward()  # just sync on the last step
        for p in model.parameters():
            if p.grad is not None:
                p.grad /= train_accumulation_steps
        # step the optimizers and schedulers
        for opt, sched in zip(optimizers, schedulers):
            opt.step()
            sched.step()
        # null the gradients
        model.zero_grad(set_to_none=True)
        # --------------- TRAINING SECTION END -------------------
        # everything that follows now is just diagnostics, prints, logging, etc.

        # dist.all_reduce(train_loss, op=dist.ReduceOp.AVG) # all-reducing the training loss would be more correct in terms of logging, but slower
        if master_process:
            approx_time = training_time_ms + 1000 * (time.time() - t0)
            lr = optimizers[0].param_groups[0]["lr"]
            if metrics is None:
                print(
                    f"step:{step+1}/{args.num_iterations} lr:{lr} train_loss:{train_loss.item():.4f} train_time:{approx_time:.0f}ms step_avg:{approx_time/timed_steps:.2f}ms"
                )
            else:
                print(
                    f"step:{step+1}/{args.num_iterations} lr:{lr} train_loss:{train_loss.item():.4f} train_time:{approx_time:.0f}ms step_avg:{approx_time/timed_steps:.2f}ms {metrics}"
                )

    if master_process:
        print(
            f"peak memory consumption: {torch.cuda.max_memory_allocated() // 1024 // 1024} MiB"
        )

    # -------------------------------------------------------------------------
    # clean up nice
    dist.destroy_process_group()

====================================================================================================
Running pytorch 2.8.0+cu129 compiled for CUDA 12.9
nvidia-smi:
Sun Jul 12 00:57:53 2026       
+-----------------------------------------------------------------------------------------+
| NVIDIA-SMI 590.48.01              Driver Version: 590.48.01      CUDA Version: 13.1     |
+-----------------------------------------+------------------------+----------------------+
| GPU  Name                 Persistence-M | Bus-Id          Disp.A | Volatile Uncorr. ECC |
| Fan  Temp   Perf          Pwr:Usage/Cap |           Memory-Usage | GPU-Util  Compute M. |
|                                         |                        |               MIG M. |
|=========================================+========================+======================|
|   0  NVIDIA H100 80GB HBM3          On  |   00000000:19:00.0 Off |                    0 |
| N/A   28C    P0            118W /  700W |    4498MiB /  81559MiB |     14%      Default |
|                                         |                        |             Disabled |
+-----------------------------------------+------------------------+----------------------+
|   1  NVIDIA H100 80GB HBM3          On  |   00000000:3B:00.0 Off |                    0 |
| N/A   28C    P0            119W /  700W |    4498MiB /  81559MiB |      5%      Default |
|                                         |                        |             Disabled |
+-----------------------------------------+------------------------+----------------------+
|   2  NVIDIA H100 80GB HBM3          On  |   00000000:4C:00.0 Off |                    0 |
| N/A   26C    P0            114W /  700W |    4498MiB /  81559MiB |      0%      Default |
|                                         |                        |             Disabled |
+-----------------------------------------+------------------------+----------------------+
|   3  NVIDIA H100 80GB HBM3          On  |   00000000:5D:00.0 Off |                    0 |
| N/A   27C    P0            117W /  700W |    4498MiB /  81559MiB |      0%      Default |
|                                         |                        |             Disabled |
+-----------------------------------------+------------------------+----------------------+
|   4  NVIDIA H100 80GB HBM3          On  |   00000000:9B:00.0 Off |                    0 |
| N/A   28C    P0            117W /  700W |    4498MiB /  81559MiB |      7%      Default |
|                                         |                        |             Disabled |
+-----------------------------------------+------------------------+----------------------+
|   5  NVIDIA H100 80GB HBM3          On  |   00000000:BB:00.0 Off |                    0 |
| N/A   27C    P0            119W /  700W |    4498MiB /  81559MiB |     12%      Default |
|                                         |                        |             Disabled |
+-----------------------------------------+------------------------+----------------------+
|   6  NVIDIA H100 80GB HBM3          On  |   00000000:CB:00.0 Off |                    0 |
| N/A   28C    P0            120W /  700W |    4498MiB /  81559MiB |      0%      Default |
|                                         |                        |             Disabled |
+-----------------------------------------+------------------------+----------------------+
|   7  NVIDIA H100 80GB HBM3          On  |   00000000:DB:00.0 Off |                    0 |
| N/A   37C    P0            125W /  700W |    4498MiB /  81559MiB |      6%      Default |
|                                         |                        |             Disabled |
+-----------------------------------------+------------------------+----------------------+

+-----------------------------------------------------------------------------------------+
| Processes:                                                                              |
|  GPU   GI   CI              PID   Type   Process name                        GPU Memory |
|        ID   ID                                                               Usage      |
|=========================================================================================|
|    0   N/A  N/A          927108      C   /opt/conda/bin/python3.11              4488MiB |
|    1   N/A  N/A          927109      C   /opt/conda/bin/python3.11              4488MiB |
|    2   N/A  N/A          927110      C   /opt/conda/bin/python3.11              4488MiB |
|    3   N/A  N/A          927111      C   /opt/conda/bin/python3.11              4488MiB |
|    4   N/A  N/A          927112      C   /opt/conda/bin/python3.11              4488MiB |
|    5   N/A  N/A          927113      C   /opt/conda/bin/python3.11              4488MiB |
|    6   N/A  N/A          927114      C   /opt/conda/bin/python3.11              4488MiB |
|    7   N/A  N/A          927115      C   /opt/conda/bin/python3.11              4488MiB |
+-----------------------------------------------------------------------------------------+

====================================================================================================
[rank3]:W0712 00:57:55.846000 927111 site-packages/torch/_dynamo/variables/tensor.py:1047] [1/0] Graph break from `Tensor.item()`, consider setting:
[rank3]:W0712 00:57:55.846000 927111 site-packages/torch/_dynamo/variables/tensor.py:1047] [1/0]     torch._dynamo.config.capture_scalar_outputs = True
[rank3]:W0712 00:57:55.846000 927111 site-packages/torch/_dynamo/variables/tensor.py:1047] [1/0] or:
[rank3]:W0712 00:57:55.846000 927111 site-packages/torch/_dynamo/variables/tensor.py:1047] [1/0]     env TORCHDYNAMO_CAPTURE_SCALAR_OUTPUTS=1
[rank3]:W0712 00:57:55.846000 927111 site-packages/torch/_dynamo/variables/tensor.py:1047] [1/0] to include these operations in the captured graph.
[rank3]:W0712 00:57:55.846000 927111 site-packages/torch/_dynamo/variables/tensor.py:1047] [1/0] 
[rank3]:W0712 00:57:55.846000 927111 site-packages/torch/_dynamo/variables/tensor.py:1047] [1/0] Graph break: from user code at:
[rank3]:W0712 00:57:55.846000 927111 site-packages/torch/_dynamo/variables/tensor.py:1047] [1/0]   File "/nvme/BlaGPT/bla_gpt/bla_gpt.py", line 932, in forward
[rank3]:W0712 00:57:55.846000 927111 site-packages/torch/_dynamo/variables/tensor.py:1047] [1/0]     loss_dict = {"ntp_loss": ntp_loss.detach().item()}
[rank3]:W0712 00:57:55.846000 927111 site-packages/torch/_dynamo/variables/tensor.py:1047] [1/0] 
[rank3]:W0712 00:57:55.846000 927111 site-packages/torch/_dynamo/variables/tensor.py:1047] [1/0] 
[rank4]:W0712 00:57:55.847000 927112 site-packages/torch/_dynamo/variables/tensor.py:1047] [1/0] Graph break from `Tensor.item()`, consider setting:
[rank4]:W0712 00:57:55.847000 927112 site-packages/torch/_dynamo/variables/tensor.py:1047] [1/0]     torch._dynamo.config.capture_scalar_outputs = True
[rank4]:W0712 00:57:55.847000 927112 site-packages/torch/_dynamo/variables/tensor.py:1047] [1/0] or:
[rank4]:W0712 00:57:55.847000 927112 site-packages/torch/_dynamo/variables/tensor.py:1047] [1/0]     env TORCHDYNAMO_CAPTURE_SCALAR_OUTPUTS=1
[rank4]:W0712 00:57:55.847000 927112 site-packages/torch/_dynamo/variables/tensor.py:1047] [1/0] to include these operations in the captured graph.
[rank4]:W0712 00:57:55.847000 927112 site-packages/torch/_dynamo/variables/tensor.py:1047] [1/0] 
[rank4]:W0712 00:57:55.847000 927112 site-packages/torch/_dynamo/variables/tensor.py:1047] [1/0] Graph break: from user code at:
[rank4]:W0712 00:57:55.847000 927112 site-packages/torch/_dynamo/variables/tensor.py:1047] [1/0]   File "/nvme/BlaGPT/bla_gpt/bla_gpt.py", line 932, in forward
[rank4]:W0712 00:57:55.847000 927112 site-packages/torch/_dynamo/variables/tensor.py:1047] [1/0]     loss_dict = {"ntp_loss": ntp_loss.detach().item()}
[rank4]:W0712 00:57:55.847000 927112 site-packages/torch/_dynamo/variables/tensor.py:1047] [1/0] 
[rank4]:W0712 00:57:55.847000 927112 site-packages/torch/_dynamo/variables/tensor.py:1047] [1/0] 
[rank6]:W0712 00:57:55.850000 927114 site-packages/torch/_dynamo/variables/tensor.py:1047] [1/0] Graph break from `Tensor.item()`, consider setting:
[rank6]:W0712 00:57:55.850000 927114 site-packages/torch/_dynamo/variables/tensor.py:1047] [1/0]     torch._dynamo.config.capture_scalar_outputs = True
[rank6]:W0712 00:57:55.850000 927114 site-packages/torch/_dynamo/variables/tensor.py:1047] [1/0] or:
[rank6]:W0712 00:57:55.850000 927114 site-packages/torch/_dynamo/variables/tensor.py:1047] [1/0]     env TORCHDYNAMO_CAPTURE_SCALAR_OUTPUTS=1
[rank6]:W0712 00:57:55.850000 927114 site-packages/torch/_dynamo/variables/tensor.py:1047] [1/0] to include these operations in the captured graph.
[rank6]:W0712 00:57:55.850000 927114 site-packages/torch/_dynamo/variables/tensor.py:1047] [1/0] 
[rank6]:W0712 00:57:55.850000 927114 site-packages/torch/_dynamo/variables/tensor.py:1047] [1/0] Graph break: from user code at:
[rank6]:W0712 00:57:55.850000 927114 site-packages/torch/_dynamo/variables/tensor.py:1047] [1/0]   File "/nvme/BlaGPT/bla_gpt/bla_gpt.py", line 932, in forward
[rank6]:W0712 00:57:55.850000 927114 site-packages/torch/_dynamo/variables/tensor.py:1047] [1/0]     loss_dict = {"ntp_loss": ntp_loss.detach().item()}
[rank6]:W0712 00:57:55.850000 927114 site-packages/torch/_dynamo/variables/tensor.py:1047] [1/0] 
[rank6]:W0712 00:57:55.850000 927114 site-packages/torch/_dynamo/variables/tensor.py:1047] [1/0] 
[rank1]:W0712 00:57:55.854000 927109 site-packages/torch/_dynamo/variables/tensor.py:1047] [1/0] Graph break from `Tensor.item()`, consider setting:
[rank1]:W0712 00:57:55.854000 927109 site-packages/torch/_dynamo/variables/tensor.py:1047] [1/0]     torch._dynamo.config.capture_scalar_outputs = True
[rank1]:W0712 00:57:55.854000 927109 site-packages/torch/_dynamo/variables/tensor.py:1047] [1/0] or:
[rank1]:W0712 00:57:55.854000 927109 site-packages/torch/_dynamo/variables/tensor.py:1047] [1/0]     env TORCHDYNAMO_CAPTURE_SCALAR_OUTPUTS=1
[rank1]:W0712 00:57:55.854000 927109 site-packages/torch/_dynamo/variables/tensor.py:1047] [1/0] to include these operations in the captured graph.
[rank1]:W0712 00:57:55.854000 927109 site-packages/torch/_dynamo/variables/tensor.py:1047] [1/0] 
[rank1]:W0712 00:57:55.854000 927109 site-packages/torch/_dynamo/variables/tensor.py:1047] [1/0] Graph break: from user code at:
[rank1]:W0712 00:57:55.854000 927109 site-packages/torch/_dynamo/variables/tensor.py:1047] [1/0]   File "/nvme/BlaGPT/bla_gpt/bla_gpt.py", line 932, in forward
[rank1]:W0712 00:57:55.854000 927109 site-packages/torch/_dynamo/variables/tensor.py:1047] [1/0]     loss_dict = {"ntp_loss": ntp_loss.detach().item()}
[rank1]:W0712 00:57:55.854000 927109 site-packages/torch/_dynamo/variables/tensor.py:1047] [1/0] 
[rank1]:W0712 00:57:55.854000 927109 site-packages/torch/_dynamo/variables/tensor.py:1047] [1/0] 
[rank2]:W0712 00:57:55.858000 927110 site-packages/torch/_dynamo/variables/tensor.py:1047] [1/0] Graph break from `Tensor.item()`, consider setting:
[rank2]:W0712 00:57:55.858000 927110 site-packages/torch/_dynamo/variables/tensor.py:1047] [1/0]     torch._dynamo.config.capture_scalar_outputs = True
[rank2]:W0712 00:57:55.858000 927110 site-packages/torch/_dynamo/variables/tensor.py:1047] [1/0] or:
[rank2]:W0712 00:57:55.858000 927110 site-packages/torch/_dynamo/variables/tensor.py:1047] [1/0]     env TORCHDYNAMO_CAPTURE_SCALAR_OUTPUTS=1
[rank2]:W0712 00:57:55.858000 927110 site-packages/torch/_dynamo/variables/tensor.py:1047] [1/0] to include these operations in the captured graph.
[rank2]:W0712 00:57:55.858000 927110 site-packages/torch/_dynamo/variables/tensor.py:1047] [1/0] 
[rank2]:W0712 00:57:55.858000 927110 site-packages/torch/_dynamo/variables/tensor.py:1047] [1/0] Graph break: from user code at:
[rank2]:W0712 00:57:55.858000 927110 site-packages/torch/_dynamo/variables/tensor.py:1047] [1/0]   File "/nvme/BlaGPT/bla_gpt/bla_gpt.py", line 932, in forward
[rank2]:W0712 00:57:55.858000 927110 site-packages/torch/_dynamo/variables/tensor.py:1047] [1/0]     loss_dict = {"ntp_loss": ntp_loss.detach().item()}
[rank2]:W0712 00:57:55.858000 927110 site-packages/torch/_dynamo/variables/tensor.py:1047] [1/0] 
[rank2]:W0712 00:57:55.858000 927110 site-packages/torch/_dynamo/variables/tensor.py:1047] [1/0] 
[rank7]:W0712 00:57:55.872000 927115 site-packages/torch/_dynamo/variables/tensor.py:1047] [1/0] Graph break from `Tensor.item()`, consider setting:
[rank7]:W0712 00:57:55.872000 927115 site-packages/torch/_dynamo/variables/tensor.py:1047] [1/0]     torch._dynamo.config.capture_scalar_outputs = True
[rank7]:W0712 00:57:55.872000 927115 site-packages/torch/_dynamo/variables/tensor.py:1047] [1/0] or:
[rank7]:W0712 00:57:55.872000 927115 site-packages/torch/_dynamo/variables/tensor.py:1047] [1/0]     env TORCHDYNAMO_CAPTURE_SCALAR_OUTPUTS=1
[rank7]:W0712 00:57:55.872000 927115 site-packages/torch/_dynamo/variables/tensor.py:1047] [1/0] to include these operations in the captured graph.
[rank7]:W0712 00:57:55.872000 927115 site-packages/torch/_dynamo/variables/tensor.py:1047] [1/0] 
[rank7]:W0712 00:57:55.872000 927115 site-packages/torch/_dynamo/variables/tensor.py:1047] [1/0] Graph break: from user code at:
[rank7]:W0712 00:57:55.872000 927115 site-packages/torch/_dynamo/variables/tensor.py:1047] [1/0]   File "/nvme/BlaGPT/bla_gpt/bla_gpt.py", line 932, in forward
[rank7]:W0712 00:57:55.872000 927115 site-packages/torch/_dynamo/variables/tensor.py:1047] [1/0]     loss_dict = {"ntp_loss": ntp_loss.detach().item()}
[rank7]:W0712 00:57:55.872000 927115 site-packages/torch/_dynamo/variables/tensor.py:1047] [1/0] 
[rank7]:W0712 00:57:55.872000 927115 site-packages/torch/_dynamo/variables/tensor.py:1047] [1/0] 
[rank5]:W0712 00:57:55.909000 927113 site-packages/torch/_dynamo/variables/tensor.py:1047] [1/0] Graph break from `Tensor.item()`, consider setting:
[rank5]:W0712 00:57:55.909000 927113 site-packages/torch/_dynamo/variables/tensor.py:1047] [1/0]     torch._dynamo.config.capture_scalar_outputs = True
[rank5]:W0712 00:57:55.909000 927113 site-packages/torch/_dynamo/variables/tensor.py:1047] [1/0] or:
[rank5]:W0712 00:57:55.909000 927113 site-packages/torch/_dynamo/variables/tensor.py:1047] [1/0]     env TORCHDYNAMO_CAPTURE_SCALAR_OUTPUTS=1
[rank5]:W0712 00:57:55.909000 927113 site-packages/torch/_dynamo/variables/tensor.py:1047] [1/0] to include these operations in the captured graph.
[rank5]:W0712 00:57:55.909000 927113 site-packages/torch/_dynamo/variables/tensor.py:1047] [1/0] 
[rank5]:W0712 00:57:55.909000 927113 site-packages/torch/_dynamo/variables/tensor.py:1047] [1/0] Graph break: from user code at:
[rank5]:W0712 00:57:55.909000 927113 site-packages/torch/_dynamo/variables/tensor.py:1047] [1/0]   File "/nvme/BlaGPT/bla_gpt/bla_gpt.py", line 932, in forward
[rank5]:W0712 00:57:55.909000 927113 site-packages/torch/_dynamo/variables/tensor.py:1047] [1/0]     loss_dict = {"ntp_loss": ntp_loss.detach().item()}
[rank5]:W0712 00:57:55.909000 927113 site-packages/torch/_dynamo/variables/tensor.py:1047] [1/0] 
[rank5]:W0712 00:57:55.909000 927113 site-packages/torch/_dynamo/variables/tensor.py:1047] [1/0] 
[rank0]:W0712 00:57:56.672000 927108 site-packages/torch/_dynamo/variables/tensor.py:1047] [1/0] Graph break from `Tensor.item()`, consider setting:
[rank0]:W0712 00:57:56.672000 927108 site-packages/torch/_dynamo/variables/tensor.py:1047] [1/0]     torch._dynamo.config.capture_scalar_outputs = True
[rank0]:W0712 00:57:56.672000 927108 site-packages/torch/_dynamo/variables/tensor.py:1047] [1/0] or:
[rank0]:W0712 00:57:56.672000 927108 site-packages/torch/_dynamo/variables/tensor.py:1047] [1/0]     env TORCHDYNAMO_CAPTURE_SCALAR_OUTPUTS=1
[rank0]:W0712 00:57:56.672000 927108 site-packages/torch/_dynamo/variables/tensor.py:1047] [1/0] to include these operations in the captured graph.
[rank0]:W0712 00:57:56.672000 927108 site-packages/torch/_dynamo/variables/tensor.py:1047] [1/0] 
[rank0]:W0712 00:57:56.672000 927108 site-packages/torch/_dynamo/variables/tensor.py:1047] [1/0] Graph break: from user code at:
[rank0]:W0712 00:57:56.672000 927108 site-packages/torch/_dynamo/variables/tensor.py:1047] [1/0]   File "/nvme/BlaGPT/bla_gpt/bla_gpt.py", line 932, in forward
[rank0]:W0712 00:57:56.672000 927108 site-packages/torch/_dynamo/variables/tensor.py:1047] [1/0]     loss_dict = {"ntp_loss": ntp_loss.detach().item()}
[rank0]:W0712 00:57:56.672000 927108 site-packages/torch/_dynamo/variables/tensor.py:1047] [1/0] 
[rank0]:W0712 00:57:56.672000 927108 site-packages/torch/_dynamo/variables/tensor.py:1047] [1/0] 
/opt/conda/lib/python3.11/site-packages/torch/_inductor/lowering.py:7095: UserWarning: 
Online softmax is disabled on the fly since Inductor decides to
split the reduction. Cut an issue to PyTorch if this is an
important use case and you want to speed it up with online
softmax.

  warnings.warn(
/opt/conda/lib/python3.11/site-packages/torch/_inductor/lowering.py:7095: UserWarning: 
Online softmax is disabled on the fly since Inductor decides to
split the reduction. Cut an issue to PyTorch if this is an
important use case and you want to speed it up with online
softmax.

  warnings.warn(
/opt/conda/lib/python3.11/site-packages/torch/_inductor/lowering.py:7095: UserWarning: 
Online softmax is disabled on the fly since Inductor decides to
split the reduction. Cut an issue to PyTorch if this is an
important use case and you want to speed it up with online
softmax.

  warnings.warn(
/opt/conda/lib/python3.11/site-packages/torch/_inductor/lowering.py:7095: UserWarning: 
Online softmax is disabled on the fly since Inductor decides to
split the reduction. Cut an issue to PyTorch if this is an
important use case and you want to speed it up with online
softmax.

  warnings.warn(
/opt/conda/lib/python3.11/site-packages/torch/_inductor/lowering.py:7095: UserWarning: 
Online softmax is disabled on the fly since Inductor decides to
split the reduction. Cut an issue to PyTorch if this is an
important use case and you want to speed it up with online
softmax.

  warnings.warn(
/opt/conda/lib/python3.11/site-packages/torch/_inductor/lowering.py:7095: UserWarning: 
Online softmax is disabled on the fly since Inductor decides to
split the reduction. Cut an issue to PyTorch if this is an
important use case and you want to speed it up with online
softmax.

  warnings.warn(
/opt/conda/lib/python3.11/site-packages/torch/_inductor/lowering.py:7095: UserWarning: 
Online softmax is disabled on the fly since Inductor decides to
split the reduction. Cut an issue to PyTorch if this is an
important use case and you want to speed it up with online
softmax.

  warnings.warn(
/opt/conda/lib/python3.11/site-packages/torch/_inductor/lowering.py:7095: UserWarning: 
Online softmax is disabled on the fly since Inductor decides to
split the reduction. Cut an issue to PyTorch if this is an
important use case and you want to speed it up with online
softmax.

  warnings.warn(
step:0/5100 val_loss:15.3335 train_time:210ms step_avg:nanms
/opt/conda/lib/python3.11/site-packages/torch/_inductor/lowering.py:7095: UserWarning: 
Online softmax is disabled on the fly since Inductor decides to
split the reduction. Cut an issue to PyTorch if this is an
important use case and you want to speed it up with online
softmax.

  warnings.warn(
/opt/conda/lib/python3.11/site-packages/torch/_inductor/lowering.py:7095: UserWarning: 
Online softmax is disabled on the fly since Inductor decides to
split the reduction. Cut an issue to PyTorch if this is an
important use case and you want to speed it up with online
softmax.

  warnings.warn(
/opt/conda/lib/python3.11/site-packages/torch/_inductor/lowering.py:7095: UserWarning: 
Online softmax is disabled on the fly since Inductor decides to
split the reduction. Cut an issue to PyTorch if this is an
important use case and you want to speed it up with online
softmax.

  warnings.warn(
/opt/conda/lib/python3.11/site-packages/torch/_inductor/lowering.py:7095: UserWarning: 
Online softmax is disabled on the fly since Inductor decides to
split the reduction. Cut an issue to PyTorch if this is an
important use case and you want to speed it up with online
softmax.

  warnings.warn(
/opt/conda/lib/python3.11/site-packages/torch/_inductor/lowering.py:7095: UserWarning: 
Online softmax is disabled on the fly since Inductor decides to
split the reduction. Cut an issue to PyTorch if this is an
important use case and you want to speed it up with online
softmax.

  warnings.warn(
/opt/conda/lib/python3.11/site-packages/torch/_inductor/lowering.py:7095: UserWarning: 
Online softmax is disabled on the fly since Inductor decides to
split the reduction. Cut an issue to PyTorch if this is an
important use case and you want to speed it up with online
softmax.

  warnings.warn(
/opt/conda/lib/python3.11/site-packages/torch/_inductor/lowering.py:7095: UserWarning: 
Online softmax is disabled on the fly since Inductor decides to
split the reduction. Cut an issue to PyTorch if this is an
important use case and you want to speed it up with online
softmax.

  warnings.warn(
/opt/conda/lib/python3.11/site-packages/torch/_inductor/lowering.py:7095: UserWarning: 
Online softmax is disabled on the fly since Inductor decides to
split the reduction. Cut an issue to PyTorch if this is an
important use case and you want to speed it up with online
softmax.

  warnings.warn(
/opt/conda/lib/python3.11/site-packages/torch/_inductor/lowering.py:7095: UserWarning: 
Online softmax is disabled on the fly since Inductor decides to
split the reduction. Cut an issue to PyTorch if this is an
important use case and you want to speed it up with online
softmax.

  warnings.warn(
/opt/conda/lib/python3.11/site-packages/torch/_inductor/lowering.py:7095: UserWarning: 
Online softmax is disabled on the fly since Inductor decides to
split the reduction. Cut an issue to PyTorch if this is an
important use case and you want to speed it up with online
softmax.

  warnings.warn(
/opt/conda/lib/python3.11/site-packages/torch/_inductor/lowering.py:7095: UserWarning: 
Online softmax is disabled on the fly since Inductor decides to
split the reduction. Cut an issue to PyTorch if this is an
important use case and you want to speed it up with online
softmax.

  warnings.warn(
/opt/conda/lib/python3.11/site-packages/torch/_inductor/lowering.py:7095: UserWarning: 
Online softmax is disabled on the fly since Inductor decides to
split the reduction. Cut an issue to PyTorch if this is an
important use case and you want to speed it up with online
softmax.

  warnings.warn(
/opt/conda/lib/python3.11/site-packages/torch/_inductor/lowering.py:7095: UserWarning: 
Online softmax is disabled on the fly since Inductor decides to
split the reduction. Cut an issue to PyTorch if this is an
important use case and you want to speed it up with online
softmax.

  warnings.warn(
/opt/conda/lib/python3.11/site-packages/torch/_inductor/lowering.py:7095: UserWarning: 
Online softmax is disabled on the fly since Inductor decides to
split the reduction. Cut an issue to PyTorch if this is an
important use case and you want to speed it up with online
softmax.

  warnings.warn(
/opt/conda/lib/python3.11/site-packages/torch/_inductor/lowering.py:7095: UserWarning: 
Online softmax is disabled on the fly since Inductor decides to
split the reduction. Cut an issue to PyTorch if this is an
important use case and you want to speed it up with online
softmax.

  warnings.warn(
/opt/conda/lib/python3.11/site-packages/torch/_inductor/lowering.py:7095: UserWarning: 
Online softmax is disabled on the fly since Inductor decides to
split the reduction. Cut an issue to PyTorch if this is an
important use case and you want to speed it up with online
softmax.

  warnings.warn(
[rank2]:[W712 01:00:13.307492670 reducer.cpp:1457] Warning: find_unused_parameters=True was specified in DDP constructor, but did not find any unused parameters in the forward pass. This flag results in an extra traversal of the autograd graph every iteration,  which can adversely affect performance. If your model indeed never has any unused parameters in the forward pass, consider turning this flag off. Note that this warning may be a false positive if your model has flow control causing later iterations to have unused parameters. (function operator())
[rank6]:[W712 01:00:13.584225557 reducer.cpp:1457] Warning: find_unused_parameters=True was specified in DDP constructor, but did not find any unused parameters in the forward pass. This flag results in an extra traversal of the autograd graph every iteration,  which can adversely affect performance. If your model indeed never has any unused parameters in the forward pass, consider turning this flag off. Note that this warning may be a false positive if your model has flow control causing later iterations to have unused parameters. (function operator())
[rank4]:[W712 01:00:13.694485181 reducer.cpp:1457] Warning: find_unused_parameters=True was specified in DDP constructor, but did not find any unused parameters in the forward pass. This flag results in an extra traversal of the autograd graph every iteration,  which can adversely affect performance. If your model indeed never has any unused parameters in the forward pass, consider turning this flag off. Note that this warning may be a false positive if your model has flow control causing later iterations to have unused parameters. (function operator())
[rank7]:[W712 01:00:14.070634098 reducer.cpp:1457] Warning: find_unused_parameters=True was specified in DDP constructor, but did not find any unused parameters in the forward pass. This flag results in an extra traversal of the autograd graph every iteration,  which can adversely affect performance. If your model indeed never has any unused parameters in the forward pass, consider turning this flag off. Note that this warning may be a false positive if your model has flow control causing later iterations to have unused parameters. (function operator())
[rank5]:[W712 01:00:14.571193737 reducer.cpp:1457] Warning: find_unused_parameters=True was specified in DDP constructor, but did not find any unused parameters in the forward pass. This flag results in an extra traversal of the autograd graph every iteration,  which can adversely affect performance. If your model indeed never has any unused parameters in the forward pass, consider turning this flag off. Note that this warning may be a false positive if your model has flow control causing later iterations to have unused parameters. (function operator())
[rank3]:[W712 01:00:15.225384601 reducer.cpp:1457] Warning: find_unused_parameters=True was specified in DDP constructor, but did not find any unused parameters in the forward pass. This flag results in an extra traversal of the autograd graph every iteration,  which can adversely affect performance. If your model indeed never has any unused parameters in the forward pass, consider turning this flag off. Note that this warning may be a false positive if your model has flow control causing later iterations to have unused parameters. (function operator())
[rank1]:[W712 01:00:16.187489981 reducer.cpp:1457] Warning: find_unused_parameters=True was specified in DDP constructor, but did not find any unused parameters in the forward pass. This flag results in an extra traversal of the autograd graph every iteration,  which can adversely affect performance. If your model indeed never has any unused parameters in the forward pass, consider turning this flag off. Note that this warning may be a false positive if your model has flow control causing later iterations to have unused parameters. (function operator())
[rank0]:[W712 01:00:18.467651161 reducer.cpp:1457] Warning: find_unused_parameters=True was specified in DDP constructor, but did not find any unused parameters in the forward pass. This flag results in an extra traversal of the autograd graph every iteration,  which can adversely affect performance. If your model indeed never has any unused parameters in the forward pass, consider turning this flag off. Note that this warning may be a false positive if your model has flow control causing later iterations to have unused parameters. (function operator())
step:1/5100 lr:2e-05 train_loss:15.3244 train_time:111786ms step_avg:nanms
step:2/5100 lr:3e-05 train_loss:15.2200 train_time:112971ms step_avg:nanms
step:3/5100 lr:4e-05 train_loss:14.8664 train_time:113133ms step_avg:nanms
step:4/5100 lr:5e-05 train_loss:14.0218 train_time:113296ms step_avg:nanms
step:5/5100 lr:6e-05 train_loss:12.4958 train_time:113457ms step_avg:nanms
step:6/5100 lr:7.000000000000001e-05 train_loss:10.7743 train_time:113617ms step_avg:nanms
step:7/5100 lr:8e-05 train_loss:9.9989 train_time:113778ms step_avg:nanms
step:8/5100 lr:8.999999999999999e-05 train_loss:9.9057 train_time:113938ms step_avg:nanms
step:9/5100 lr:0.0001 train_loss:9.8309 train_time:114100ms step_avg:nanms
step:10/5100 lr:0.00011 train_loss:9.7783 train_time:114260ms step_avg:nanms
step:11/5100 lr:0.00012 train_loss:9.6863 train_time:146ms step_avg:nanms
step:12/5100 lr:0.00013000000000000002 train_loss:9.7176 train_time:307ms step_avg:nanms
step:13/5100 lr:0.00014000000000000001 train_loss:9.5945 train_time:467ms step_avg:155.73ms
step:14/5100 lr:0.00015 train_loss:9.5607 train_time:1600ms step_avg:399.90ms
step:15/5100 lr:0.00016 train_loss:9.5010 train_time:1760ms step_avg:352.03ms
step:16/5100 lr:0.00017 train_loss:9.5176 train_time:1921ms step_avg:320.17ms
step:17/5100 lr:0.00017999999999999998 train_loss:9.4264 train_time:2082ms step_avg:297.40ms
step:18/5100 lr:0.00019 train_loss:9.2955 train_time:2244ms step_avg:280.53ms
step:19/5100 lr:0.0002 train_loss:9.4510 train_time:2404ms step_avg:267.09ms
step:20/5100 lr:0.00021 train_loss:9.2337 train_time:2565ms step_avg:256.46ms
step:21/5100 lr:0.00022 train_loss:9.2632 train_time:2726ms step_avg:247.77ms
step:22/5100 lr:0.00023 train_loss:9.4662 train_time:2886ms step_avg:240.53ms
step:23/5100 lr:0.00024 train_loss:9.1730 train_time:3049ms step_avg:234.52ms
step:24/5100 lr:0.00025 train_loss:9.3297 train_time:3208ms step_avg:229.14ms
step:25/5100 lr:0.00026000000000000003 train_loss:9.1595 train_time:3368ms step_avg:224.55ms
step:26/5100 lr:0.00027 train_loss:8.9734 train_time:3529ms step_avg:220.56ms
step:27/5100 lr:0.00028000000000000003 train_loss:8.9291 train_time:3689ms step_avg:217.03ms
step:28/5100 lr:0.00029 train_loss:8.8211 train_time:3852ms step_avg:213.97ms
step:29/5100 lr:0.0003 train_loss:8.9843 train_time:4011ms step_avg:211.12ms
step:30/5100 lr:0.00031 train_loss:9.0210 train_time:4172ms step_avg:208.59ms
step:31/5100 lr:0.00032 train_loss:8.7290 train_time:4332ms step_avg:206.30ms
step:32/5100 lr:0.00033 train_loss:8.7881 train_time:4493ms step_avg:204.22ms
step:33/5100 lr:0.00034 train_loss:8.9332 train_time:4655ms step_avg:202.39ms
step:34/5100 lr:0.00035 train_loss:8.8421 train_time:4815ms step_avg:200.61ms
step:35/5100 lr:0.00035999999999999997 train_loss:8.9049 train_time:4975ms step_avg:199.01ms
step:36/5100 lr:0.00037 train_loss:8.6945 train_time:5136ms step_avg:197.53ms
step:37/5100 lr:0.00038 train_loss:8.7836 train_time:5296ms step_avg:196.16ms
step:38/5100 lr:0.00039000000000000005 train_loss:8.5116 train_time:5458ms step_avg:194.94ms
step:39/5100 lr:0.0004 train_loss:8.5974 train_time:5618ms step_avg:193.73ms
step:40/5100 lr:0.00041 train_loss:8.5463 train_time:5779ms step_avg:192.63ms
step:41/5100 lr:0.00042 train_loss:8.5600 train_time:5940ms step_avg:191.60ms
step:42/5100 lr:0.00043 train_loss:8.1458 train_time:6101ms step_avg:190.65ms
step:43/5100 lr:0.00044 train_loss:8.5024 train_time:6263ms step_avg:189.80ms
step:44/5100 lr:0.00045000000000000004 train_loss:8.3612 train_time:6423ms step_avg:188.92ms
step:45/5100 lr:0.00046 train_loss:8.5017 train_time:6584ms step_avg:188.10ms
step:46/5100 lr:0.00047 train_loss:8.2855 train_time:6745ms step_avg:187.36ms
step:47/5100 lr:0.00048 train_loss:8.1747 train_time:6906ms step_avg:186.65ms
step:48/5100 lr:0.00049 train_loss:8.3254 train_time:7068ms step_avg:186.00ms
step:49/5100 lr:0.0005 train_loss:8.2037 train_time:7228ms step_avg:185.34ms
step:50/5100 lr:0.00051 train_loss:8.2734 train_time:7389ms step_avg:184.72ms
step:51/5100 lr:0.0005200000000000001 train_loss:8.2872 train_time:7549ms step_avg:184.13ms
step:52/5100 lr:0.0005300000000000001 train_loss:8.2310 train_time:7711ms step_avg:183.59ms
step:53/5100 lr:0.00054 train_loss:7.9952 train_time:7872ms step_avg:183.08ms
step:54/5100 lr:0.00055 train_loss:8.0503 train_time:8032ms step_avg:182.54ms
step:55/5100 lr:0.0005600000000000001 train_loss:8.2443 train_time:8192ms step_avg:182.05ms
step:56/5100 lr:0.00057 train_loss:8.1212 train_time:8353ms step_avg:181.58ms
step:57/5100 lr:0.00058 train_loss:7.8833 train_time:8515ms step_avg:181.16ms
step:58/5100 lr:0.00059 train_loss:8.1303 train_time:8675ms step_avg:180.73ms
step:59/5100 lr:0.0006 train_loss:7.8988 train_time:8835ms step_avg:180.31ms
step:60/5100 lr:0.00061 train_loss:8.1988 train_time:8995ms step_avg:179.91ms
step:61/5100 lr:0.00062 train_loss:7.8877 train_time:9156ms step_avg:179.53ms
step:62/5100 lr:0.00063 train_loss:8.0271 train_time:9318ms step_avg:179.19ms
step:63/5100 lr:0.00064 train_loss:7.8761 train_time:9479ms step_avg:178.86ms
step:64/5100 lr:0.0006500000000000001 train_loss:9.2010 train_time:9639ms step_avg:178.50ms
step:65/5100 lr:0.00066 train_loss:7.7192 train_time:9808ms step_avg:178.33ms
step:66/5100 lr:0.00067 train_loss:7.8945 train_time:9966ms step_avg:177.97ms
step:67/5100 lr:0.00068 train_loss:7.6719 train_time:10127ms step_avg:177.67ms
step:68/5100 lr:0.00069 train_loss:8.0431 train_time:10288ms step_avg:177.38ms
step:69/5100 lr:0.0007 train_loss:7.5092 train_time:10449ms step_avg:177.10ms
step:70/5100 lr:0.00071 train_loss:7.5986 train_time:10609ms step_avg:176.82ms
step:71/5100 lr:0.0007199999999999999 train_loss:7.6049 train_time:10770ms step_avg:176.56ms
step:72/5100 lr:0.00073 train_loss:7.8321 train_time:10932ms step_avg:176.32ms
step:73/5100 lr:0.00074 train_loss:7.4736 train_time:11093ms step_avg:176.08ms
step:74/5100 lr:0.00075 train_loss:8.0304 train_time:11253ms step_avg:175.82ms
step:75/5100 lr:0.00076 train_loss:7.6845 train_time:11413ms step_avg:175.59ms
step:76/5100 lr:0.0007700000000000001 train_loss:7.6491 train_time:11574ms step_avg:175.36ms
step:77/5100 lr:0.0007800000000000001 train_loss:7.5898 train_time:11736ms step_avg:175.16ms
step:78/5100 lr:0.00079 train_loss:7.2027 train_time:11895ms step_avg:174.93ms
step:79/5100 lr:0.0008 train_loss:7.4383 train_time:12056ms step_avg:174.73ms
step:80/5100 lr:0.0008100000000000001 train_loss:7.5016 train_time:12217ms step_avg:174.53ms
step:81/5100 lr:0.00082 train_loss:7.2668 train_time:12378ms step_avg:174.33ms
step:82/5100 lr:0.00083 train_loss:7.4553 train_time:12540ms step_avg:174.16ms
step:83/5100 lr:0.00084 train_loss:7.4039 train_time:12701ms step_avg:173.98ms
step:84/5100 lr:0.00085 train_loss:7.1495 train_time:12861ms step_avg:173.80ms
step:85/5100 lr:0.00086 train_loss:7.1845 train_time:13022ms step_avg:173.62ms
step:86/5100 lr:0.00087 train_loss:7.3902 train_time:13182ms step_avg:173.45ms
step:87/5100 lr:0.00088 train_loss:7.2336 train_time:13345ms step_avg:173.31ms
step:88/5100 lr:0.0008900000000000001 train_loss:7.6046 train_time:13506ms step_avg:173.15ms
step:89/5100 lr:0.0009000000000000001 train_loss:7.3676 train_time:13666ms step_avg:172.99ms
step:90/5100 lr:0.00091 train_loss:7.2881 train_time:13827ms step_avg:172.84ms
step:91/5100 lr:0.00092 train_loss:7.3603 train_time:13987ms step_avg:172.68ms
step:92/5100 lr:0.00093 train_loss:7.5998 train_time:14149ms step_avg:172.55ms
step:93/5100 lr:0.00094 train_loss:7.2886 train_time:14311ms step_avg:172.42ms
step:94/5100 lr:0.00095 train_loss:7.2014 train_time:14470ms step_avg:172.27ms
step:95/5100 lr:0.00096 train_loss:7.1513 train_time:14631ms step_avg:172.13ms
step:96/5100 lr:0.0009699999999999999 train_loss:7.0612 train_time:14791ms step_avg:171.99ms
step:97/5100 lr:0.00098 train_loss:7.0803 train_time:14952ms step_avg:171.86ms
step:98/5100 lr:0.00099 train_loss:6.9890 train_time:15114ms step_avg:171.75ms
step:99/5100 lr:0.001 train_loss:7.1000 train_time:15274ms step_avg:171.62ms
step:100/5100 lr:0.001 train_loss:6.9231 train_time:15434ms step_avg:171.49ms
step:101/5100 lr:0.001 train_loss:7.1403 train_time:15595ms step_avg:171.38ms
step:102/5100 lr:0.001 train_loss:7.0151 train_time:15757ms step_avg:171.27ms
step:103/5100 lr:0.001 train_loss:6.8458 train_time:15916ms step_avg:171.14ms
step:104/5100 lr:0.001 train_loss:6.7019 train_time:16078ms step_avg:171.05ms
step:105/5100 lr:0.001 train_loss:7.0287 train_time:16239ms step_avg:170.94ms
step:106/5100 lr:0.001 train_loss:6.7871 train_time:16400ms step_avg:170.84ms
step:107/5100 lr:0.001 train_loss:6.8766 train_time:16561ms step_avg:170.74ms
step:108/5100 lr:0.001 train_loss:6.7311 train_time:16722ms step_avg:170.63ms
step:109/5100 lr:0.001 train_loss:6.9717 train_time:16883ms step_avg:170.53ms
step:110/5100 lr:0.001 train_loss:6.7932 train_time:17998ms step_avg:179.98ms
step:111/5100 lr:0.001 train_loss:6.8241 train_time:18159ms step_avg:179.79ms
step:112/5100 lr:0.001 train_loss:6.8906 train_time:18321ms step_avg:179.62ms
step:113/5100 lr:0.001 train_loss:6.7752 train_time:18480ms step_avg:179.42ms
step:114/5100 lr:0.001 train_loss:6.7324 train_time:18641ms step_avg:179.24ms
step:115/5100 lr:0.001 train_loss:6.8773 train_time:18801ms step_avg:179.06ms
step:116/5100 lr:0.001 train_loss:6.6955 train_time:19916ms step_avg:187.89ms
step:117/5100 lr:0.001 train_loss:6.6224 train_time:20076ms step_avg:187.62ms
step:118/5100 lr:0.001 train_loss:6.5394 train_time:20236ms step_avg:187.37ms
step:119/5100 lr:0.001 train_loss:6.5451 train_time:20397ms step_avg:187.13ms
step:120/5100 lr:0.001 train_loss:6.7272 train_time:20559ms step_avg:186.90ms
step:121/5100 lr:0.001 train_loss:6.5322 train_time:20720ms step_avg:186.67ms
step:122/5100 lr:0.001 train_loss:6.6697 train_time:20880ms step_avg:186.43ms
step:123/5100 lr:0.001 train_loss:6.4623 train_time:21041ms step_avg:186.20ms
step:124/5100 lr:0.001 train_loss:6.9972 train_time:21202ms step_avg:185.98ms
step:125/5100 lr:0.001 train_loss:6.5593 train_time:21365ms step_avg:185.78ms
step:125/5100 val_loss:6.6045 train_time:21378ms step_avg:185.90ms
step:126/5100 lr:0.001 train_loss:6.7282 train_time:25433ms step_avg:219.25ms
step:127/5100 lr:0.001 train_loss:6.6967 train_time:25595ms step_avg:218.76ms
step:128/5100 lr:0.001 train_loss:6.4862 train_time:25756ms step_avg:218.27ms
step:129/5100 lr:0.001 train_loss:7.0110 train_time:25916ms step_avg:217.79ms
step:130/5100 lr:0.001 train_loss:6.5595 train_time:26077ms step_avg:217.31ms
step:131/5100 lr:0.001 train_loss:6.4732 train_time:26238ms step_avg:216.84ms
step:132/5100 lr:0.001 train_loss:6.3873 train_time:26400ms step_avg:216.40ms
step:133/5100 lr:0.001 train_loss:6.4965 train_time:26560ms step_avg:215.93ms
step:134/5100 lr:0.001 train_loss:6.3711 train_time:27657ms step_avg:223.04ms
step:135/5100 lr:0.001 train_loss:6.4032 train_time:27818ms step_avg:222.55ms
step:136/5100 lr:0.001 train_loss:6.2986 train_time:27981ms step_avg:222.07ms
step:137/5100 lr:0.001 train_loss:6.2907 train_time:28140ms step_avg:221.58ms
step:138/5100 lr:0.001 train_loss:6.4028 train_time:28301ms step_avg:221.10ms
step:139/5100 lr:0.001 train_loss:6.3542 train_time:28462ms step_avg:220.63ms
step:140/5100 lr:0.001 train_loss:6.4828 train_time:28622ms step_avg:220.17ms
step:141/5100 lr:0.001 train_loss:6.3574 train_time:28784ms step_avg:219.73ms
step:142/5100 lr:0.001 train_loss:6.4462 train_time:28944ms step_avg:219.28ms
step:143/5100 lr:0.001 train_loss:6.3975 train_time:29113ms step_avg:218.90ms
step:144/5100 lr:0.001 train_loss:6.2022 train_time:29274ms step_avg:218.46ms
step:145/5100 lr:0.001 train_loss:6.0511 train_time:29435ms step_avg:218.04ms
step:146/5100 lr:0.001 train_loss:6.1894 train_time:29597ms step_avg:217.63ms
step:147/5100 lr:0.001 train_loss:6.2063 train_time:29757ms step_avg:217.20ms
step:148/5100 lr:0.001 train_loss:6.1551 train_time:29918ms step_avg:216.79ms
step:149/5100 lr:0.001 train_loss:6.7008 train_time:30079ms step_avg:216.39ms
step:150/5100 lr:0.001 train_loss:6.3139 train_time:30240ms step_avg:216.00ms
step:151/5100 lr:0.001 train_loss:6.2147 train_time:30402ms step_avg:215.62ms
step:152/5100 lr:0.001 train_loss:6.3495 train_time:30562ms step_avg:215.23ms
step:153/5100 lr:0.001 train_loss:6.1849 train_time:30723ms step_avg:214.85ms
step:154/5100 lr:0.001 train_loss:6.3903 train_time:30884ms step_avg:214.47ms
step:155/5100 lr:0.001 train_loss:6.0188 train_time:31045ms step_avg:214.10ms
step:156/5100 lr:0.001 train_loss:6.1383 train_time:31207ms step_avg:213.75ms
step:157/5100 lr:0.001 train_loss:6.2356 train_time:31367ms step_avg:213.38ms
step:158/5100 lr:0.001 train_loss:6.0787 train_time:31528ms step_avg:213.02ms
step:159/5100 lr:0.001 train_loss:6.0945 train_time:31688ms step_avg:212.67ms
step:160/5100 lr:0.001 train_loss:6.0928 train_time:31849ms step_avg:212.33ms
step:161/5100 lr:0.001 train_loss:6.1641 train_time:32011ms step_avg:211.99ms
step:162/5100 lr:0.001 train_loss:6.1331 train_time:32171ms step_avg:211.65ms
step:163/5100 lr:0.001 train_loss:6.0876 train_time:32332ms step_avg:211.32ms
step:164/5100 lr:0.001 train_loss:5.9770 train_time:32492ms step_avg:210.99ms
step:165/5100 lr:0.001 train_loss:5.9003 train_time:32653ms step_avg:210.67ms
step:166/5100 lr:0.001 train_loss:6.0242 train_time:32816ms step_avg:210.36ms
step:167/5100 lr:0.001 train_loss:5.8403 train_time:32975ms step_avg:210.03ms
step:168/5100 lr:0.001 train_loss:6.2715 train_time:33136ms step_avg:209.72ms
step:169/5100 lr:0.001 train_loss:5.8373 train_time:33297ms step_avg:209.41ms
step:170/5100 lr:0.001 train_loss:5.7759 train_time:33457ms step_avg:209.11ms
step:171/5100 lr:0.001 train_loss:5.9276 train_time:33620ms step_avg:208.82ms
step:172/5100 lr:0.001 train_loss:5.9346 train_time:33780ms step_avg:208.52ms
step:173/5100 lr:0.001 train_loss:6.0748 train_time:33941ms step_avg:208.22ms
step:174/5100 lr:0.001 train_loss:6.0099 train_time:34101ms step_avg:207.93ms
step:175/5100 lr:0.001 train_loss:6.0789 train_time:34263ms step_avg:207.65ms
step:176/5100 lr:0.001 train_loss:5.7816 train_time:34424ms step_avg:207.37ms
step:177/5100 lr:0.001 train_loss:5.7053 train_time:34584ms step_avg:207.09ms
step:178/5100 lr:0.001 train_loss:5.9054 train_time:34745ms step_avg:206.81ms
step:179/5100 lr:0.001 train_loss:5.7804 train_time:34905ms step_avg:206.54ms
step:180/5100 lr:0.001 train_loss:6.0184 train_time:35066ms step_avg:206.27ms
step:181/5100 lr:0.001 train_loss:5.8115 train_time:35228ms step_avg:206.01ms
step:182/5100 lr:0.001 train_loss:5.8328 train_time:35388ms step_avg:205.74ms
step:183/5100 lr:0.001 train_loss:5.7839 train_time:35549ms step_avg:205.49ms
step:184/5100 lr:0.001 train_loss:5.7280 train_time:35710ms step_avg:205.23ms
step:185/5100 lr:0.001 train_loss:6.0217 train_time:35873ms step_avg:204.99ms
step:186/5100 lr:0.001 train_loss:5.7277 train_time:36033ms step_avg:204.73ms
step:187/5100 lr:0.001 train_loss:6.4223 train_time:36192ms step_avg:204.48ms
step:188/5100 lr:0.001 train_loss:5.6055 train_time:36353ms step_avg:204.23ms
step:189/5100 lr:0.001 train_loss:5.6447 train_time:36513ms step_avg:203.98ms
step:190/5100 lr:0.001 train_loss:6.0020 train_time:36894ms step_avg:204.97ms
step:191/5100 lr:0.001 train_loss:5.9660 train_time:37273ms step_avg:205.93ms
step:192/5100 lr:0.001 train_loss:5.8636 train_time:37434ms step_avg:205.68ms
step:193/5100 lr:0.001 train_loss:5.7517 train_time:37595ms step_avg:205.44ms
step:194/5100 lr:0.001 train_loss:5.8475 train_time:37757ms step_avg:205.20ms
step:195/5100 lr:0.001 train_loss:5.5871 train_time:37918ms step_avg:204.96ms
step:196/5100 lr:0.001 train_loss:5.7440 train_time:38079ms step_avg:204.72ms
step:197/5100 lr:0.001 train_loss:5.8037 train_time:38240ms step_avg:204.49ms
step:198/5100 lr:0.001 train_loss:5.5538 train_time:38401ms step_avg:204.26ms
step:199/5100 lr:0.001 train_loss:5.5340 train_time:38561ms step_avg:204.03ms
step:200/5100 lr:0.001 train_loss:5.6641 train_time:38722ms step_avg:203.80ms
step:201/5100 lr:0.001 train_loss:6.9415 train_time:38883ms step_avg:203.57ms
step:202/5100 lr:0.001 train_loss:6.2058 train_time:39044ms step_avg:203.35ms
step:203/5100 lr:0.001 train_loss:5.5409 train_time:39206ms step_avg:203.14ms
step:204/5100 lr:0.001 train_loss:5.5667 train_time:39366ms step_avg:202.92ms
step:205/5100 lr:0.001 train_loss:5.4208 train_time:39526ms step_avg:202.70ms
step:206/5100 lr:0.001 train_loss:5.6137 train_time:39687ms step_avg:202.49ms
step:207/5100 lr:0.001 train_loss:5.5726 train_time:39848ms step_avg:202.28ms
step:208/5100 lr:0.001 train_loss:5.5419 train_time:40010ms step_avg:202.07ms
step:209/5100 lr:0.001 train_loss:5.8075 train_time:40170ms step_avg:201.86ms
step:210/5100 lr:0.001 train_loss:5.4973 train_time:40331ms step_avg:201.66ms
step:211/5100 lr:0.001 train_loss:5.5687 train_time:40492ms step_avg:201.45ms
step:212/5100 lr:0.001 train_loss:5.5039 train_time:40653ms step_avg:201.25ms
step:213/5100 lr:0.001 train_loss:5.4972 train_time:40815ms step_avg:201.06ms
step:214/5100 lr:0.001 train_loss:5.4764 train_time:40974ms step_avg:200.86ms
step:215/5100 lr:0.001 train_loss:5.5403 train_time:41135ms step_avg:200.66ms
step:216/5100 lr:0.001 train_loss:5.3412 train_time:41296ms step_avg:200.46ms
step:217/5100 lr:0.001 train_loss:5.5891 train_time:41457ms step_avg:200.28ms
step:218/5100 lr:0.001 train_loss:5.5786 train_time:41619ms step_avg:200.09ms
step:219/5100 lr:0.001 train_loss:5.1622 train_time:41778ms step_avg:199.90ms
step:220/5100 lr:0.001 train_loss:5.3632 train_time:41939ms step_avg:199.71ms
step:221/5100 lr:0.001 train_loss:5.6884 train_time:42101ms step_avg:199.53ms
step:222/5100 lr:0.001 train_loss:5.4393 train_time:42262ms step_avg:199.35ms
step:223/5100 lr:0.001 train_loss:5.5863 train_time:42423ms step_avg:199.17ms
step:224/5100 lr:0.001 train_loss:5.5353 train_time:42582ms step_avg:198.98ms
step:225/5100 lr:0.001 train_loss:5.4860 train_time:42743ms step_avg:198.80ms
step:226/5100 lr:0.001 train_loss:5.2585 train_time:42904ms step_avg:198.63ms
step:227/5100 lr:0.001 train_loss:5.3668 train_time:43064ms step_avg:198.45ms
step:228/5100 lr:0.001 train_loss:5.2695 train_time:43226ms step_avg:198.29ms
step:229/5100 lr:0.001 train_loss:5.3118 train_time:43386ms step_avg:198.11ms
step:230/5100 lr:0.001 train_loss:5.4845 train_time:43546ms step_avg:197.94ms
step:231/5100 lr:0.001 train_loss:5.3756 train_time:43707ms step_avg:197.77ms
step:232/5100 lr:0.001 train_loss:5.4871 train_time:43868ms step_avg:197.60ms
step:233/5100 lr:0.001 train_loss:5.3757 train_time:44030ms step_avg:197.45ms
step:234/5100 lr:0.001 train_loss:5.4878 train_time:44190ms step_avg:197.28ms
step:235/5100 lr:0.001 train_loss:5.6593 train_time:44350ms step_avg:197.11ms
step:236/5100 lr:0.001 train_loss:5.3375 train_time:44511ms step_avg:196.95ms
step:237/5100 lr:0.001 train_loss:5.6169 train_time:44672ms step_avg:196.79ms
step:238/5100 lr:0.001 train_loss:5.2871 train_time:44835ms step_avg:196.64ms
step:239/5100 lr:0.001 train_loss:5.2636 train_time:44996ms step_avg:196.49ms
step:240/5100 lr:0.001 train_loss:5.4768 train_time:45156ms step_avg:196.33ms
step:241/5100 lr:0.001 train_loss:5.6847 train_time:45317ms step_avg:196.18ms
step:242/5100 lr:0.001 train_loss:5.2083 train_time:45479ms step_avg:196.03ms
step:243/5100 lr:0.001 train_loss:5.8173 train_time:45640ms step_avg:195.88ms
step:244/5100 lr:0.001 train_loss:5.3077 train_time:45799ms step_avg:195.72ms
step:245/5100 lr:0.001 train_loss:5.3040 train_time:45960ms step_avg:195.57ms
step:246/5100 lr:0.001 train_loss:5.3780 train_time:46121ms step_avg:195.43ms
step:247/5100 lr:0.001 train_loss:5.2321 train_time:46283ms step_avg:195.29ms
step:248/5100 lr:0.001 train_loss:5.3292 train_time:46442ms step_avg:195.14ms
step:249/5100 lr:0.001 train_loss:5.1782 train_time:46603ms step_avg:194.99ms
step:250/5100 lr:0.001 train_loss:5.4805 train_time:46764ms step_avg:194.85ms
step:250/5100 val_loss:5.3856 train_time:46779ms step_avg:194.91ms
step:251/5100 lr:0.001 train_loss:5.2340 train_time:50934ms step_avg:211.34ms
step:252/5100 lr:0.001 train_loss:5.1645 train_time:51094ms step_avg:211.13ms
step:253/5100 lr:0.001 train_loss:5.1182 train_time:51257ms step_avg:210.93ms
step:254/5100 lr:0.001 train_loss:5.1653 train_time:52358ms step_avg:214.58ms
step:255/5100 lr:0.001 train_loss:5.3001 train_time:52517ms step_avg:214.36ms
step:256/5100 lr:0.001 train_loss:5.1303 train_time:52678ms step_avg:214.14ms
step:257/5100 lr:0.001 train_loss:5.2959 train_time:52840ms step_avg:213.93ms
step:258/5100 lr:0.001 train_loss:5.5597 train_time:52999ms step_avg:213.71ms
step:259/5100 lr:0.001 train_loss:5.0123 train_time:53161ms step_avg:213.50ms
step:260/5100 lr:0.001 train_loss:5.1692 train_time:53322ms step_avg:213.29ms
step:261/5100 lr:0.001 train_loss:5.1196 train_time:53482ms step_avg:213.08ms
step:262/5100 lr:0.001 train_loss:5.1610 train_time:53644ms step_avg:212.87ms
step:263/5100 lr:0.001 train_loss:5.3564 train_time:53805ms step_avg:212.67ms
step:264/5100 lr:0.001 train_loss:5.2584 train_time:53964ms step_avg:212.46ms
step:265/5100 lr:0.001 train_loss:5.9352 train_time:54125ms step_avg:212.25ms
step:266/5100 lr:0.001 train_loss:5.1599 train_time:54285ms step_avg:212.05ms
step:267/5100 lr:0.001 train_loss:5.5695 train_time:54447ms step_avg:211.86ms
step:268/5100 lr:0.001 train_loss:5.0049 train_time:54608ms step_avg:211.66ms
step:269/5100 lr:0.001 train_loss:4.9159 train_time:54768ms step_avg:211.46ms
step:270/5100 lr:0.001 train_loss:5.3527 train_time:54928ms step_avg:211.26ms
step:271/5100 lr:0.001 train_loss:5.2218 train_time:55089ms step_avg:211.07ms
step:272/5100 lr:0.001 train_loss:5.1274 train_time:55250ms step_avg:210.88ms
step:273/5100 lr:0.001 train_loss:5.0288 train_time:55412ms step_avg:210.69ms
step:274/5100 lr:0.001 train_loss:5.6599 train_time:55572ms step_avg:210.50ms
step:275/5100 lr:0.001 train_loss:4.9301 train_time:55732ms step_avg:210.31ms
step:276/5100 lr:0.001 train_loss:5.2692 train_time:55893ms step_avg:210.12ms
step:277/5100 lr:0.001 train_loss:5.3638 train_time:56055ms step_avg:209.94ms
step:278/5100 lr:0.001 train_loss:4.9383 train_time:56216ms step_avg:209.76ms
step:279/5100 lr:0.001 train_loss:5.3458 train_time:56375ms step_avg:209.57ms
step:280/5100 lr:0.001 train_loss:5.2441 train_time:56536ms step_avg:209.39ms
step:281/5100 lr:0.001 train_loss:4.9952 train_time:56697ms step_avg:209.21ms
step:282/5100 lr:0.001 train_loss:5.3107 train_time:56857ms step_avg:209.03ms
step:283/5100 lr:0.001 train_loss:5.4079 train_time:57018ms step_avg:208.86ms
step:284/5100 lr:0.001 train_loss:5.1441 train_time:57179ms step_avg:208.68ms
step:285/5100 lr:0.001 train_loss:5.0013 train_time:57340ms step_avg:208.51ms
step:286/5100 lr:0.001 train_loss:5.1727 train_time:57500ms step_avg:208.33ms
step:287/5100 lr:0.001 train_loss:5.0322 train_time:57661ms step_avg:208.16ms
step:288/5100 lr:0.001 train_loss:5.0650 train_time:57821ms step_avg:207.99ms
step:289/5100 lr:0.001 train_loss:5.1414 train_time:57982ms step_avg:207.82ms
step:290/5100 lr:0.001 train_loss:5.2520 train_time:58144ms step_avg:207.66ms
step:291/5100 lr:0.001 train_loss:5.0739 train_time:58304ms step_avg:207.49ms
step:292/5100 lr:0.001 train_loss:4.9576 train_time:58466ms step_avg:207.33ms
step:293/5100 lr:0.001 train_loss:5.1307 train_time:58627ms step_avg:207.16ms
step:294/5100 lr:0.001 train_loss:4.9811 train_time:58787ms step_avg:207.00ms
step:295/5100 lr:0.001 train_loss:4.9121 train_time:58948ms step_avg:206.83ms
step:296/5100 lr:0.001 train_loss:5.0644 train_time:59108ms step_avg:206.67ms
step:297/5100 lr:0.001 train_loss:4.9559 train_time:59270ms step_avg:206.52ms
step:298/5100 lr:0.001 train_loss:5.0888 train_time:59431ms step_avg:206.36ms
step:299/5100 lr:0.001 train_loss:4.8423 train_time:59592ms step_avg:206.20ms
step:300/5100 lr:0.001 train_loss:5.2307 train_time:59753ms step_avg:206.04ms
step:301/5100 lr:0.001 train_loss:5.0034 train_time:59913ms step_avg:205.89ms
step:302/5100 lr:0.001 train_loss:5.0858 train_time:60075ms step_avg:205.74ms
step:303/5100 lr:0.001 train_loss:4.9251 train_time:60236ms step_avg:205.58ms
step:304/5100 lr:0.001 train_loss:5.0722 train_time:60395ms step_avg:205.43ms
step:305/5100 lr:0.001 train_loss:5.0727 train_time:60555ms step_avg:205.27ms
step:306/5100 lr:0.001 train_loss:5.0552 train_time:60716ms step_avg:205.12ms
step:307/5100 lr:0.001 train_loss:5.0903 train_time:60877ms step_avg:204.97ms
step:308/5100 lr:0.001 train_loss:4.9281 train_time:61038ms step_avg:204.83ms
step:309/5100 lr:0.001 train_loss:5.3136 train_time:61199ms step_avg:204.68ms
step:310/5100 lr:0.001 train_loss:4.9076 train_time:61360ms step_avg:204.53ms
step:311/5100 lr:0.001 train_loss:5.1042 train_time:61522ms step_avg:204.39ms
step:312/5100 lr:0.001 train_loss:5.0586 train_time:61687ms step_avg:204.26ms
step:313/5100 lr:0.001 train_loss:4.9013 train_time:61842ms step_avg:204.10ms
step:314/5100 lr:0.001 train_loss:4.7635 train_time:62003ms step_avg:203.96ms
step:315/5100 lr:0.001 train_loss:4.9556 train_time:62163ms step_avg:203.81ms
step:316/5100 lr:0.001 train_loss:4.6985 train_time:62324ms step_avg:203.67ms
step:317/5100 lr:0.001 train_loss:5.0076 train_time:62486ms step_avg:203.54ms
step:318/5100 lr:0.001 train_loss:5.0358 train_time:62646ms step_avg:203.40ms
step:319/5100 lr:0.001 train_loss:4.8658 train_time:62806ms step_avg:203.26ms
step:320/5100 lr:0.001 train_loss:4.9331 train_time:62967ms step_avg:203.12ms
step:321/5100 lr:0.001 train_loss:4.8204 train_time:63127ms step_avg:202.98ms
step:322/5100 lr:0.001 train_loss:5.1054 train_time:63288ms step_avg:202.85ms
step:323/5100 lr:0.001 train_loss:4.9948 train_time:63448ms step_avg:202.71ms
step:324/5100 lr:0.001 train_loss:4.8800 train_time:63609ms step_avg:202.58ms
step:325/5100 lr:0.001 train_loss:4.9305 train_time:63770ms step_avg:202.44ms
step:326/5100 lr:0.001 train_loss:4.8450 train_time:63930ms step_avg:202.31ms
step:327/5100 lr:0.001 train_loss:4.8837 train_time:64091ms step_avg:202.18ms
step:328/5100 lr:0.001 train_loss:4.9609 train_time:64252ms step_avg:202.05ms
step:329/5100 lr:0.001 train_loss:4.9567 train_time:64413ms step_avg:201.92ms
step:330/5100 lr:0.001 train_loss:4.9192 train_time:64573ms step_avg:201.79ms
step:331/5100 lr:0.001 train_loss:4.8563 train_time:64734ms step_avg:201.66ms
step:332/5100 lr:0.001 train_loss:5.3795 train_time:64895ms step_avg:201.54ms
step:333/5100 lr:0.001 train_loss:4.7955 train_time:65055ms step_avg:201.41ms
step:334/5100 lr:0.001 train_loss:4.8527 train_time:65216ms step_avg:201.28ms
step:335/5100 lr:0.001 train_loss:4.8044 train_time:65376ms step_avg:201.16ms
step:336/5100 lr:0.001 train_loss:5.1041 train_time:65537ms step_avg:201.03ms
step:337/5100 lr:0.001 train_loss:4.8090 train_time:65699ms step_avg:200.92ms
step:338/5100 lr:0.001 train_loss:4.9671 train_time:65859ms step_avg:200.79ms
step:339/5100 lr:0.001 train_loss:4.8416 train_time:66020ms step_avg:200.67ms
step:340/5100 lr:0.001 train_loss:4.6717 train_time:66181ms step_avg:200.55ms
step:341/5100 lr:0.001 train_loss:4.4759 train_time:66341ms step_avg:200.43ms
step:342/5100 lr:0.001 train_loss:4.8255 train_time:66503ms step_avg:200.31ms
step:343/5100 lr:0.001 train_loss:4.9619 train_time:66663ms step_avg:200.19ms
step:344/5100 lr:0.001 train_loss:4.9046 train_time:66824ms step_avg:200.07ms
step:345/5100 lr:0.001 train_loss:4.8568 train_time:66984ms step_avg:199.95ms
step:346/5100 lr:0.001 train_loss:4.8981 train_time:67145ms step_avg:199.84ms
step:347/5100 lr:0.001 train_loss:4.8867 train_time:67307ms step_avg:199.72ms
step:348/5100 lr:0.001 train_loss:4.7086 train_time:67467ms step_avg:199.61ms
step:349/5100 lr:0.001 train_loss:4.8453 train_time:67627ms step_avg:199.49ms
step:350/5100 lr:0.001 train_loss:4.8509 train_time:67788ms step_avg:199.38ms
step:351/5100 lr:0.001 train_loss:4.8050 train_time:67949ms step_avg:199.26ms
step:352/5100 lr:0.001 train_loss:4.7125 train_time:68111ms step_avg:199.15ms
step:353/5100 lr:0.001 train_loss:4.8651 train_time:68271ms step_avg:199.04ms
step:354/5100 lr:0.001 train_loss:4.7541 train_time:68431ms step_avg:198.93ms
step:355/5100 lr:0.001 train_loss:4.6372 train_time:68592ms step_avg:198.82ms
step:356/5100 lr:0.001 train_loss:4.9165 train_time:68752ms step_avg:198.71ms
step:357/5100 lr:0.001 train_loss:4.6895 train_time:68915ms step_avg:198.60ms
step:358/5100 lr:0.001 train_loss:4.7248 train_time:69074ms step_avg:198.49ms
step:359/5100 lr:0.001 train_loss:4.6284 train_time:69235ms step_avg:198.38ms
step:360/5100 lr:0.001 train_loss:4.4957 train_time:69395ms step_avg:198.27ms
step:361/5100 lr:0.001 train_loss:5.2769 train_time:69556ms step_avg:198.16ms
step:362/5100 lr:0.001 train_loss:5.1515 train_time:70689ms step_avg:200.82ms
step:363/5100 lr:0.001 train_loss:4.8088 train_time:70849ms step_avg:200.71ms
step:364/5100 lr:0.001 train_loss:4.5965 train_time:71010ms step_avg:200.59ms
step:365/5100 lr:0.001 train_loss:4.6972 train_time:71171ms step_avg:200.48ms
step:366/5100 lr:0.001 train_loss:4.5910 train_time:71333ms step_avg:200.37ms
step:367/5100 lr:0.001 train_loss:4.8621 train_time:71492ms step_avg:200.26ms
step:368/5100 lr:0.001 train_loss:4.7856 train_time:71653ms step_avg:200.15ms
step:369/5100 lr:0.001 train_loss:4.8453 train_time:71814ms step_avg:200.04ms
step:370/5100 lr:0.001 train_loss:4.7650 train_time:71974ms step_avg:199.93ms
step:371/5100 lr:0.001 train_loss:4.3881 train_time:72135ms step_avg:199.82ms
step:372/5100 lr:0.001 train_loss:4.7269 train_time:72296ms step_avg:199.71ms
step:373/5100 lr:0.001 train_loss:4.7747 train_time:72456ms step_avg:199.60ms
step:374/5100 lr:0.001 train_loss:4.6569 train_time:72617ms step_avg:199.50ms
step:375/5100 lr:0.001 train_loss:4.6933 train_time:72778ms step_avg:199.39ms
step:375/5100 val_loss:4.8066 train_time:72792ms step_avg:199.43ms
step:376/5100 lr:0.001 train_loss:4.6156 train_time:77379ms step_avg:211.42ms
step:377/5100 lr:0.001 train_loss:4.6343 train_time:77539ms step_avg:211.28ms
step:378/5100 lr:0.001 train_loss:4.1234 train_time:77699ms step_avg:211.14ms
step:379/5100 lr:0.001 train_loss:4.3993 train_time:77861ms step_avg:211.01ms
step:380/5100 lr:0.001 train_loss:4.6439 train_time:78230ms step_avg:211.43ms
step:381/5100 lr:0.001 train_loss:4.7645 train_time:78602ms step_avg:211.87ms
step:382/5100 lr:0.001 train_loss:4.8146 train_time:78763ms step_avg:211.73ms
step:383/5100 lr:0.001 train_loss:4.6217 train_time:78923ms step_avg:211.59ms
step:384/5100 lr:0.001 train_loss:4.6183 train_time:79083ms step_avg:211.45ms
step:385/5100 lr:0.001 train_loss:4.5995 train_time:79244ms step_avg:211.32ms
step:386/5100 lr:0.001 train_loss:4.5566 train_time:79406ms step_avg:211.19ms
step:387/5100 lr:0.001 train_loss:4.7913 train_time:79566ms step_avg:211.05ms
step:388/5100 lr:0.001 train_loss:5.1341 train_time:79727ms step_avg:210.92ms
step:389/5100 lr:0.001 train_loss:4.7069 train_time:79887ms step_avg:210.78ms
step:390/5100 lr:0.001 train_loss:4.6045 train_time:80047ms step_avg:210.65ms
step:391/5100 lr:0.001 train_loss:4.6271 train_time:80210ms step_avg:210.52ms
step:392/5100 lr:0.001 train_loss:4.6845 train_time:80369ms step_avg:210.39ms
step:393/5100 lr:0.001 train_loss:4.8368 train_time:80529ms step_avg:210.26ms
step:394/5100 lr:0.001 train_loss:4.5214 train_time:80690ms step_avg:210.13ms
step:395/5100 lr:0.001 train_loss:4.5501 train_time:80850ms step_avg:210.00ms
step:396/5100 lr:0.001 train_loss:4.4002 train_time:81011ms step_avg:209.87ms
step:397/5100 lr:0.001 train_loss:4.7123 train_time:81172ms step_avg:209.75ms
step:398/5100 lr:0.001 train_loss:4.7728 train_time:81333ms step_avg:209.62ms
step:399/5100 lr:0.001 train_loss:4.7688 train_time:81493ms step_avg:209.49ms
step:400/5100 lr:0.001 train_loss:4.5957 train_time:81654ms step_avg:209.37ms
step:401/5100 lr:0.001 train_loss:4.9193 train_time:81816ms step_avg:209.25ms
step:402/5100 lr:0.001 train_loss:4.6603 train_time:81977ms step_avg:209.13ms
step:403/5100 lr:0.001 train_loss:4.8541 train_time:82137ms step_avg:209.00ms
step:404/5100 lr:0.001 train_loss:4.9565 train_time:82297ms step_avg:208.88ms
step:405/5100 lr:0.001 train_loss:4.6203 train_time:82458ms step_avg:208.75ms
step:406/5100 lr:0.001 train_loss:4.6333 train_time:82620ms step_avg:208.64ms
step:407/5100 lr:0.001 train_loss:4.7666 train_time:82780ms step_avg:208.51ms
step:408/5100 lr:0.001 train_loss:4.6646 train_time:82940ms step_avg:208.39ms
step:409/5100 lr:0.001 train_loss:4.5144 train_time:83101ms step_avg:208.27ms
step:410/5100 lr:0.001 train_loss:4.7554 train_time:83261ms step_avg:208.15ms
step:411/5100 lr:0.001 train_loss:4.5072 train_time:83423ms step_avg:208.04ms
step:412/5100 lr:0.001 train_loss:4.5697 train_time:83584ms step_avg:207.92ms
step:413/5100 lr:0.001 train_loss:5.0662 train_time:83743ms step_avg:207.80ms
step:414/5100 lr:0.001 train_loss:4.5570 train_time:83904ms step_avg:207.68ms
step:415/5100 lr:0.001 train_loss:4.6461 train_time:84065ms step_avg:207.57ms
step:416/5100 lr:0.001 train_loss:4.4701 train_time:84225ms step_avg:207.45ms
step:417/5100 lr:0.001 train_loss:4.6237 train_time:84391ms step_avg:207.35ms
step:418/5100 lr:0.001 train_loss:4.7678 train_time:84551ms step_avg:207.23ms
step:419/5100 lr:0.001 train_loss:4.4629 train_time:84708ms step_avg:207.11ms
step:420/5100 lr:0.001 train_loss:4.5632 train_time:84868ms step_avg:207.00ms
step:421/5100 lr:0.001 train_loss:4.4408 train_time:85035ms step_avg:206.90ms
step:422/5100 lr:0.001 train_loss:4.3257 train_time:85191ms step_avg:206.77ms
step:423/5100 lr:0.001 train_loss:4.5520 train_time:85351ms step_avg:206.66ms
step:424/5100 lr:0.001 train_loss:4.4517 train_time:85513ms step_avg:206.55ms
step:425/5100 lr:0.001 train_loss:4.5180 train_time:85674ms step_avg:206.44ms
step:426/5100 lr:0.001 train_loss:4.5054 train_time:85836ms step_avg:206.34ms
step:427/5100 lr:0.001 train_loss:4.4882 train_time:85996ms step_avg:206.22ms
step:428/5100 lr:0.001 train_loss:4.5559 train_time:86156ms step_avg:206.12ms
step:429/5100 lr:0.001 train_loss:4.5463 train_time:86317ms step_avg:206.01ms
step:430/5100 lr:0.001 train_loss:4.5449 train_time:86478ms step_avg:205.90ms
step:431/5100 lr:0.001 train_loss:4.5793 train_time:86640ms step_avg:205.80ms
step:432/5100 lr:0.001 train_loss:4.5732 train_time:86800ms step_avg:205.69ms
step:433/5100 lr:0.001 train_loss:4.4741 train_time:86960ms step_avg:205.58ms
step:434/5100 lr:0.001 train_loss:4.6200 train_time:87121ms step_avg:205.47ms
step:435/5100 lr:0.001 train_loss:4.5488 train_time:87282ms step_avg:205.37ms
step:436/5100 lr:0.001 train_loss:4.6423 train_time:87444ms step_avg:205.27ms
step:437/5100 lr:0.001 train_loss:4.3929 train_time:87605ms step_avg:205.16ms
step:438/5100 lr:0.001 train_loss:4.3918 train_time:87767ms step_avg:205.06ms
step:439/5100 lr:0.001 train_loss:4.5416 train_time:87926ms step_avg:204.96ms
step:440/5100 lr:0.001 train_loss:4.3835 train_time:88086ms step_avg:204.85ms
step:441/5100 lr:0.001 train_loss:4.7893 train_time:88248ms step_avg:204.75ms
step:442/5100 lr:0.001 train_loss:4.4832 train_time:88409ms step_avg:204.65ms
step:443/5100 lr:0.001 train_loss:4.5331 train_time:88569ms step_avg:204.55ms
step:444/5100 lr:0.001 train_loss:4.3541 train_time:88730ms step_avg:204.45ms
step:445/5100 lr:0.001 train_loss:4.4538 train_time:88894ms step_avg:204.35ms
step:446/5100 lr:0.001 train_loss:4.4634 train_time:89052ms step_avg:204.25ms
step:447/5100 lr:0.001 train_loss:4.4662 train_time:89213ms step_avg:204.15ms
step:448/5100 lr:0.001 train_loss:4.5846 train_time:89374ms step_avg:204.05ms
step:449/5100 lr:0.001 train_loss:4.5239 train_time:89533ms step_avg:203.95ms
step:450/5100 lr:0.001 train_loss:4.5271 train_time:89695ms step_avg:203.85ms
step:451/5100 lr:0.001 train_loss:4.5880 train_time:89856ms step_avg:203.76ms
step:452/5100 lr:0.001 train_loss:4.4290 train_time:90017ms step_avg:203.66ms
step:453/5100 lr:0.001 train_loss:4.3228 train_time:90178ms step_avg:203.56ms
step:454/5100 lr:0.001 train_loss:4.2600 train_time:90337ms step_avg:203.46ms
step:455/5100 lr:0.001 train_loss:4.3309 train_time:90499ms step_avg:203.37ms
step:456/5100 lr:0.001 train_loss:4.6018 train_time:90659ms step_avg:203.27ms
step:457/5100 lr:0.001 train_loss:4.5339 train_time:90820ms step_avg:203.18ms
step:458/5100 lr:0.001 train_loss:4.4776 train_time:90980ms step_avg:203.08ms
step:459/5100 lr:0.001 train_loss:4.6270 train_time:91141ms step_avg:202.99ms
step:460/5100 lr:0.001 train_loss:4.3496 train_time:91303ms step_avg:202.89ms
step:461/5100 lr:0.001 train_loss:4.5351 train_time:91463ms step_avg:202.80ms
step:462/5100 lr:0.001 train_loss:4.5060 train_time:91623ms step_avg:202.71ms
step:463/5100 lr:0.001 train_loss:4.4769 train_time:91783ms step_avg:202.61ms
step:464/5100 lr:0.001 train_loss:4.5426 train_time:91944ms step_avg:202.52ms
step:465/5100 lr:0.001 train_loss:4.4443 train_time:92106ms step_avg:202.43ms
step:466/5100 lr:0.001 train_loss:4.4196 train_time:92267ms step_avg:202.34ms
step:467/5100 lr:0.001 train_loss:4.6306 train_time:92426ms step_avg:202.25ms
step:468/5100 lr:0.001 train_loss:4.9135 train_time:92587ms step_avg:202.16ms
step:469/5100 lr:0.001 train_loss:4.4092 train_time:92747ms step_avg:202.06ms
step:470/5100 lr:0.001 train_loss:4.4404 train_time:92909ms step_avg:201.98ms
step:471/5100 lr:0.001 train_loss:4.5723 train_time:93070ms step_avg:201.89ms
step:472/5100 lr:0.001 train_loss:4.4149 train_time:93230ms step_avg:201.80ms
step:473/5100 lr:0.001 train_loss:4.5127 train_time:93390ms step_avg:201.71ms
step:474/5100 lr:0.001 train_loss:4.4214 train_time:93551ms step_avg:201.62ms
step:475/5100 lr:0.001 train_loss:4.2526 train_time:93713ms step_avg:201.53ms
step:476/5100 lr:0.001 train_loss:4.6785 train_time:93874ms step_avg:201.45ms
step:477/5100 lr:0.001 train_loss:4.4337 train_time:94033ms step_avg:201.36ms
step:478/5100 lr:0.001 train_loss:4.4850 train_time:94194ms step_avg:201.27ms
step:479/5100 lr:0.001 train_loss:4.5560 train_time:94354ms step_avg:201.18ms
step:480/5100 lr:0.001 train_loss:4.4408 train_time:94516ms step_avg:201.10ms
step:481/5100 lr:0.001 train_loss:4.4720 train_time:94677ms step_avg:201.01ms
step:482/5100 lr:0.001 train_loss:4.4623 train_time:94837ms step_avg:200.93ms
step:483/5100 lr:0.001 train_loss:4.1957 train_time:94997ms step_avg:200.84ms
step:484/5100 lr:0.001 train_loss:4.3809 train_time:95158ms step_avg:200.75ms
step:485/5100 lr:0.001 train_loss:4.4621 train_time:95319ms step_avg:200.67ms
step:486/5100 lr:0.001 train_loss:4.4859 train_time:95480ms step_avg:200.59ms
step:487/5100 lr:0.001 train_loss:4.2398 train_time:95640ms step_avg:200.50ms
step:488/5100 lr:0.001 train_loss:4.3571 train_time:95801ms step_avg:200.42ms
step:489/5100 lr:0.001 train_loss:4.4384 train_time:95961ms step_avg:200.34ms
step:490/5100 lr:0.001 train_loss:4.5275 train_time:96123ms step_avg:200.26ms
step:491/5100 lr:0.001 train_loss:4.5039 train_time:96284ms step_avg:200.17ms
step:492/5100 lr:0.001 train_loss:4.2810 train_time:96445ms step_avg:200.09ms
step:493/5100 lr:0.001 train_loss:4.7641 train_time:96605ms step_avg:200.01ms
step:494/5100 lr:0.001 train_loss:4.2340 train_time:96766ms step_avg:199.93ms
step:495/5100 lr:0.001 train_loss:4.4557 train_time:96928ms step_avg:199.85ms
step:496/5100 lr:0.001 train_loss:4.4954 train_time:97089ms step_avg:199.77ms
step:497/5100 lr:0.001 train_loss:4.3159 train_time:97249ms step_avg:199.69ms
step:498/5100 lr:0.001 train_loss:4.3530 train_time:97416ms step_avg:199.62ms
step:499/5100 lr:0.001 train_loss:4.4458 train_time:97570ms step_avg:199.53ms
step:500/5100 lr:0.001 train_loss:4.5878 train_time:97731ms step_avg:199.45ms
step:500/5100 val_loss:4.4999 train_time:97746ms step_avg:199.48ms
step:501/5100 lr:0.001 train_loss:4.5110 train_time:101935ms step_avg:207.61ms
step:502/5100 lr:0.001 train_loss:4.3198 train_time:102096ms step_avg:207.51ms
step:503/5100 lr:0.001 train_loss:4.4736 train_time:102255ms step_avg:207.41ms
step:504/5100 lr:0.001 train_loss:4.3915 train_time:102416ms step_avg:207.32ms
step:505/5100 lr:0.001 train_loss:4.4704 train_time:102577ms step_avg:207.23ms
step:506/5100 lr:0.001 train_loss:4.4480 train_time:102739ms step_avg:207.13ms
step:507/5100 lr:0.001 train_loss:4.3059 train_time:102899ms step_avg:207.04ms
step:508/5100 lr:0.001 train_loss:4.5230 train_time:103059ms step_avg:206.95ms
step:509/5100 lr:0.001 train_loss:4.7349 train_time:103220ms step_avg:206.85ms
step:510/5100 lr:0.001 train_loss:4.3867 train_time:103382ms step_avg:206.76ms
step:511/5100 lr:0.001 train_loss:4.4080 train_time:103544ms step_avg:206.68ms
step:512/5100 lr:0.001 train_loss:4.3419 train_time:103704ms step_avg:206.58ms
step:513/5100 lr:0.001 train_loss:4.4419 train_time:103865ms step_avg:206.49ms
step:514/5100 lr:0.001 train_loss:4.5139 train_time:104026ms step_avg:206.40ms
step:515/5100 lr:0.001 train_loss:4.4043 train_time:104186ms step_avg:206.31ms
step:516/5100 lr:0.001 train_loss:4.4731 train_time:104349ms step_avg:206.22ms
step:517/5100 lr:0.001 train_loss:4.5786 train_time:104509ms step_avg:206.13ms
step:518/5100 lr:0.001 train_loss:4.2555 train_time:104670ms step_avg:206.04ms
step:519/5100 lr:0.001 train_loss:4.5459 train_time:104830ms step_avg:205.95ms
step:520/5100 lr:0.001 train_loss:4.5675 train_time:104991ms step_avg:205.86ms
step:521/5100 lr:0.001 train_loss:4.4662 train_time:105153ms step_avg:205.78ms
step:522/5100 lr:0.001 train_loss:4.2329 train_time:105313ms step_avg:205.69ms
step:523/5100 lr:0.001 train_loss:4.3742 train_time:105473ms step_avg:205.60ms
step:524/5100 lr:0.001 train_loss:5.7135 train_time:105634ms step_avg:205.51ms
step:525/5100 lr:0.001 train_loss:4.2846 train_time:105795ms step_avg:205.43ms
step:526/5100 lr:0.001 train_loss:4.5741 train_time:105957ms step_avg:205.34ms
step:527/5100 lr:0.001 train_loss:4.2988 train_time:106116ms step_avg:205.25ms
step:528/5100 lr:0.001 train_loss:4.1633 train_time:106277ms step_avg:205.17ms
step:529/5100 lr:0.001 train_loss:4.3914 train_time:106437ms step_avg:205.08ms
step:530/5100 lr:0.001 train_loss:4.5713 train_time:106599ms step_avg:205.00ms
step:531/5100 lr:0.001 train_loss:4.3230 train_time:106760ms step_avg:204.91ms
step:532/5100 lr:0.001 train_loss:4.4728 train_time:106920ms step_avg:204.83ms
step:533/5100 lr:0.001 train_loss:4.5168 train_time:107080ms step_avg:204.74ms
step:534/5100 lr:0.001 train_loss:4.2953 train_time:107241ms step_avg:204.66ms
step:535/5100 lr:0.001 train_loss:4.3195 train_time:107403ms step_avg:204.58ms
step:536/5100 lr:0.001 train_loss:4.2097 train_time:107564ms step_avg:204.49ms
step:537/5100 lr:0.001 train_loss:4.2969 train_time:107724ms step_avg:204.41ms
step:538/5100 lr:0.001 train_loss:4.3458 train_time:107884ms step_avg:204.33ms
step:539/5100 lr:0.001 train_loss:4.2854 train_time:108045ms step_avg:204.24ms
step:540/5100 lr:0.001 train_loss:5.0236 train_time:108206ms step_avg:204.16ms
step:541/5100 lr:0.001 train_loss:4.3401 train_time:108367ms step_avg:204.08ms
step:542/5100 lr:0.001 train_loss:4.5685 train_time:108527ms step_avg:204.00ms
step:543/5100 lr:0.001 train_loss:4.2126 train_time:108687ms step_avg:203.92ms
step:544/5100 lr:0.001 train_loss:4.4333 train_time:108848ms step_avg:203.84ms
step:545/5100 lr:0.001 train_loss:4.4801 train_time:109010ms step_avg:203.76ms
step:546/5100 lr:0.001 train_loss:4.2257 train_time:109171ms step_avg:203.68ms
step:547/5100 lr:0.001 train_loss:4.4638 train_time:109331ms step_avg:203.60ms
step:548/5100 lr:0.001 train_loss:4.3611 train_time:109491ms step_avg:203.52ms
step:549/5100 lr:0.001 train_loss:4.4085 train_time:109652ms step_avg:203.44ms
step:550/5100 lr:0.001 train_loss:4.3383 train_time:109813ms step_avg:203.36ms
step:551/5100 lr:0.001 train_loss:4.2590 train_time:109975ms step_avg:203.28ms
step:552/5100 lr:0.001 train_loss:4.3017 train_time:110134ms step_avg:203.20ms
step:553/5100 lr:0.001 train_loss:4.2737 train_time:110295ms step_avg:203.12ms
step:554/5100 lr:0.001 train_loss:4.5499 train_time:110455ms step_avg:203.04ms
step:555/5100 lr:0.001 train_loss:4.3194 train_time:110617ms step_avg:202.97ms
step:556/5100 lr:0.001 train_loss:4.4109 train_time:110779ms step_avg:202.89ms
step:557/5100 lr:0.001 train_loss:4.3331 train_time:110938ms step_avg:202.81ms
step:558/5100 lr:0.001 train_loss:3.9414 train_time:111099ms step_avg:202.74ms
step:559/5100 lr:0.001 train_loss:4.2952 train_time:111260ms step_avg:202.66ms
step:560/5100 lr:0.001 train_loss:4.3813 train_time:111423ms step_avg:202.59ms
step:561/5100 lr:0.001 train_loss:4.4418 train_time:111584ms step_avg:202.51ms
step:562/5100 lr:0.001 train_loss:4.2455 train_time:111744ms step_avg:202.43ms
step:563/5100 lr:0.001 train_loss:4.2024 train_time:111905ms step_avg:202.36ms
step:564/5100 lr:0.001 train_loss:4.4676 train_time:112065ms step_avg:202.28ms
step:565/5100 lr:0.001 train_loss:4.1402 train_time:112227ms step_avg:202.21ms
step:566/5100 lr:0.001 train_loss:4.3526 train_time:112387ms step_avg:202.13ms
step:567/5100 lr:0.001 train_loss:4.2559 train_time:112548ms step_avg:202.06ms
step:568/5100 lr:0.001 train_loss:4.2521 train_time:112709ms step_avg:201.99ms
step:569/5100 lr:0.001 train_loss:4.1672 train_time:112870ms step_avg:201.91ms
step:570/5100 lr:0.001 train_loss:4.2370 train_time:113242ms step_avg:202.22ms
step:571/5100 lr:0.001 train_loss:4.2920 train_time:113402ms step_avg:202.14ms
step:572/5100 lr:0.001 train_loss:4.1447 train_time:113771ms step_avg:202.44ms
step:573/5100 lr:0.001 train_loss:4.1596 train_time:113932ms step_avg:202.37ms
step:574/5100 lr:0.001 train_loss:4.2201 train_time:114093ms step_avg:202.29ms
step:575/5100 lr:0.001 train_loss:4.6963 train_time:114254ms step_avg:202.22ms
step:576/5100 lr:0.001 train_loss:4.1767 train_time:114414ms step_avg:202.15ms
step:577/5100 lr:0.001 train_loss:4.2310 train_time:114577ms step_avg:202.08ms
step:578/5100 lr:0.001 train_loss:4.5686 train_time:114736ms step_avg:202.00ms
step:579/5100 lr:0.001 train_loss:4.2024 train_time:114897ms step_avg:201.93ms
step:580/5100 lr:0.001 train_loss:4.2126 train_time:115057ms step_avg:201.85ms
step:581/5100 lr:0.001 train_loss:4.5289 train_time:115218ms step_avg:201.78ms
step:582/5100 lr:0.001 train_loss:4.5152 train_time:115378ms step_avg:201.71ms
step:583/5100 lr:0.001 train_loss:4.5447 train_time:115539ms step_avg:201.64ms
step:584/5100 lr:0.001 train_loss:4.4412 train_time:115700ms step_avg:201.57ms
step:585/5100 lr:0.001 train_loss:4.2992 train_time:115860ms step_avg:201.50ms
step:586/5100 lr:0.001 train_loss:4.2906 train_time:116021ms step_avg:201.43ms
step:587/5100 lr:0.001 train_loss:4.3179 train_time:116182ms step_avg:201.35ms
step:588/5100 lr:0.001 train_loss:4.9397 train_time:116342ms step_avg:201.28ms
step:589/5100 lr:0.001 train_loss:4.0889 train_time:116503ms step_avg:201.21ms
step:590/5100 lr:0.001 train_loss:4.4817 train_time:116664ms step_avg:201.14ms
step:591/5100 lr:0.001 train_loss:4.4785 train_time:116824ms step_avg:201.07ms
step:592/5100 lr:0.001 train_loss:4.0807 train_time:116986ms step_avg:201.01ms
step:593/5100 lr:0.001 train_loss:4.2077 train_time:117148ms step_avg:200.94ms
step:594/5100 lr:0.001 train_loss:4.4787 train_time:117307ms step_avg:200.87ms
step:595/5100 lr:0.001 train_loss:4.1869 train_time:117468ms step_avg:200.80ms
step:596/5100 lr:0.001 train_loss:4.3428 train_time:117628ms step_avg:200.73ms
step:597/5100 lr:0.001 train_loss:4.3249 train_time:117789ms step_avg:200.66ms
step:598/5100 lr:0.001 train_loss:4.2816 train_time:117951ms step_avg:200.60ms
step:599/5100 lr:0.001 train_loss:4.2688 train_time:118111ms step_avg:200.53ms
step:600/5100 lr:0.001 train_loss:4.3671 train_time:118272ms step_avg:200.46ms
step:601/5100 lr:0.001 train_loss:4.2188 train_time:118432ms step_avg:200.39ms
step:602/5100 lr:0.001 train_loss:4.1250 train_time:118593ms step_avg:200.33ms
step:603/5100 lr:0.001 train_loss:4.2672 train_time:118755ms step_avg:200.26ms
step:604/5100 lr:0.001 train_loss:4.2695 train_time:118915ms step_avg:200.19ms
step:605/5100 lr:0.001 train_loss:4.3365 train_time:119075ms step_avg:200.13ms
step:606/5100 lr:0.001 train_loss:4.7988 train_time:119236ms step_avg:200.06ms
step:607/5100 lr:0.001 train_loss:4.6097 train_time:119397ms step_avg:200.00ms
step:608/5100 lr:0.001 train_loss:4.4135 train_time:119558ms step_avg:199.93ms
step:609/5100 lr:0.001 train_loss:4.3201 train_time:119718ms step_avg:199.86ms
step:610/5100 lr:0.001 train_loss:4.2934 train_time:119878ms step_avg:199.80ms
step:611/5100 lr:0.001 train_loss:4.2159 train_time:120039ms step_avg:199.73ms
step:612/5100 lr:0.001 train_loss:4.1371 train_time:120200ms step_avg:199.67ms
step:613/5100 lr:0.001 train_loss:4.3818 train_time:120361ms step_avg:199.60ms
step:614/5100 lr:0.001 train_loss:4.1222 train_time:120521ms step_avg:199.54ms
step:615/5100 lr:0.001 train_loss:4.2167 train_time:120682ms step_avg:199.47ms
step:616/5100 lr:0.001 train_loss:4.1943 train_time:120842ms step_avg:199.41ms
step:617/5100 lr:0.001 train_loss:4.4412 train_time:121004ms step_avg:199.35ms
step:618/5100 lr:0.001 train_loss:4.1704 train_time:121165ms step_avg:199.28ms
step:619/5100 lr:0.001 train_loss:4.2115 train_time:121325ms step_avg:199.22ms
step:620/5100 lr:0.001 train_loss:4.4759 train_time:121486ms step_avg:199.16ms
step:621/5100 lr:0.001 train_loss:4.2784 train_time:121646ms step_avg:199.09ms
step:622/5100 lr:0.001 train_loss:4.2063 train_time:121808ms step_avg:199.03ms
step:623/5100 lr:0.001 train_loss:4.2243 train_time:121969ms step_avg:198.97ms
step:624/5100 lr:0.001 train_loss:4.3754 train_time:122129ms step_avg:198.91ms
step:625/5100 lr:0.001 train_loss:4.3621 train_time:122290ms step_avg:198.85ms
step:625/5100 val_loss:4.3277 train_time:122305ms step_avg:198.87ms
step:626/5100 lr:0.001 train_loss:4.3142 train_time:126444ms step_avg:205.27ms
step:627/5100 lr:0.001 train_loss:4.2825 train_time:126604ms step_avg:205.19ms
step:628/5100 lr:0.001 train_loss:4.1300 train_time:126765ms step_avg:205.12ms
step:629/5100 lr:0.001 train_loss:4.3052 train_time:126927ms step_avg:205.05ms
step:630/5100 lr:0.001 train_loss:4.1003 train_time:127086ms step_avg:204.98ms
step:631/5100 lr:0.001 train_loss:4.2259 train_time:127247ms step_avg:204.91ms
step:632/5100 lr:0.001 train_loss:4.0779 train_time:127407ms step_avg:204.83ms
step:633/5100 lr:0.001 train_loss:4.2642 train_time:127569ms step_avg:204.77ms
step:634/5100 lr:0.001 train_loss:4.3112 train_time:127730ms step_avg:204.69ms
step:635/5100 lr:0.001 train_loss:4.1994 train_time:127889ms step_avg:204.62ms
step:636/5100 lr:0.001 train_loss:4.0417 train_time:128050ms step_avg:204.55ms
step:637/5100 lr:0.001 train_loss:4.2802 train_time:128210ms step_avg:204.48ms
step:638/5100 lr:0.001 train_loss:4.0215 train_time:128372ms step_avg:204.41ms
step:639/5100 lr:0.001 train_loss:4.1032 train_time:128533ms step_avg:204.34ms
step:640/5100 lr:0.001 train_loss:4.1945 train_time:128694ms step_avg:204.28ms
step:641/5100 lr:0.001 train_loss:4.1929 train_time:128854ms step_avg:204.21ms
step:642/5100 lr:0.001 train_loss:4.0642 train_time:129014ms step_avg:204.14ms
step:643/5100 lr:0.001 train_loss:4.6320 train_time:129176ms step_avg:204.07ms
step:644/5100 lr:0.001 train_loss:4.1635 train_time:129337ms step_avg:204.00ms
step:645/5100 lr:0.001 train_loss:4.1646 train_time:129497ms step_avg:203.93ms
step:646/5100 lr:0.001 train_loss:4.1490 train_time:129658ms step_avg:203.86ms
step:647/5100 lr:0.001 train_loss:4.0969 train_time:129821ms step_avg:203.80ms
step:648/5100 lr:0.001 train_loss:4.2257 train_time:129980ms step_avg:203.73ms
step:649/5100 lr:0.001 train_loss:4.5910 train_time:130141ms step_avg:203.66ms
step:650/5100 lr:0.001 train_loss:4.3421 train_time:130300ms step_avg:203.59ms
step:651/5100 lr:0.001 train_loss:4.0486 train_time:130461ms step_avg:203.53ms
step:652/5100 lr:0.001 train_loss:3.9118 train_time:130622ms step_avg:203.46ms
step:653/5100 lr:0.001 train_loss:4.2947 train_time:130784ms step_avg:203.40ms
step:654/5100 lr:0.001 train_loss:4.1785 train_time:130944ms step_avg:203.33ms
step:655/5100 lr:0.001 train_loss:4.3306 train_time:131105ms step_avg:203.26ms
step:656/5100 lr:0.001 train_loss:4.4210 train_time:131265ms step_avg:203.20ms
step:657/5100 lr:0.001 train_loss:4.5017 train_time:131426ms step_avg:203.13ms
step:658/5100 lr:0.001 train_loss:4.2117 train_time:131587ms step_avg:203.07ms
step:659/5100 lr:0.001 train_loss:4.1524 train_time:131747ms step_avg:203.00ms
step:660/5100 lr:0.001 train_loss:4.2440 train_time:131908ms step_avg:202.94ms
step:661/5100 lr:0.001 train_loss:4.2927 train_time:132069ms step_avg:202.87ms
step:662/5100 lr:0.001 train_loss:4.3493 train_time:132229ms step_avg:202.81ms
step:663/5100 lr:0.001 train_loss:4.1166 train_time:132390ms step_avg:202.74ms
step:664/5100 lr:0.001 train_loss:4.2561 train_time:132551ms step_avg:202.68ms
step:665/5100 lr:0.001 train_loss:4.2234 train_time:132711ms step_avg:202.61ms
step:666/5100 lr:0.001 train_loss:4.1445 train_time:132872ms step_avg:202.55ms
step:667/5100 lr:0.001 train_loss:4.2561 train_time:133033ms step_avg:202.49ms
step:668/5100 lr:0.001 train_loss:4.3387 train_time:133193ms step_avg:202.42ms
step:669/5100 lr:0.001 train_loss:4.2125 train_time:133356ms step_avg:202.36ms
step:670/5100 lr:0.001 train_loss:4.1908 train_time:133515ms step_avg:202.30ms
step:671/5100 lr:0.001 train_loss:4.3583 train_time:133676ms step_avg:202.23ms
step:672/5100 lr:0.001 train_loss:4.1425 train_time:133836ms step_avg:202.17ms
step:673/5100 lr:0.001 train_loss:4.0905 train_time:133997ms step_avg:202.11ms
step:674/5100 lr:0.001 train_loss:4.3637 train_time:134158ms step_avg:202.05ms
step:675/5100 lr:0.001 train_loss:4.3425 train_time:134319ms step_avg:201.98ms
step:676/5100 lr:0.001 train_loss:4.4041 train_time:134479ms step_avg:201.92ms
step:677/5100 lr:0.001 train_loss:4.1268 train_time:134640ms step_avg:201.86ms
step:678/5100 lr:0.001 train_loss:4.1603 train_time:134803ms step_avg:201.80ms
step:679/5100 lr:0.001 train_loss:4.1143 train_time:134963ms step_avg:201.74ms
step:680/5100 lr:0.001 train_loss:4.2545 train_time:135124ms step_avg:201.68ms
step:681/5100 lr:0.001 train_loss:4.1787 train_time:135284ms step_avg:201.62ms
step:682/5100 lr:0.001 train_loss:4.3824 train_time:135445ms step_avg:201.55ms
step:683/5100 lr:0.001 train_loss:4.1361 train_time:135606ms step_avg:201.50ms
step:684/5100 lr:0.001 train_loss:4.0710 train_time:135767ms step_avg:201.44ms
step:685/5100 lr:0.001 train_loss:4.4251 train_time:135930ms step_avg:201.38ms
step:686/5100 lr:0.001 train_loss:4.0671 train_time:136090ms step_avg:201.32ms
step:687/5100 lr:0.001 train_loss:4.3149 train_time:136251ms step_avg:201.26ms
step:688/5100 lr:0.001 train_loss:4.2488 train_time:136414ms step_avg:201.20ms
step:689/5100 lr:0.001 train_loss:4.1285 train_time:136573ms step_avg:201.14ms
step:690/5100 lr:0.001 train_loss:4.2024 train_time:136732ms step_avg:201.08ms
step:691/5100 lr:0.001 train_loss:4.2393 train_time:136893ms step_avg:201.02ms
step:692/5100 lr:0.001 train_loss:4.2573 train_time:137054ms step_avg:200.96ms
step:693/5100 lr:0.001 train_loss:4.3525 train_time:137215ms step_avg:200.90ms
step:694/5100 lr:0.001 train_loss:3.8669 train_time:137376ms step_avg:200.84ms
step:695/5100 lr:0.001 train_loss:4.1066 train_time:137536ms step_avg:200.78ms
step:696/5100 lr:0.001 train_loss:4.1695 train_time:137697ms step_avg:200.72ms
step:697/5100 lr:0.001 train_loss:3.9398 train_time:137857ms step_avg:200.67ms
step:698/5100 lr:0.001 train_loss:4.3240 train_time:138018ms step_avg:200.61ms
step:699/5100 lr:0.001 train_loss:4.1994 train_time:138179ms step_avg:200.55ms
step:700/5100 lr:0.001 train_loss:4.2555 train_time:138339ms step_avg:200.49ms
step:701/5100 lr:0.001 train_loss:4.1105 train_time:138499ms step_avg:200.43ms
step:702/5100 lr:0.001 train_loss:4.1299 train_time:138660ms step_avg:200.38ms
step:703/5100 lr:0.001 train_loss:3.4851 train_time:138821ms step_avg:200.32ms
step:704/5100 lr:0.001 train_loss:4.1710 train_time:138983ms step_avg:200.26ms
step:705/5100 lr:0.001 train_loss:4.1002 train_time:139143ms step_avg:200.21ms
step:706/5100 lr:0.001 train_loss:4.3062 train_time:139304ms step_avg:200.15ms
step:707/5100 lr:0.001 train_loss:4.0975 train_time:139464ms step_avg:200.09ms
step:708/5100 lr:0.001 train_loss:4.1356 train_time:139626ms step_avg:200.04ms
step:709/5100 lr:0.001 train_loss:4.0920 train_time:139786ms step_avg:199.98ms
step:710/5100 lr:0.001 train_loss:4.1439 train_time:139946ms step_avg:199.92ms
step:711/5100 lr:0.001 train_loss:4.3369 train_time:140107ms step_avg:199.87ms
step:712/5100 lr:0.001 train_loss:4.2504 train_time:140268ms step_avg:199.81ms
step:713/5100 lr:0.001 train_loss:4.1406 train_time:140430ms step_avg:199.76ms
step:714/5100 lr:0.001 train_loss:4.1978 train_time:140589ms step_avg:199.70ms
step:715/5100 lr:0.001 train_loss:4.2542 train_time:140750ms step_avg:199.65ms
step:716/5100 lr:0.001 train_loss:3.9280 train_time:140911ms step_avg:199.59ms
step:717/5100 lr:0.001 train_loss:4.4061 train_time:141071ms step_avg:199.53ms
step:718/5100 lr:0.001 train_loss:4.3255 train_time:141234ms step_avg:199.48ms
step:719/5100 lr:0.001 train_loss:4.1244 train_time:141394ms step_avg:199.43ms
step:720/5100 lr:0.001 train_loss:4.3257 train_time:141555ms step_avg:199.37ms
step:721/5100 lr:0.001 train_loss:4.2953 train_time:141715ms step_avg:199.32ms
step:722/5100 lr:0.001 train_loss:3.9573 train_time:141876ms step_avg:199.26ms
step:723/5100 lr:0.001 train_loss:4.4055 train_time:142039ms step_avg:199.21ms
step:724/5100 lr:0.001 train_loss:4.1374 train_time:142199ms step_avg:199.16ms
step:725/5100 lr:0.001 train_loss:4.1066 train_time:142359ms step_avg:199.10ms
step:726/5100 lr:0.001 train_loss:4.2665 train_time:142520ms step_avg:199.05ms
step:727/5100 lr:0.001 train_loss:4.1427 train_time:142681ms step_avg:199.00ms
step:728/5100 lr:0.001 train_loss:4.0943 train_time:142847ms step_avg:198.95ms
step:729/5100 lr:0.001 train_loss:4.0290 train_time:143002ms step_avg:198.89ms
step:730/5100 lr:0.001 train_loss:3.9130 train_time:143162ms step_avg:198.84ms
step:731/5100 lr:0.001 train_loss:4.1720 train_time:143323ms step_avg:198.78ms
step:732/5100 lr:0.001 train_loss:4.0478 train_time:143484ms step_avg:198.73ms
step:733/5100 lr:0.001 train_loss:4.1598 train_time:143645ms step_avg:198.68ms
step:734/5100 lr:0.001 train_loss:4.2544 train_time:143805ms step_avg:198.63ms
step:735/5100 lr:0.001 train_loss:3.9890 train_time:143966ms step_avg:198.57ms
step:736/5100 lr:0.001 train_loss:4.2593 train_time:144126ms step_avg:198.52ms
step:737/5100 lr:0.001 train_loss:4.0820 train_time:144286ms step_avg:198.47ms
step:738/5100 lr:0.001 train_loss:4.3022 train_time:144448ms step_avg:198.42ms
step:739/5100 lr:0.001 train_loss:4.1975 train_time:144608ms step_avg:198.37ms
step:740/5100 lr:0.001 train_loss:4.2405 train_time:144769ms step_avg:198.31ms
step:741/5100 lr:0.001 train_loss:4.2341 train_time:144930ms step_avg:198.26ms
step:742/5100 lr:0.001 train_loss:4.1879 train_time:145090ms step_avg:198.21ms
step:743/5100 lr:0.001 train_loss:4.2395 train_time:145253ms step_avg:198.16ms
step:744/5100 lr:0.001 train_loss:3.9952 train_time:145412ms step_avg:198.11ms
step:745/5100 lr:0.001 train_loss:4.3082 train_time:145573ms step_avg:198.06ms
step:746/5100 lr:0.001 train_loss:4.0932 train_time:145733ms step_avg:198.01ms
step:747/5100 lr:0.001 train_loss:4.0935 train_time:145895ms step_avg:197.96ms
step:748/5100 lr:0.001 train_loss:4.2345 train_time:146055ms step_avg:197.91ms
step:749/5100 lr:0.001 train_loss:4.1520 train_time:146216ms step_avg:197.86ms
step:750/5100 lr:0.001 train_loss:4.1274 train_time:146376ms step_avg:197.81ms
step:750/5100 val_loss:4.2254 train_time:146391ms step_avg:197.83ms
step:751/5100 lr:0.001 train_loss:4.1090 train_time:150632ms step_avg:203.28ms
step:752/5100 lr:0.001 train_loss:4.3300 train_time:150794ms step_avg:203.23ms
step:753/5100 lr:0.001 train_loss:4.0854 train_time:150954ms step_avg:203.17ms
step:754/5100 lr:0.001 train_loss:4.1982 train_time:151114ms step_avg:203.11ms
step:755/5100 lr:0.001 train_loss:4.1889 train_time:151274ms step_avg:203.05ms
step:756/5100 lr:0.001 train_loss:4.1504 train_time:151435ms step_avg:203.00ms
step:757/5100 lr:0.001 train_loss:4.2035 train_time:151596ms step_avg:202.94ms
step:758/5100 lr:0.001 train_loss:4.1026 train_time:151756ms step_avg:202.88ms
step:759/5100 lr:0.001 train_loss:4.1965 train_time:151917ms step_avg:202.83ms
step:760/5100 lr:0.001 train_loss:4.1803 train_time:152287ms step_avg:203.05ms
step:761/5100 lr:0.001 train_loss:4.1224 train_time:152447ms step_avg:202.99ms
step:762/5100 lr:0.001 train_loss:4.4386 train_time:152818ms step_avg:203.22ms
step:763/5100 lr:0.001 train_loss:4.0093 train_time:152979ms step_avg:203.16ms
step:764/5100 lr:0.001 train_loss:4.2553 train_time:153139ms step_avg:203.10ms
step:765/5100 lr:0.001 train_loss:4.0364 train_time:153301ms step_avg:203.05ms
step:766/5100 lr:0.001 train_loss:3.8802 train_time:153462ms step_avg:202.99ms
step:767/5100 lr:0.001 train_loss:4.3953 train_time:153621ms step_avg:202.93ms
step:768/5100 lr:0.001 train_loss:4.2875 train_time:153781ms step_avg:202.88ms
step:769/5100 lr:0.001 train_loss:4.1452 train_time:153942ms step_avg:202.82ms
step:770/5100 lr:0.001 train_loss:4.0910 train_time:154103ms step_avg:202.77ms
step:771/5100 lr:0.001 train_loss:4.2669 train_time:154263ms step_avg:202.71ms
step:772/5100 lr:0.001 train_loss:4.2406 train_time:154423ms step_avg:202.66ms
step:773/5100 lr:0.001 train_loss:4.5321 train_time:154584ms step_avg:202.60ms
step:774/5100 lr:0.001 train_loss:4.0103 train_time:154744ms step_avg:202.54ms
step:775/5100 lr:0.001 train_loss:4.1420 train_time:154905ms step_avg:202.49ms
step:776/5100 lr:0.001 train_loss:4.2471 train_time:155065ms step_avg:202.44ms
step:777/5100 lr:0.001 train_loss:4.1780 train_time:155227ms step_avg:202.38ms
step:778/5100 lr:0.001 train_loss:4.1770 train_time:155387ms step_avg:202.33ms
step:779/5100 lr:0.001 train_loss:3.9847 train_time:155547ms step_avg:202.27ms
step:780/5100 lr:0.001 train_loss:4.1345 train_time:155707ms step_avg:202.22ms
step:781/5100 lr:0.001 train_loss:4.0884 train_time:155868ms step_avg:202.16ms
step:782/5100 lr:0.001 train_loss:4.2456 train_time:156029ms step_avg:202.11ms
step:783/5100 lr:0.001 train_loss:4.2150 train_time:156189ms step_avg:202.06ms
step:784/5100 lr:0.001 train_loss:4.0799 train_time:156350ms step_avg:202.00ms
step:785/5100 lr:0.001 train_loss:4.1659 train_time:156511ms step_avg:201.95ms
step:786/5100 lr:0.001 train_loss:4.1309 train_time:156671ms step_avg:201.90ms
step:787/5100 lr:0.001 train_loss:4.0001 train_time:156831ms step_avg:201.84ms
step:788/5100 lr:0.001 train_loss:3.9872 train_time:156992ms step_avg:201.79ms
step:789/5100 lr:0.001 train_loss:4.4654 train_time:157152ms step_avg:201.74ms
step:790/5100 lr:0.001 train_loss:3.9540 train_time:157315ms step_avg:201.69ms
step:791/5100 lr:0.001 train_loss:4.1512 train_time:157475ms step_avg:201.63ms
step:792/5100 lr:0.001 train_loss:4.1911 train_time:157635ms step_avg:201.58ms
step:793/5100 lr:0.001 train_loss:4.1003 train_time:157796ms step_avg:201.53ms
step:794/5100 lr:0.001 train_loss:4.0662 train_time:157956ms step_avg:201.47ms
step:795/5100 lr:0.001 train_loss:3.9387 train_time:158118ms step_avg:201.42ms
step:796/5100 lr:0.001 train_loss:4.0958 train_time:158278ms step_avg:201.37ms
step:797/5100 lr:0.001 train_loss:4.0932 train_time:158438ms step_avg:201.32ms
step:798/5100 lr:0.001 train_loss:4.1116 train_time:158598ms step_avg:201.27ms
step:799/5100 lr:0.001 train_loss:4.0675 train_time:158759ms step_avg:201.22ms
step:800/5100 lr:0.001 train_loss:4.2341 train_time:158921ms step_avg:201.17ms
step:801/5100 lr:0.001 train_loss:4.0991 train_time:159082ms step_avg:201.11ms
step:802/5100 lr:0.001 train_loss:4.1473 train_time:159241ms step_avg:201.06ms
step:803/5100 lr:0.001 train_loss:4.1726 train_time:159402ms step_avg:201.01ms
step:804/5100 lr:0.001 train_loss:4.2333 train_time:159562ms step_avg:200.96ms
step:805/5100 lr:0.001 train_loss:4.2365 train_time:159724ms step_avg:200.91ms
step:806/5100 lr:0.001 train_loss:4.1567 train_time:159885ms step_avg:200.86ms
step:807/5100 lr:0.001 train_loss:4.0197 train_time:160044ms step_avg:200.81ms
step:808/5100 lr:0.001 train_loss:3.8783 train_time:160205ms step_avg:200.76ms
step:809/5100 lr:0.001 train_loss:4.1545 train_time:160365ms step_avg:200.71ms
step:810/5100 lr:0.001 train_loss:4.1386 train_time:160526ms step_avg:200.66ms
step:811/5100 lr:0.001 train_loss:4.0053 train_time:160686ms step_avg:200.61ms
step:812/5100 lr:0.001 train_loss:4.0745 train_time:160847ms step_avg:200.56ms
step:813/5100 lr:0.001 train_loss:4.2027 train_time:161007ms step_avg:200.51ms
step:814/5100 lr:0.001 train_loss:4.1483 train_time:161168ms step_avg:200.46ms
step:815/5100 lr:0.001 train_loss:4.1517 train_time:161330ms step_avg:200.41ms
step:816/5100 lr:0.001 train_loss:4.1072 train_time:161490ms step_avg:200.36ms
step:817/5100 lr:0.001 train_loss:4.0610 train_time:161650ms step_avg:200.31ms
step:818/5100 lr:0.001 train_loss:4.1304 train_time:161810ms step_avg:200.26ms
step:819/5100 lr:0.001 train_loss:4.5507 train_time:161971ms step_avg:200.21ms
step:820/5100 lr:0.001 train_loss:4.0989 train_time:162132ms step_avg:200.16ms
step:821/5100 lr:0.001 train_loss:4.3650 train_time:162293ms step_avg:200.11ms
step:822/5100 lr:0.001 train_loss:3.9573 train_time:162453ms step_avg:200.07ms
step:823/5100 lr:0.001 train_loss:4.0845 train_time:162614ms step_avg:200.02ms
step:824/5100 lr:0.001 train_loss:4.3234 train_time:162776ms step_avg:199.97ms
step:825/5100 lr:0.001 train_loss:4.0944 train_time:162937ms step_avg:199.92ms
step:826/5100 lr:0.001 train_loss:3.9838 train_time:163097ms step_avg:199.87ms
step:827/5100 lr:0.001 train_loss:4.2075 train_time:163257ms step_avg:199.82ms
step:828/5100 lr:0.001 train_loss:4.0363 train_time:163418ms step_avg:199.78ms
step:829/5100 lr:0.001 train_loss:4.4941 train_time:163578ms step_avg:199.73ms
step:830/5100 lr:0.001 train_loss:4.0514 train_time:163740ms step_avg:199.68ms
step:831/5100 lr:0.001 train_loss:4.2346 train_time:163899ms step_avg:199.63ms
step:832/5100 lr:0.001 train_loss:4.0550 train_time:164060ms step_avg:199.59ms
step:833/5100 lr:0.001 train_loss:4.0511 train_time:164220ms step_avg:199.54ms
step:834/5100 lr:0.001 train_loss:4.0101 train_time:164381ms step_avg:199.49ms
step:835/5100 lr:0.001 train_loss:4.1311 train_time:164542ms step_avg:199.44ms
step:836/5100 lr:0.001 train_loss:3.9734 train_time:164702ms step_avg:199.40ms
step:837/5100 lr:0.001 train_loss:3.9235 train_time:164862ms step_avg:199.35ms
step:838/5100 lr:0.001 train_loss:4.2903 train_time:165023ms step_avg:199.30ms
step:839/5100 lr:0.001 train_loss:4.0148 train_time:165183ms step_avg:199.26ms
step:840/5100 lr:0.001 train_loss:4.1040 train_time:165345ms step_avg:199.21ms
step:841/5100 lr:0.001 train_loss:3.9986 train_time:165504ms step_avg:199.16ms
step:842/5100 lr:0.001 train_loss:4.0757 train_time:165665ms step_avg:199.12ms
step:843/5100 lr:0.001 train_loss:4.2443 train_time:165825ms step_avg:199.07ms
step:844/5100 lr:0.001 train_loss:4.1351 train_time:165986ms step_avg:199.02ms
step:845/5100 lr:0.001 train_loss:4.0038 train_time:166147ms step_avg:198.98ms
step:846/5100 lr:0.001 train_loss:4.0669 train_time:166307ms step_avg:198.93ms
step:847/5100 lr:0.001 train_loss:4.1679 train_time:166472ms step_avg:198.89ms
step:848/5100 lr:0.001 train_loss:4.0054 train_time:166632ms step_avg:198.85ms
step:849/5100 lr:0.001 train_loss:3.9722 train_time:166793ms step_avg:198.80ms
step:850/5100 lr:0.001 train_loss:4.1463 train_time:166955ms step_avg:198.76ms
step:851/5100 lr:0.001 train_loss:4.0252 train_time:167115ms step_avg:198.71ms
step:852/5100 lr:0.001 train_loss:4.0771 train_time:167276ms step_avg:198.66ms
step:853/5100 lr:0.001 train_loss:4.1505 train_time:167436ms step_avg:198.62ms
step:854/5100 lr:0.001 train_loss:3.9498 train_time:167597ms step_avg:198.57ms
step:855/5100 lr:0.001 train_loss:4.0482 train_time:167758ms step_avg:198.53ms
step:856/5100 lr:0.001 train_loss:4.2982 train_time:167918ms step_avg:198.48ms
step:857/5100 lr:0.001 train_loss:4.0504 train_time:168078ms step_avg:198.44ms
step:858/5100 lr:0.001 train_loss:4.0274 train_time:168239ms step_avg:198.39ms
step:859/5100 lr:0.001 train_loss:4.1753 train_time:168399ms step_avg:198.35ms
step:860/5100 lr:0.001 train_loss:3.9319 train_time:168562ms step_avg:198.31ms
step:861/5100 lr:0.001 train_loss:4.0885 train_time:168723ms step_avg:198.26ms
step:862/5100 lr:0.001 train_loss:3.9969 train_time:168883ms step_avg:198.22ms
step:863/5100 lr:0.001 train_loss:4.1549 train_time:169044ms step_avg:198.18ms
step:864/5100 lr:0.001 train_loss:4.0449 train_time:169204ms step_avg:198.13ms
step:865/5100 lr:0.001 train_loss:4.0329 train_time:169365ms step_avg:198.09ms
step:866/5100 lr:0.001 train_loss:4.0496 train_time:169526ms step_avg:198.04ms
step:867/5100 lr:0.001 train_loss:4.1361 train_time:169686ms step_avg:198.00ms
step:868/5100 lr:0.001 train_loss:4.5113 train_time:169847ms step_avg:197.96ms
step:869/5100 lr:0.001 train_loss:3.8896 train_time:170007ms step_avg:197.91ms
step:870/5100 lr:0.001 train_loss:4.2160 train_time:170168ms step_avg:197.87ms
step:871/5100 lr:0.001 train_loss:4.0515 train_time:170328ms step_avg:197.83ms
step:872/5100 lr:0.001 train_loss:4.0092 train_time:170489ms step_avg:197.78ms
step:873/5100 lr:0.001 train_loss:3.8761 train_time:170649ms step_avg:197.74ms
step:874/5100 lr:0.001 train_loss:4.1768 train_time:170810ms step_avg:197.70ms
step:875/5100 lr:0.001 train_loss:3.9409 train_time:170972ms step_avg:197.66ms
step:875/5100 val_loss:4.1366 train_time:170986ms step_avg:197.67ms
step:876/5100 lr:0.001 train_loss:3.4734 train_time:175169ms step_avg:202.27ms
step:877/5100 lr:0.001 train_loss:4.1173 train_time:175329ms step_avg:202.23ms
step:878/5100 lr:0.001 train_loss:4.1087 train_time:175490ms step_avg:202.18ms
step:879/5100 lr:0.001 train_loss:4.0815 train_time:175650ms step_avg:202.13ms
step:880/5100 lr:0.001 train_loss:4.0803 train_time:175813ms step_avg:202.08ms
step:881/5100 lr:0.001 train_loss:4.0666 train_time:175973ms step_avg:202.04ms
step:882/5100 lr:0.001 train_loss:3.6217 train_time:176133ms step_avg:201.99ms
step:883/5100 lr:0.001 train_loss:4.1191 train_time:176294ms step_avg:201.94ms
step:884/5100 lr:0.001 train_loss:4.6623 train_time:176455ms step_avg:201.89ms
step:885/5100 lr:0.001 train_loss:4.4154 train_time:176616ms step_avg:201.85ms
step:886/5100 lr:0.001 train_loss:4.2127 train_time:176777ms step_avg:201.80ms
step:887/5100 lr:0.001 train_loss:4.1328 train_time:176936ms step_avg:201.75ms
step:888/5100 lr:0.001 train_loss:4.1503 train_time:177096ms step_avg:201.70ms
step:889/5100 lr:0.001 train_loss:4.9730 train_time:177257ms step_avg:201.66ms
step:890/5100 lr:0.001 train_loss:4.3596 train_time:177419ms step_avg:201.61ms
step:891/5100 lr:0.001 train_loss:3.9062 train_time:177581ms step_avg:201.57ms
step:892/5100 lr:0.001 train_loss:3.9557 train_time:177740ms step_avg:201.52ms
step:893/5100 lr:0.001 train_loss:3.9208 train_time:177901ms step_avg:201.47ms
step:894/5100 lr:0.001 train_loss:4.1735 train_time:178061ms step_avg:201.43ms
step:895/5100 lr:0.001 train_loss:3.8917 train_time:178223ms step_avg:201.38ms
step:896/5100 lr:0.001 train_loss:3.9374 train_time:178384ms step_avg:201.34ms
step:897/5100 lr:0.001 train_loss:4.0338 train_time:178543ms step_avg:201.29ms
step:898/5100 lr:0.001 train_loss:4.0647 train_time:178703ms step_avg:201.24ms
step:899/5100 lr:0.001 train_loss:4.0751 train_time:178864ms step_avg:201.20ms
step:900/5100 lr:0.001 train_loss:4.2048 train_time:179026ms step_avg:201.15ms
step:901/5100 lr:0.001 train_loss:3.9761 train_time:179187ms step_avg:201.11ms
step:902/5100 lr:0.001 train_loss:3.9394 train_time:179346ms step_avg:201.06ms
step:903/5100 lr:0.001 train_loss:4.0963 train_time:179507ms step_avg:201.02ms
step:904/5100 lr:0.001 train_loss:3.9893 train_time:179667ms step_avg:200.97ms
step:905/5100 lr:0.001 train_loss:4.0032 train_time:179829ms step_avg:200.93ms
step:906/5100 lr:0.001 train_loss:4.0757 train_time:179991ms step_avg:200.88ms
step:907/5100 lr:0.001 train_loss:4.0739 train_time:180149ms step_avg:200.84ms
step:908/5100 lr:0.001 train_loss:4.1187 train_time:180310ms step_avg:200.79ms
step:909/5100 lr:0.001 train_loss:3.9904 train_time:180470ms step_avg:200.75ms
step:910/5100 lr:0.001 train_loss:3.9768 train_time:180632ms step_avg:200.70ms
step:911/5100 lr:0.001 train_loss:4.0562 train_time:180795ms step_avg:200.66ms
step:912/5100 lr:0.001 train_loss:4.0571 train_time:180953ms step_avg:200.61ms
step:913/5100 lr:0.001 train_loss:4.1153 train_time:181114ms step_avg:200.57ms
step:914/5100 lr:0.001 train_loss:4.3469 train_time:181274ms step_avg:200.52ms
step:915/5100 lr:0.001 train_loss:3.8429 train_time:181436ms step_avg:200.48ms
step:916/5100 lr:0.001 train_loss:4.1807 train_time:181598ms step_avg:200.44ms
step:917/5100 lr:0.001 train_loss:4.2583 train_time:181757ms step_avg:200.39ms
step:918/5100 lr:0.001 train_loss:4.0564 train_time:181917ms step_avg:200.35ms
step:919/5100 lr:0.001 train_loss:4.1540 train_time:182078ms step_avg:200.31ms
step:920/5100 lr:0.001 train_loss:4.3867 train_time:182241ms step_avg:200.26ms
step:921/5100 lr:0.001 train_loss:4.0190 train_time:182402ms step_avg:200.22ms
step:922/5100 lr:0.001 train_loss:3.9936 train_time:182561ms step_avg:200.18ms
step:923/5100 lr:0.001 train_loss:4.0249 train_time:182721ms step_avg:200.13ms
step:924/5100 lr:0.001 train_loss:4.0823 train_time:182882ms step_avg:200.09ms
step:925/5100 lr:0.001 train_loss:4.1694 train_time:183045ms step_avg:200.05ms
step:926/5100 lr:0.001 train_loss:4.1963 train_time:183204ms step_avg:200.00ms
step:927/5100 lr:0.001 train_loss:4.1853 train_time:183364ms step_avg:199.96ms
step:928/5100 lr:0.001 train_loss:4.1294 train_time:183525ms step_avg:199.92ms
step:929/5100 lr:0.001 train_loss:4.1537 train_time:183686ms step_avg:199.88ms
step:930/5100 lr:0.001 train_loss:4.3018 train_time:183847ms step_avg:199.83ms
step:931/5100 lr:0.001 train_loss:3.9349 train_time:184009ms step_avg:199.79ms
step:932/5100 lr:0.001 train_loss:3.7993 train_time:184168ms step_avg:199.75ms
step:933/5100 lr:0.001 train_loss:4.0407 train_time:184327ms step_avg:199.70ms
step:934/5100 lr:0.001 train_loss:4.2270 train_time:184488ms step_avg:199.66ms
step:935/5100 lr:0.001 train_loss:3.9751 train_time:184651ms step_avg:199.62ms
step:936/5100 lr:0.001 train_loss:4.1347 train_time:184813ms step_avg:199.58ms
step:937/5100 lr:0.001 train_loss:3.8343 train_time:184971ms step_avg:199.54ms
step:938/5100 lr:0.001 train_loss:4.0410 train_time:185132ms step_avg:199.50ms
step:939/5100 lr:0.001 train_loss:4.0980 train_time:185293ms step_avg:199.45ms
step:940/5100 lr:0.001 train_loss:3.9236 train_time:185455ms step_avg:199.41ms
step:941/5100 lr:0.001 train_loss:4.3035 train_time:185615ms step_avg:199.37ms
step:942/5100 lr:0.001 train_loss:4.0060 train_time:185775ms step_avg:199.33ms
step:943/5100 lr:0.001 train_loss:4.1071 train_time:185936ms step_avg:199.29ms
step:944/5100 lr:0.001 train_loss:3.8989 train_time:186097ms step_avg:199.25ms
step:945/5100 lr:0.001 train_loss:4.1712 train_time:186260ms step_avg:199.21ms
step:946/5100 lr:0.001 train_loss:3.8223 train_time:186420ms step_avg:199.17ms
step:947/5100 lr:0.001 train_loss:3.9375 train_time:186580ms step_avg:199.12ms
step:948/5100 lr:0.001 train_loss:4.3775 train_time:186740ms step_avg:199.08ms
step:949/5100 lr:0.001 train_loss:4.3149 train_time:186901ms step_avg:199.04ms
step:950/5100 lr:0.001 train_loss:4.0225 train_time:187274ms step_avg:199.23ms
step:951/5100 lr:0.001 train_loss:4.0662 train_time:187508ms step_avg:199.26ms
step:952/5100 lr:0.001 train_loss:4.0030 train_time:187668ms step_avg:199.22ms
step:953/5100 lr:0.001 train_loss:4.2330 train_time:188039ms step_avg:199.41ms
step:954/5100 lr:0.001 train_loss:4.1020 train_time:188200ms step_avg:199.36ms
step:955/5100 lr:0.001 train_loss:3.7255 train_time:188360ms step_avg:199.32ms
step:956/5100 lr:0.001 train_loss:3.8655 train_time:188521ms step_avg:199.28ms
step:957/5100 lr:0.001 train_loss:3.9700 train_time:188683ms step_avg:199.24ms
step:958/5100 lr:0.001 train_loss:3.9868 train_time:188842ms step_avg:199.20ms
step:959/5100 lr:0.001 train_loss:3.8572 train_time:189003ms step_avg:199.16ms
step:960/5100 lr:0.001 train_loss:4.0912 train_time:189163ms step_avg:199.12ms
step:961/5100 lr:0.001 train_loss:4.1990 train_time:189324ms step_avg:199.08ms
step:962/5100 lr:0.001 train_loss:3.9495 train_time:189486ms step_avg:199.04ms
step:963/5100 lr:0.001 train_loss:3.9719 train_time:189645ms step_avg:199.00ms
step:964/5100 lr:0.001 train_loss:3.8958 train_time:189806ms step_avg:198.96ms
step:965/5100 lr:0.001 train_loss:4.0233 train_time:189967ms step_avg:198.92ms
step:966/5100 lr:0.001 train_loss:4.1917 train_time:190127ms step_avg:198.88ms
step:967/5100 lr:0.001 train_loss:4.1157 train_time:190290ms step_avg:198.84ms
step:968/5100 lr:0.001 train_loss:4.1751 train_time:190449ms step_avg:198.80ms
step:969/5100 lr:0.001 train_loss:4.0189 train_time:190609ms step_avg:198.76ms
step:970/5100 lr:0.001 train_loss:3.9640 train_time:190770ms step_avg:198.72ms
step:971/5100 lr:0.001 train_loss:3.9367 train_time:190930ms step_avg:198.68ms
step:972/5100 lr:0.001 train_loss:3.9288 train_time:191092ms step_avg:198.64ms
step:973/5100 lr:0.001 train_loss:3.8178 train_time:191252ms step_avg:198.60ms
step:974/5100 lr:0.001 train_loss:3.9601 train_time:191412ms step_avg:198.56ms
step:975/5100 lr:0.001 train_loss:3.8404 train_time:191573ms step_avg:198.52ms
step:976/5100 lr:0.001 train_loss:4.1212 train_time:191733ms step_avg:198.48ms
step:977/5100 lr:0.001 train_loss:4.3161 train_time:191895ms step_avg:198.44ms
step:978/5100 lr:0.001 train_loss:4.1218 train_time:192065ms step_avg:198.41ms
step:979/5100 lr:0.001 train_loss:3.9820 train_time:192221ms step_avg:198.37ms
step:980/5100 lr:0.001 train_loss:4.0152 train_time:192382ms step_avg:198.33ms
step:981/5100 lr:0.001 train_loss:3.9244 train_time:192542ms step_avg:198.29ms
step:982/5100 lr:0.001 train_loss:3.8648 train_time:192704ms step_avg:198.26ms
step:983/5100 lr:0.001 train_loss:3.9669 train_time:192864ms step_avg:198.22ms
step:984/5100 lr:0.001 train_loss:4.0760 train_time:193024ms step_avg:198.18ms
step:985/5100 lr:0.001 train_loss:4.0999 train_time:193185ms step_avg:198.14ms
step:986/5100 lr:0.001 train_loss:3.9812 train_time:193345ms step_avg:198.10ms
step:987/5100 lr:0.001 train_loss:3.9756 train_time:193507ms step_avg:198.06ms
step:988/5100 lr:0.001 train_loss:4.0668 train_time:193667ms step_avg:198.02ms
step:989/5100 lr:0.001 train_loss:4.0799 train_time:193827ms step_avg:197.98ms
step:990/5100 lr:0.001 train_loss:4.0147 train_time:193988ms step_avg:197.95ms
step:991/5100 lr:0.001 train_loss:3.9855 train_time:194148ms step_avg:197.91ms
step:992/5100 lr:0.001 train_loss:3.9231 train_time:194309ms step_avg:197.87ms
step:993/5100 lr:0.001 train_loss:3.8713 train_time:194470ms step_avg:197.83ms
step:994/5100 lr:0.001 train_loss:4.0266 train_time:194631ms step_avg:197.80ms
step:995/5100 lr:0.001 train_loss:3.9148 train_time:194791ms step_avg:197.76ms
step:996/5100 lr:0.001 train_loss:3.9489 train_time:194952ms step_avg:197.72ms
step:997/5100 lr:0.001 train_loss:4.0191 train_time:195114ms step_avg:197.68ms
step:998/5100 lr:0.001 train_loss:4.0277 train_time:195274ms step_avg:197.65ms
step:999/5100 lr:0.001 train_loss:4.2315 train_time:195434ms step_avg:197.61ms
step:1000/5100 lr:0.001 train_loss:3.9694 train_time:195594ms step_avg:197.57ms
step:1000/5100 val_loss:4.0718 train_time:195609ms step_avg:197.59ms
step:1001/5100 lr:0.001 train_loss:4.1607 train_time:199748ms step_avg:201.56ms
step:1002/5100 lr:0.001 train_loss:4.0561 train_time:199908ms step_avg:201.52ms
step:1003/5100 lr:0.001 train_loss:4.0329 train_time:200069ms step_avg:201.48ms
step:1004/5100 lr:0.001 train_loss:4.0568 train_time:200229ms step_avg:201.44ms
step:1005/5100 lr:0.001 train_loss:4.1224 train_time:200390ms step_avg:201.40ms
step:1006/5100 lr:0.001 train_loss:4.0250 train_time:200550ms step_avg:201.36ms
step:1007/5100 lr:0.001 train_loss:4.0462 train_time:200711ms step_avg:201.31ms
step:1008/5100 lr:0.001 train_loss:3.9781 train_time:200871ms step_avg:201.27ms
step:1009/5100 lr:0.001 train_loss:3.9654 train_time:201032ms step_avg:201.23ms
step:1010/5100 lr:0.001 train_loss:3.9895 train_time:201192ms step_avg:201.19ms
step:1011/5100 lr:0.001 train_loss:4.4254 train_time:201353ms step_avg:201.15ms
step:1012/5100 lr:0.001 train_loss:4.2869 train_time:201514ms step_avg:201.11ms
step:1013/5100 lr:0.001 train_loss:3.8781 train_time:201674ms step_avg:201.07ms
step:1014/5100 lr:0.001 train_loss:3.8489 train_time:201835ms step_avg:201.03ms
step:1015/5100 lr:0.001 train_loss:3.8842 train_time:201996ms step_avg:200.99ms
step:1016/5100 lr:0.001 train_loss:3.8284 train_time:202157ms step_avg:200.95ms
step:1017/5100 lr:0.001 train_loss:4.2218 train_time:202318ms step_avg:200.91ms
step:1018/5100 lr:0.001 train_loss:3.9757 train_time:202479ms step_avg:200.87ms
step:1019/5100 lr:0.001 train_loss:4.0369 train_time:202639ms step_avg:200.83ms
step:1020/5100 lr:0.001 train_loss:3.9611 train_time:202799ms step_avg:200.79ms
step:1021/5100 lr:0.001 train_loss:4.0268 train_time:202960ms step_avg:200.75ms
step:1022/5100 lr:0.001 train_loss:3.9809 train_time:203122ms step_avg:200.71ms
step:1023/5100 lr:0.001 train_loss:4.3507 train_time:203284ms step_avg:200.67ms
step:1024/5100 lr:0.001 train_loss:4.2009 train_time:203443ms step_avg:200.63ms
step:1025/5100 lr:0.001 train_loss:3.8693 train_time:203604ms step_avg:200.59ms
step:1026/5100 lr:0.001 train_loss:4.1858 train_time:203764ms step_avg:200.56ms
step:1027/5100 lr:0.001 train_loss:3.9891 train_time:203926ms step_avg:200.52ms
step:1028/5100 lr:0.001 train_loss:3.9219 train_time:204086ms step_avg:200.48ms
step:1029/5100 lr:0.001 train_loss:3.8791 train_time:204246ms step_avg:200.44ms
step:1030/5100 lr:0.001 train_loss:3.8223 train_time:204407ms step_avg:200.40ms
step:1031/5100 lr:0.001 train_loss:4.1959 train_time:204567ms step_avg:200.36ms
step:1032/5100 lr:0.001 train_loss:4.4042 train_time:204729ms step_avg:200.32ms
step:1033/5100 lr:0.001 train_loss:3.9327 train_time:204890ms step_avg:200.28ms
step:1034/5100 lr:0.001 train_loss:3.8719 train_time:205050ms step_avg:200.24ms
step:1035/5100 lr:0.001 train_loss:3.9694 train_time:205211ms step_avg:200.21ms
step:1036/5100 lr:0.001 train_loss:4.1781 train_time:205371ms step_avg:200.17ms
step:1037/5100 lr:0.001 train_loss:3.8041 train_time:205533ms step_avg:200.13ms
step:1038/5100 lr:0.001 train_loss:3.8286 train_time:205693ms step_avg:200.09ms
step:1039/5100 lr:0.001 train_loss:4.1106 train_time:205853ms step_avg:200.05ms
step:1040/5100 lr:0.001 train_loss:3.7673 train_time:206014ms step_avg:200.01ms
step:1041/5100 lr:0.001 train_loss:3.9024 train_time:206174ms step_avg:199.98ms
step:1042/5100 lr:0.001 train_loss:4.0137 train_time:206336ms step_avg:199.94ms
step:1043/5100 lr:0.001 train_loss:3.7689 train_time:206497ms step_avg:199.90ms
step:1044/5100 lr:0.001 train_loss:3.8700 train_time:206657ms step_avg:199.86ms
step:1045/5100 lr:0.001 train_loss:4.0419 train_time:206817ms step_avg:199.82ms
step:1046/5100 lr:0.001 train_loss:4.1946 train_time:206978ms step_avg:199.79ms
step:1047/5100 lr:0.001 train_loss:3.7619 train_time:207140ms step_avg:199.75ms
step:1048/5100 lr:0.001 train_loss:4.3514 train_time:207301ms step_avg:199.71ms
step:1049/5100 lr:0.001 train_loss:3.8836 train_time:207460ms step_avg:199.67ms
step:1050/5100 lr:0.001 train_loss:3.9185 train_time:207621ms step_avg:199.64ms
step:1051/5100 lr:0.001 train_loss:3.9046 train_time:207782ms step_avg:199.60ms
step:1052/5100 lr:0.001 train_loss:3.9089 train_time:207942ms step_avg:199.56ms
step:1053/5100 lr:0.001 train_loss:3.8879 train_time:208104ms step_avg:199.52ms
step:1054/5100 lr:0.001 train_loss:4.0257 train_time:208264ms step_avg:199.49ms
step:1055/5100 lr:0.001 train_loss:4.0165 train_time:208424ms step_avg:199.45ms
step:1056/5100 lr:0.001 train_loss:3.9848 train_time:208585ms step_avg:199.41ms
step:1057/5100 lr:0.001 train_loss:4.0055 train_time:208746ms step_avg:199.38ms
step:1058/5100 lr:0.001 train_loss:3.8674 train_time:208907ms step_avg:199.34ms
step:1059/5100 lr:0.001 train_loss:4.0426 train_time:209067ms step_avg:199.30ms
step:1060/5100 lr:0.001 train_loss:3.9953 train_time:209227ms step_avg:199.26ms
step:1061/5100 lr:0.001 train_loss:4.0589 train_time:209388ms step_avg:199.23ms
step:1062/5100 lr:0.001 train_loss:4.2792 train_time:209549ms step_avg:199.19ms
step:1063/5100 lr:0.001 train_loss:3.9390 train_time:209709ms step_avg:199.15ms
step:1064/5100 lr:0.001 train_loss:3.7950 train_time:209870ms step_avg:199.12ms
step:1065/5100 lr:0.001 train_loss:3.8839 train_time:210030ms step_avg:199.08ms
step:1066/5100 lr:0.001 train_loss:4.1381 train_time:210191ms step_avg:199.04ms
step:1067/5100 lr:0.001 train_loss:3.8786 train_time:210353ms step_avg:199.01ms
step:1068/5100 lr:0.001 train_loss:4.0539 train_time:210514ms step_avg:198.97ms
step:1069/5100 lr:0.001 train_loss:3.9163 train_time:210673ms step_avg:198.94ms
step:1070/5100 lr:0.001 train_loss:3.9307 train_time:210834ms step_avg:198.90ms
step:1071/5100 lr:0.001 train_loss:4.2077 train_time:210994ms step_avg:198.86ms
step:1072/5100 lr:0.001 train_loss:3.9830 train_time:211155ms step_avg:198.83ms
step:1073/5100 lr:0.001 train_loss:3.7754 train_time:211315ms step_avg:198.79ms
step:1074/5100 lr:0.001 train_loss:3.9919 train_time:211476ms step_avg:198.76ms
step:1075/5100 lr:0.001 train_loss:4.0160 train_time:211636ms step_avg:198.72ms
step:1076/5100 lr:0.001 train_loss:4.0350 train_time:211797ms step_avg:198.68ms
step:1077/5100 lr:0.001 train_loss:4.0311 train_time:211957ms step_avg:198.65ms
step:1078/5100 lr:0.001 train_loss:4.1111 train_time:212121ms step_avg:198.61ms
step:1079/5100 lr:0.001 train_loss:3.9124 train_time:212281ms step_avg:198.58ms
step:1080/5100 lr:0.001 train_loss:4.0072 train_time:212442ms step_avg:198.54ms
step:1081/5100 lr:0.001 train_loss:4.0535 train_time:212602ms step_avg:198.51ms
step:1082/5100 lr:0.001 train_loss:4.0939 train_time:212763ms step_avg:198.47ms
step:1083/5100 lr:0.001 train_loss:3.8832 train_time:212924ms step_avg:198.44ms
step:1084/5100 lr:0.001 train_loss:3.9126 train_time:213084ms step_avg:198.40ms
step:1085/5100 lr:0.001 train_loss:3.6826 train_time:213245ms step_avg:198.37ms
step:1086/5100 lr:0.001 train_loss:3.9901 train_time:213406ms step_avg:198.33ms
step:1087/5100 lr:0.001 train_loss:4.1066 train_time:213566ms step_avg:198.30ms
step:1088/5100 lr:0.001 train_loss:3.9011 train_time:213729ms step_avg:198.26ms
step:1089/5100 lr:0.001 train_loss:3.8724 train_time:213887ms step_avg:198.23ms
step:1090/5100 lr:0.001 train_loss:3.9754 train_time:214048ms step_avg:198.19ms
step:1091/5100 lr:0.001 train_loss:4.0601 train_time:214209ms step_avg:198.16ms
step:1092/5100 lr:0.001 train_loss:3.8416 train_time:214370ms step_avg:198.12ms
step:1093/5100 lr:0.001 train_loss:4.0145 train_time:214532ms step_avg:198.09ms
step:1094/5100 lr:0.001 train_loss:3.7950 train_time:214692ms step_avg:198.05ms
step:1095/5100 lr:0.001 train_loss:3.8480 train_time:214853ms step_avg:198.02ms
step:1096/5100 lr:0.001 train_loss:4.0556 train_time:215013ms step_avg:197.99ms
step:1097/5100 lr:0.001 train_loss:3.9668 train_time:215174ms step_avg:197.95ms
step:1098/5100 lr:0.001 train_loss:4.1586 train_time:215336ms step_avg:197.92ms
step:1099/5100 lr:0.001 train_loss:4.0120 train_time:215495ms step_avg:197.88ms
step:1100/5100 lr:0.001 train_loss:4.0780 train_time:215655ms step_avg:197.85ms
step:1101/5100 lr:0.001 train_loss:4.0701 train_time:215816ms step_avg:197.81ms
step:1102/5100 lr:0.001 train_loss:3.9451 train_time:215978ms step_avg:197.78ms
step:1103/5100 lr:0.001 train_loss:4.1013 train_time:216138ms step_avg:197.75ms
step:1104/5100 lr:0.001 train_loss:4.0022 train_time:216299ms step_avg:197.71ms
step:1105/5100 lr:0.001 train_loss:3.8784 train_time:216459ms step_avg:197.68ms
step:1106/5100 lr:0.001 train_loss:4.0465 train_time:216620ms step_avg:197.65ms
step:1107/5100 lr:0.001 train_loss:4.0668 train_time:216781ms step_avg:197.61ms
step:1108/5100 lr:0.001 train_loss:3.8698 train_time:216942ms step_avg:197.58ms
step:1109/5100 lr:0.001 train_loss:4.1976 train_time:217103ms step_avg:197.55ms
step:1110/5100 lr:0.001 train_loss:3.7787 train_time:217263ms step_avg:197.51ms
step:1111/5100 lr:0.001 train_loss:3.9971 train_time:217424ms step_avg:197.48ms
step:1112/5100 lr:0.001 train_loss:4.1549 train_time:217584ms step_avg:197.45ms
step:1113/5100 lr:0.001 train_loss:3.9207 train_time:217745ms step_avg:197.41ms
step:1114/5100 lr:0.001 train_loss:4.2256 train_time:217906ms step_avg:197.38ms
step:1115/5100 lr:0.001 train_loss:3.8177 train_time:218067ms step_avg:197.35ms
step:1116/5100 lr:0.001 train_loss:4.0172 train_time:218227ms step_avg:197.31ms
step:1117/5100 lr:0.001 train_loss:4.1370 train_time:218388ms step_avg:197.28ms
step:1118/5100 lr:0.001 train_loss:3.7151 train_time:218549ms step_avg:197.25ms
step:1119/5100 lr:0.001 train_loss:4.3133 train_time:218709ms step_avg:197.21ms
step:1120/5100 lr:0.001 train_loss:3.8369 train_time:218870ms step_avg:197.18ms
step:1121/5100 lr:0.001 train_loss:3.7985 train_time:219034ms step_avg:197.15ms
step:1122/5100 lr:0.001 train_loss:3.9147 train_time:219195ms step_avg:197.12ms
step:1123/5100 lr:0.001 train_loss:3.9503 train_time:219355ms step_avg:197.08ms
step:1124/5100 lr:0.001 train_loss:3.9821 train_time:219516ms step_avg:197.05ms
step:1125/5100 lr:0.001 train_loss:3.9979 train_time:219676ms step_avg:197.02ms
step:1125/5100 val_loss:4.0221 train_time:219692ms step_avg:197.03ms
step:1126/5100 lr:0.001 train_loss:4.1211 train_time:223882ms step_avg:200.61ms
step:1127/5100 lr:0.001 train_loss:3.8241 train_time:224042ms step_avg:200.58ms
step:1128/5100 lr:0.001 train_loss:4.1755 train_time:224202ms step_avg:200.54ms
step:1129/5100 lr:0.001 train_loss:3.7003 train_time:224363ms step_avg:200.50ms
step:1130/5100 lr:0.001 train_loss:3.8429 train_time:224523ms step_avg:200.47ms
step:1131/5100 lr:0.001 train_loss:3.9578 train_time:224684ms step_avg:200.43ms
step:1132/5100 lr:0.001 train_loss:3.9908 train_time:224844ms step_avg:200.40ms
step:1133/5100 lr:0.001 train_loss:4.1757 train_time:225006ms step_avg:200.36ms
step:1134/5100 lr:0.001 train_loss:4.1397 train_time:225166ms step_avg:200.33ms
step:1135/5100 lr:0.001 train_loss:3.9012 train_time:225326ms step_avg:200.29ms
step:1136/5100 lr:0.001 train_loss:3.7974 train_time:225487ms step_avg:200.26ms
step:1137/5100 lr:0.001 train_loss:4.1488 train_time:225649ms step_avg:200.22ms
step:1138/5100 lr:0.001 train_loss:4.0784 train_time:225810ms step_avg:200.19ms
step:1139/5100 lr:0.001 train_loss:3.9345 train_time:225969ms step_avg:200.15ms
step:1140/5100 lr:0.001 train_loss:4.0554 train_time:226339ms step_avg:200.30ms
step:1141/5100 lr:0.001 train_loss:4.0902 train_time:226501ms step_avg:200.27ms
step:1142/5100 lr:0.001 train_loss:3.9588 train_time:226661ms step_avg:200.23ms
step:1143/5100 lr:0.001 train_loss:3.9036 train_time:227030ms step_avg:200.38ms
step:1144/5100 lr:0.001 train_loss:4.1243 train_time:227190ms step_avg:200.34ms
step:1145/5100 lr:0.001 train_loss:4.0017 train_time:227352ms step_avg:200.31ms
step:1146/5100 lr:0.001 train_loss:4.0009 train_time:227511ms step_avg:200.27ms
step:1147/5100 lr:0.001 train_loss:3.9226 train_time:227672ms step_avg:200.24ms
step:1148/5100 lr:0.001 train_loss:4.0026 train_time:227832ms step_avg:200.20ms
step:1149/5100 lr:0.001 train_loss:4.2023 train_time:227993ms step_avg:200.17ms
step:1150/5100 lr:0.001 train_loss:3.9971 train_time:228154ms step_avg:200.14ms
step:1151/5100 lr:0.001 train_loss:4.0143 train_time:228314ms step_avg:200.10ms
step:1152/5100 lr:0.001 train_loss:3.8568 train_time:228475ms step_avg:200.07ms
step:1153/5100 lr:0.001 train_loss:3.7679 train_time:228636ms step_avg:200.03ms
step:1154/5100 lr:0.001 train_loss:3.9007 train_time:228796ms step_avg:200.00ms
step:1155/5100 lr:0.001 train_loss:4.3544 train_time:228958ms step_avg:199.96ms
step:1156/5100 lr:0.001 train_loss:4.0926 train_time:229117ms step_avg:199.93ms
step:1157/5100 lr:0.001 train_loss:4.0497 train_time:229279ms step_avg:199.89ms
step:1158/5100 lr:0.001 train_loss:3.9557 train_time:229439ms step_avg:199.86ms
step:1159/5100 lr:0.001 train_loss:4.1653 train_time:229600ms step_avg:199.83ms
step:1160/5100 lr:0.001 train_loss:4.1041 train_time:229762ms step_avg:199.79ms
step:1161/5100 lr:0.001 train_loss:3.8181 train_time:229922ms step_avg:199.76ms
step:1162/5100 lr:0.001 train_loss:3.8637 train_time:230082ms step_avg:199.72ms
step:1163/5100 lr:0.001 train_loss:3.8090 train_time:230251ms step_avg:199.70ms
step:1164/5100 lr:0.001 train_loss:3.7440 train_time:230411ms step_avg:199.66ms
step:1165/5100 lr:0.001 train_loss:3.9146 train_time:230573ms step_avg:199.63ms
step:1166/5100 lr:0.001 train_loss:3.9641 train_time:230733ms step_avg:199.60ms
step:1167/5100 lr:0.001 train_loss:3.9217 train_time:230893ms step_avg:199.56ms
step:1168/5100 lr:0.001 train_loss:3.8340 train_time:231054ms step_avg:199.53ms
step:1169/5100 lr:0.001 train_loss:3.9279 train_time:231214ms step_avg:199.49ms
step:1170/5100 lr:0.001 train_loss:3.8529 train_time:231377ms step_avg:199.46ms
step:1171/5100 lr:0.001 train_loss:4.0436 train_time:231536ms step_avg:199.43ms
step:1172/5100 lr:0.001 train_loss:3.8258 train_time:231697ms step_avg:199.39ms
step:1173/5100 lr:0.001 train_loss:3.9063 train_time:231857ms step_avg:199.36ms
step:1174/5100 lr:0.001 train_loss:3.8971 train_time:232018ms step_avg:199.33ms
step:1175/5100 lr:0.001 train_loss:3.9107 train_time:232180ms step_avg:199.30ms
step:1176/5100 lr:0.001 train_loss:4.1494 train_time:232340ms step_avg:199.26ms
step:1177/5100 lr:0.001 train_loss:3.6864 train_time:232500ms step_avg:199.23ms
step:1178/5100 lr:0.001 train_loss:3.9683 train_time:232661ms step_avg:199.20ms
step:1179/5100 lr:0.001 train_loss:4.0233 train_time:232821ms step_avg:199.16ms
step:1180/5100 lr:0.001 train_loss:3.8092 train_time:232984ms step_avg:199.13ms
step:1181/5100 lr:0.001 train_loss:4.0143 train_time:233143ms step_avg:199.10ms
step:1182/5100 lr:0.001 train_loss:3.9662 train_time:233304ms step_avg:199.07ms
step:1183/5100 lr:0.001 train_loss:4.0323 train_time:233465ms step_avg:199.03ms
step:1184/5100 lr:0.001 train_loss:3.6081 train_time:233626ms step_avg:199.00ms
step:1185/5100 lr:0.001 train_loss:3.9786 train_time:233787ms step_avg:198.97ms
step:1186/5100 lr:0.001 train_loss:3.8288 train_time:233947ms step_avg:198.93ms
step:1187/5100 lr:0.001 train_loss:4.2705 train_time:234108ms step_avg:198.90ms
step:1188/5100 lr:0.001 train_loss:4.1800 train_time:234268ms step_avg:198.87ms
step:1189/5100 lr:0.001 train_loss:3.8775 train_time:234430ms step_avg:198.84ms
step:1190/5100 lr:0.001 train_loss:3.8268 train_time:234591ms step_avg:198.81ms
step:1191/5100 lr:0.001 train_loss:3.9914 train_time:234750ms step_avg:198.77ms
step:1192/5100 lr:0.001 train_loss:3.7784 train_time:234911ms step_avg:198.74ms
step:1193/5100 lr:0.001 train_loss:4.0636 train_time:235071ms step_avg:198.71ms
step:1194/5100 lr:0.001 train_loss:4.2834 train_time:235233ms step_avg:198.68ms
step:1195/5100 lr:0.001 train_loss:3.9038 train_time:235394ms step_avg:198.64ms
step:1196/5100 lr:0.001 train_loss:3.8587 train_time:235554ms step_avg:198.61ms
step:1197/5100 lr:0.001 train_loss:4.1443 train_time:235714ms step_avg:198.58ms
step:1198/5100 lr:0.001 train_loss:3.9018 train_time:235875ms step_avg:198.55ms
step:1199/5100 lr:0.001 train_loss:3.7899 train_time:236037ms step_avg:198.52ms
step:1200/5100 lr:0.001 train_loss:3.7802 train_time:236198ms step_avg:198.49ms
step:1201/5100 lr:0.001 train_loss:3.8203 train_time:236536ms step_avg:198.60ms
step:1202/5100 lr:0.001 train_loss:3.9414 train_time:236845ms step_avg:198.70ms
step:1203/5100 lr:0.001 train_loss:3.9795 train_time:237152ms step_avg:198.79ms
step:1204/5100 lr:0.001 train_loss:4.1292 train_time:237461ms step_avg:198.88ms
step:1205/5100 lr:0.001 train_loss:3.9957 train_time:237770ms step_avg:198.97ms
step:1206/5100 lr:0.001 train_loss:3.9621 train_time:238077ms step_avg:199.06ms
step:1207/5100 lr:0.001 train_loss:3.8425 train_time:238385ms step_avg:199.15ms
step:1208/5100 lr:0.001 train_loss:3.8608 train_time:238693ms step_avg:199.24ms
step:1209/5100 lr:0.001 train_loss:3.9796 train_time:239002ms step_avg:199.33ms
step:1210/5100 lr:0.001 train_loss:4.0455 train_time:239311ms step_avg:199.43ms
step:1211/5100 lr:0.001 train_loss:3.7985 train_time:239618ms step_avg:199.52ms
step:1212/5100 lr:0.001 train_loss:3.6721 train_time:239926ms step_avg:199.61ms
step:1213/5100 lr:0.001 train_loss:3.6224 train_time:240236ms step_avg:199.70ms
step:1214/5100 lr:0.001 train_loss:3.9329 train_time:240544ms step_avg:199.79ms
step:1215/5100 lr:0.001 train_loss:3.9818 train_time:240854ms step_avg:199.88ms
step:1216/5100 lr:0.001 train_loss:3.8374 train_time:241161ms step_avg:199.97ms
step:1217/5100 lr:0.001 train_loss:3.7391 train_time:241470ms step_avg:200.06ms
step:1218/5100 lr:0.001 train_loss:4.0432 train_time:241778ms step_avg:200.15ms
step:1219/5100 lr:0.001 train_loss:3.7636 train_time:242085ms step_avg:200.24ms
step:1220/5100 lr:0.001 train_loss:3.8595 train_time:242394ms step_avg:200.33ms
step:1221/5100 lr:0.001 train_loss:3.8808 train_time:242704ms step_avg:200.42ms
step:1222/5100 lr:0.001 train_loss:3.8993 train_time:243012ms step_avg:200.51ms
step:1223/5100 lr:0.001 train_loss:3.8352 train_time:243320ms step_avg:200.59ms
step:1224/5100 lr:0.001 train_loss:4.0684 train_time:243629ms step_avg:200.68ms
step:1225/5100 lr:0.001 train_loss:3.8610 train_time:243937ms step_avg:200.77ms
step:1226/5100 lr:0.001 train_loss:3.6967 train_time:244246ms step_avg:200.86ms
step:1227/5100 lr:0.001 train_loss:3.6367 train_time:244553ms step_avg:200.95ms
step:1228/5100 lr:0.001 train_loss:3.7570 train_time:244862ms step_avg:201.04ms
step:1229/5100 lr:0.001 train_loss:3.7352 train_time:245169ms step_avg:201.12ms
step:1230/5100 lr:0.001 train_loss:3.7713 train_time:245477ms step_avg:201.21ms
step:1231/5100 lr:0.001 train_loss:3.8584 train_time:245786ms step_avg:201.30ms
step:1232/5100 lr:0.001 train_loss:3.7870 train_time:246094ms step_avg:201.39ms
step:1233/5100 lr:0.001 train_loss:4.0368 train_time:246402ms step_avg:201.47ms
step:1234/5100 lr:0.001 train_loss:4.1069 train_time:246711ms step_avg:201.56ms
step:1235/5100 lr:0.001 train_loss:4.0269 train_time:247019ms step_avg:201.65ms
step:1236/5100 lr:0.001 train_loss:3.9105 train_time:247328ms step_avg:201.74ms
step:1237/5100 lr:0.001 train_loss:4.0829 train_time:247636ms step_avg:201.82ms
step:1238/5100 lr:0.001 train_loss:3.8089 train_time:247945ms step_avg:201.91ms
step:1239/5100 lr:0.001 train_loss:3.7271 train_time:248253ms step_avg:202.00ms
step:1240/5100 lr:0.001 train_loss:3.6597 train_time:248561ms step_avg:202.08ms
step:1241/5100 lr:0.001 train_loss:3.6904 train_time:248869ms step_avg:202.17ms
step:1242/5100 lr:0.001 train_loss:3.7414 train_time:249177ms step_avg:202.25ms
step:1243/5100 lr:0.001 train_loss:3.6705 train_time:249485ms step_avg:202.34ms
step:1244/5100 lr:0.001 train_loss:3.8865 train_time:249794ms step_avg:202.43ms
step:1245/5100 lr:0.001 train_loss:3.7588 train_time:250102ms step_avg:202.51ms
step:1246/5100 lr:0.001 train_loss:3.8215 train_time:250411ms step_avg:202.60ms
step:1247/5100 lr:0.001 train_loss:3.9268 train_time:250719ms step_avg:202.68ms
step:1248/5100 lr:0.001 train_loss:3.6534 train_time:251032ms step_avg:202.77ms
step:1249/5100 lr:0.001 train_loss:3.7367 train_time:251336ms step_avg:202.85ms
step:1250/5100 lr:0.001 train_loss:3.8804 train_time:251645ms step_avg:202.94ms
step:1250/5100 val_loss:3.7962 train_time:251659ms step_avg:202.95ms
step:1251/5100 lr:0.001 train_loss:4.0124 train_time:255954ms step_avg:206.25ms
step:1252/5100 lr:0.001 train_loss:3.8579 train_time:256263ms step_avg:206.33ms
step:1253/5100 lr:0.001 train_loss:3.7424 train_time:256570ms step_avg:206.41ms
step:1254/5100 lr:0.001 train_loss:3.8199 train_time:256879ms step_avg:206.49ms
step:1255/5100 lr:0.001 train_loss:3.8045 train_time:257186ms step_avg:206.58ms
step:1256/5100 lr:0.001 train_loss:3.7934 train_time:257495ms step_avg:206.66ms
step:1257/5100 lr:0.001 train_loss:3.9728 train_time:257804ms step_avg:206.74ms
step:1258/5100 lr:0.001 train_loss:3.8792 train_time:258112ms step_avg:206.82ms
step:1259/5100 lr:0.001 train_loss:3.9028 train_time:258421ms step_avg:206.90ms
step:1260/5100 lr:0.001 train_loss:3.8666 train_time:258729ms step_avg:206.98ms
step:1261/5100 lr:0.001 train_loss:3.7900 train_time:259038ms step_avg:207.06ms
step:1262/5100 lr:0.001 train_loss:3.7732 train_time:259346ms step_avg:207.15ms
step:1263/5100 lr:0.001 train_loss:3.6293 train_time:259654ms step_avg:207.23ms
step:1264/5100 lr:0.001 train_loss:3.5354 train_time:259963ms step_avg:207.31ms
step:1265/5100 lr:0.001 train_loss:3.8929 train_time:260272ms step_avg:207.39ms
step:1266/5100 lr:0.001 train_loss:3.5839 train_time:260580ms step_avg:207.47ms
step:1267/5100 lr:0.001 train_loss:3.9479 train_time:260890ms step_avg:207.55ms
step:1268/5100 lr:0.001 train_loss:3.8332 train_time:261197ms step_avg:207.63ms
step:1269/5100 lr:0.001 train_loss:3.8338 train_time:261505ms step_avg:207.71ms
step:1270/5100 lr:0.001 train_loss:3.9176 train_time:261815ms step_avg:207.79ms
step:1271/5100 lr:0.001 train_loss:3.7210 train_time:262122ms step_avg:207.87ms
step:1272/5100 lr:0.001 train_loss:3.7600 train_time:262432ms step_avg:207.95ms
step:1273/5100 lr:0.001 train_loss:3.6670 train_time:262739ms step_avg:208.03ms
step:1274/5100 lr:0.001 train_loss:3.6862 train_time:263047ms step_avg:208.11ms
step:1275/5100 lr:0.001 train_loss:3.7072 train_time:263359ms step_avg:208.19ms
step:1276/5100 lr:0.001 train_loss:3.7646 train_time:263665ms step_avg:208.27ms
step:1277/5100 lr:0.001 train_loss:3.7366 train_time:263973ms step_avg:208.35ms
step:1278/5100 lr:0.001 train_loss:3.8984 train_time:264282ms step_avg:208.42ms
step:1279/5100 lr:0.001 train_loss:3.8824 train_time:264590ms step_avg:208.50ms
step:1280/5100 lr:0.001 train_loss:3.8649 train_time:264899ms step_avg:208.58ms
step:1281/5100 lr:0.001 train_loss:3.7474 train_time:265206ms step_avg:208.66ms
step:1282/5100 lr:0.001 train_loss:3.5713 train_time:265515ms step_avg:208.74ms
step:1283/5100 lr:0.001 train_loss:3.6579 train_time:265823ms step_avg:208.82ms
step:1284/5100 lr:0.001 train_loss:3.8790 train_time:266131ms step_avg:208.89ms
step:1285/5100 lr:0.001 train_loss:3.7897 train_time:266440ms step_avg:208.97ms
step:1286/5100 lr:0.001 train_loss:3.8754 train_time:266748ms step_avg:209.05ms
step:1287/5100 lr:0.001 train_loss:3.8328 train_time:267057ms step_avg:209.13ms
step:1288/5100 lr:0.001 train_loss:3.7833 train_time:267369ms step_avg:209.21ms
step:1289/5100 lr:0.001 train_loss:3.6475 train_time:267675ms step_avg:209.28ms
step:1290/5100 lr:0.001 train_loss:3.7077 train_time:267988ms step_avg:209.37ms
step:1291/5100 lr:0.001 train_loss:3.6934 train_time:268292ms step_avg:209.44ms
step:1292/5100 lr:0.001 train_loss:3.6458 train_time:268600ms step_avg:209.52ms
step:1293/5100 lr:0.001 train_loss:3.7926 train_time:268909ms step_avg:209.59ms
step:1294/5100 lr:0.001 train_loss:3.8234 train_time:269218ms step_avg:209.67ms
step:1295/5100 lr:0.001 train_loss:3.8391 train_time:269526ms step_avg:209.75ms
step:1296/5100 lr:0.001 train_loss:3.8570 train_time:269836ms step_avg:209.83ms
step:1297/5100 lr:0.001 train_loss:3.5390 train_time:270143ms step_avg:209.90ms
step:1298/5100 lr:0.001 train_loss:3.6527 train_time:270453ms step_avg:209.98ms
step:1299/5100 lr:0.001 train_loss:3.8645 train_time:270760ms step_avg:210.05ms
step:1300/5100 lr:0.001 train_loss:3.5920 train_time:271068ms step_avg:210.13ms
step:1301/5100 lr:0.001 train_loss:3.8776 train_time:271379ms step_avg:210.21ms
step:1302/5100 lr:0.001 train_loss:3.7712 train_time:271685ms step_avg:210.28ms
step:1303/5100 lr:0.001 train_loss:3.9135 train_time:271994ms step_avg:210.36ms
step:1304/5100 lr:0.001 train_loss:3.8636 train_time:272302ms step_avg:210.43ms
step:1305/5100 lr:0.001 train_loss:3.9976 train_time:272611ms step_avg:210.51ms
step:1306/5100 lr:0.001 train_loss:3.6545 train_time:272921ms step_avg:210.59ms
step:1307/5100 lr:0.001 train_loss:4.1513 train_time:273228ms step_avg:210.66ms
step:1308/5100 lr:0.001 train_loss:3.7426 train_time:273537ms step_avg:210.74ms
step:1309/5100 lr:0.001 train_loss:3.9072 train_time:273847ms step_avg:210.81ms
step:1310/5100 lr:0.001 train_loss:4.0732 train_time:274154ms step_avg:210.89ms
step:1311/5100 lr:0.001 train_loss:3.6959 train_time:274464ms step_avg:210.96ms
step:1312/5100 lr:0.001 train_loss:3.6118 train_time:274771ms step_avg:211.04ms
step:1313/5100 lr:0.001 train_loss:3.8060 train_time:275079ms step_avg:211.11ms
step:1314/5100 lr:0.001 train_loss:3.7470 train_time:275389ms step_avg:211.19ms
step:1315/5100 lr:0.001 train_loss:3.7455 train_time:275696ms step_avg:211.26ms
step:1316/5100 lr:0.001 train_loss:3.8331 train_time:276004ms step_avg:211.34ms
step:1317/5100 lr:0.001 train_loss:3.4649 train_time:276313ms step_avg:211.41ms
step:1318/5100 lr:0.001 train_loss:3.6668 train_time:276621ms step_avg:211.48ms
step:1319/5100 lr:0.001 train_loss:3.7597 train_time:276931ms step_avg:211.56ms
step:1320/5100 lr:0.001 train_loss:3.8704 train_time:277239ms step_avg:211.63ms
step:1321/5100 lr:0.001 train_loss:3.5214 train_time:277547ms step_avg:211.71ms
step:1322/5100 lr:0.001 train_loss:3.7276 train_time:277858ms step_avg:211.78ms
step:1323/5100 lr:0.001 train_loss:3.8898 train_time:278165ms step_avg:211.85ms
step:1324/5100 lr:0.001 train_loss:3.8377 train_time:278478ms step_avg:211.93ms
step:1325/5100 lr:0.001 train_loss:3.7298 train_time:278783ms step_avg:212.00ms
step:1326/5100 lr:0.001 train_loss:3.7645 train_time:279091ms step_avg:212.08ms
step:1327/5100 lr:0.001 train_loss:4.0016 train_time:279401ms step_avg:212.15ms
step:1328/5100 lr:0.001 train_loss:4.0571 train_time:279709ms step_avg:212.22ms
step:1329/5100 lr:0.001 train_loss:3.7990 train_time:280018ms step_avg:212.30ms
step:1330/5100 lr:0.001 train_loss:3.6083 train_time:280531ms step_avg:212.52ms
step:1331/5100 lr:0.001 train_loss:4.0113 train_time:280841ms step_avg:212.60ms
step:1332/5100 lr:0.001 train_loss:3.7866 train_time:281148ms step_avg:212.67ms
step:1333/5100 lr:0.001 train_loss:3.9850 train_time:281456ms step_avg:212.74ms
step:1334/5100 lr:0.001 train_loss:3.6473 train_time:281974ms step_avg:212.97ms
step:1335/5100 lr:0.001 train_loss:3.6897 train_time:282282ms step_avg:213.04ms
step:1336/5100 lr:0.001 train_loss:3.7253 train_time:282592ms step_avg:213.12ms
step:1337/5100 lr:0.001 train_loss:3.7964 train_time:282898ms step_avg:213.19ms
step:1338/5100 lr:0.001 train_loss:3.6618 train_time:283206ms step_avg:213.26ms
step:1339/5100 lr:0.001 train_loss:3.6351 train_time:283515ms step_avg:213.33ms
step:1340/5100 lr:0.001 train_loss:3.6534 train_time:283823ms step_avg:213.40ms
step:1341/5100 lr:0.001 train_loss:3.7218 train_time:284131ms step_avg:213.47ms
step:1342/5100 lr:0.001 train_loss:3.6176 train_time:284439ms step_avg:213.54ms
step:1343/5100 lr:0.001 train_loss:3.7618 train_time:284747ms step_avg:213.61ms
step:1344/5100 lr:0.001 train_loss:3.6893 train_time:285056ms step_avg:213.69ms
step:1345/5100 lr:0.001 train_loss:3.6893 train_time:285364ms step_avg:213.76ms
step:1346/5100 lr:0.001 train_loss:3.8379 train_time:285672ms step_avg:213.83ms
step:1347/5100 lr:0.001 train_loss:3.7497 train_time:285980ms step_avg:213.90ms
step:1348/5100 lr:0.001 train_loss:3.6631 train_time:286289ms step_avg:213.97ms
step:1349/5100 lr:0.001 train_loss:3.6300 train_time:286599ms step_avg:214.04ms
step:1350/5100 lr:0.001 train_loss:3.6764 train_time:286906ms step_avg:214.11ms
step:1351/5100 lr:0.001 train_loss:4.1661 train_time:287215ms step_avg:214.18ms
step:1352/5100 lr:0.001 train_loss:3.6892 train_time:287526ms step_avg:214.25ms
step:1353/5100 lr:0.001 train_loss:3.8020 train_time:287834ms step_avg:214.32ms
step:1354/5100 lr:0.001 train_loss:3.9928 train_time:288144ms step_avg:214.39ms
step:1355/5100 lr:0.001 train_loss:3.6616 train_time:288451ms step_avg:214.46ms
step:1356/5100 lr:0.001 train_loss:3.6905 train_time:288760ms step_avg:214.53ms
step:1357/5100 lr:0.001 train_loss:3.6213 train_time:289069ms step_avg:214.60ms
step:1358/5100 lr:0.001 train_loss:3.8283 train_time:289376ms step_avg:214.67ms
step:1359/5100 lr:0.001 train_loss:3.6922 train_time:289686ms step_avg:214.74ms
step:1360/5100 lr:0.001 train_loss:3.9901 train_time:289993ms step_avg:214.81ms
step:1361/5100 lr:0.001 train_loss:4.0818 train_time:290301ms step_avg:214.88ms
step:1362/5100 lr:0.001 train_loss:4.0429 train_time:290610ms step_avg:214.95ms
step:1363/5100 lr:0.001 train_loss:3.5795 train_time:290918ms step_avg:215.02ms
step:1364/5100 lr:0.001 train_loss:3.7902 train_time:291226ms step_avg:215.09ms
step:1365/5100 lr:0.001 train_loss:3.7197 train_time:291534ms step_avg:215.15ms
step:1366/5100 lr:0.001 train_loss:3.5199 train_time:291842ms step_avg:215.22ms
step:1367/5100 lr:0.001 train_loss:3.5475 train_time:292152ms step_avg:215.29ms
step:1368/5100 lr:0.001 train_loss:3.5432 train_time:292460ms step_avg:215.36ms
step:1369/5100 lr:0.001 train_loss:3.7322 train_time:292768ms step_avg:215.43ms
step:1370/5100 lr:0.001 train_loss:3.7355 train_time:293077ms step_avg:215.50ms
step:1371/5100 lr:0.001 train_loss:3.7609 train_time:293384ms step_avg:215.57ms
step:1372/5100 lr:0.001 train_loss:3.9447 train_time:293695ms step_avg:215.63ms
step:1373/5100 lr:0.001 train_loss:3.7826 train_time:294001ms step_avg:215.70ms
step:1374/5100 lr:0.001 train_loss:3.5702 train_time:294310ms step_avg:215.77ms
step:1375/5100 lr:0.001 train_loss:3.7537 train_time:294619ms step_avg:215.84ms
step:1375/5100 val_loss:3.7231 train_time:294633ms step_avg:215.85ms
step:1376/5100 lr:0.001 train_loss:3.6769 train_time:298946ms step_avg:218.85ms
step:1377/5100 lr:0.001 train_loss:3.7553 train_time:299253ms step_avg:218.91ms
step:1378/5100 lr:0.001 train_loss:3.9383 train_time:299563ms step_avg:218.98ms
step:1379/5100 lr:0.001 train_loss:3.6650 train_time:299869ms step_avg:219.04ms
step:1380/5100 lr:0.001 train_loss:3.6921 train_time:300179ms step_avg:219.11ms
step:1381/5100 lr:0.001 train_loss:3.6428 train_time:300489ms step_avg:219.17ms
step:1382/5100 lr:0.001 train_loss:3.7311 train_time:300794ms step_avg:219.24ms
step:1383/5100 lr:0.001 train_loss:3.8242 train_time:301105ms step_avg:219.30ms
step:1384/5100 lr:0.001 train_loss:3.6730 train_time:301411ms step_avg:219.37ms
step:1385/5100 lr:0.001 train_loss:3.5836 train_time:301720ms step_avg:219.43ms
step:1386/5100 lr:0.001 train_loss:3.7009 train_time:302027ms step_avg:219.50ms
step:1387/5100 lr:0.001 train_loss:3.6034 train_time:302335ms step_avg:219.56ms
step:1388/5100 lr:0.001 train_loss:3.7331 train_time:302643ms step_avg:219.62ms
step:1389/5100 lr:0.001 train_loss:3.4402 train_time:302951ms step_avg:219.69ms
step:1390/5100 lr:0.001 train_loss:3.6330 train_time:303259ms step_avg:219.75ms
step:1391/5100 lr:0.001 train_loss:3.7983 train_time:303567ms step_avg:219.82ms
step:1392/5100 lr:0.001 train_loss:3.8293 train_time:303875ms step_avg:219.88ms
step:1393/5100 lr:0.001 train_loss:4.0285 train_time:304184ms step_avg:219.95ms
step:1394/5100 lr:0.001 train_loss:3.7561 train_time:304491ms step_avg:220.01ms
step:1395/5100 lr:0.001 train_loss:3.8729 train_time:304800ms step_avg:220.07ms
step:1396/5100 lr:0.001 train_loss:3.7385 train_time:305110ms step_avg:220.14ms
step:1397/5100 lr:0.001 train_loss:3.5818 train_time:305416ms step_avg:220.20ms
step:1398/5100 lr:0.001 train_loss:3.8697 train_time:305724ms step_avg:220.26ms
step:1399/5100 lr:0.001 train_loss:3.5968 train_time:306033ms step_avg:220.33ms
step:1400/5100 lr:0.001 train_loss:3.6399 train_time:306340ms step_avg:220.39ms
step:1401/5100 lr:0.001 train_loss:3.6231 train_time:306650ms step_avg:220.45ms
step:1402/5100 lr:0.001 train_loss:3.6332 train_time:306957ms step_avg:220.52ms
step:1403/5100 lr:0.001 train_loss:3.9140 train_time:307265ms step_avg:220.58ms
step:1404/5100 lr:0.001 train_loss:4.3139 train_time:307574ms step_avg:220.64ms
step:1405/5100 lr:0.001 train_loss:3.7287 train_time:307881ms step_avg:220.70ms
step:1406/5100 lr:0.001 train_loss:3.6982 train_time:308190ms step_avg:220.77ms
step:1407/5100 lr:0.001 train_loss:3.7355 train_time:308502ms step_avg:220.83ms
step:1408/5100 lr:0.001 train_loss:3.5514 train_time:308806ms step_avg:220.89ms
step:1409/5100 lr:0.001 train_loss:3.5632 train_time:309114ms step_avg:220.95ms
step:1410/5100 lr:0.001 train_loss:3.7505 train_time:309422ms step_avg:221.02ms
step:1411/5100 lr:0.001 train_loss:3.8771 train_time:309730ms step_avg:221.08ms
step:1412/5100 lr:0.001 train_loss:4.2448 train_time:310038ms step_avg:221.14ms
step:1413/5100 lr:0.001 train_loss:3.9205 train_time:310346ms step_avg:221.20ms
step:1414/5100 lr:0.001 train_loss:3.8875 train_time:310655ms step_avg:221.26ms
step:1415/5100 lr:0.001 train_loss:3.7470 train_time:310962ms step_avg:221.33ms
step:1416/5100 lr:0.001 train_loss:3.7061 train_time:311270ms step_avg:221.39ms
step:1417/5100 lr:0.001 train_loss:3.6933 train_time:311580ms step_avg:221.45ms
step:1418/5100 lr:0.001 train_loss:3.3340 train_time:311886ms step_avg:221.51ms
step:1419/5100 lr:0.001 train_loss:3.1691 train_time:312196ms step_avg:221.57ms
step:1420/5100 lr:0.001 train_loss:3.8349 train_time:312503ms step_avg:221.63ms
step:1421/5100 lr:0.001 train_loss:3.8722 train_time:312814ms step_avg:221.70ms
step:1422/5100 lr:0.001 train_loss:3.6722 train_time:313121ms step_avg:221.76ms
step:1423/5100 lr:0.001 train_loss:3.5437 train_time:313429ms step_avg:221.82ms
step:1424/5100 lr:0.001 train_loss:3.8070 train_time:313737ms step_avg:221.88ms
step:1425/5100 lr:0.001 train_loss:3.4989 train_time:314045ms step_avg:221.94ms
step:1426/5100 lr:0.001 train_loss:3.6098 train_time:314353ms step_avg:222.00ms
step:1427/5100 lr:0.001 train_loss:3.9975 train_time:314663ms step_avg:222.06ms
step:1428/5100 lr:0.001 train_loss:3.5849 train_time:314973ms step_avg:222.13ms
step:1429/5100 lr:0.001 train_loss:3.7278 train_time:315278ms step_avg:222.18ms
step:1430/5100 lr:0.001 train_loss:3.6731 train_time:315586ms step_avg:222.24ms
step:1431/5100 lr:0.001 train_loss:3.7122 train_time:315895ms step_avg:222.30ms
step:1432/5100 lr:0.001 train_loss:3.6177 train_time:316207ms step_avg:222.37ms
step:1433/5100 lr:0.001 train_loss:3.6275 train_time:316514ms step_avg:222.43ms
step:1434/5100 lr:0.001 train_loss:3.7182 train_time:316822ms step_avg:222.49ms
step:1435/5100 lr:0.001 train_loss:3.5741 train_time:317130ms step_avg:222.55ms
step:1436/5100 lr:0.001 train_loss:4.1203 train_time:317438ms step_avg:222.61ms
step:1437/5100 lr:0.001 train_loss:3.6328 train_time:317748ms step_avg:222.67ms
step:1438/5100 lr:0.001 train_loss:3.6555 train_time:318055ms step_avg:222.73ms
step:1439/5100 lr:0.001 train_loss:3.6052 train_time:318363ms step_avg:222.79ms
step:1440/5100 lr:0.001 train_loss:3.6119 train_time:318673ms step_avg:222.85ms
step:1441/5100 lr:0.001 train_loss:3.3908 train_time:318979ms step_avg:222.91ms
step:1442/5100 lr:0.001 train_loss:3.8077 train_time:319288ms step_avg:222.97ms
step:1443/5100 lr:0.001 train_loss:3.6048 train_time:319595ms step_avg:223.03ms
step:1444/5100 lr:0.001 train_loss:3.8162 train_time:319903ms step_avg:223.08ms
step:1445/5100 lr:0.001 train_loss:3.7832 train_time:320211ms step_avg:223.14ms
step:1446/5100 lr:0.001 train_loss:3.6671 train_time:320519ms step_avg:223.20ms
step:1447/5100 lr:0.001 train_loss:4.1358 train_time:320828ms step_avg:223.26ms
step:1448/5100 lr:0.001 train_loss:3.6829 train_time:321138ms step_avg:223.32ms
step:1449/5100 lr:0.001 train_loss:3.3652 train_time:321444ms step_avg:223.38ms
step:1450/5100 lr:0.001 train_loss:3.6352 train_time:321754ms step_avg:223.44ms
step:1451/5100 lr:0.001 train_loss:3.6425 train_time:322061ms step_avg:223.50ms
step:1452/5100 lr:0.001 train_loss:3.7602 train_time:322369ms step_avg:223.56ms
step:1453/5100 lr:0.001 train_loss:3.6143 train_time:322677ms step_avg:223.62ms
step:1454/5100 lr:0.001 train_loss:3.4579 train_time:322985ms step_avg:223.67ms
step:1455/5100 lr:0.001 train_loss:3.6490 train_time:323293ms step_avg:223.73ms
step:1456/5100 lr:0.001 train_loss:3.6342 train_time:323602ms step_avg:223.79ms
step:1457/5100 lr:0.001 train_loss:3.5454 train_time:323910ms step_avg:223.85ms
step:1458/5100 lr:0.001 train_loss:3.7463 train_time:324223ms step_avg:223.91ms
step:1459/5100 lr:0.001 train_loss:3.7704 train_time:324530ms step_avg:223.97ms
step:1460/5100 lr:0.001 train_loss:3.6916 train_time:324838ms step_avg:224.03ms
step:1461/5100 lr:0.001 train_loss:3.6559 train_time:325145ms step_avg:224.08ms
step:1462/5100 lr:0.001 train_loss:3.7865 train_time:325453ms step_avg:224.14ms
step:1463/5100 lr:0.001 train_loss:3.6948 train_time:325765ms step_avg:224.20ms
step:1464/5100 lr:0.001 train_loss:3.6084 train_time:326071ms step_avg:224.26ms
step:1465/5100 lr:0.001 train_loss:3.5939 train_time:326379ms step_avg:224.32ms
step:1466/5100 lr:0.001 train_loss:3.6314 train_time:326688ms step_avg:224.37ms
step:1467/5100 lr:0.001 train_loss:3.8177 train_time:326995ms step_avg:224.43ms
step:1468/5100 lr:0.001 train_loss:3.7606 train_time:327304ms step_avg:224.49ms
step:1469/5100 lr:0.001 train_loss:3.6651 train_time:327611ms step_avg:224.55ms
step:1470/5100 lr:0.001 train_loss:3.7193 train_time:327919ms step_avg:224.60ms
step:1471/5100 lr:0.001 train_loss:3.7138 train_time:328229ms step_avg:224.66ms
step:1472/5100 lr:0.001 train_loss:3.6035 train_time:328536ms step_avg:224.72ms
step:1473/5100 lr:0.001 train_loss:3.5009 train_time:328844ms step_avg:224.77ms
step:1474/5100 lr:0.001 train_loss:3.7491 train_time:329154ms step_avg:224.83ms
step:1475/5100 lr:0.001 train_loss:3.7031 train_time:329460ms step_avg:224.89ms
step:1476/5100 lr:0.001 train_loss:3.8270 train_time:329770ms step_avg:224.95ms
step:1477/5100 lr:0.001 train_loss:3.6180 train_time:330077ms step_avg:225.00ms
step:1478/5100 lr:0.001 train_loss:3.6919 train_time:330385ms step_avg:225.06ms
step:1479/5100 lr:0.001 train_loss:3.7943 train_time:330694ms step_avg:225.12ms
step:1480/5100 lr:0.001 train_loss:3.6904 train_time:331001ms step_avg:225.17ms
step:1481/5100 lr:0.001 train_loss:3.6187 train_time:331311ms step_avg:225.23ms
step:1482/5100 lr:0.001 train_loss:3.5536 train_time:331618ms step_avg:225.28ms
step:1483/5100 lr:0.001 train_loss:3.6248 train_time:331925ms step_avg:225.34ms
step:1484/5100 lr:0.001 train_loss:3.7370 train_time:332234ms step_avg:225.40ms
step:1485/5100 lr:0.001 train_loss:3.6451 train_time:332541ms step_avg:225.45ms
step:1486/5100 lr:0.001 train_loss:3.6036 train_time:332849ms step_avg:225.51ms
step:1487/5100 lr:0.001 train_loss:3.8269 train_time:333159ms step_avg:225.56ms
step:1488/5100 lr:0.001 train_loss:3.6223 train_time:333465ms step_avg:225.62ms
step:1489/5100 lr:0.001 train_loss:3.5948 train_time:333775ms step_avg:225.68ms
step:1490/5100 lr:0.001 train_loss:3.5339 train_time:334082ms step_avg:225.73ms
step:1491/5100 lr:0.001 train_loss:3.3969 train_time:334390ms step_avg:225.79ms
step:1492/5100 lr:0.001 train_loss:3.5539 train_time:334699ms step_avg:225.84ms
step:1493/5100 lr:0.001 train_loss:3.4089 train_time:335006ms step_avg:225.90ms
step:1494/5100 lr:0.001 train_loss:3.7459 train_time:335315ms step_avg:225.95ms
step:1495/5100 lr:0.001 train_loss:3.7959 train_time:335623ms step_avg:226.01ms
step:1496/5100 lr:0.001 train_loss:3.5715 train_time:335932ms step_avg:226.06ms
step:1497/5100 lr:0.001 train_loss:3.8761 train_time:336240ms step_avg:226.12ms
step:1498/5100 lr:0.001 train_loss:3.5893 train_time:336549ms step_avg:226.18ms
step:1499/5100 lr:0.001 train_loss:3.6763 train_time:336856ms step_avg:226.23ms
step:1500/5100 lr:0.001 train_loss:3.5514 train_time:337165ms step_avg:226.28ms
step:1500/5100 val_loss:3.6619 train_time:337180ms step_avg:226.30ms
step:1501/5100 lr:0.001 train_loss:3.7444 train_time:341465ms step_avg:229.02ms
step:1502/5100 lr:0.001 train_loss:3.6110 train_time:341774ms step_avg:229.07ms
step:1503/5100 lr:0.001 train_loss:3.7017 train_time:342081ms step_avg:229.12ms
step:1504/5100 lr:0.001 train_loss:3.5866 train_time:342389ms step_avg:229.18ms
step:1505/5100 lr:0.001 train_loss:3.4879 train_time:342699ms step_avg:229.23ms
step:1506/5100 lr:0.001 train_loss:3.6837 train_time:343006ms step_avg:229.28ms
step:1507/5100 lr:0.001 train_loss:3.7351 train_time:343314ms step_avg:229.33ms
step:1508/5100 lr:0.001 train_loss:3.7522 train_time:343622ms step_avg:229.39ms
step:1509/5100 lr:0.001 train_loss:3.5624 train_time:343931ms step_avg:229.44ms
step:1510/5100 lr:0.001 train_loss:3.4959 train_time:344240ms step_avg:229.49ms
step:1511/5100 lr:0.001 train_loss:3.6563 train_time:344547ms step_avg:229.55ms
step:1512/5100 lr:0.001 train_loss:3.5999 train_time:344856ms step_avg:229.60ms
step:1513/5100 lr:0.001 train_loss:3.6807 train_time:345164ms step_avg:229.65ms
step:1514/5100 lr:0.001 train_loss:3.5351 train_time:345472ms step_avg:229.70ms
step:1515/5100 lr:0.001 train_loss:3.6236 train_time:345780ms step_avg:229.75ms
step:1516/5100 lr:0.001 train_loss:3.7081 train_time:346088ms step_avg:229.81ms
step:1517/5100 lr:0.001 train_loss:3.6587 train_time:346396ms step_avg:229.86ms
step:1518/5100 lr:0.001 train_loss:3.6608 train_time:346706ms step_avg:229.91ms
step:1519/5100 lr:0.001 train_loss:3.6532 train_time:347014ms step_avg:229.96ms
step:1520/5100 lr:0.001 train_loss:3.6601 train_time:347533ms step_avg:230.15ms
step:1521/5100 lr:0.001 train_loss:3.5858 train_time:347841ms step_avg:230.21ms
step:1522/5100 lr:0.001 train_loss:3.8483 train_time:348149ms step_avg:230.26ms
step:1523/5100 lr:0.001 train_loss:3.7494 train_time:348457ms step_avg:230.31ms
step:1524/5100 lr:0.001 train_loss:3.5296 train_time:348977ms step_avg:230.50ms
step:1525/5100 lr:0.001 train_loss:3.6294 train_time:349284ms step_avg:230.55ms
step:1526/5100 lr:0.001 train_loss:3.7297 train_time:349593ms step_avg:230.60ms
step:1527/5100 lr:0.001 train_loss:3.6723 train_time:349900ms step_avg:230.65ms
step:1528/5100 lr:0.001 train_loss:3.8135 train_time:350208ms step_avg:230.70ms
step:1529/5100 lr:0.001 train_loss:3.6315 train_time:350516ms step_avg:230.75ms
step:1530/5100 lr:0.001 train_loss:3.6808 train_time:350824ms step_avg:230.81ms
step:1531/5100 lr:0.001 train_loss:3.6711 train_time:351133ms step_avg:230.86ms
step:1532/5100 lr:0.001 train_loss:4.0548 train_time:351441ms step_avg:230.91ms
step:1533/5100 lr:0.001 train_loss:3.8501 train_time:351749ms step_avg:230.96ms
step:1534/5100 lr:0.001 train_loss:3.4805 train_time:352058ms step_avg:231.01ms
step:1535/5100 lr:0.001 train_loss:3.5940 train_time:352365ms step_avg:231.06ms
step:1536/5100 lr:0.001 train_loss:3.6706 train_time:352674ms step_avg:231.11ms
step:1537/5100 lr:0.001 train_loss:3.6129 train_time:352983ms step_avg:231.16ms
step:1538/5100 lr:0.001 train_loss:3.7250 train_time:353291ms step_avg:231.21ms
step:1539/5100 lr:0.001 train_loss:3.6555 train_time:353599ms step_avg:231.26ms
step:1540/5100 lr:0.001 train_loss:3.5558 train_time:353908ms step_avg:231.31ms
step:1541/5100 lr:0.001 train_loss:3.6095 train_time:354216ms step_avg:231.36ms
step:1542/5100 lr:0.001 train_loss:3.9961 train_time:354524ms step_avg:231.41ms
step:1543/5100 lr:0.001 train_loss:3.6151 train_time:354833ms step_avg:231.46ms
step:1544/5100 lr:0.001 train_loss:3.6984 train_time:355141ms step_avg:231.51ms
step:1545/5100 lr:0.001 train_loss:3.6209 train_time:355451ms step_avg:231.56ms
step:1546/5100 lr:0.001 train_loss:3.5689 train_time:355759ms step_avg:231.61ms
step:1547/5100 lr:0.001 train_loss:3.5212 train_time:356066ms step_avg:231.66ms
step:1548/5100 lr:0.001 train_loss:3.6620 train_time:356376ms step_avg:231.71ms
step:1549/5100 lr:0.001 train_loss:3.7474 train_time:356682ms step_avg:231.76ms
step:1550/5100 lr:0.001 train_loss:3.5357 train_time:356992ms step_avg:231.81ms
step:1551/5100 lr:0.001 train_loss:3.6130 train_time:357299ms step_avg:231.86ms
step:1552/5100 lr:0.001 train_loss:3.5799 train_time:357608ms step_avg:231.91ms
step:1553/5100 lr:0.001 train_loss:3.7196 train_time:357916ms step_avg:231.96ms
step:1554/5100 lr:0.001 train_loss:3.5814 train_time:358224ms step_avg:232.01ms
step:1555/5100 lr:0.001 train_loss:3.5890 train_time:358533ms step_avg:232.06ms
step:1556/5100 lr:0.001 train_loss:3.6690 train_time:358841ms step_avg:232.11ms
step:1557/5100 lr:0.001 train_loss:3.5540 train_time:359149ms step_avg:232.16ms
step:1558/5100 lr:0.001 train_loss:3.6417 train_time:359458ms step_avg:232.21ms
step:1559/5100 lr:0.001 train_loss:3.6009 train_time:359767ms step_avg:232.26ms
step:1560/5100 lr:0.001 train_loss:3.5846 train_time:360075ms step_avg:232.31ms
step:1561/5100 lr:0.001 train_loss:3.6736 train_time:360383ms step_avg:232.36ms
step:1562/5100 lr:0.001 train_loss:3.4954 train_time:360691ms step_avg:232.40ms
step:1563/5100 lr:0.001 train_loss:3.6074 train_time:361000ms step_avg:232.45ms
step:1564/5100 lr:0.001 train_loss:3.8075 train_time:361308ms step_avg:232.50ms
step:1565/5100 lr:0.001 train_loss:3.5352 train_time:361617ms step_avg:232.55ms
step:1566/5100 lr:0.001 train_loss:3.6161 train_time:361925ms step_avg:232.60ms
step:1567/5100 lr:0.001 train_loss:3.8533 train_time:362233ms step_avg:232.65ms
step:1568/5100 lr:0.001 train_loss:3.4838 train_time:362541ms step_avg:232.70ms
step:1569/5100 lr:0.001 train_loss:3.4978 train_time:362849ms step_avg:232.74ms
step:1570/5100 lr:0.001 train_loss:3.6041 train_time:363158ms step_avg:232.79ms
step:1571/5100 lr:0.001 train_loss:3.6098 train_time:363468ms step_avg:232.84ms
step:1572/5100 lr:0.001 train_loss:3.5123 train_time:363775ms step_avg:232.89ms
step:1573/5100 lr:0.001 train_loss:3.7904 train_time:364083ms step_avg:232.94ms
step:1574/5100 lr:0.001 train_loss:3.7290 train_time:364392ms step_avg:232.99ms
step:1575/5100 lr:0.001 train_loss:3.4571 train_time:364700ms step_avg:233.04ms
step:1576/5100 lr:0.001 train_loss:3.6486 train_time:365010ms step_avg:233.08ms
step:1577/5100 lr:0.001 train_loss:3.5882 train_time:365316ms step_avg:233.13ms
step:1578/5100 lr:0.001 train_loss:3.6121 train_time:365625ms step_avg:233.18ms
step:1579/5100 lr:0.001 train_loss:3.7254 train_time:365935ms step_avg:233.23ms
step:1580/5100 lr:0.001 train_loss:3.6068 train_time:366241ms step_avg:233.27ms
step:1581/5100 lr:0.001 train_loss:3.6329 train_time:366551ms step_avg:233.32ms
step:1582/5100 lr:0.001 train_loss:3.5750 train_time:366858ms step_avg:233.37ms
step:1583/5100 lr:0.001 train_loss:3.4848 train_time:367166ms step_avg:233.42ms
step:1584/5100 lr:0.001 train_loss:3.5703 train_time:367476ms step_avg:233.47ms
step:1585/5100 lr:0.001 train_loss:3.6363 train_time:367783ms step_avg:233.51ms
step:1586/5100 lr:0.001 train_loss:3.5967 train_time:368092ms step_avg:233.56ms
step:1587/5100 lr:0.001 train_loss:4.0693 train_time:368402ms step_avg:233.61ms
step:1588/5100 lr:0.001 train_loss:3.5882 train_time:368711ms step_avg:233.66ms
step:1589/5100 lr:0.001 train_loss:3.6948 train_time:369019ms step_avg:233.70ms
step:1590/5100 lr:0.001 train_loss:3.4038 train_time:369326ms step_avg:233.75ms
step:1591/5100 lr:0.001 train_loss:3.7699 train_time:369635ms step_avg:233.80ms
step:1592/5100 lr:0.001 train_loss:3.6098 train_time:369944ms step_avg:233.85ms
step:1593/5100 lr:0.001 train_loss:3.7481 train_time:370251ms step_avg:233.89ms
step:1594/5100 lr:0.001 train_loss:3.6038 train_time:370561ms step_avg:233.94ms
step:1595/5100 lr:0.001 train_loss:3.6335 train_time:370868ms step_avg:233.99ms
step:1596/5100 lr:0.001 train_loss:3.6550 train_time:371177ms step_avg:234.03ms
step:1597/5100 lr:0.001 train_loss:3.6211 train_time:371486ms step_avg:234.08ms
step:1598/5100 lr:0.001 train_loss:3.7126 train_time:371794ms step_avg:234.13ms
step:1599/5100 lr:0.001 train_loss:4.0061 train_time:372102ms step_avg:234.17ms
step:1600/5100 lr:0.001 train_loss:3.5719 train_time:372411ms step_avg:234.22ms
step:1601/5100 lr:0.001 train_loss:3.6167 train_time:372720ms step_avg:234.27ms
step:1602/5100 lr:0.001 train_loss:3.7181 train_time:373028ms step_avg:234.31ms
step:1603/5100 lr:0.001 train_loss:3.7537 train_time:373337ms step_avg:234.36ms
step:1604/5100 lr:0.001 train_loss:3.6050 train_time:373645ms step_avg:234.41ms
step:1605/5100 lr:0.001 train_loss:4.0219 train_time:373954ms step_avg:234.45ms
step:1606/5100 lr:0.001 train_loss:3.7795 train_time:374263ms step_avg:234.50ms
step:1607/5100 lr:0.001 train_loss:3.4774 train_time:374571ms step_avg:234.55ms
step:1608/5100 lr:0.001 train_loss:3.6334 train_time:374879ms step_avg:234.59ms
step:1609/5100 lr:0.001 train_loss:3.4700 train_time:375187ms step_avg:234.64ms
step:1610/5100 lr:0.001 train_loss:3.8271 train_time:375495ms step_avg:234.68ms
step:1611/5100 lr:0.001 train_loss:3.5727 train_time:375804ms step_avg:234.73ms
step:1612/5100 lr:0.001 train_loss:3.6590 train_time:376112ms step_avg:234.78ms
step:1613/5100 lr:0.001 train_loss:3.6449 train_time:376420ms step_avg:234.82ms
step:1614/5100 lr:0.001 train_loss:4.0328 train_time:376728ms step_avg:234.87ms
step:1615/5100 lr:0.001 train_loss:3.8305 train_time:377037ms step_avg:234.91ms
step:1616/5100 lr:0.001 train_loss:3.7513 train_time:377344ms step_avg:234.96ms
step:1617/5100 lr:0.001 train_loss:3.5934 train_time:377652ms step_avg:235.00ms
step:1618/5100 lr:0.001 train_loss:3.6801 train_time:377962ms step_avg:235.05ms
step:1619/5100 lr:0.001 train_loss:3.5408 train_time:378268ms step_avg:235.10ms
step:1620/5100 lr:0.001 train_loss:3.6318 train_time:378576ms step_avg:235.14ms
step:1621/5100 lr:0.001 train_loss:3.7911 train_time:378884ms step_avg:235.19ms
step:1622/5100 lr:0.001 train_loss:3.8281 train_time:379192ms step_avg:235.23ms
step:1623/5100 lr:0.001 train_loss:3.5380 train_time:379502ms step_avg:235.28ms
step:1624/5100 lr:0.001 train_loss:3.7388 train_time:379809ms step_avg:235.32ms
step:1625/5100 lr:0.001 train_loss:3.6715 train_time:380116ms step_avg:235.37ms
step:1625/5100 val_loss:3.6286 train_time:380132ms step_avg:235.38ms
step:1626/5100 lr:0.001 train_loss:3.5000 train_time:384454ms step_avg:237.90ms
step:1627/5100 lr:0.001 train_loss:3.6687 train_time:384762ms step_avg:237.95ms
step:1628/5100 lr:0.001 train_loss:3.5438 train_time:385071ms step_avg:237.99ms
step:1629/5100 lr:0.001 train_loss:3.6524 train_time:385378ms step_avg:238.03ms
step:1630/5100 lr:0.001 train_loss:3.6219 train_time:385686ms step_avg:238.08ms
step:1631/5100 lr:0.001 train_loss:3.5636 train_time:385995ms step_avg:238.12ms
step:1632/5100 lr:0.001 train_loss:3.6537 train_time:386302ms step_avg:238.16ms
step:1633/5100 lr:0.001 train_loss:3.6581 train_time:386610ms step_avg:238.21ms
step:1634/5100 lr:0.001 train_loss:3.6475 train_time:386918ms step_avg:238.25ms
step:1635/5100 lr:0.001 train_loss:3.5131 train_time:387225ms step_avg:238.29ms
step:1636/5100 lr:0.001 train_loss:3.4144 train_time:387534ms step_avg:238.34ms
step:1637/5100 lr:0.001 train_loss:3.5883 train_time:387841ms step_avg:238.38ms
step:1638/5100 lr:0.001 train_loss:3.6214 train_time:388149ms step_avg:238.42ms
step:1639/5100 lr:0.001 train_loss:3.4696 train_time:388457ms step_avg:238.46ms
step:1640/5100 lr:0.001 train_loss:3.6824 train_time:388765ms step_avg:238.51ms
step:1641/5100 lr:0.001 train_loss:3.8057 train_time:389073ms step_avg:238.55ms
step:1642/5100 lr:0.001 train_loss:3.8407 train_time:389381ms step_avg:238.59ms
step:1643/5100 lr:0.001 train_loss:4.2090 train_time:389689ms step_avg:238.63ms
step:1644/5100 lr:0.001 train_loss:3.6965 train_time:389997ms step_avg:238.68ms
step:1645/5100 lr:0.001 train_loss:3.6641 train_time:390305ms step_avg:238.72ms
step:1646/5100 lr:0.001 train_loss:3.8000 train_time:390613ms step_avg:238.76ms
step:1647/5100 lr:0.001 train_loss:3.7624 train_time:390921ms step_avg:238.80ms
step:1648/5100 lr:0.001 train_loss:3.5057 train_time:391229ms step_avg:238.85ms
step:1649/5100 lr:0.001 train_loss:3.6537 train_time:391537ms step_avg:238.89ms
step:1650/5100 lr:0.001 train_loss:3.2858 train_time:391846ms step_avg:238.93ms
step:1651/5100 lr:0.001 train_loss:3.6590 train_time:392154ms step_avg:238.97ms
step:1652/5100 lr:0.001 train_loss:3.6148 train_time:392461ms step_avg:239.01ms
step:1653/5100 lr:0.001 train_loss:3.5598 train_time:392770ms step_avg:239.06ms
step:1654/5100 lr:0.001 train_loss:3.5420 train_time:393077ms step_avg:239.10ms
step:1655/5100 lr:0.001 train_loss:3.6040 train_time:393386ms step_avg:239.14ms
step:1656/5100 lr:0.001 train_loss:3.6247 train_time:393693ms step_avg:239.18ms
step:1657/5100 lr:0.001 train_loss:3.8396 train_time:394001ms step_avg:239.22ms
step:1658/5100 lr:0.001 train_loss:3.5182 train_time:394309ms step_avg:239.27ms
step:1659/5100 lr:0.001 train_loss:3.5518 train_time:394619ms step_avg:239.31ms
step:1660/5100 lr:0.001 train_loss:3.6025 train_time:394927ms step_avg:239.35ms
step:1661/5100 lr:0.001 train_loss:3.5887 train_time:395235ms step_avg:239.39ms
step:1662/5100 lr:0.001 train_loss:3.5352 train_time:395543ms step_avg:239.43ms
step:1663/5100 lr:0.001 train_loss:3.5547 train_time:395851ms step_avg:239.47ms
step:1664/5100 lr:0.001 train_loss:3.5641 train_time:396159ms step_avg:239.52ms
step:1665/5100 lr:0.001 train_loss:3.6633 train_time:396467ms step_avg:239.56ms
step:1666/5100 lr:0.001 train_loss:3.5819 train_time:396776ms step_avg:239.60ms
step:1667/5100 lr:0.001 train_loss:3.6096 train_time:397085ms step_avg:239.64ms
step:1668/5100 lr:0.001 train_loss:3.6680 train_time:397392ms step_avg:239.68ms
step:1669/5100 lr:0.001 train_loss:3.6394 train_time:397700ms step_avg:239.72ms
step:1670/5100 lr:0.001 train_loss:3.9847 train_time:398009ms step_avg:239.76ms
step:1671/5100 lr:0.001 train_loss:3.4328 train_time:398316ms step_avg:239.80ms
step:1672/5100 lr:0.001 train_loss:3.6143 train_time:398625ms step_avg:239.85ms
step:1673/5100 lr:0.001 train_loss:3.4937 train_time:398932ms step_avg:239.89ms
step:1674/5100 lr:0.001 train_loss:3.3979 train_time:399240ms step_avg:239.93ms
step:1675/5100 lr:0.001 train_loss:3.7671 train_time:399548ms step_avg:239.97ms
step:1676/5100 lr:0.001 train_loss:3.9042 train_time:399856ms step_avg:240.01ms
step:1677/5100 lr:0.001 train_loss:3.5544 train_time:400164ms step_avg:240.05ms
step:1678/5100 lr:0.001 train_loss:3.4880 train_time:400474ms step_avg:240.09ms
step:1679/5100 lr:0.001 train_loss:3.5262 train_time:400781ms step_avg:240.13ms
step:1680/5100 lr:0.001 train_loss:3.7156 train_time:401090ms step_avg:240.17ms
step:1681/5100 lr:0.001 train_loss:3.5461 train_time:401397ms step_avg:240.21ms
step:1682/5100 lr:0.001 train_loss:3.6025 train_time:401705ms step_avg:240.25ms
step:1683/5100 lr:0.001 train_loss:3.6153 train_time:402014ms step_avg:240.30ms
step:1684/5100 lr:0.001 train_loss:3.1367 train_time:402322ms step_avg:240.34ms
step:1685/5100 lr:0.001 train_loss:3.6058 train_time:402630ms step_avg:240.38ms
step:1686/5100 lr:0.001 train_loss:3.7061 train_time:402939ms step_avg:240.42ms
step:1687/5100 lr:0.001 train_loss:3.7278 train_time:403247ms step_avg:240.46ms
step:1688/5100 lr:0.001 train_loss:3.6883 train_time:403556ms step_avg:240.50ms
step:1689/5100 lr:0.001 train_loss:3.5189 train_time:403864ms step_avg:240.54ms
step:1690/5100 lr:0.001 train_loss:3.6676 train_time:404172ms step_avg:240.58ms
step:1691/5100 lr:0.001 train_loss:3.5269 train_time:404479ms step_avg:240.62ms
step:1692/5100 lr:0.001 train_loss:3.5273 train_time:404787ms step_avg:240.66ms
step:1693/5100 lr:0.001 train_loss:3.5759 train_time:405096ms step_avg:240.70ms
step:1694/5100 lr:0.001 train_loss:3.4652 train_time:405404ms step_avg:240.74ms
step:1695/5100 lr:0.001 train_loss:3.6327 train_time:405712ms step_avg:240.78ms
step:1696/5100 lr:0.001 train_loss:3.5696 train_time:406020ms step_avg:240.82ms
step:1697/5100 lr:0.001 train_loss:3.5403 train_time:406328ms step_avg:240.86ms
step:1698/5100 lr:0.001 train_loss:4.1098 train_time:406636ms step_avg:240.90ms
step:1699/5100 lr:0.001 train_loss:3.7773 train_time:406944ms step_avg:240.94ms
step:1700/5100 lr:0.001 train_loss:3.6410 train_time:407252ms step_avg:240.98ms
step:1701/5100 lr:0.001 train_loss:3.5781 train_time:407561ms step_avg:241.02ms
step:1702/5100 lr:0.001 train_loss:3.3649 train_time:407869ms step_avg:241.06ms
step:1703/5100 lr:0.001 train_loss:3.6140 train_time:408177ms step_avg:241.10ms
step:1704/5100 lr:0.001 train_loss:3.6309 train_time:408485ms step_avg:241.14ms
step:1705/5100 lr:0.001 train_loss:3.6244 train_time:408793ms step_avg:241.18ms
step:1706/5100 lr:0.001 train_loss:3.4241 train_time:409101ms step_avg:241.22ms
step:1707/5100 lr:0.001 train_loss:3.8683 train_time:409409ms step_avg:241.25ms
step:1708/5100 lr:0.001 train_loss:3.5384 train_time:409717ms step_avg:241.29ms
step:1709/5100 lr:0.001 train_loss:4.0834 train_time:410025ms step_avg:241.33ms
step:1710/5100 lr:0.001 train_loss:3.4983 train_time:410542ms step_avg:241.50ms
step:1711/5100 lr:0.001 train_loss:3.3594 train_time:410852ms step_avg:241.54ms
step:1712/5100 lr:0.001 train_loss:3.7172 train_time:411159ms step_avg:241.57ms
step:1713/5100 lr:0.001 train_loss:3.4899 train_time:411468ms step_avg:241.61ms
step:1714/5100 lr:0.001 train_loss:3.5198 train_time:411775ms step_avg:241.65ms
step:1715/5100 lr:0.001 train_loss:3.5505 train_time:412296ms step_avg:241.82ms
step:1716/5100 lr:0.001 train_loss:3.8237 train_time:412603ms step_avg:241.85ms
step:1717/5100 lr:0.001 train_loss:3.5952 train_time:412913ms step_avg:241.89ms
step:1718/5100 lr:0.001 train_loss:3.5924 train_time:413222ms step_avg:241.93ms
step:1719/5100 lr:0.001 train_loss:3.6921 train_time:413529ms step_avg:241.97ms
step:1720/5100 lr:0.001 train_loss:3.5784 train_time:413838ms step_avg:242.01ms
step:1721/5100 lr:0.001 train_loss:3.7462 train_time:414145ms step_avg:242.05ms
step:1722/5100 lr:0.001 train_loss:3.5477 train_time:414454ms step_avg:242.09ms
step:1723/5100 lr:0.001 train_loss:3.5253 train_time:414764ms step_avg:242.13ms
step:1724/5100 lr:0.001 train_loss:3.6394 train_time:415071ms step_avg:242.17ms
step:1725/5100 lr:0.001 train_loss:3.2701 train_time:415380ms step_avg:242.20ms
step:1726/5100 lr:0.001 train_loss:3.4780 train_time:415690ms step_avg:242.24ms
step:1727/5100 lr:0.001 train_loss:3.5536 train_time:415997ms step_avg:242.28ms
step:1728/5100 lr:0.001 train_loss:3.6021 train_time:416305ms step_avg:242.32ms
step:1729/5100 lr:0.001 train_loss:3.6906 train_time:416615ms step_avg:242.36ms
step:1730/5100 lr:0.001 train_loss:3.6905 train_time:416923ms step_avg:242.40ms
step:1731/5100 lr:0.001 train_loss:3.6869 train_time:417231ms step_avg:242.44ms
step:1732/5100 lr:0.001 train_loss:3.5097 train_time:417539ms step_avg:242.47ms
step:1733/5100 lr:0.001 train_loss:3.5350 train_time:417847ms step_avg:242.51ms
step:1734/5100 lr:0.001 train_loss:3.4666 train_time:418157ms step_avg:242.55ms
step:1735/5100 lr:0.001 train_loss:3.5039 train_time:418464ms step_avg:242.59ms
step:1736/5100 lr:0.001 train_loss:3.5224 train_time:418773ms step_avg:242.63ms
step:1737/5100 lr:0.001 train_loss:3.5571 train_time:419082ms step_avg:242.66ms
step:1738/5100 lr:0.001 train_loss:3.4954 train_time:419390ms step_avg:242.70ms
step:1739/5100 lr:0.001 train_loss:3.8520 train_time:419700ms step_avg:242.74ms
step:1740/5100 lr:0.001 train_loss:3.7269 train_time:420006ms step_avg:242.78ms
step:1741/5100 lr:0.001 train_loss:3.6904 train_time:420315ms step_avg:242.82ms
step:1742/5100 lr:0.001 train_loss:3.5547 train_time:420623ms step_avg:242.85ms
step:1743/5100 lr:0.001 train_loss:3.8396 train_time:420931ms step_avg:242.89ms
step:1744/5100 lr:0.001 train_loss:3.5915 train_time:421240ms step_avg:242.93ms
step:1745/5100 lr:0.001 train_loss:3.6662 train_time:421547ms step_avg:242.97ms
step:1746/5100 lr:0.001 train_loss:3.6922 train_time:421859ms step_avg:243.01ms
step:1747/5100 lr:0.001 train_loss:3.5408 train_time:422164ms step_avg:243.04ms
step:1748/5100 lr:0.001 train_loss:3.4804 train_time:422472ms step_avg:243.08ms
step:1749/5100 lr:0.001 train_loss:3.5648 train_time:422781ms step_avg:243.12ms
step:1750/5100 lr:0.001 train_loss:3.6355 train_time:423089ms step_avg:243.15ms
step:1750/5100 val_loss:3.5955 train_time:423104ms step_avg:243.16ms
step:1751/5100 lr:0.001 train_loss:3.7341 train_time:427416ms step_avg:245.50ms
step:1752/5100 lr:0.001 train_loss:3.5771 train_time:427729ms step_avg:245.54ms
step:1753/5100 lr:0.001 train_loss:3.6147 train_time:428032ms step_avg:245.57ms
step:1754/5100 lr:0.001 train_loss:3.6147 train_time:428342ms step_avg:245.61ms
step:1755/5100 lr:0.001 train_loss:3.6373 train_time:428649ms step_avg:245.64ms
step:1756/5100 lr:0.001 train_loss:3.6905 train_time:428957ms step_avg:245.68ms
step:1757/5100 lr:0.001 train_loss:3.8095 train_time:429266ms step_avg:245.72ms
step:1758/5100 lr:0.001 train_loss:3.6165 train_time:429572ms step_avg:245.75ms
step:1759/5100 lr:0.001 train_loss:3.6666 train_time:429881ms step_avg:245.79ms
step:1760/5100 lr:0.001 train_loss:3.5907 train_time:430188ms step_avg:245.82ms
step:1761/5100 lr:0.001 train_loss:3.4607 train_time:430496ms step_avg:245.86ms
step:1762/5100 lr:0.001 train_loss:3.7054 train_time:430805ms step_avg:245.89ms
step:1763/5100 lr:0.001 train_loss:3.5094 train_time:431112ms step_avg:245.93ms
step:1764/5100 lr:0.001 train_loss:3.7011 train_time:431420ms step_avg:245.96ms
step:1765/5100 lr:0.001 train_loss:3.5355 train_time:431729ms step_avg:246.00ms
step:1766/5100 lr:0.001 train_loss:3.7405 train_time:432036ms step_avg:246.03ms
step:1767/5100 lr:0.001 train_loss:3.5998 train_time:432346ms step_avg:246.07ms
step:1768/5100 lr:0.001 train_loss:3.5707 train_time:432653ms step_avg:246.11ms
step:1769/5100 lr:0.001 train_loss:3.5658 train_time:432961ms step_avg:246.14ms
step:1770/5100 lr:0.001 train_loss:3.5315 train_time:433274ms step_avg:246.18ms
step:1771/5100 lr:0.001 train_loss:3.5942 train_time:433581ms step_avg:246.21ms
step:1772/5100 lr:0.001 train_loss:3.6348 train_time:433890ms step_avg:246.25ms
step:1773/5100 lr:0.001 train_loss:3.5729 train_time:434198ms step_avg:246.28ms
step:1774/5100 lr:0.001 train_loss:3.5663 train_time:434506ms step_avg:246.32ms
step:1775/5100 lr:0.001 train_loss:3.5493 train_time:434813ms step_avg:246.35ms
step:1776/5100 lr:0.001 train_loss:3.6858 train_time:435121ms step_avg:246.39ms
step:1777/5100 lr:0.001 train_loss:3.7799 train_time:435428ms step_avg:246.42ms
step:1778/5100 lr:0.001 train_loss:3.5467 train_time:435737ms step_avg:246.46ms
step:1779/5100 lr:0.001 train_loss:3.6316 train_time:436045ms step_avg:246.49ms
step:1780/5100 lr:0.001 train_loss:3.6847 train_time:436353ms step_avg:246.53ms
step:1781/5100 lr:0.001 train_loss:3.5448 train_time:436662ms step_avg:246.56ms
step:1782/5100 lr:0.001 train_loss:3.5264 train_time:436969ms step_avg:246.60ms
step:1783/5100 lr:0.001 train_loss:3.5838 train_time:437277ms step_avg:246.63ms
step:1784/5100 lr:0.001 train_loss:3.6865 train_time:437586ms step_avg:246.67ms
step:1785/5100 lr:0.001 train_loss:3.6576 train_time:437894ms step_avg:246.70ms
step:1786/5100 lr:0.001 train_loss:3.4758 train_time:438201ms step_avg:246.73ms
step:1787/5100 lr:0.001 train_loss:3.7415 train_time:438509ms step_avg:246.77ms
step:1788/5100 lr:0.001 train_loss:3.7856 train_time:438818ms step_avg:246.80ms
step:1789/5100 lr:0.001 train_loss:3.5536 train_time:439126ms step_avg:246.84ms
step:1790/5100 lr:0.001 train_loss:3.6877 train_time:439434ms step_avg:246.87ms
step:1791/5100 lr:0.001 train_loss:3.6418 train_time:439743ms step_avg:246.91ms
step:1792/5100 lr:0.001 train_loss:3.4710 train_time:440050ms step_avg:246.94ms
step:1793/5100 lr:0.001 train_loss:3.5777 train_time:440361ms step_avg:246.98ms
step:1794/5100 lr:0.001 train_loss:3.6618 train_time:440666ms step_avg:247.01ms
step:1795/5100 lr:0.001 train_loss:3.6762 train_time:440974ms step_avg:247.04ms
step:1796/5100 lr:0.001 train_loss:3.5292 train_time:441283ms step_avg:247.08ms
step:1797/5100 lr:0.001 train_loss:3.4556 train_time:441590ms step_avg:247.11ms
step:1798/5100 lr:0.001 train_loss:3.7262 train_time:441899ms step_avg:247.15ms
step:1799/5100 lr:0.001 train_loss:3.6344 train_time:442206ms step_avg:247.18ms
step:1800/5100 lr:0.001 train_loss:3.8118 train_time:442514ms step_avg:247.21ms
step:1801/5100 lr:0.001 train_loss:3.6155 train_time:442823ms step_avg:247.25ms
step:1802/5100 lr:0.001 train_loss:3.7519 train_time:443130ms step_avg:247.28ms
step:1803/5100 lr:0.001 train_loss:3.6617 train_time:443438ms step_avg:247.32ms
step:1804/5100 lr:0.001 train_loss:3.4204 train_time:443747ms step_avg:247.35ms
step:1805/5100 lr:0.001 train_loss:3.4654 train_time:444055ms step_avg:247.38ms
step:1806/5100 lr:0.001 train_loss:3.6015 train_time:444364ms step_avg:247.42ms
step:1807/5100 lr:0.001 train_loss:3.4207 train_time:444672ms step_avg:247.45ms
step:1808/5100 lr:0.001 train_loss:3.6523 train_time:444980ms step_avg:247.49ms
step:1809/5100 lr:0.001 train_loss:3.5322 train_time:445289ms step_avg:247.52ms
step:1810/5100 lr:0.001 train_loss:3.6402 train_time:445595ms step_avg:247.55ms
step:1811/5100 lr:0.001 train_loss:3.6014 train_time:445904ms step_avg:247.59ms
step:1812/5100 lr:0.001 train_loss:3.5244 train_time:446212ms step_avg:247.62ms
step:1813/5100 lr:0.001 train_loss:3.6260 train_time:446520ms step_avg:247.65ms
step:1814/5100 lr:0.001 train_loss:3.4317 train_time:446829ms step_avg:247.69ms
step:1815/5100 lr:0.001 train_loss:3.5673 train_time:447136ms step_avg:247.72ms
step:1816/5100 lr:0.001 train_loss:3.7573 train_time:447449ms step_avg:247.76ms
step:1817/5100 lr:0.001 train_loss:3.4822 train_time:447758ms step_avg:247.79ms
step:1818/5100 lr:0.001 train_loss:3.6963 train_time:448065ms step_avg:247.82ms
step:1819/5100 lr:0.001 train_loss:3.4985 train_time:448374ms step_avg:247.86ms
step:1820/5100 lr:0.001 train_loss:3.6364 train_time:448681ms step_avg:247.89ms
step:1821/5100 lr:0.001 train_loss:3.6316 train_time:448989ms step_avg:247.92ms
step:1822/5100 lr:0.001 train_loss:3.8261 train_time:449297ms step_avg:247.96ms
step:1823/5100 lr:0.001 train_loss:3.6350 train_time:449605ms step_avg:247.99ms
step:1824/5100 lr:0.001 train_loss:3.5198 train_time:449913ms step_avg:248.02ms
step:1825/5100 lr:0.001 train_loss:3.5471 train_time:450221ms step_avg:248.06ms
step:1826/5100 lr:0.001 train_loss:3.4303 train_time:450536ms step_avg:248.09ms
step:1827/5100 lr:0.001 train_loss:3.5356 train_time:450845ms step_avg:248.13ms
step:1828/5100 lr:0.001 train_loss:3.6899 train_time:451152ms step_avg:248.16ms
step:1829/5100 lr:0.001 train_loss:3.4475 train_time:451460ms step_avg:248.19ms
step:1830/5100 lr:0.001 train_loss:4.4066 train_time:451769ms step_avg:248.22ms
step:1831/5100 lr:0.001 train_loss:3.5386 train_time:452076ms step_avg:248.26ms
step:1832/5100 lr:0.001 train_loss:3.3975 train_time:452385ms step_avg:248.29ms
step:1833/5100 lr:0.001 train_loss:3.5959 train_time:452692ms step_avg:248.32ms
step:1834/5100 lr:0.001 train_loss:3.5198 train_time:453000ms step_avg:248.36ms
step:1835/5100 lr:0.001 train_loss:3.6332 train_time:453308ms step_avg:248.39ms
step:1836/5100 lr:0.001 train_loss:3.6677 train_time:453616ms step_avg:248.42ms
step:1837/5100 lr:0.001 train_loss:3.5963 train_time:453924ms step_avg:248.45ms
step:1838/5100 lr:0.001 train_loss:3.4623 train_time:454233ms step_avg:248.49ms
step:1839/5100 lr:0.001 train_loss:3.6598 train_time:454540ms step_avg:248.52ms
step:1840/5100 lr:0.001 train_loss:3.5231 train_time:454851ms step_avg:248.55ms
step:1841/5100 lr:0.001 train_loss:3.6533 train_time:455158ms step_avg:248.58ms
step:1842/5100 lr:0.001 train_loss:3.5790 train_time:455466ms step_avg:248.62ms
step:1843/5100 lr:0.001 train_loss:3.4207 train_time:455774ms step_avg:248.65ms
step:1844/5100 lr:0.001 train_loss:3.7275 train_time:456082ms step_avg:248.68ms
step:1845/5100 lr:0.001 train_loss:3.6049 train_time:456391ms step_avg:248.71ms
step:1846/5100 lr:0.001 train_loss:3.5765 train_time:456698ms step_avg:248.75ms
step:1847/5100 lr:0.001 train_loss:3.6401 train_time:457006ms step_avg:248.78ms
step:1848/5100 lr:0.001 train_loss:3.3978 train_time:457315ms step_avg:248.81ms
step:1849/5100 lr:0.001 train_loss:3.3755 train_time:457622ms step_avg:248.84ms
step:1850/5100 lr:0.001 train_loss:3.5258 train_time:457932ms step_avg:248.88ms
step:1851/5100 lr:0.001 train_loss:3.6032 train_time:458239ms step_avg:248.91ms
step:1852/5100 lr:0.001 train_loss:3.6846 train_time:458549ms step_avg:248.94ms
step:1853/5100 lr:0.001 train_loss:3.5665 train_time:458858ms step_avg:248.97ms
step:1854/5100 lr:0.001 train_loss:3.6436 train_time:459166ms step_avg:249.01ms
step:1855/5100 lr:0.001 train_loss:3.6692 train_time:459475ms step_avg:249.04ms
step:1856/5100 lr:0.001 train_loss:3.6065 train_time:459784ms step_avg:249.07ms
step:1857/5100 lr:0.001 train_loss:3.6167 train_time:460091ms step_avg:249.10ms
step:1858/5100 lr:0.001 train_loss:3.7397 train_time:460399ms step_avg:249.13ms
step:1859/5100 lr:0.001 train_loss:3.4166 train_time:460707ms step_avg:249.17ms
step:1860/5100 lr:0.001 train_loss:3.4667 train_time:461015ms step_avg:249.20ms
step:1861/5100 lr:0.001 train_loss:3.5057 train_time:461323ms step_avg:249.23ms
step:1862/5100 lr:0.001 train_loss:3.5256 train_time:461631ms step_avg:249.26ms
step:1863/5100 lr:0.001 train_loss:3.5419 train_time:461939ms step_avg:249.29ms
step:1864/5100 lr:0.001 train_loss:3.4873 train_time:462248ms step_avg:249.32ms
step:1865/5100 lr:0.001 train_loss:3.6176 train_time:462556ms step_avg:249.36ms
step:1866/5100 lr:0.001 train_loss:3.5549 train_time:462865ms step_avg:249.39ms
step:1867/5100 lr:0.001 train_loss:3.5901 train_time:463172ms step_avg:249.42ms
step:1868/5100 lr:0.001 train_loss:3.7474 train_time:463482ms step_avg:249.45ms
step:1869/5100 lr:0.001 train_loss:3.3972 train_time:463788ms step_avg:249.48ms
step:1870/5100 lr:0.001 train_loss:3.6235 train_time:464097ms step_avg:249.51ms
step:1871/5100 lr:0.001 train_loss:3.5598 train_time:464407ms step_avg:249.55ms
step:1872/5100 lr:0.001 train_loss:3.4980 train_time:464714ms step_avg:249.58ms
step:1873/5100 lr:0.001 train_loss:3.5239 train_time:465022ms step_avg:249.61ms
step:1874/5100 lr:0.001 train_loss:3.4678 train_time:465331ms step_avg:249.64ms
step:1875/5100 lr:0.001 train_loss:3.4821 train_time:465638ms step_avg:249.67ms
step:1875/5100 val_loss:3.5698 train_time:465653ms step_avg:249.68ms
step:1876/5100 lr:0.001 train_loss:3.5861 train_time:469950ms step_avg:251.85ms
step:1877/5100 lr:0.001 train_loss:3.3716 train_time:470256ms step_avg:251.88ms
step:1878/5100 lr:0.001 train_loss:3.5085 train_time:470564ms step_avg:251.91ms
step:1879/5100 lr:0.001 train_loss:3.5821 train_time:470873ms step_avg:251.94ms
step:1880/5100 lr:0.001 train_loss:4.1135 train_time:471181ms step_avg:251.97ms
step:1881/5100 lr:0.001 train_loss:3.5828 train_time:471489ms step_avg:252.00ms
step:1882/5100 lr:0.001 train_loss:3.5039 train_time:471799ms step_avg:252.03ms
step:1883/5100 lr:0.001 train_loss:3.6641 train_time:472110ms step_avg:252.06ms
step:1884/5100 lr:0.001 train_loss:3.5709 train_time:472418ms step_avg:252.09ms
step:1885/5100 lr:0.001 train_loss:3.5300 train_time:472726ms step_avg:252.12ms
step:1886/5100 lr:0.001 train_loss:3.5911 train_time:473033ms step_avg:252.15ms
step:1887/5100 lr:0.001 train_loss:3.3986 train_time:473342ms step_avg:252.18ms
step:1888/5100 lr:0.001 train_loss:3.5853 train_time:473650ms step_avg:252.21ms
step:1889/5100 lr:0.001 train_loss:3.9218 train_time:473959ms step_avg:252.24ms
step:1890/5100 lr:0.001 train_loss:3.6205 train_time:474265ms step_avg:252.27ms
step:1891/5100 lr:0.001 train_loss:3.5495 train_time:474574ms step_avg:252.30ms
step:1892/5100 lr:0.001 train_loss:3.4923 train_time:474882ms step_avg:252.33ms
step:1893/5100 lr:0.001 train_loss:3.3816 train_time:475190ms step_avg:252.36ms
step:1894/5100 lr:0.001 train_loss:3.4584 train_time:475498ms step_avg:252.39ms
step:1895/5100 lr:0.001 train_loss:3.5100 train_time:475805ms step_avg:252.42ms
step:1896/5100 lr:0.001 train_loss:3.6642 train_time:476114ms step_avg:252.45ms
step:1897/5100 lr:0.001 train_loss:3.5800 train_time:476423ms step_avg:252.48ms
step:1898/5100 lr:0.001 train_loss:3.7975 train_time:476731ms step_avg:252.51ms
step:1899/5100 lr:0.001 train_loss:3.6658 train_time:477043ms step_avg:252.54ms
step:1900/5100 lr:0.001 train_loss:3.6694 train_time:477554ms step_avg:252.67ms
step:1901/5100 lr:0.001 train_loss:3.8646 train_time:477861ms step_avg:252.70ms
step:1902/5100 lr:0.001 train_loss:3.6039 train_time:478169ms step_avg:252.73ms
step:1903/5100 lr:0.001 train_loss:3.4924 train_time:478478ms step_avg:252.76ms
step:1904/5100 lr:0.001 train_loss:3.5405 train_time:478785ms step_avg:252.79ms
step:1905/5100 lr:0.001 train_loss:3.5403 train_time:479299ms step_avg:252.93ms
step:1906/5100 lr:0.001 train_loss:3.4959 train_time:479608ms step_avg:252.96ms
step:1907/5100 lr:0.001 train_loss:3.6122 train_time:479916ms step_avg:252.99ms
step:1908/5100 lr:0.001 train_loss:3.4933 train_time:480223ms step_avg:253.02ms
step:1909/5100 lr:0.001 train_loss:3.7115 train_time:480532ms step_avg:253.04ms
step:1910/5100 lr:0.001 train_loss:3.5709 train_time:480839ms step_avg:253.07ms
step:1911/5100 lr:0.001 train_loss:3.5879 train_time:481148ms step_avg:253.10ms
step:1912/5100 lr:0.001 train_loss:3.6053 train_time:481456ms step_avg:253.13ms
step:1913/5100 lr:0.001 train_loss:3.3958 train_time:481763ms step_avg:253.16ms
step:1914/5100 lr:0.001 train_loss:3.5583 train_time:482073ms step_avg:253.19ms
step:1915/5100 lr:0.001 train_loss:3.6203 train_time:482380ms step_avg:253.22ms
step:1916/5100 lr:0.001 train_loss:3.5410 train_time:482687ms step_avg:253.25ms
step:1917/5100 lr:0.001 train_loss:3.4964 train_time:482995ms step_avg:253.27ms
step:1918/5100 lr:0.001 train_loss:3.0496 train_time:483303ms step_avg:253.30ms
step:1919/5100 lr:0.001 train_loss:3.4543 train_time:483612ms step_avg:253.33ms
step:1920/5100 lr:0.001 train_loss:3.6919 train_time:483919ms step_avg:253.36ms
step:1921/5100 lr:0.001 train_loss:3.7219 train_time:484227ms step_avg:253.39ms
step:1922/5100 lr:0.001 train_loss:3.5644 train_time:484536ms step_avg:253.42ms
step:1923/5100 lr:0.001 train_loss:3.5499 train_time:484843ms step_avg:253.45ms
step:1924/5100 lr:0.001 train_loss:3.7954 train_time:485152ms step_avg:253.48ms
step:1925/5100 lr:0.001 train_loss:3.4977 train_time:485459ms step_avg:253.50ms
step:1926/5100 lr:0.001 train_loss:3.5517 train_time:485768ms step_avg:253.53ms
step:1927/5100 lr:0.001 train_loss:3.5789 train_time:486077ms step_avg:253.56ms
step:1928/5100 lr:0.001 train_loss:3.6427 train_time:486384ms step_avg:253.59ms
step:1929/5100 lr:0.001 train_loss:3.2628 train_time:486692ms step_avg:253.62ms
step:1930/5100 lr:0.001 train_loss:3.4606 train_time:487000ms step_avg:253.65ms
step:1931/5100 lr:0.001 train_loss:3.4126 train_time:487308ms step_avg:253.67ms
step:1932/5100 lr:0.001 train_loss:3.4907 train_time:487618ms step_avg:253.70ms
step:1933/5100 lr:0.001 train_loss:3.2763 train_time:487925ms step_avg:253.73ms
step:1934/5100 lr:0.001 train_loss:3.4835 train_time:488233ms step_avg:253.76ms
step:1935/5100 lr:0.001 train_loss:3.7335 train_time:488543ms step_avg:253.79ms
step:1936/5100 lr:0.001 train_loss:3.5948 train_time:488850ms step_avg:253.82ms
step:1937/5100 lr:0.001 train_loss:3.6865 train_time:489159ms step_avg:253.84ms
step:1938/5100 lr:0.001 train_loss:3.5146 train_time:489466ms step_avg:253.87ms
step:1939/5100 lr:0.001 train_loss:3.5012 train_time:489773ms step_avg:253.90ms
step:1940/5100 lr:0.001 train_loss:3.6088 train_time:490082ms step_avg:253.93ms
step:1941/5100 lr:0.001 train_loss:3.5242 train_time:490389ms step_avg:253.96ms
step:1942/5100 lr:0.001 train_loss:3.6383 train_time:490697ms step_avg:253.98ms
step:1943/5100 lr:0.001 train_loss:3.4909 train_time:491005ms step_avg:254.01ms
step:1944/5100 lr:0.001 train_loss:3.6599 train_time:491313ms step_avg:254.04ms
step:1945/5100 lr:0.001 train_loss:3.8145 train_time:491621ms step_avg:254.07ms
step:1946/5100 lr:0.001 train_loss:3.5660 train_time:491930ms step_avg:254.10ms
step:1947/5100 lr:0.001 train_loss:3.5150 train_time:492238ms step_avg:254.12ms
step:1948/5100 lr:0.001 train_loss:3.7377 train_time:492547ms step_avg:254.15ms
step:1949/5100 lr:0.001 train_loss:3.4062 train_time:492854ms step_avg:254.18ms
step:1950/5100 lr:0.001 train_loss:3.5977 train_time:493163ms step_avg:254.21ms
step:1951/5100 lr:0.001 train_loss:3.5627 train_time:493471ms step_avg:254.24ms
step:1952/5100 lr:0.001 train_loss:3.4682 train_time:493779ms step_avg:254.26ms
step:1953/5100 lr:0.001 train_loss:3.5009 train_time:494088ms step_avg:254.29ms
step:1954/5100 lr:0.001 train_loss:3.4436 train_time:494395ms step_avg:254.32ms
step:1955/5100 lr:0.001 train_loss:3.4887 train_time:494702ms step_avg:254.35ms
step:1956/5100 lr:0.001 train_loss:3.4629 train_time:495011ms step_avg:254.37ms
step:1957/5100 lr:0.001 train_loss:3.7005 train_time:495319ms step_avg:254.40ms
step:1958/5100 lr:0.001 train_loss:3.6726 train_time:495628ms step_avg:254.43ms
step:1959/5100 lr:0.001 train_loss:3.5301 train_time:495935ms step_avg:254.46ms
step:1960/5100 lr:0.001 train_loss:3.4122 train_time:496244ms step_avg:254.48ms
step:1961/5100 lr:0.001 train_loss:3.3612 train_time:496554ms step_avg:254.51ms
step:1962/5100 lr:0.001 train_loss:3.7889 train_time:496861ms step_avg:254.54ms
step:1963/5100 lr:0.001 train_loss:3.5627 train_time:497171ms step_avg:254.57ms
step:1964/5100 lr:0.001 train_loss:3.6773 train_time:497478ms step_avg:254.59ms
step:1965/5100 lr:0.001 train_loss:3.4514 train_time:497786ms step_avg:254.62ms
step:1966/5100 lr:0.001 train_loss:3.6236 train_time:498096ms step_avg:254.65ms
step:1967/5100 lr:0.001 train_loss:3.6251 train_time:498403ms step_avg:254.68ms
step:1968/5100 lr:0.001 train_loss:3.5598 train_time:498711ms step_avg:254.70ms
step:1969/5100 lr:0.001 train_loss:3.4774 train_time:499020ms step_avg:254.73ms
step:1970/5100 lr:0.001 train_loss:3.7491 train_time:499327ms step_avg:254.76ms
step:1971/5100 lr:0.001 train_loss:3.4653 train_time:499637ms step_avg:254.79ms
step:1972/5100 lr:0.001 train_loss:3.5072 train_time:499943ms step_avg:254.81ms
step:1973/5100 lr:0.001 train_loss:3.5922 train_time:500251ms step_avg:254.84ms
step:1974/5100 lr:0.001 train_loss:3.3994 train_time:500561ms step_avg:254.87ms
step:1975/5100 lr:0.001 train_loss:3.1789 train_time:500868ms step_avg:254.89ms
step:1976/5100 lr:0.001 train_loss:3.2353 train_time:501177ms step_avg:254.92ms
step:1977/5100 lr:0.001 train_loss:3.5426 train_time:501484ms step_avg:254.95ms
step:1978/5100 lr:0.001 train_loss:3.4758 train_time:501792ms step_avg:254.98ms
step:1979/5100 lr:0.001 train_loss:3.3579 train_time:502102ms step_avg:255.00ms
step:1980/5100 lr:0.001 train_loss:3.6169 train_time:502409ms step_avg:255.03ms
step:1981/5100 lr:0.001 train_loss:3.4748 train_time:502717ms step_avg:255.06ms
step:1982/5100 lr:0.001 train_loss:4.0686 train_time:503026ms step_avg:255.08ms
step:1983/5100 lr:0.001 train_loss:3.5149 train_time:503334ms step_avg:255.11ms
step:1984/5100 lr:0.001 train_loss:3.5383 train_time:503643ms step_avg:255.14ms
step:1985/5100 lr:0.001 train_loss:3.5416 train_time:503950ms step_avg:255.16ms
step:1986/5100 lr:0.001 train_loss:3.5914 train_time:504258ms step_avg:255.19ms
step:1987/5100 lr:0.001 train_loss:3.5537 train_time:504567ms step_avg:255.22ms
step:1988/5100 lr:0.001 train_loss:3.4336 train_time:504874ms step_avg:255.24ms
step:1989/5100 lr:0.001 train_loss:3.6271 train_time:505183ms step_avg:255.27ms
step:1990/5100 lr:0.001 train_loss:3.6828 train_time:505490ms step_avg:255.30ms
step:1991/5100 lr:0.001 train_loss:3.4387 train_time:505799ms step_avg:255.33ms
step:1992/5100 lr:0.001 train_loss:3.5024 train_time:506108ms step_avg:255.35ms
step:1993/5100 lr:0.001 train_loss:3.5848 train_time:506415ms step_avg:255.38ms
step:1994/5100 lr:0.001 train_loss:3.6521 train_time:506724ms step_avg:255.41ms
step:1995/5100 lr:0.001 train_loss:3.4290 train_time:507033ms step_avg:255.43ms
step:1996/5100 lr:0.001 train_loss:3.4265 train_time:507341ms step_avg:255.46ms
step:1997/5100 lr:0.001 train_loss:3.7793 train_time:507650ms step_avg:255.49ms
step:1998/5100 lr:0.001 train_loss:3.4426 train_time:507962ms step_avg:255.51ms
step:1999/5100 lr:0.001 train_loss:3.4998 train_time:508266ms step_avg:255.54ms
step:2000/5100 lr:0.001 train_loss:3.5713 train_time:508576ms step_avg:255.57ms
step:2000/5100 val_loss:3.5434 train_time:508590ms step_avg:255.57ms
step:2001/5100 lr:0.001 train_loss:3.4941 train_time:512889ms step_avg:257.60ms
step:2002/5100 lr:0.001 train_loss:3.4525 train_time:513200ms step_avg:257.63ms
step:2003/5100 lr:0.001 train_loss:3.4650 train_time:513509ms step_avg:257.66ms
step:2004/5100 lr:0.001 train_loss:3.5300 train_time:513817ms step_avg:257.68ms
step:2005/5100 lr:0.001 train_loss:3.6478 train_time:514126ms step_avg:257.71ms
step:2006/5100 lr:0.001 train_loss:3.5616 train_time:514433ms step_avg:257.73ms
step:2007/5100 lr:0.001 train_loss:3.9080 train_time:514741ms step_avg:257.76ms
step:2008/5100 lr:0.001 train_loss:3.6142 train_time:515050ms step_avg:257.78ms
step:2009/5100 lr:0.001 train_loss:3.4635 train_time:515357ms step_avg:257.81ms
step:2010/5100 lr:0.001 train_loss:3.5153 train_time:515667ms step_avg:257.83ms
step:2011/5100 lr:0.001 train_loss:3.3545 train_time:515973ms step_avg:257.86ms
step:2012/5100 lr:0.001 train_loss:3.6289 train_time:516281ms step_avg:257.88ms
step:2013/5100 lr:0.001 train_loss:3.5578 train_time:516590ms step_avg:257.91ms
step:2014/5100 lr:0.001 train_loss:3.5228 train_time:516898ms step_avg:257.93ms
step:2015/5100 lr:0.001 train_loss:3.5899 train_time:517206ms step_avg:257.96ms
step:2016/5100 lr:0.001 train_loss:3.6228 train_time:517514ms step_avg:257.98ms
step:2017/5100 lr:0.001 train_loss:3.4622 train_time:517822ms step_avg:258.01ms
step:2018/5100 lr:0.001 train_loss:3.5462 train_time:518130ms step_avg:258.03ms
step:2019/5100 lr:0.001 train_loss:3.4798 train_time:518438ms step_avg:258.06ms
step:2020/5100 lr:0.001 train_loss:3.4855 train_time:518747ms step_avg:258.08ms
step:2021/5100 lr:0.001 train_loss:3.7837 train_time:519055ms step_avg:258.11ms
step:2022/5100 lr:0.001 train_loss:3.4595 train_time:519362ms step_avg:258.13ms
step:2023/5100 lr:0.001 train_loss:3.7471 train_time:519671ms step_avg:258.16ms
step:2024/5100 lr:0.001 train_loss:3.5168 train_time:519978ms step_avg:258.18ms
step:2025/5100 lr:0.001 train_loss:3.2299 train_time:520287ms step_avg:258.21ms
step:2026/5100 lr:0.001 train_loss:3.4859 train_time:520596ms step_avg:258.23ms
step:2027/5100 lr:0.001 train_loss:3.4876 train_time:520903ms step_avg:258.26ms
step:2028/5100 lr:0.001 train_loss:3.5615 train_time:521211ms step_avg:258.28ms
step:2029/5100 lr:0.001 train_loss:3.6790 train_time:521519ms step_avg:258.31ms
step:2030/5100 lr:0.001 train_loss:3.4908 train_time:521827ms step_avg:258.33ms
step:2031/5100 lr:0.001 train_loss:3.0132 train_time:522136ms step_avg:258.36ms
step:2032/5100 lr:0.001 train_loss:3.4459 train_time:522443ms step_avg:258.38ms
step:2033/5100 lr:0.001 train_loss:3.6149 train_time:522750ms step_avg:258.40ms
step:2034/5100 lr:0.001 train_loss:3.4821 train_time:523059ms step_avg:258.43ms
step:2035/5100 lr:0.001 train_loss:3.5912 train_time:523367ms step_avg:258.45ms
step:2036/5100 lr:0.001 train_loss:3.3756 train_time:523675ms step_avg:258.48ms
step:2037/5100 lr:0.001 train_loss:3.5957 train_time:523982ms step_avg:258.50ms
step:2038/5100 lr:0.001 train_loss:3.4155 train_time:524290ms step_avg:258.53ms
step:2039/5100 lr:0.001 train_loss:3.5947 train_time:524600ms step_avg:258.55ms
step:2040/5100 lr:0.001 train_loss:3.6099 train_time:524907ms step_avg:258.58ms
step:2041/5100 lr:0.001 train_loss:3.6329 train_time:525216ms step_avg:258.60ms
step:2042/5100 lr:0.001 train_loss:3.4122 train_time:525523ms step_avg:258.62ms
step:2043/5100 lr:0.001 train_loss:3.7623 train_time:525832ms step_avg:258.65ms
step:2044/5100 lr:0.001 train_loss:3.5833 train_time:526140ms step_avg:258.67ms
step:2045/5100 lr:0.001 train_loss:3.6345 train_time:526448ms step_avg:258.70ms
step:2046/5100 lr:0.001 train_loss:3.4434 train_time:526756ms step_avg:258.72ms
step:2047/5100 lr:0.001 train_loss:3.5176 train_time:527064ms step_avg:258.74ms
step:2048/5100 lr:0.001 train_loss:3.5981 train_time:527371ms step_avg:258.77ms
step:2049/5100 lr:0.001 train_loss:3.5798 train_time:527679ms step_avg:258.79ms
step:2050/5100 lr:0.001 train_loss:3.3190 train_time:527988ms step_avg:258.82ms
step:2051/5100 lr:0.001 train_loss:3.4101 train_time:528296ms step_avg:258.84ms
step:2052/5100 lr:0.001 train_loss:3.5405 train_time:528604ms step_avg:258.87ms
step:2053/5100 lr:0.001 train_loss:3.4675 train_time:528912ms step_avg:258.89ms
step:2054/5100 lr:0.001 train_loss:3.3507 train_time:529221ms step_avg:258.91ms
step:2055/5100 lr:0.001 train_loss:3.6551 train_time:529528ms step_avg:258.94ms
step:2056/5100 lr:0.001 train_loss:3.5767 train_time:529836ms step_avg:258.96ms
step:2057/5100 lr:0.001 train_loss:3.5035 train_time:530146ms step_avg:258.99ms
step:2058/5100 lr:0.001 train_loss:3.5154 train_time:530453ms step_avg:259.01ms
step:2059/5100 lr:0.001 train_loss:3.5528 train_time:530760ms step_avg:259.03ms
step:2060/5100 lr:0.001 train_loss:3.4749 train_time:531070ms step_avg:259.06ms
step:2061/5100 lr:0.001 train_loss:3.8254 train_time:531377ms step_avg:259.08ms
step:2062/5100 lr:0.001 train_loss:3.7346 train_time:531686ms step_avg:259.11ms
step:2063/5100 lr:0.001 train_loss:3.5071 train_time:531993ms step_avg:259.13ms
step:2064/5100 lr:0.001 train_loss:3.6487 train_time:532301ms step_avg:259.15ms
step:2065/5100 lr:0.001 train_loss:3.6110 train_time:532610ms step_avg:259.18ms
step:2066/5100 lr:0.001 train_loss:3.6195 train_time:532917ms step_avg:259.20ms
step:2067/5100 lr:0.001 train_loss:3.5538 train_time:533227ms step_avg:259.23ms
step:2068/5100 lr:0.001 train_loss:3.8427 train_time:533533ms step_avg:259.25ms
step:2069/5100 lr:0.001 train_loss:3.5969 train_time:533841ms step_avg:259.27ms
step:2070/5100 lr:0.001 train_loss:3.6510 train_time:534149ms step_avg:259.30ms
step:2071/5100 lr:0.001 train_loss:3.4974 train_time:534457ms step_avg:259.32ms
step:2072/5100 lr:0.001 train_loss:3.4276 train_time:534766ms step_avg:259.34ms
step:2073/5100 lr:0.001 train_loss:3.4831 train_time:535074ms step_avg:259.37ms
step:2074/5100 lr:0.001 train_loss:3.7304 train_time:535382ms step_avg:259.39ms
step:2075/5100 lr:0.001 train_loss:3.6754 train_time:535696ms step_avg:259.42ms
step:2076/5100 lr:0.001 train_loss:3.5859 train_time:535999ms step_avg:259.44ms
step:2077/5100 lr:0.001 train_loss:3.5493 train_time:536307ms step_avg:259.46ms
step:2078/5100 lr:0.001 train_loss:3.5679 train_time:536616ms step_avg:259.49ms
step:2079/5100 lr:0.001 train_loss:3.5507 train_time:536923ms step_avg:259.51ms
step:2080/5100 lr:0.001 train_loss:3.2855 train_time:537232ms step_avg:259.53ms
step:2081/5100 lr:0.001 train_loss:3.6952 train_time:537540ms step_avg:259.56ms
step:2082/5100 lr:0.001 train_loss:3.3722 train_time:537849ms step_avg:259.58ms
step:2083/5100 lr:0.001 train_loss:3.3705 train_time:538157ms step_avg:259.60ms
step:2084/5100 lr:0.001 train_loss:3.4392 train_time:538466ms step_avg:259.63ms
step:2085/5100 lr:0.001 train_loss:3.5194 train_time:538774ms step_avg:259.65ms
step:2086/5100 lr:0.001 train_loss:3.3936 train_time:539083ms step_avg:259.67ms
step:2087/5100 lr:0.001 train_loss:3.6331 train_time:539390ms step_avg:259.70ms
step:2088/5100 lr:0.001 train_loss:3.4413 train_time:539698ms step_avg:259.72ms
step:2089/5100 lr:0.001 train_loss:3.3836 train_time:540011ms step_avg:259.75ms
step:2090/5100 lr:0.001 train_loss:3.5567 train_time:540526ms step_avg:259.87ms
step:2091/5100 lr:0.001 train_loss:3.6297 train_time:540833ms step_avg:259.89ms
step:2092/5100 lr:0.001 train_loss:3.5386 train_time:541142ms step_avg:259.91ms
step:2093/5100 lr:0.001 train_loss:3.7891 train_time:541449ms step_avg:259.94ms
step:2094/5100 lr:0.001 train_loss:3.6233 train_time:541757ms step_avg:259.96ms
step:2095/5100 lr:0.001 train_loss:3.6464 train_time:542065ms step_avg:259.98ms
step:2096/5100 lr:0.001 train_loss:3.5636 train_time:542578ms step_avg:260.10ms
step:2097/5100 lr:0.001 train_loss:3.4818 train_time:542888ms step_avg:260.13ms
step:2098/5100 lr:0.001 train_loss:3.6445 train_time:543195ms step_avg:260.15ms
step:2099/5100 lr:0.001 train_loss:3.4907 train_time:543503ms step_avg:260.17ms
step:2100/5100 lr:0.001 train_loss:3.4556 train_time:543811ms step_avg:260.20ms
step:2101/5100 lr:0.001 train_loss:3.0735 train_time:544120ms step_avg:260.22ms
step:2102/5100 lr:0.001 train_loss:3.6058 train_time:544427ms step_avg:260.24ms
step:2103/5100 lr:0.001 train_loss:3.5474 train_time:544736ms step_avg:260.27ms
step:2104/5100 lr:0.001 train_loss:3.6250 train_time:545044ms step_avg:260.29ms
step:2105/5100 lr:0.001 train_loss:3.5375 train_time:545352ms step_avg:260.31ms
step:2106/5100 lr:0.001 train_loss:3.3051 train_time:545660ms step_avg:260.33ms
step:2107/5100 lr:0.001 train_loss:3.4890 train_time:545969ms step_avg:260.36ms
step:2108/5100 lr:0.001 train_loss:3.7825 train_time:546285ms step_avg:260.38ms
step:2109/5100 lr:0.001 train_loss:3.3348 train_time:546586ms step_avg:260.40ms
step:2110/5100 lr:0.001 train_loss:3.4520 train_time:546894ms step_avg:260.43ms
step:2111/5100 lr:0.001 train_loss:3.4621 train_time:547202ms step_avg:260.45ms
step:2112/5100 lr:0.001 train_loss:3.4644 train_time:547510ms step_avg:260.47ms
step:2113/5100 lr:0.001 train_loss:3.5750 train_time:547820ms step_avg:260.49ms
step:2114/5100 lr:0.001 train_loss:3.7708 train_time:548127ms step_avg:260.52ms
step:2115/5100 lr:0.001 train_loss:3.4611 train_time:548437ms step_avg:260.54ms
step:2116/5100 lr:0.001 train_loss:3.4708 train_time:548743ms step_avg:260.56ms
step:2117/5100 lr:0.001 train_loss:3.3823 train_time:549051ms step_avg:260.58ms
step:2118/5100 lr:0.001 train_loss:3.4632 train_time:549360ms step_avg:260.61ms
step:2119/5100 lr:0.001 train_loss:3.5925 train_time:549668ms step_avg:260.63ms
step:2120/5100 lr:0.001 train_loss:3.5593 train_time:549976ms step_avg:260.65ms
step:2121/5100 lr:0.001 train_loss:3.6324 train_time:550285ms step_avg:260.67ms
step:2122/5100 lr:0.001 train_loss:3.6352 train_time:550592ms step_avg:260.70ms
step:2123/5100 lr:0.001 train_loss:3.5758 train_time:550902ms step_avg:260.72ms
step:2124/5100 lr:0.001 train_loss:3.5911 train_time:551208ms step_avg:260.74ms
step:2125/5100 lr:0.001 train_loss:3.4975 train_time:551516ms step_avg:260.76ms
step:2125/5100 val_loss:3.5254 train_time:551531ms step_avg:260.77ms
step:2126/5100 lr:0.001 train_loss:3.3826 train_time:555834ms step_avg:262.68ms
step:2127/5100 lr:0.001 train_loss:3.6532 train_time:556143ms step_avg:262.70ms
step:2128/5100 lr:0.001 train_loss:3.5399 train_time:556451ms step_avg:262.72ms
step:2129/5100 lr:0.001 train_loss:3.5397 train_time:556760ms step_avg:262.75ms
step:2130/5100 lr:0.001 train_loss:3.5176 train_time:557068ms step_avg:262.77ms
step:2131/5100 lr:0.001 train_loss:3.6151 train_time:557377ms step_avg:262.79ms
step:2132/5100 lr:0.001 train_loss:3.5083 train_time:557685ms step_avg:262.81ms
step:2133/5100 lr:0.001 train_loss:3.3580 train_time:557993ms step_avg:262.83ms
step:2134/5100 lr:0.001 train_loss:3.4404 train_time:558303ms step_avg:262.85ms
step:2135/5100 lr:0.001 train_loss:3.5385 train_time:558610ms step_avg:262.88ms
step:2136/5100 lr:0.001 train_loss:3.3573 train_time:558919ms step_avg:262.90ms
step:2137/5100 lr:0.001 train_loss:3.4303 train_time:559226ms step_avg:262.92ms
step:2138/5100 lr:0.001 train_loss:3.5030 train_time:559534ms step_avg:262.94ms
step:2139/5100 lr:0.001 train_loss:3.5494 train_time:559842ms step_avg:262.96ms
step:2140/5100 lr:0.001 train_loss:3.5957 train_time:560150ms step_avg:262.98ms
step:2141/5100 lr:0.001 train_loss:3.6560 train_time:560458ms step_avg:263.00ms
step:2142/5100 lr:0.001 train_loss:3.5568 train_time:560767ms step_avg:263.02ms
step:2143/5100 lr:0.001 train_loss:3.6978 train_time:561074ms step_avg:263.04ms
step:2144/5100 lr:0.001 train_loss:3.7030 train_time:561384ms step_avg:263.07ms
step:2145/5100 lr:0.001 train_loss:3.4179 train_time:561691ms step_avg:263.09ms
step:2146/5100 lr:0.001 train_loss:4.0251 train_time:561999ms step_avg:263.11ms
step:2147/5100 lr:0.001 train_loss:3.4849 train_time:562309ms step_avg:263.13ms
step:2148/5100 lr:0.001 train_loss:3.5670 train_time:562616ms step_avg:263.15ms
step:2149/5100 lr:0.001 train_loss:3.4821 train_time:562926ms step_avg:263.17ms
step:2150/5100 lr:0.001 train_loss:3.6611 train_time:563233ms step_avg:263.19ms
step:2151/5100 lr:0.001 train_loss:3.2563 train_time:563541ms step_avg:263.21ms
step:2152/5100 lr:0.001 train_loss:3.4322 train_time:563851ms step_avg:263.24ms
step:2153/5100 lr:0.001 train_loss:3.9030 train_time:564158ms step_avg:263.26ms
step:2154/5100 lr:0.001 train_loss:3.6195 train_time:564466ms step_avg:263.28ms
step:2155/5100 lr:0.001 train_loss:3.5137 train_time:564774ms step_avg:263.30ms
step:2156/5100 lr:0.001 train_loss:3.4213 train_time:565082ms step_avg:263.32ms
step:2157/5100 lr:0.001 train_loss:3.6953 train_time:565390ms step_avg:263.34ms
step:2158/5100 lr:0.001 train_loss:3.7002 train_time:565698ms step_avg:263.36ms
step:2159/5100 lr:0.001 train_loss:3.7124 train_time:566006ms step_avg:263.38ms
step:2160/5100 lr:0.001 train_loss:3.4395 train_time:566314ms step_avg:263.40ms
step:2161/5100 lr:0.001 train_loss:3.5993 train_time:566622ms step_avg:263.42ms
step:2162/5100 lr:0.001 train_loss:3.4947 train_time:566932ms step_avg:263.44ms
step:2163/5100 lr:0.001 train_loss:3.4354 train_time:567240ms step_avg:263.46ms
step:2164/5100 lr:0.001 train_loss:3.2608 train_time:567548ms step_avg:263.49ms
step:2165/5100 lr:0.001 train_loss:3.5489 train_time:567857ms step_avg:263.51ms
step:2166/5100 lr:0.001 train_loss:3.5666 train_time:568164ms step_avg:263.53ms
step:2167/5100 lr:0.001 train_loss:3.5651 train_time:568472ms step_avg:263.55ms
step:2168/5100 lr:0.001 train_loss:3.6152 train_time:568780ms step_avg:263.57ms
step:2169/5100 lr:0.001 train_loss:3.5438 train_time:569088ms step_avg:263.59ms
step:2170/5100 lr:0.001 train_loss:3.4332 train_time:569397ms step_avg:263.61ms
step:2171/5100 lr:0.001 train_loss:3.3850 train_time:569705ms step_avg:263.63ms
step:2172/5100 lr:0.001 train_loss:3.6046 train_time:570013ms step_avg:263.65ms
step:2173/5100 lr:0.001 train_loss:3.5147 train_time:570322ms step_avg:263.67ms
step:2174/5100 lr:0.001 train_loss:3.2228 train_time:570629ms step_avg:263.69ms
step:2175/5100 lr:0.001 train_loss:3.7915 train_time:570941ms step_avg:263.71ms
step:2176/5100 lr:0.001 train_loss:3.4662 train_time:571246ms step_avg:263.73ms
step:2177/5100 lr:0.001 train_loss:3.4918 train_time:571554ms step_avg:263.75ms
step:2178/5100 lr:0.001 train_loss:3.5519 train_time:571863ms step_avg:263.77ms
step:2179/5100 lr:0.001 train_loss:3.5342 train_time:572170ms step_avg:263.79ms
step:2180/5100 lr:0.001 train_loss:3.6153 train_time:572478ms step_avg:263.81ms
step:2181/5100 lr:0.001 train_loss:3.5561 train_time:572787ms step_avg:263.84ms
step:2182/5100 lr:0.001 train_loss:3.4505 train_time:573095ms step_avg:263.86ms
step:2183/5100 lr:0.001 train_loss:3.7412 train_time:573404ms step_avg:263.88ms
step:2184/5100 lr:0.001 train_loss:3.4762 train_time:573712ms step_avg:263.90ms
step:2185/5100 lr:0.001 train_loss:3.4274 train_time:574020ms step_avg:263.92ms
step:2186/5100 lr:0.001 train_loss:4.3169 train_time:574329ms step_avg:263.94ms
step:2187/5100 lr:0.001 train_loss:3.7488 train_time:574636ms step_avg:263.96ms
step:2188/5100 lr:0.001 train_loss:3.5317 train_time:574946ms step_avg:263.98ms
step:2189/5100 lr:0.001 train_loss:3.3910 train_time:575253ms step_avg:264.00ms
step:2190/5100 lr:0.001 train_loss:3.4969 train_time:575561ms step_avg:264.02ms
step:2191/5100 lr:0.001 train_loss:3.5661 train_time:575870ms step_avg:264.04ms
step:2192/5100 lr:0.001 train_loss:3.4416 train_time:576177ms step_avg:264.06ms
step:2193/5100 lr:0.001 train_loss:3.4309 train_time:576487ms step_avg:264.08ms
step:2194/5100 lr:0.001 train_loss:3.5600 train_time:576795ms step_avg:264.10ms
step:2195/5100 lr:0.001 train_loss:3.3279 train_time:577103ms step_avg:264.12ms
step:2196/5100 lr:0.001 train_loss:3.7338 train_time:577412ms step_avg:264.14ms
step:2197/5100 lr:0.001 train_loss:3.5801 train_time:577720ms step_avg:264.16ms
step:2198/5100 lr:0.001 train_loss:3.6838 train_time:578028ms step_avg:264.18ms
step:2199/5100 lr:0.001 train_loss:3.6676 train_time:578337ms step_avg:264.20ms
step:2200/5100 lr:0.001 train_loss:3.7251 train_time:578644ms step_avg:264.22ms
step:2201/5100 lr:0.001 train_loss:3.6288 train_time:578953ms step_avg:264.24ms
step:2202/5100 lr:0.001 train_loss:3.4930 train_time:579260ms step_avg:264.26ms
step:2203/5100 lr:0.001 train_loss:3.6436 train_time:579569ms step_avg:264.28ms
step:2204/5100 lr:0.001 train_loss:3.5900 train_time:579878ms step_avg:264.30ms
step:2205/5100 lr:0.001 train_loss:3.5989 train_time:580185ms step_avg:264.32ms
step:2206/5100 lr:0.001 train_loss:3.6058 train_time:580493ms step_avg:264.34ms
step:2207/5100 lr:0.001 train_loss:3.3558 train_time:580801ms step_avg:264.36ms
step:2208/5100 lr:0.001 train_loss:3.8388 train_time:581109ms step_avg:264.38ms
step:2209/5100 lr:0.001 train_loss:3.4434 train_time:581417ms step_avg:264.40ms
step:2210/5100 lr:0.001 train_loss:3.4661 train_time:581726ms step_avg:264.42ms
step:2211/5100 lr:0.001 train_loss:3.7440 train_time:582034ms step_avg:264.44ms
step:2212/5100 lr:0.001 train_loss:3.3909 train_time:582344ms step_avg:264.46ms
step:2213/5100 lr:0.001 train_loss:3.5865 train_time:582651ms step_avg:264.48ms
step:2214/5100 lr:0.001 train_loss:3.5181 train_time:582961ms step_avg:264.50ms
step:2215/5100 lr:0.001 train_loss:3.5684 train_time:583268ms step_avg:264.52ms
step:2216/5100 lr:0.001 train_loss:3.4464 train_time:583576ms step_avg:264.54ms
step:2217/5100 lr:0.001 train_loss:3.4337 train_time:583886ms step_avg:264.56ms
step:2218/5100 lr:0.001 train_loss:3.8294 train_time:584193ms step_avg:264.58ms
step:2219/5100 lr:0.001 train_loss:3.6417 train_time:584502ms step_avg:264.60ms
step:2220/5100 lr:0.001 train_loss:3.5294 train_time:584810ms step_avg:264.62ms
step:2221/5100 lr:0.001 train_loss:3.7775 train_time:585118ms step_avg:264.64ms
step:2222/5100 lr:0.001 train_loss:3.8136 train_time:585427ms step_avg:264.66ms
step:2223/5100 lr:0.001 train_loss:3.5745 train_time:585735ms step_avg:264.68ms
step:2224/5100 lr:0.001 train_loss:3.5311 train_time:586043ms step_avg:264.70ms
step:2225/5100 lr:0.001 train_loss:3.5210 train_time:586351ms step_avg:264.72ms
step:2226/5100 lr:0.001 train_loss:3.5550 train_time:586660ms step_avg:264.74ms
step:2227/5100 lr:0.001 train_loss:3.6126 train_time:586969ms step_avg:264.76ms
step:2228/5100 lr:0.001 train_loss:3.5406 train_time:587276ms step_avg:264.78ms
step:2229/5100 lr:0.001 train_loss:3.6633 train_time:587584ms step_avg:264.80ms
step:2230/5100 lr:0.001 train_loss:3.4926 train_time:587892ms step_avg:264.82ms
step:2231/5100 lr:0.001 train_loss:3.5076 train_time:588200ms step_avg:264.84ms
step:2232/5100 lr:0.001 train_loss:3.4771 train_time:588511ms step_avg:264.86ms
step:2233/5100 lr:0.001 train_loss:3.8304 train_time:588817ms step_avg:264.87ms
step:2234/5100 lr:0.001 train_loss:3.3652 train_time:589125ms step_avg:264.89ms
step:2235/5100 lr:0.001 train_loss:3.6056 train_time:589433ms step_avg:264.91ms
step:2236/5100 lr:0.001 train_loss:3.3376 train_time:589741ms step_avg:264.93ms
step:2237/5100 lr:0.001 train_loss:3.3292 train_time:590049ms step_avg:264.95ms
step:2238/5100 lr:0.001 train_loss:3.4349 train_time:590359ms step_avg:264.97ms
step:2239/5100 lr:0.001 train_loss:3.6144 train_time:590666ms step_avg:264.99ms
step:2240/5100 lr:0.001 train_loss:3.4593 train_time:590975ms step_avg:265.01ms
step:2241/5100 lr:0.001 train_loss:3.5949 train_time:591282ms step_avg:265.03ms
step:2242/5100 lr:0.001 train_loss:3.5709 train_time:591591ms step_avg:265.05ms
step:2243/5100 lr:0.001 train_loss:3.5657 train_time:591900ms step_avg:265.07ms
step:2244/5100 lr:0.001 train_loss:3.6940 train_time:592208ms step_avg:265.09ms
step:2245/5100 lr:0.001 train_loss:3.5279 train_time:592516ms step_avg:265.11ms
step:2246/5100 lr:0.001 train_loss:3.3829 train_time:592824ms step_avg:265.13ms
step:2247/5100 lr:0.001 train_loss:3.4422 train_time:593131ms step_avg:265.15ms
step:2248/5100 lr:0.001 train_loss:3.5383 train_time:593441ms step_avg:265.17ms
step:2249/5100 lr:0.001 train_loss:3.5077 train_time:593749ms step_avg:265.18ms
step:2250/5100 lr:0.001 train_loss:3.4033 train_time:594057ms step_avg:265.20ms
step:2250/5100 val_loss:3.5077 train_time:594072ms step_avg:265.21ms
step:2251/5100 lr:0.001 train_loss:3.3383 train_time:598366ms step_avg:267.01ms
step:2252/5100 lr:0.001 train_loss:3.4130 train_time:598673ms step_avg:267.03ms
step:2253/5100 lr:0.001 train_loss:3.5901 train_time:598982ms step_avg:267.04ms
step:2254/5100 lr:0.001 train_loss:3.4631 train_time:599289ms step_avg:267.06ms
step:2255/5100 lr:0.001 train_loss:3.4723 train_time:599597ms step_avg:267.08ms
step:2256/5100 lr:0.001 train_loss:3.4751 train_time:599908ms step_avg:267.10ms
step:2257/5100 lr:0.001 train_loss:3.4967 train_time:600214ms step_avg:267.12ms
step:2258/5100 lr:0.001 train_loss:3.7151 train_time:600523ms step_avg:267.14ms
step:2259/5100 lr:0.001 train_loss:3.3010 train_time:600839ms step_avg:267.16ms
step:2260/5100 lr:0.001 train_loss:3.2550 train_time:601142ms step_avg:267.17ms
step:2261/5100 lr:0.001 train_loss:3.9366 train_time:601451ms step_avg:267.19ms
step:2262/5100 lr:0.001 train_loss:3.3737 train_time:601759ms step_avg:267.21ms
step:2263/5100 lr:0.001 train_loss:5.2821 train_time:602067ms step_avg:267.23ms
step:2264/5100 lr:0.001 train_loss:3.4909 train_time:602376ms step_avg:267.25ms
step:2265/5100 lr:0.001 train_loss:3.7441 train_time:602682ms step_avg:267.26ms
step:2266/5100 lr:0.001 train_loss:3.4742 train_time:602991ms step_avg:267.28ms
step:2267/5100 lr:0.001 train_loss:3.5240 train_time:603299ms step_avg:267.30ms
step:2268/5100 lr:0.001 train_loss:3.4625 train_time:603607ms step_avg:267.32ms
step:2269/5100 lr:0.001 train_loss:3.5088 train_time:603916ms step_avg:267.34ms
step:2270/5100 lr:0.001 train_loss:3.6378 train_time:604222ms step_avg:267.35ms
step:2271/5100 lr:0.001 train_loss:3.3652 train_time:604530ms step_avg:267.37ms
step:2272/5100 lr:0.001 train_loss:3.4207 train_time:604839ms step_avg:267.39ms
step:2273/5100 lr:0.001 train_loss:3.6281 train_time:605146ms step_avg:267.41ms
step:2274/5100 lr:0.001 train_loss:3.4252 train_time:605456ms step_avg:267.43ms
step:2275/5100 lr:0.001 train_loss:3.6309 train_time:605762ms step_avg:267.44ms
step:2276/5100 lr:0.001 train_loss:3.3766 train_time:606070ms step_avg:267.46ms
step:2277/5100 lr:0.001 train_loss:3.6723 train_time:606380ms step_avg:267.48ms
step:2278/5100 lr:0.001 train_loss:3.6056 train_time:606686ms step_avg:267.50ms
step:2279/5100 lr:0.001 train_loss:3.3996 train_time:606995ms step_avg:267.52ms
step:2280/5100 lr:0.001 train_loss:3.5092 train_time:607505ms step_avg:267.62ms
step:2281/5100 lr:0.001 train_loss:3.8515 train_time:607814ms step_avg:267.64ms
step:2282/5100 lr:0.001 train_loss:3.4576 train_time:608121ms step_avg:267.66ms
step:2283/5100 lr:0.001 train_loss:3.3323 train_time:608428ms step_avg:267.68ms
step:2284/5100 lr:0.001 train_loss:3.5193 train_time:608738ms step_avg:267.69ms
step:2285/5100 lr:0.001 train_loss:3.4323 train_time:609045ms step_avg:267.71ms
step:2286/5100 lr:0.001 train_loss:3.2974 train_time:609564ms step_avg:267.82ms
step:2287/5100 lr:0.001 train_loss:3.3545 train_time:609870ms step_avg:267.84ms
step:2288/5100 lr:0.001 train_loss:3.4872 train_time:610179ms step_avg:267.86ms
step:2289/5100 lr:0.001 train_loss:3.4047 train_time:610486ms step_avg:267.87ms
step:2290/5100 lr:0.001 train_loss:3.5361 train_time:610798ms step_avg:267.89ms
step:2291/5100 lr:0.001 train_loss:3.5231 train_time:611103ms step_avg:267.91ms
step:2292/5100 lr:0.001 train_loss:3.3430 train_time:611411ms step_avg:267.93ms
step:2293/5100 lr:0.001 train_loss:3.5243 train_time:611718ms step_avg:267.94ms
step:2294/5100 lr:0.001 train_loss:3.5330 train_time:612026ms step_avg:267.96ms
step:2295/5100 lr:0.001 train_loss:3.7360 train_time:612333ms step_avg:267.98ms
step:2296/5100 lr:0.001 train_loss:3.3352 train_time:612641ms step_avg:268.00ms
step:2297/5100 lr:0.001 train_loss:4.1436 train_time:612949ms step_avg:268.01ms
step:2298/5100 lr:0.001 train_loss:3.4491 train_time:613257ms step_avg:268.03ms
step:2299/5100 lr:0.001 train_loss:3.3721 train_time:613566ms step_avg:268.05ms
step:2300/5100 lr:0.001 train_loss:3.5431 train_time:613874ms step_avg:268.07ms
step:2301/5100 lr:0.001 train_loss:3.4687 train_time:614182ms step_avg:268.08ms
step:2302/5100 lr:0.001 train_loss:3.4766 train_time:614489ms step_avg:268.10ms
step:2303/5100 lr:0.001 train_loss:3.9432 train_time:614797ms step_avg:268.12ms
step:2304/5100 lr:0.001 train_loss:3.5290 train_time:615107ms step_avg:268.14ms
step:2305/5100 lr:0.001 train_loss:3.3135 train_time:615413ms step_avg:268.15ms
step:2306/5100 lr:0.001 train_loss:3.7253 train_time:615721ms step_avg:268.17ms
step:2307/5100 lr:0.001 train_loss:3.3543 train_time:616029ms step_avg:268.19ms
step:2308/5100 lr:0.001 train_loss:3.5066 train_time:616336ms step_avg:268.21ms
step:2309/5100 lr:0.001 train_loss:3.4715 train_time:616644ms step_avg:268.22ms
step:2310/5100 lr:0.001 train_loss:3.4137 train_time:616952ms step_avg:268.24ms
step:2311/5100 lr:0.001 train_loss:3.7292 train_time:617260ms step_avg:268.26ms
step:2312/5100 lr:0.001 train_loss:3.3300 train_time:617568ms step_avg:268.27ms
step:2313/5100 lr:0.001 train_loss:3.5535 train_time:617875ms step_avg:268.29ms
step:2314/5100 lr:0.001 train_loss:3.5179 train_time:618182ms step_avg:268.31ms
step:2315/5100 lr:0.001 train_loss:3.6346 train_time:618490ms step_avg:268.33ms
step:2316/5100 lr:0.001 train_loss:3.3380 train_time:618798ms step_avg:268.34ms
step:2317/5100 lr:0.001 train_loss:3.5271 train_time:619107ms step_avg:268.36ms
step:2318/5100 lr:0.001 train_loss:3.5863 train_time:619413ms step_avg:268.38ms
step:2319/5100 lr:0.001 train_loss:3.5399 train_time:619721ms step_avg:268.39ms
step:2320/5100 lr:0.001 train_loss:3.4129 train_time:620030ms step_avg:268.41ms
step:2321/5100 lr:0.001 train_loss:3.4961 train_time:620337ms step_avg:268.43ms
step:2322/5100 lr:0.001 train_loss:3.3350 train_time:620645ms step_avg:268.45ms
step:2323/5100 lr:0.001 train_loss:3.5185 train_time:620953ms step_avg:268.46ms
step:2324/5100 lr:0.001 train_loss:3.4715 train_time:621261ms step_avg:268.48ms
step:2325/5100 lr:0.001 train_loss:3.1418 train_time:621571ms step_avg:268.50ms
step:2326/5100 lr:0.001 train_loss:3.4404 train_time:621878ms step_avg:268.51ms
step:2327/5100 lr:0.001 train_loss:3.5872 train_time:622188ms step_avg:268.53ms
step:2328/5100 lr:0.001 train_loss:3.4836 train_time:622494ms step_avg:268.55ms
step:2329/5100 lr:0.001 train_loss:3.5257 train_time:622802ms step_avg:268.57ms
step:2330/5100 lr:0.001 train_loss:3.5352 train_time:623111ms step_avg:268.58ms
step:2331/5100 lr:0.001 train_loss:3.6183 train_time:623419ms step_avg:268.60ms
step:2332/5100 lr:0.001 train_loss:3.6262 train_time:623727ms step_avg:268.62ms
step:2333/5100 lr:0.001 train_loss:3.3400 train_time:624036ms step_avg:268.63ms
step:2334/5100 lr:0.001 train_loss:3.4373 train_time:624342ms step_avg:268.65ms
step:2335/5100 lr:0.001 train_loss:3.4268 train_time:624652ms step_avg:268.67ms
step:2336/5100 lr:0.001 train_loss:3.3765 train_time:624960ms step_avg:268.68ms
step:2337/5100 lr:0.001 train_loss:3.1633 train_time:625267ms step_avg:268.70ms
step:2338/5100 lr:0.001 train_loss:3.4781 train_time:625576ms step_avg:268.72ms
step:2339/5100 lr:0.001 train_loss:3.4711 train_time:625886ms step_avg:268.74ms
step:2340/5100 lr:0.001 train_loss:3.5679 train_time:626195ms step_avg:268.75ms
step:2341/5100 lr:0.001 train_loss:3.3562 train_time:626502ms step_avg:268.77ms
step:2342/5100 lr:0.001 train_loss:3.5062 train_time:626810ms step_avg:268.79ms
step:2343/5100 lr:0.001 train_loss:3.4739 train_time:627119ms step_avg:268.80ms
step:2344/5100 lr:0.001 train_loss:3.3923 train_time:627425ms step_avg:268.82ms
step:2345/5100 lr:0.001 train_loss:3.5989 train_time:627733ms step_avg:268.84ms
step:2346/5100 lr:0.001 train_loss:3.4995 train_time:628042ms step_avg:268.85ms
step:2347/5100 lr:0.001 train_loss:3.4592 train_time:628349ms step_avg:268.87ms
step:2348/5100 lr:0.001 train_loss:3.4638 train_time:628657ms step_avg:268.89ms
step:2349/5100 lr:0.001 train_loss:3.5558 train_time:628965ms step_avg:268.90ms
step:2350/5100 lr:0.001 train_loss:3.4657 train_time:629273ms step_avg:268.92ms
step:2351/5100 lr:0.001 train_loss:3.5277 train_time:629583ms step_avg:268.94ms
step:2352/5100 lr:0.001 train_loss:3.5427 train_time:629890ms step_avg:268.95ms
step:2353/5100 lr:0.001 train_loss:3.4884 train_time:630201ms step_avg:268.97ms
step:2354/5100 lr:0.001 train_loss:3.5393 train_time:630506ms step_avg:268.99ms
step:2355/5100 lr:0.001 train_loss:3.3325 train_time:630814ms step_avg:269.00ms
step:2356/5100 lr:0.001 train_loss:3.3128 train_time:631123ms step_avg:269.02ms
step:2357/5100 lr:0.001 train_loss:3.4454 train_time:631430ms step_avg:269.04ms
step:2358/5100 lr:0.001 train_loss:3.4767 train_time:631739ms step_avg:269.05ms
step:2359/5100 lr:0.001 train_loss:3.5574 train_time:632047ms step_avg:269.07ms
step:2360/5100 lr:0.001 train_loss:3.4558 train_time:632355ms step_avg:269.09ms
step:2361/5100 lr:0.001 train_loss:3.3094 train_time:632663ms step_avg:269.10ms
step:2362/5100 lr:0.001 train_loss:3.6228 train_time:632971ms step_avg:269.12ms
step:2363/5100 lr:0.001 train_loss:3.3197 train_time:633279ms step_avg:269.14ms
step:2364/5100 lr:0.001 train_loss:3.3840 train_time:633587ms step_avg:269.15ms
step:2365/5100 lr:0.001 train_loss:3.3340 train_time:633894ms step_avg:269.17ms
step:2366/5100 lr:0.001 train_loss:3.3300 train_time:634202ms step_avg:269.19ms
step:2367/5100 lr:0.001 train_loss:3.4574 train_time:634510ms step_avg:269.20ms
step:2368/5100 lr:0.001 train_loss:3.3559 train_time:634818ms step_avg:269.22ms
step:2369/5100 lr:0.001 train_loss:3.4806 train_time:635126ms step_avg:269.24ms
step:2370/5100 lr:0.001 train_loss:3.4284 train_time:635434ms step_avg:269.25ms
step:2371/5100 lr:0.001 train_loss:3.4930 train_time:635741ms step_avg:269.27ms
step:2372/5100 lr:0.001 train_loss:3.5669 train_time:636049ms step_avg:269.28ms
step:2373/5100 lr:0.001 train_loss:3.4798 train_time:636357ms step_avg:269.30ms
step:2374/5100 lr:0.001 train_loss:3.4990 train_time:636665ms step_avg:269.32ms
step:2375/5100 lr:0.001 train_loss:3.5861 train_time:636974ms step_avg:269.33ms
step:2375/5100 val_loss:3.4930 train_time:636988ms step_avg:269.34ms
step:2376/5100 lr:0.001 train_loss:3.4044 train_time:641310ms step_avg:271.05ms
step:2377/5100 lr:0.001 train_loss:3.6296 train_time:641619ms step_avg:271.07ms
step:2378/5100 lr:0.001 train_loss:3.4605 train_time:641925ms step_avg:271.08ms
step:2379/5100 lr:0.001 train_loss:4.1672 train_time:642235ms step_avg:271.10ms
step:2380/5100 lr:0.001 train_loss:3.4312 train_time:642541ms step_avg:271.11ms
step:2381/5100 lr:0.001 train_loss:3.3691 train_time:642849ms step_avg:271.13ms
step:2382/5100 lr:0.001 train_loss:3.7065 train_time:643158ms step_avg:271.15ms
step:2383/5100 lr:0.001 train_loss:3.5808 train_time:643465ms step_avg:271.16ms
step:2384/5100 lr:0.001 train_loss:3.6126 train_time:643773ms step_avg:271.18ms
step:2385/5100 lr:0.001 train_loss:3.5213 train_time:644083ms step_avg:271.19ms
step:2386/5100 lr:0.001 train_loss:3.3930 train_time:644389ms step_avg:271.21ms
step:2387/5100 lr:0.001 train_loss:3.5559 train_time:644699ms step_avg:271.22ms
step:2388/5100 lr:0.001 train_loss:3.5805 train_time:645005ms step_avg:271.24ms
step:2389/5100 lr:0.001 train_loss:3.4185 train_time:645312ms step_avg:271.25ms
step:2390/5100 lr:0.001 train_loss:3.3693 train_time:645622ms step_avg:271.27ms
step:2391/5100 lr:0.001 train_loss:3.5568 train_time:645929ms step_avg:271.28ms
step:2392/5100 lr:0.001 train_loss:3.5431 train_time:646236ms step_avg:271.30ms
step:2393/5100 lr:0.001 train_loss:3.6108 train_time:646545ms step_avg:271.32ms
step:2394/5100 lr:0.001 train_loss:3.5159 train_time:646852ms step_avg:271.33ms
step:2395/5100 lr:0.001 train_loss:3.5929 train_time:647160ms step_avg:271.35ms
step:2396/5100 lr:0.001 train_loss:3.4054 train_time:647473ms step_avg:271.36ms
step:2397/5100 lr:0.001 train_loss:3.3835 train_time:647776ms step_avg:271.38ms
step:2398/5100 lr:0.001 train_loss:3.6350 train_time:648085ms step_avg:271.39ms
step:2399/5100 lr:0.001 train_loss:3.3924 train_time:648394ms step_avg:271.41ms
step:2400/5100 lr:0.001 train_loss:3.6084 train_time:648702ms step_avg:271.42ms
step:2401/5100 lr:0.001 train_loss:3.6595 train_time:649009ms step_avg:271.44ms
step:2402/5100 lr:0.001 train_loss:3.8147 train_time:649317ms step_avg:271.45ms
step:2403/5100 lr:0.001 train_loss:3.7494 train_time:649629ms step_avg:271.47ms
step:2404/5100 lr:0.001 train_loss:3.5459 train_time:649934ms step_avg:271.48ms
step:2405/5100 lr:0.001 train_loss:3.3891 train_time:650243ms step_avg:271.50ms
step:2406/5100 lr:0.001 train_loss:3.4152 train_time:650549ms step_avg:271.51ms
step:2407/5100 lr:0.001 train_loss:3.5816 train_time:650857ms step_avg:271.53ms
step:2408/5100 lr:0.001 train_loss:3.3922 train_time:651166ms step_avg:271.55ms
step:2409/5100 lr:0.001 train_loss:3.4624 train_time:651474ms step_avg:271.56ms
step:2410/5100 lr:0.001 train_loss:3.7851 train_time:651781ms step_avg:271.58ms
step:2411/5100 lr:0.001 train_loss:3.4423 train_time:652091ms step_avg:271.59ms
step:2412/5100 lr:0.001 train_loss:3.5723 train_time:652398ms step_avg:271.61ms
step:2413/5100 lr:0.001 train_loss:3.4674 train_time:652707ms step_avg:271.62ms
step:2414/5100 lr:0.001 train_loss:3.5113 train_time:653014ms step_avg:271.64ms
step:2415/5100 lr:0.001 train_loss:3.5845 train_time:653322ms step_avg:271.65ms
step:2416/5100 lr:0.001 train_loss:3.4236 train_time:653630ms step_avg:271.67ms
step:2417/5100 lr:0.001 train_loss:3.5944 train_time:653938ms step_avg:271.68ms
step:2418/5100 lr:0.001 train_loss:3.5865 train_time:654246ms step_avg:271.70ms
step:2419/5100 lr:0.001 train_loss:3.4482 train_time:654554ms step_avg:271.71ms
step:2420/5100 lr:0.001 train_loss:3.4225 train_time:654862ms step_avg:271.73ms
step:2421/5100 lr:0.001 train_loss:3.5716 train_time:655169ms step_avg:271.74ms
step:2422/5100 lr:0.001 train_loss:3.3756 train_time:655477ms step_avg:271.76ms
step:2423/5100 lr:0.001 train_loss:3.3188 train_time:655785ms step_avg:271.77ms
step:2424/5100 lr:0.001 train_loss:3.6509 train_time:656094ms step_avg:271.79ms
step:2425/5100 lr:0.001 train_loss:3.4933 train_time:656401ms step_avg:271.80ms
step:2426/5100 lr:0.001 train_loss:3.4889 train_time:656710ms step_avg:271.82ms
step:2427/5100 lr:0.001 train_loss:3.5024 train_time:657018ms step_avg:271.83ms
step:2428/5100 lr:0.001 train_loss:3.6983 train_time:657326ms step_avg:271.85ms
step:2429/5100 lr:0.001 train_loss:3.5066 train_time:657641ms step_avg:271.86ms
step:2430/5100 lr:0.001 train_loss:3.7348 train_time:657942ms step_avg:271.88ms
step:2431/5100 lr:0.001 train_loss:3.6114 train_time:658250ms step_avg:271.89ms
step:2432/5100 lr:0.001 train_loss:3.4931 train_time:658558ms step_avg:271.91ms
step:2433/5100 lr:0.001 train_loss:3.5114 train_time:658866ms step_avg:271.92ms
step:2434/5100 lr:0.001 train_loss:3.4924 train_time:659174ms step_avg:271.94ms
step:2435/5100 lr:0.001 train_loss:3.5163 train_time:659482ms step_avg:271.95ms
step:2436/5100 lr:0.001 train_loss:3.4802 train_time:659790ms step_avg:271.97ms
step:2437/5100 lr:0.001 train_loss:3.4838 train_time:660098ms step_avg:271.98ms
step:2438/5100 lr:0.001 train_loss:3.5227 train_time:660406ms step_avg:272.00ms
step:2439/5100 lr:0.001 train_loss:3.3547 train_time:660714ms step_avg:272.01ms
step:2440/5100 lr:0.001 train_loss:3.3079 train_time:661022ms step_avg:272.03ms
step:2441/5100 lr:0.001 train_loss:3.5284 train_time:661330ms step_avg:272.04ms
step:2442/5100 lr:0.001 train_loss:3.2900 train_time:661638ms step_avg:272.06ms
step:2443/5100 lr:0.001 train_loss:3.4629 train_time:661946ms step_avg:272.07ms
step:2444/5100 lr:0.001 train_loss:3.5659 train_time:662254ms step_avg:272.08ms
step:2445/5100 lr:0.001 train_loss:3.5769 train_time:662562ms step_avg:272.10ms
step:2446/5100 lr:0.001 train_loss:3.4740 train_time:662870ms step_avg:272.11ms
step:2447/5100 lr:0.001 train_loss:3.4377 train_time:663179ms step_avg:272.13ms
step:2448/5100 lr:0.001 train_loss:3.5834 train_time:663487ms step_avg:272.14ms
step:2449/5100 lr:0.001 train_loss:3.3565 train_time:663795ms step_avg:272.16ms
step:2450/5100 lr:0.001 train_loss:3.4580 train_time:664104ms step_avg:272.17ms
step:2451/5100 lr:0.001 train_loss:3.4655 train_time:664411ms step_avg:272.19ms
step:2452/5100 lr:0.001 train_loss:3.4498 train_time:664720ms step_avg:272.20ms
step:2453/5100 lr:0.001 train_loss:3.4618 train_time:665027ms step_avg:272.22ms
step:2454/5100 lr:0.001 train_loss:3.8096 train_time:665335ms step_avg:272.23ms
step:2455/5100 lr:0.001 train_loss:3.5105 train_time:665644ms step_avg:272.25ms
step:2456/5100 lr:0.001 train_loss:3.4307 train_time:665951ms step_avg:272.26ms
step:2457/5100 lr:0.001 train_loss:3.3848 train_time:666260ms step_avg:272.28ms
step:2458/5100 lr:0.001 train_loss:3.7613 train_time:666569ms step_avg:272.29ms
step:2459/5100 lr:0.001 train_loss:3.4401 train_time:666876ms step_avg:272.31ms
step:2460/5100 lr:0.001 train_loss:3.6094 train_time:667184ms step_avg:272.32ms
step:2461/5100 lr:0.001 train_loss:3.5486 train_time:667492ms step_avg:272.33ms
step:2462/5100 lr:0.001 train_loss:3.4786 train_time:667800ms step_avg:272.35ms
step:2463/5100 lr:0.001 train_loss:3.2772 train_time:668111ms step_avg:272.36ms
step:2464/5100 lr:0.001 train_loss:3.4698 train_time:668417ms step_avg:272.38ms
step:2465/5100 lr:0.001 train_loss:3.4533 train_time:668725ms step_avg:272.39ms
step:2466/5100 lr:0.001 train_loss:3.5544 train_time:669033ms step_avg:272.41ms
step:2467/5100 lr:0.001 train_loss:3.3605 train_time:669341ms step_avg:272.42ms
step:2468/5100 lr:0.001 train_loss:3.7051 train_time:669650ms step_avg:272.44ms
step:2469/5100 lr:0.001 train_loss:3.4910 train_time:669957ms step_avg:272.45ms
step:2470/5100 lr:0.001 train_loss:3.5933 train_time:670474ms step_avg:272.55ms
step:2471/5100 lr:0.001 train_loss:3.6774 train_time:670780ms step_avg:272.56ms
step:2472/5100 lr:0.001 train_loss:3.4675 train_time:671090ms step_avg:272.58ms
step:2473/5100 lr:0.001 train_loss:3.4139 train_time:671944ms step_avg:272.82ms
step:2474/5100 lr:0.001 train_loss:3.4872 train_time:672250ms step_avg:272.83ms
step:2475/5100 lr:0.001 train_loss:3.5058 train_time:672558ms step_avg:272.84ms
step:2476/5100 lr:0.001 train_loss:3.4780 train_time:672866ms step_avg:272.86ms
step:2477/5100 lr:0.001 train_loss:3.5856 train_time:673379ms step_avg:272.95ms
step:2478/5100 lr:0.001 train_loss:3.4702 train_time:673689ms step_avg:272.97ms
step:2479/5100 lr:0.001 train_loss:3.3426 train_time:673995ms step_avg:272.98ms
step:2480/5100 lr:0.001 train_loss:3.4112 train_time:674304ms step_avg:273.00ms
step:2481/5100 lr:0.001 train_loss:3.4419 train_time:674611ms step_avg:273.01ms
step:2482/5100 lr:0.001 train_loss:3.4836 train_time:674919ms step_avg:273.03ms
step:2483/5100 lr:0.001 train_loss:3.5096 train_time:675229ms step_avg:273.04ms
step:2484/5100 lr:0.001 train_loss:3.4888 train_time:675539ms step_avg:273.06ms
step:2485/5100 lr:0.001 train_loss:3.6899 train_time:675845ms step_avg:273.07ms
step:2486/5100 lr:0.001 train_loss:3.4969 train_time:676152ms step_avg:273.08ms
step:2487/5100 lr:0.001 train_loss:3.5925 train_time:676461ms step_avg:273.10ms
step:2488/5100 lr:0.001 train_loss:3.7139 train_time:676768ms step_avg:273.11ms
step:2489/5100 lr:0.001 train_loss:3.1414 train_time:677077ms step_avg:273.13ms
step:2490/5100 lr:0.001 train_loss:3.4720 train_time:677385ms step_avg:273.14ms
step:2491/5100 lr:0.001 train_loss:3.4672 train_time:677695ms step_avg:273.15ms
step:2492/5100 lr:0.001 train_loss:3.4984 train_time:678003ms step_avg:273.17ms
step:2493/5100 lr:0.001 train_loss:3.4889 train_time:678312ms step_avg:273.18ms
step:2494/5100 lr:0.001 train_loss:3.5305 train_time:678619ms step_avg:273.20ms
step:2495/5100 lr:0.001 train_loss:3.5793 train_time:678928ms step_avg:273.21ms
step:2496/5100 lr:0.001 train_loss:3.6157 train_time:679235ms step_avg:273.22ms
step:2497/5100 lr:0.001 train_loss:3.6438 train_time:679544ms step_avg:273.24ms
step:2498/5100 lr:0.001 train_loss:3.5680 train_time:679852ms step_avg:273.25ms
step:2499/5100 lr:0.001 train_loss:3.3835 train_time:680160ms step_avg:273.27ms
step:2500/5100 lr:0.001 train_loss:3.5390 train_time:680470ms step_avg:273.28ms
step:2500/5100 val_loss:3.4773 train_time:680484ms step_avg:273.29ms
step:2501/5100 lr:0.001 train_loss:3.6020 train_time:684744ms step_avg:274.89ms
step:2502/5100 lr:0.001 train_loss:3.5616 train_time:685051ms step_avg:274.90ms
step:2503/5100 lr:0.001 train_loss:3.2238 train_time:685359ms step_avg:274.91ms
step:2504/5100 lr:0.001 train_loss:3.7150 train_time:686244ms step_avg:275.16ms
step:2505/5100 lr:0.001 train_loss:3.3189 train_time:686553ms step_avg:275.17ms
step:2506/5100 lr:0.001 train_loss:3.6215 train_time:686861ms step_avg:275.18ms
step:2507/5100 lr:0.001 train_loss:3.4220 train_time:687170ms step_avg:275.20ms
step:2508/5100 lr:0.001 train_loss:3.4539 train_time:687478ms step_avg:275.21ms
step:2509/5100 lr:0.001 train_loss:3.6314 train_time:687835ms step_avg:275.24ms
step:2510/5100 lr:0.001 train_loss:3.5431 train_time:688149ms step_avg:275.26ms
step:2511/5100 lr:0.001 train_loss:3.4896 train_time:688457ms step_avg:275.27ms
step:2512/5100 lr:0.001 train_loss:3.4834 train_time:688765ms step_avg:275.29ms
step:2513/5100 lr:0.001 train_loss:3.3741 train_time:689073ms step_avg:275.30ms
step:2514/5100 lr:0.001 train_loss:3.2699 train_time:689382ms step_avg:275.31ms
step:2515/5100 lr:0.001 train_loss:3.4822 train_time:689690ms step_avg:275.33ms
step:2516/5100 lr:0.001 train_loss:3.7537 train_time:689999ms step_avg:275.34ms
step:2517/5100 lr:0.001 train_loss:3.4421 train_time:690307ms step_avg:275.35ms
step:2518/5100 lr:0.001 train_loss:3.5777 train_time:690615ms step_avg:275.36ms
step:2519/5100 lr:0.001 train_loss:3.4800 train_time:690924ms step_avg:275.38ms
step:2520/5100 lr:0.001 train_loss:3.5769 train_time:691232ms step_avg:275.39ms
step:2521/5100 lr:0.001 train_loss:3.5212 train_time:691540ms step_avg:275.40ms
step:2522/5100 lr:0.001 train_loss:3.4444 train_time:691848ms step_avg:275.42ms
step:2523/5100 lr:0.001 train_loss:3.5119 train_time:692156ms step_avg:275.43ms
step:2524/5100 lr:0.001 train_loss:3.6501 train_time:692464ms step_avg:275.44ms
step:2525/5100 lr:0.001 train_loss:3.4626 train_time:692773ms step_avg:275.46ms
step:2526/5100 lr:0.001 train_loss:3.6808 train_time:693081ms step_avg:275.47ms
step:2527/5100 lr:0.001 train_loss:3.4566 train_time:693389ms step_avg:275.48ms
step:2528/5100 lr:0.001 train_loss:3.3807 train_time:693698ms step_avg:275.50ms
step:2529/5100 lr:0.001 train_loss:3.4726 train_time:694006ms step_avg:275.51ms
step:2530/5100 lr:0.001 train_loss:3.4927 train_time:694314ms step_avg:275.52ms
step:2531/5100 lr:0.001 train_loss:3.6156 train_time:694623ms step_avg:275.53ms
step:2532/5100 lr:0.001 train_loss:3.4250 train_time:694932ms step_avg:275.55ms
step:2533/5100 lr:0.001 train_loss:3.8031 train_time:695240ms step_avg:275.56ms
step:2534/5100 lr:0.001 train_loss:3.5026 train_time:695548ms step_avg:275.57ms
step:2535/5100 lr:0.001 train_loss:3.3297 train_time:695856ms step_avg:275.59ms
step:2536/5100 lr:0.001 train_loss:3.5670 train_time:696165ms step_avg:275.60ms
step:2537/5100 lr:0.001 train_loss:3.6181 train_time:696473ms step_avg:275.61ms
step:2538/5100 lr:0.001 train_loss:3.4229 train_time:696781ms step_avg:275.63ms
step:2539/5100 lr:0.001 train_loss:3.4620 train_time:697090ms step_avg:275.64ms
step:2540/5100 lr:0.001 train_loss:3.5441 train_time:697398ms step_avg:275.65ms
step:2541/5100 lr:0.001 train_loss:3.4296 train_time:697708ms step_avg:275.66ms
step:2542/5100 lr:0.001 train_loss:3.3459 train_time:698014ms step_avg:275.68ms
step:2543/5100 lr:0.001 train_loss:3.4907 train_time:698324ms step_avg:275.69ms
step:2544/5100 lr:0.001 train_loss:3.3201 train_time:698631ms step_avg:275.70ms
step:2545/5100 lr:0.001 train_loss:3.3159 train_time:698939ms step_avg:275.72ms
step:2546/5100 lr:0.001 train_loss:3.5448 train_time:699247ms step_avg:275.73ms
step:2547/5100 lr:0.001 train_loss:3.6672 train_time:699555ms step_avg:275.74ms
step:2548/5100 lr:0.001 train_loss:3.3637 train_time:699863ms step_avg:275.75ms
step:2549/5100 lr:0.001 train_loss:3.5281 train_time:700170ms step_avg:275.77ms
step:2550/5100 lr:0.001 train_loss:3.5128 train_time:700478ms step_avg:275.78ms
step:2551/5100 lr:0.001 train_loss:3.5555 train_time:700787ms step_avg:275.79ms
step:2552/5100 lr:0.001 train_loss:3.4848 train_time:701095ms step_avg:275.80ms
step:2553/5100 lr:0.001 train_loss:3.4397 train_time:701402ms step_avg:275.82ms
step:2554/5100 lr:0.001 train_loss:3.2972 train_time:701710ms step_avg:275.83ms
step:2555/5100 lr:0.001 train_loss:3.2236 train_time:702018ms step_avg:275.84ms
step:2556/5100 lr:0.001 train_loss:3.4605 train_time:702326ms step_avg:275.85ms
step:2557/5100 lr:0.001 train_loss:3.4502 train_time:702634ms step_avg:275.87ms
step:2558/5100 lr:0.001 train_loss:3.3254 train_time:702942ms step_avg:275.88ms
step:2559/5100 lr:0.001 train_loss:3.4711 train_time:703250ms step_avg:275.89ms
step:2560/5100 lr:0.001 train_loss:3.5281 train_time:703559ms step_avg:275.91ms
step:2561/5100 lr:0.001 train_loss:3.4878 train_time:703867ms step_avg:275.92ms
step:2562/5100 lr:0.001 train_loss:3.2986 train_time:704177ms step_avg:275.93ms
step:2563/5100 lr:0.001 train_loss:3.1096 train_time:704483ms step_avg:275.94ms
step:2564/5100 lr:0.001 train_loss:3.4618 train_time:705301ms step_avg:276.16ms
step:2565/5100 lr:0.001 train_loss:3.4885 train_time:705608ms step_avg:276.17ms
step:2566/5100 lr:0.001 train_loss:3.4743 train_time:705916ms step_avg:276.18ms
step:2567/5100 lr:0.001 train_loss:3.2501 train_time:706223ms step_avg:276.19ms
step:2568/5100 lr:0.001 train_loss:3.2440 train_time:706533ms step_avg:276.21ms
step:2569/5100 lr:0.001 train_loss:3.4142 train_time:706840ms step_avg:276.22ms
step:2570/5100 lr:0.001 train_loss:3.6049 train_time:707149ms step_avg:276.23ms
step:2571/5100 lr:0.001 train_loss:3.4854 train_time:707456ms step_avg:276.24ms
step:2572/5100 lr:0.001 train_loss:3.6108 train_time:707764ms step_avg:276.25ms
step:2573/5100 lr:0.001 train_loss:3.3668 train_time:708073ms step_avg:276.27ms
step:2574/5100 lr:0.001 train_loss:3.5594 train_time:708379ms step_avg:276.28ms
step:2575/5100 lr:0.001 train_loss:3.4296 train_time:708687ms step_avg:276.29ms
step:2576/5100 lr:0.001 train_loss:3.4697 train_time:708995ms step_avg:276.30ms
step:2577/5100 lr:0.001 train_loss:3.6822 train_time:709303ms step_avg:276.32ms
step:2578/5100 lr:0.001 train_loss:3.2579 train_time:709611ms step_avg:276.33ms
step:2579/5100 lr:0.001 train_loss:3.3349 train_time:709919ms step_avg:276.34ms
step:2580/5100 lr:0.001 train_loss:3.4950 train_time:710226ms step_avg:276.35ms
step:2581/5100 lr:0.001 train_loss:3.5030 train_time:710534ms step_avg:276.36ms
step:2582/5100 lr:0.001 train_loss:3.3356 train_time:710842ms step_avg:276.38ms
step:2583/5100 lr:0.001 train_loss:3.6287 train_time:711149ms step_avg:276.39ms
step:2584/5100 lr:0.001 train_loss:3.4765 train_time:711457ms step_avg:276.40ms
step:2585/5100 lr:0.001 train_loss:3.5002 train_time:711765ms step_avg:276.41ms
step:2586/5100 lr:0.001 train_loss:3.4324 train_time:712073ms step_avg:276.43ms
step:2587/5100 lr:0.001 train_loss:3.5631 train_time:712381ms step_avg:276.44ms
step:2588/5100 lr:0.001 train_loss:3.5034 train_time:712689ms step_avg:276.45ms
step:2589/5100 lr:0.001 train_loss:3.4437 train_time:712996ms step_avg:276.46ms
step:2590/5100 lr:0.001 train_loss:3.5578 train_time:713304ms step_avg:276.47ms
step:2591/5100 lr:0.001 train_loss:3.4478 train_time:713614ms step_avg:276.49ms
step:2592/5100 lr:0.001 train_loss:3.3392 train_time:713921ms step_avg:276.50ms
step:2593/5100 lr:0.001 train_loss:3.4668 train_time:714229ms step_avg:276.51ms
step:2594/5100 lr:0.001 train_loss:3.4348 train_time:714538ms step_avg:276.52ms
step:2595/5100 lr:0.001 train_loss:3.3983 train_time:714845ms step_avg:276.54ms
step:2596/5100 lr:0.001 train_loss:3.3128 train_time:715154ms step_avg:276.55ms
step:2597/5100 lr:0.001 train_loss:3.5055 train_time:715460ms step_avg:276.56ms
step:2598/5100 lr:0.001 train_loss:3.4281 train_time:715768ms step_avg:276.57ms
step:2599/5100 lr:0.001 train_loss:3.3123 train_time:716078ms step_avg:276.58ms
step:2600/5100 lr:0.001 train_loss:3.6633 train_time:716979ms step_avg:276.83ms
step:2601/5100 lr:0.001 train_loss:3.4809 train_time:717287ms step_avg:276.84ms
step:2602/5100 lr:0.001 train_loss:3.3437 train_time:717596ms step_avg:276.85ms
step:2603/5100 lr:0.001 train_loss:3.4615 train_time:717904ms step_avg:276.86ms
step:2604/5100 lr:0.001 train_loss:3.6416 train_time:718212ms step_avg:276.87ms
step:2605/5100 lr:0.001 train_loss:3.4585 train_time:718521ms step_avg:276.89ms
step:2606/5100 lr:0.001 train_loss:3.1823 train_time:718828ms step_avg:276.90ms
step:2607/5100 lr:0.001 train_loss:3.4980 train_time:719137ms step_avg:276.91ms
step:2608/5100 lr:0.001 train_loss:3.4422 train_time:719444ms step_avg:276.92ms
step:2609/5100 lr:0.001 train_loss:3.5147 train_time:719752ms step_avg:276.93ms
step:2610/5100 lr:0.001 train_loss:3.4111 train_time:720062ms step_avg:276.95ms
step:2611/5100 lr:0.001 train_loss:3.6334 train_time:720368ms step_avg:276.96ms
step:2612/5100 lr:0.001 train_loss:3.3620 train_time:720677ms step_avg:276.97ms
step:2613/5100 lr:0.001 train_loss:3.6276 train_time:720986ms step_avg:276.98ms
step:2614/5100 lr:0.001 train_loss:3.2979 train_time:721293ms step_avg:276.99ms
step:2615/5100 lr:0.001 train_loss:3.3853 train_time:721603ms step_avg:277.01ms
step:2616/5100 lr:0.001 train_loss:3.3963 train_time:721909ms step_avg:277.02ms
step:2617/5100 lr:0.001 train_loss:3.5013 train_time:722217ms step_avg:277.03ms
step:2618/5100 lr:0.001 train_loss:3.5381 train_time:722525ms step_avg:277.04ms
step:2619/5100 lr:0.001 train_loss:3.4411 train_time:722834ms step_avg:277.05ms
step:2620/5100 lr:0.001 train_loss:3.3043 train_time:723142ms step_avg:277.07ms
step:2621/5100 lr:0.001 train_loss:3.6094 train_time:723449ms step_avg:277.08ms
step:2622/5100 lr:0.001 train_loss:3.4172 train_time:723758ms step_avg:277.09ms
step:2623/5100 lr:0.001 train_loss:3.4495 train_time:724067ms step_avg:277.10ms
step:2624/5100 lr:0.001 train_loss:3.6689 train_time:724949ms step_avg:277.33ms
step:2625/5100 lr:0.001 train_loss:3.4744 train_time:725256ms step_avg:277.34ms
step:2625/5100 val_loss:3.4638 train_time:725270ms step_avg:277.35ms
step:2626/5100 lr:0.001 train_loss:3.5362 train_time:729606ms step_avg:278.90ms
step:2627/5100 lr:0.001 train_loss:3.6074 train_time:729913ms step_avg:278.91ms
step:2628/5100 lr:0.001 train_loss:3.3055 train_time:730221ms step_avg:278.92ms
step:2629/5100 lr:0.001 train_loss:3.3061 train_time:730530ms step_avg:278.93ms
step:2630/5100 lr:0.001 train_loss:3.4020 train_time:730838ms step_avg:278.95ms
step:2631/5100 lr:0.001 train_loss:3.4296 train_time:731146ms step_avg:278.96ms
step:2632/5100 lr:0.001 train_loss:3.6341 train_time:731456ms step_avg:278.97ms
step:2633/5100 lr:0.001 train_loss:3.6788 train_time:731763ms step_avg:278.98ms
step:2634/5100 lr:0.001 train_loss:3.6231 train_time:732073ms step_avg:278.99ms
step:2635/5100 lr:0.001 train_loss:3.5149 train_time:732380ms step_avg:279.00ms
step:2636/5100 lr:0.001 train_loss:3.4554 train_time:732688ms step_avg:279.01ms
step:2637/5100 lr:0.001 train_loss:3.4519 train_time:732998ms step_avg:279.02ms
step:2638/5100 lr:0.001 train_loss:3.6758 train_time:733305ms step_avg:279.04ms
step:2639/5100 lr:0.001 train_loss:3.4419 train_time:733615ms step_avg:279.05ms
step:2640/5100 lr:0.001 train_loss:3.4076 train_time:733923ms step_avg:279.06ms
step:2641/5100 lr:0.001 train_loss:3.4538 train_time:734231ms step_avg:279.07ms
step:2642/5100 lr:0.001 train_loss:3.6412 train_time:734540ms step_avg:279.08ms
step:2643/5100 lr:0.001 train_loss:3.6393 train_time:734849ms step_avg:279.09ms
step:2644/5100 lr:0.001 train_loss:3.3577 train_time:735157ms step_avg:279.10ms
step:2645/5100 lr:0.001 train_loss:3.6451 train_time:735466ms step_avg:279.11ms
step:2646/5100 lr:0.001 train_loss:3.4473 train_time:735774ms step_avg:279.13ms
step:2647/5100 lr:0.001 train_loss:3.5606 train_time:736083ms step_avg:279.14ms
step:2648/5100 lr:0.001 train_loss:3.3999 train_time:736391ms step_avg:279.15ms
step:2649/5100 lr:0.001 train_loss:3.3187 train_time:736699ms step_avg:279.16ms
step:2650/5100 lr:0.001 train_loss:3.4667 train_time:737008ms step_avg:279.17ms
step:2651/5100 lr:0.001 train_loss:3.3702 train_time:737316ms step_avg:279.18ms
step:2652/5100 lr:0.001 train_loss:3.4490 train_time:737625ms step_avg:279.19ms
step:2653/5100 lr:0.001 train_loss:3.7430 train_time:737934ms step_avg:279.20ms
step:2654/5100 lr:0.001 train_loss:3.5214 train_time:738242ms step_avg:279.21ms
step:2655/5100 lr:0.001 train_loss:3.4062 train_time:738551ms step_avg:279.23ms
step:2656/5100 lr:0.001 train_loss:3.4411 train_time:738858ms step_avg:279.24ms
step:2657/5100 lr:0.001 train_loss:3.5652 train_time:739165ms step_avg:279.25ms
step:2658/5100 lr:0.001 train_loss:3.4015 train_time:739474ms step_avg:279.26ms
step:2659/5100 lr:0.001 train_loss:3.4741 train_time:739782ms step_avg:279.27ms
step:2660/5100 lr:0.001 train_loss:3.4915 train_time:740295ms step_avg:279.36ms
step:2661/5100 lr:0.001 train_loss:3.5702 train_time:740603ms step_avg:279.37ms
step:2662/5100 lr:0.001 train_loss:3.5098 train_time:740912ms step_avg:279.38ms
step:2663/5100 lr:0.001 train_loss:3.5406 train_time:741219ms step_avg:279.39ms
step:2664/5100 lr:0.001 train_loss:3.5663 train_time:741527ms step_avg:279.40ms
step:2665/5100 lr:0.001 train_loss:3.4690 train_time:741836ms step_avg:279.41ms
step:2666/5100 lr:0.001 train_loss:3.4761 train_time:742143ms step_avg:279.42ms
step:2667/5100 lr:0.001 train_loss:3.6032 train_time:742657ms step_avg:279.51ms
step:2668/5100 lr:0.001 train_loss:3.4265 train_time:742965ms step_avg:279.52ms
step:2669/5100 lr:0.001 train_loss:3.5865 train_time:743275ms step_avg:279.53ms
step:2670/5100 lr:0.001 train_loss:3.4760 train_time:743582ms step_avg:279.54ms
step:2671/5100 lr:0.001 train_loss:3.3764 train_time:743891ms step_avg:279.55ms
step:2672/5100 lr:0.001 train_loss:3.4519 train_time:744200ms step_avg:279.56ms
step:2673/5100 lr:0.001 train_loss:3.3914 train_time:744507ms step_avg:279.57ms
step:2674/5100 lr:0.001 train_loss:3.5599 train_time:744817ms step_avg:279.59ms
step:2675/5100 lr:0.001 train_loss:3.3813 train_time:745124ms step_avg:279.60ms
step:2676/5100 lr:0.001 train_loss:3.5589 train_time:745432ms step_avg:279.61ms
step:2677/5100 lr:0.001 train_loss:3.3075 train_time:745741ms step_avg:279.62ms
step:2678/5100 lr:0.001 train_loss:3.3653 train_time:746048ms step_avg:279.63ms
step:2679/5100 lr:0.001 train_loss:3.4193 train_time:746356ms step_avg:279.64ms
step:2680/5100 lr:0.001 train_loss:3.5158 train_time:746664ms step_avg:279.65ms
step:2681/5100 lr:0.001 train_loss:3.4284 train_time:746972ms step_avg:279.66ms
step:2682/5100 lr:0.001 train_loss:3.4588 train_time:747281ms step_avg:279.67ms
step:2683/5100 lr:0.001 train_loss:3.3928 train_time:747587ms step_avg:279.68ms
step:2684/5100 lr:0.001 train_loss:3.5132 train_time:747895ms step_avg:279.69ms
step:2685/5100 lr:0.001 train_loss:3.5465 train_time:748204ms step_avg:279.70ms
step:2686/5100 lr:0.001 train_loss:3.3565 train_time:748511ms step_avg:279.71ms
step:2687/5100 lr:0.001 train_loss:3.2898 train_time:748818ms step_avg:279.72ms
step:2688/5100 lr:0.001 train_loss:3.3230 train_time:749126ms step_avg:279.73ms
step:2689/5100 lr:0.001 train_loss:3.4292 train_time:749434ms step_avg:279.74ms
step:2690/5100 lr:0.001 train_loss:3.5371 train_time:749742ms step_avg:279.75ms
step:2691/5100 lr:0.001 train_loss:3.6075 train_time:750050ms step_avg:279.77ms
step:2692/5100 lr:0.001 train_loss:3.4759 train_time:750358ms step_avg:279.78ms
step:2693/5100 lr:0.001 train_loss:3.4313 train_time:750666ms step_avg:279.79ms
step:2694/5100 lr:0.001 train_loss:3.7641 train_time:750974ms step_avg:279.80ms
step:2695/5100 lr:0.001 train_loss:3.4842 train_time:751282ms step_avg:279.81ms
step:2696/5100 lr:0.001 train_loss:3.4339 train_time:751590ms step_avg:279.82ms
step:2697/5100 lr:0.001 train_loss:3.3716 train_time:751897ms step_avg:279.83ms
step:2698/5100 lr:0.001 train_loss:3.4647 train_time:752206ms step_avg:279.84ms
step:2699/5100 lr:0.001 train_loss:3.2971 train_time:752514ms step_avg:279.85ms
step:2700/5100 lr:0.001 train_loss:3.9329 train_time:752823ms step_avg:279.86ms
step:2701/5100 lr:0.001 train_loss:3.5216 train_time:753130ms step_avg:279.87ms
step:2702/5100 lr:0.001 train_loss:3.4372 train_time:753439ms step_avg:279.88ms
step:2703/5100 lr:0.001 train_loss:3.5073 train_time:753748ms step_avg:279.89ms
step:2704/5100 lr:0.001 train_loss:3.4101 train_time:754054ms step_avg:279.90ms
step:2705/5100 lr:0.001 train_loss:3.5495 train_time:754363ms step_avg:279.91ms
step:2706/5100 lr:0.001 train_loss:3.6487 train_time:754672ms step_avg:279.92ms
step:2707/5100 lr:0.001 train_loss:3.4364 train_time:754980ms step_avg:279.93ms
step:2708/5100 lr:0.001 train_loss:3.3784 train_time:755293ms step_avg:279.95ms
step:2709/5100 lr:0.001 train_loss:3.3565 train_time:755596ms step_avg:279.95ms
step:2710/5100 lr:0.001 train_loss:3.3797 train_time:755903ms step_avg:279.96ms
step:2711/5100 lr:0.001 train_loss:3.3844 train_time:756213ms step_avg:279.98ms
step:2712/5100 lr:0.001 train_loss:3.6615 train_time:756519ms step_avg:279.98ms
step:2713/5100 lr:0.001 train_loss:3.5028 train_time:756829ms step_avg:280.00ms
step:2714/5100 lr:0.001 train_loss:3.4969 train_time:757136ms step_avg:280.01ms
step:2715/5100 lr:0.001 train_loss:3.5371 train_time:757443ms step_avg:280.02ms
step:2716/5100 lr:0.001 train_loss:3.6364 train_time:757751ms step_avg:280.03ms
step:2717/5100 lr:0.001 train_loss:3.4718 train_time:758059ms step_avg:280.04ms
step:2718/5100 lr:0.001 train_loss:3.4961 train_time:758367ms step_avg:280.05ms
step:2719/5100 lr:0.001 train_loss:3.2822 train_time:758675ms step_avg:280.06ms
step:2720/5100 lr:0.001 train_loss:3.5746 train_time:758983ms step_avg:280.07ms
step:2721/5100 lr:0.001 train_loss:3.3100 train_time:759292ms step_avg:280.08ms
step:2722/5100 lr:0.001 train_loss:3.2844 train_time:759598ms step_avg:280.09ms
step:2723/5100 lr:0.001 train_loss:3.6808 train_time:759906ms step_avg:280.10ms
step:2724/5100 lr:0.001 train_loss:3.4169 train_time:760215ms step_avg:280.11ms
step:2725/5100 lr:0.001 train_loss:3.4687 train_time:760522ms step_avg:280.12ms
step:2726/5100 lr:0.001 train_loss:3.3202 train_time:760831ms step_avg:280.13ms
step:2727/5100 lr:0.001 train_loss:3.5212 train_time:761138ms step_avg:280.14ms
step:2728/5100 lr:0.001 train_loss:3.6569 train_time:761446ms step_avg:280.15ms
step:2729/5100 lr:0.001 train_loss:3.3586 train_time:761755ms step_avg:280.16ms
step:2730/5100 lr:0.001 train_loss:3.4429 train_time:762062ms step_avg:280.17ms
step:2731/5100 lr:0.001 train_loss:3.5667 train_time:762370ms step_avg:280.18ms
step:2732/5100 lr:0.001 train_loss:3.4235 train_time:762678ms step_avg:280.19ms
step:2733/5100 lr:0.001 train_loss:3.4542 train_time:762986ms step_avg:280.20ms
step:2734/5100 lr:0.001 train_loss:3.6312 train_time:763294ms step_avg:280.21ms
step:2735/5100 lr:0.001 train_loss:3.5493 train_time:763602ms step_avg:280.22ms
step:2736/5100 lr:0.001 train_loss:3.3614 train_time:763910ms step_avg:280.23ms
step:2737/5100 lr:0.001 train_loss:3.4308 train_time:764218ms step_avg:280.24ms
step:2738/5100 lr:0.001 train_loss:3.3334 train_time:764526ms step_avg:280.25ms
step:2739/5100 lr:0.001 train_loss:3.3540 train_time:764835ms step_avg:280.26ms
step:2740/5100 lr:0.001 train_loss:3.3640 train_time:765145ms step_avg:280.27ms
step:2741/5100 lr:0.001 train_loss:3.3862 train_time:765450ms step_avg:280.28ms
step:2742/5100 lr:0.001 train_loss:3.2488 train_time:765759ms step_avg:280.29ms
step:2743/5100 lr:0.001 train_loss:3.5031 train_time:766066ms step_avg:280.30ms
step:2744/5100 lr:0.001 train_loss:3.4348 train_time:766939ms step_avg:280.52ms
step:2745/5100 lr:0.001 train_loss:3.7788 train_time:767248ms step_avg:280.53ms
step:2746/5100 lr:0.001 train_loss:3.4933 train_time:767554ms step_avg:280.54ms
step:2747/5100 lr:0.001 train_loss:3.4459 train_time:767863ms step_avg:280.55ms
step:2748/5100 lr:0.001 train_loss:3.3999 train_time:768172ms step_avg:280.56ms
step:2749/5100 lr:0.001 train_loss:3.4265 train_time:768479ms step_avg:280.57ms
step:2750/5100 lr:0.001 train_loss:3.3587 train_time:768787ms step_avg:280.58ms
step:2750/5100 val_loss:3.4528 train_time:768802ms step_avg:280.58ms
step:2751/5100 lr:0.001 train_loss:3.4327 train_time:773147ms step_avg:282.07ms
step:2752/5100 lr:0.001 train_loss:3.2669 train_time:773454ms step_avg:282.08ms
step:2753/5100 lr:0.001 train_loss:3.3610 train_time:773761ms step_avg:282.09ms
step:2754/5100 lr:0.001 train_loss:3.5154 train_time:774069ms step_avg:282.10ms
step:2755/5100 lr:0.001 train_loss:3.4724 train_time:774376ms step_avg:282.10ms
step:2756/5100 lr:0.001 train_loss:3.5395 train_time:774685ms step_avg:282.11ms
step:2757/5100 lr:0.001 train_loss:3.5461 train_time:774992ms step_avg:282.12ms
step:2758/5100 lr:0.001 train_loss:3.5365 train_time:775301ms step_avg:282.13ms
step:2759/5100 lr:0.001 train_loss:3.6159 train_time:775608ms step_avg:282.14ms
step:2760/5100 lr:0.001 train_loss:3.3663 train_time:775916ms step_avg:282.15ms
step:2761/5100 lr:0.001 train_loss:3.4315 train_time:776225ms step_avg:282.16ms
step:2762/5100 lr:0.001 train_loss:3.5551 train_time:776531ms step_avg:282.17ms
step:2763/5100 lr:0.001 train_loss:3.4638 train_time:776839ms step_avg:282.18ms
step:2764/5100 lr:0.001 train_loss:3.0956 train_time:777147ms step_avg:282.19ms
step:2765/5100 lr:0.001 train_loss:3.4333 train_time:777455ms step_avg:282.20ms
step:2766/5100 lr:0.001 train_loss:3.4719 train_time:777764ms step_avg:282.21ms
step:2767/5100 lr:0.001 train_loss:3.5324 train_time:778070ms step_avg:282.22ms
step:2768/5100 lr:0.001 train_loss:3.4726 train_time:778378ms step_avg:282.23ms
step:2769/5100 lr:0.001 train_loss:3.3640 train_time:778687ms step_avg:282.24ms
step:2770/5100 lr:0.001 train_loss:3.4387 train_time:778994ms step_avg:282.24ms
step:2771/5100 lr:0.001 train_loss:3.5034 train_time:779302ms step_avg:282.25ms
step:2772/5100 lr:0.001 train_loss:3.2713 train_time:779610ms step_avg:282.26ms
step:2773/5100 lr:0.001 train_loss:3.4559 train_time:779917ms step_avg:282.27ms
step:2774/5100 lr:0.001 train_loss:3.5620 train_time:780226ms step_avg:282.28ms
step:2775/5100 lr:0.001 train_loss:3.3057 train_time:780534ms step_avg:282.29ms
step:2776/5100 lr:0.001 train_loss:3.5355 train_time:780845ms step_avg:282.30ms
step:2777/5100 lr:0.001 train_loss:3.5625 train_time:781153ms step_avg:282.31ms
step:2778/5100 lr:0.001 train_loss:3.4037 train_time:781461ms step_avg:282.32ms
step:2779/5100 lr:0.001 train_loss:3.2407 train_time:781769ms step_avg:282.33ms
step:2780/5100 lr:0.001 train_loss:3.4016 train_time:782076ms step_avg:282.34ms
step:2781/5100 lr:0.001 train_loss:3.6433 train_time:782384ms step_avg:282.35ms
step:2782/5100 lr:0.001 train_loss:3.4516 train_time:782692ms step_avg:282.36ms
step:2783/5100 lr:0.001 train_loss:3.5875 train_time:783000ms step_avg:282.37ms
step:2784/5100 lr:0.001 train_loss:3.4686 train_time:783310ms step_avg:282.38ms
step:2785/5100 lr:0.001 train_loss:3.3607 train_time:783616ms step_avg:282.38ms
step:2786/5100 lr:0.001 train_loss:3.2968 train_time:783924ms step_avg:282.39ms
step:2787/5100 lr:0.001 train_loss:3.3957 train_time:784235ms step_avg:282.40ms
step:2788/5100 lr:0.001 train_loss:3.4502 train_time:784540ms step_avg:282.41ms
step:2789/5100 lr:0.001 train_loss:3.4626 train_time:784848ms step_avg:282.42ms
step:2790/5100 lr:0.001 train_loss:3.4714 train_time:785156ms step_avg:282.43ms
step:2791/5100 lr:0.001 train_loss:3.4551 train_time:785464ms step_avg:282.44ms
step:2792/5100 lr:0.001 train_loss:3.4378 train_time:785772ms step_avg:282.45ms
step:2793/5100 lr:0.001 train_loss:3.3629 train_time:786079ms step_avg:282.46ms
step:2794/5100 lr:0.001 train_loss:3.5643 train_time:786387ms step_avg:282.47ms
step:2795/5100 lr:0.001 train_loss:3.4757 train_time:786695ms step_avg:282.48ms
step:2796/5100 lr:0.001 train_loss:3.4201 train_time:787002ms step_avg:282.48ms
step:2797/5100 lr:0.001 train_loss:3.4322 train_time:787310ms step_avg:282.49ms
step:2798/5100 lr:0.001 train_loss:3.3700 train_time:787618ms step_avg:282.50ms
step:2799/5100 lr:0.001 train_loss:3.3765 train_time:787926ms step_avg:282.51ms
step:2800/5100 lr:0.001 train_loss:3.5198 train_time:788236ms step_avg:282.52ms
step:2801/5100 lr:0.001 train_loss:3.3316 train_time:788543ms step_avg:282.53ms
step:2802/5100 lr:0.001 train_loss:3.5392 train_time:788851ms step_avg:282.54ms
step:2803/5100 lr:0.001 train_loss:3.4012 train_time:789159ms step_avg:282.55ms
step:2804/5100 lr:0.001 train_loss:3.4386 train_time:789466ms step_avg:282.56ms
step:2805/5100 lr:0.001 train_loss:3.2728 train_time:789774ms step_avg:282.57ms
step:2806/5100 lr:0.001 train_loss:3.6878 train_time:790082ms step_avg:282.58ms
step:2807/5100 lr:0.001 train_loss:3.5703 train_time:790390ms step_avg:282.58ms
step:2808/5100 lr:0.001 train_loss:3.6619 train_time:790698ms step_avg:282.59ms
step:2809/5100 lr:0.001 train_loss:3.3648 train_time:791005ms step_avg:282.60ms
step:2810/5100 lr:0.001 train_loss:3.5302 train_time:791314ms step_avg:282.61ms
step:2811/5100 lr:0.001 train_loss:3.5043 train_time:791621ms step_avg:282.62ms
step:2812/5100 lr:0.001 train_loss:3.2508 train_time:791928ms step_avg:282.63ms
step:2813/5100 lr:0.001 train_loss:3.7112 train_time:792237ms step_avg:282.64ms
step:2814/5100 lr:0.001 train_loss:3.4251 train_time:792544ms step_avg:282.65ms
step:2815/5100 lr:0.001 train_loss:3.3907 train_time:792852ms step_avg:282.66ms
step:2816/5100 lr:0.001 train_loss:3.7039 train_time:793160ms step_avg:282.67ms
step:2817/5100 lr:0.001 train_loss:3.4119 train_time:793468ms step_avg:282.67ms
step:2818/5100 lr:0.001 train_loss:3.4873 train_time:793777ms step_avg:282.68ms
step:2819/5100 lr:0.001 train_loss:3.3171 train_time:794083ms step_avg:282.69ms
step:2820/5100 lr:0.001 train_loss:3.5311 train_time:794391ms step_avg:282.70ms
step:2821/5100 lr:0.001 train_loss:3.4617 train_time:794699ms step_avg:282.71ms
step:2822/5100 lr:0.001 train_loss:3.4511 train_time:795006ms step_avg:282.72ms
step:2823/5100 lr:0.001 train_loss:2.8577 train_time:795316ms step_avg:282.73ms
step:2824/5100 lr:0.001 train_loss:3.4304 train_time:795622ms step_avg:282.74ms
step:2825/5100 lr:0.001 train_loss:3.3381 train_time:795930ms step_avg:282.75ms
step:2826/5100 lr:0.001 train_loss:3.6145 train_time:796239ms step_avg:282.76ms
step:2827/5100 lr:0.001 train_loss:3.6744 train_time:796546ms step_avg:282.76ms
step:2828/5100 lr:0.001 train_loss:3.4846 train_time:796853ms step_avg:282.77ms
step:2829/5100 lr:0.001 train_loss:3.5837 train_time:797162ms step_avg:282.78ms
step:2830/5100 lr:0.001 train_loss:3.5288 train_time:797469ms step_avg:282.79ms
step:2831/5100 lr:0.001 train_loss:3.1935 train_time:797777ms step_avg:282.80ms
step:2832/5100 lr:0.001 train_loss:3.5224 train_time:798085ms step_avg:282.81ms
step:2833/5100 lr:0.001 train_loss:3.5886 train_time:798393ms step_avg:282.82ms
step:2834/5100 lr:0.001 train_loss:3.1719 train_time:798700ms step_avg:282.83ms
step:2835/5100 lr:0.001 train_loss:3.4367 train_time:799008ms step_avg:282.83ms
step:2836/5100 lr:0.001 train_loss:3.4832 train_time:799316ms step_avg:282.84ms
step:2837/5100 lr:0.001 train_loss:3.3963 train_time:799624ms step_avg:282.85ms
step:2838/5100 lr:0.001 train_loss:3.5223 train_time:799932ms step_avg:282.86ms
step:2839/5100 lr:0.001 train_loss:3.4008 train_time:800244ms step_avg:282.87ms
step:2840/5100 lr:0.001 train_loss:3.3928 train_time:800551ms step_avg:282.88ms
step:2841/5100 lr:0.001 train_loss:3.1588 train_time:800859ms step_avg:282.89ms
step:2842/5100 lr:0.001 train_loss:3.6188 train_time:801168ms step_avg:282.90ms
step:2843/5100 lr:0.001 train_loss:3.5097 train_time:801476ms step_avg:282.91ms
step:2844/5100 lr:0.001 train_loss:3.4311 train_time:801785ms step_avg:282.92ms
step:2845/5100 lr:0.001 train_loss:3.3557 train_time:802092ms step_avg:282.92ms
step:2846/5100 lr:0.001 train_loss:3.3742 train_time:802400ms step_avg:282.93ms
step:2847/5100 lr:0.001 train_loss:3.5023 train_time:802709ms step_avg:282.94ms
step:2848/5100 lr:0.001 train_loss:3.3728 train_time:803016ms step_avg:282.95ms
step:2849/5100 lr:0.001 train_loss:3.4730 train_time:803324ms step_avg:282.96ms
step:2850/5100 lr:0.001 train_loss:3.5457 train_time:803840ms step_avg:283.04ms
step:2851/5100 lr:0.001 train_loss:3.4241 train_time:804148ms step_avg:283.05ms
step:2852/5100 lr:0.001 train_loss:3.3826 train_time:805023ms step_avg:283.26ms
step:2853/5100 lr:0.001 train_loss:3.3983 train_time:805330ms step_avg:283.27ms
step:2854/5100 lr:0.001 train_loss:3.8635 train_time:805639ms step_avg:283.28ms
step:2855/5100 lr:0.001 train_loss:3.4068 train_time:805946ms step_avg:283.29ms
step:2856/5100 lr:0.001 train_loss:3.3923 train_time:806254ms step_avg:283.29ms
step:2857/5100 lr:0.001 train_loss:3.5225 train_time:806563ms step_avg:283.30ms
step:2858/5100 lr:0.001 train_loss:3.4020 train_time:807081ms step_avg:283.39ms
step:2859/5100 lr:0.001 train_loss:3.4765 train_time:807389ms step_avg:283.39ms
step:2860/5100 lr:0.001 train_loss:3.4854 train_time:807696ms step_avg:283.40ms
step:2861/5100 lr:0.001 train_loss:3.4493 train_time:808004ms step_avg:283.41ms
step:2862/5100 lr:0.001 train_loss:3.5477 train_time:808314ms step_avg:283.42ms
step:2863/5100 lr:0.001 train_loss:3.5169 train_time:808621ms step_avg:283.43ms
step:2864/5100 lr:0.001 train_loss:3.4539 train_time:808930ms step_avg:283.44ms
step:2865/5100 lr:0.001 train_loss:3.5261 train_time:809237ms step_avg:283.45ms
step:2866/5100 lr:0.001 train_loss:3.3592 train_time:809545ms step_avg:283.45ms
step:2867/5100 lr:0.001 train_loss:3.3855 train_time:809853ms step_avg:283.46ms
step:2868/5100 lr:0.001 train_loss:3.3245 train_time:810161ms step_avg:283.47ms
step:2869/5100 lr:0.001 train_loss:3.5214 train_time:810469ms step_avg:283.48ms
step:2870/5100 lr:0.001 train_loss:3.3964 train_time:810777ms step_avg:283.49ms
step:2871/5100 lr:0.001 train_loss:3.4385 train_time:811086ms step_avg:283.50ms
step:2872/5100 lr:0.001 train_loss:3.5267 train_time:811394ms step_avg:283.51ms
step:2873/5100 lr:0.001 train_loss:3.4309 train_time:811702ms step_avg:283.51ms
step:2874/5100 lr:0.001 train_loss:3.3825 train_time:812010ms step_avg:283.52ms
step:2875/5100 lr:0.001 train_loss:3.5209 train_time:812321ms step_avg:283.53ms
step:2875/5100 val_loss:3.4442 train_time:812335ms step_avg:283.54ms
step:2876/5100 lr:0.001 train_loss:3.2260 train_time:816636ms step_avg:284.94ms
step:2877/5100 lr:0.001 train_loss:3.4202 train_time:816944ms step_avg:284.95ms
step:2878/5100 lr:0.001 train_loss:3.3263 train_time:817252ms step_avg:284.96ms
step:2879/5100 lr:0.001 train_loss:3.4621 train_time:817559ms step_avg:284.96ms
step:2880/5100 lr:0.001 train_loss:3.4484 train_time:817867ms step_avg:284.97ms
step:2881/5100 lr:0.001 train_loss:3.6721 train_time:818174ms step_avg:284.98ms
step:2882/5100 lr:0.001 train_loss:3.5111 train_time:818482ms step_avg:284.99ms
step:2883/5100 lr:0.001 train_loss:3.5075 train_time:818790ms step_avg:284.99ms
step:2884/5100 lr:0.001 train_loss:3.4861 train_time:819098ms step_avg:285.00ms
step:2885/5100 lr:0.001 train_loss:3.3018 train_time:819407ms step_avg:285.01ms
step:2886/5100 lr:0.001 train_loss:3.8703 train_time:819714ms step_avg:285.02ms
step:2887/5100 lr:0.001 train_loss:3.5287 train_time:820022ms step_avg:285.03ms
step:2888/5100 lr:0.001 train_loss:3.4604 train_time:820332ms step_avg:285.04ms
step:2889/5100 lr:0.001 train_loss:3.3105 train_time:820638ms step_avg:285.04ms
step:2890/5100 lr:0.001 train_loss:3.4514 train_time:820948ms step_avg:285.05ms
step:2891/5100 lr:0.001 train_loss:3.5246 train_time:821255ms step_avg:285.06ms
step:2892/5100 lr:0.001 train_loss:3.3156 train_time:821563ms step_avg:285.07ms
step:2893/5100 lr:0.001 train_loss:3.5598 train_time:821872ms step_avg:285.08ms
step:2894/5100 lr:0.001 train_loss:3.4715 train_time:822179ms step_avg:285.08ms
step:2895/5100 lr:0.001 train_loss:3.4914 train_time:822486ms step_avg:285.09ms
step:2896/5100 lr:0.001 train_loss:3.4155 train_time:822795ms step_avg:285.10ms
step:2897/5100 lr:0.001 train_loss:3.5375 train_time:823103ms step_avg:285.11ms
step:2898/5100 lr:0.001 train_loss:3.3318 train_time:823411ms step_avg:285.11ms
step:2899/5100 lr:0.001 train_loss:3.5763 train_time:823721ms step_avg:285.12ms
step:2900/5100 lr:0.001 train_loss:3.2745 train_time:824027ms step_avg:285.13ms
step:2901/5100 lr:0.001 train_loss:3.3629 train_time:824337ms step_avg:285.14ms
step:2902/5100 lr:0.001 train_loss:3.2591 train_time:824643ms step_avg:285.15ms
step:2903/5100 lr:0.001 train_loss:3.4789 train_time:824952ms step_avg:285.15ms
step:2904/5100 lr:0.001 train_loss:3.2986 train_time:825259ms step_avg:285.16ms
step:2905/5100 lr:0.001 train_loss:3.3040 train_time:825567ms step_avg:285.17ms
step:2906/5100 lr:0.001 train_loss:4.8727 train_time:825877ms step_avg:285.18ms
step:2907/5100 lr:0.001 train_loss:3.4483 train_time:826183ms step_avg:285.19ms
step:2908/5100 lr:0.001 train_loss:3.2458 train_time:826491ms step_avg:285.19ms
step:2909/5100 lr:0.001 train_loss:3.3388 train_time:826799ms step_avg:285.20ms
step:2910/5100 lr:0.001 train_loss:3.4933 train_time:827107ms step_avg:285.21ms
step:2911/5100 lr:0.001 train_loss:3.3545 train_time:827415ms step_avg:285.22ms
step:2912/5100 lr:0.001 train_loss:3.5332 train_time:827723ms step_avg:285.23ms
step:2913/5100 lr:0.001 train_loss:3.4104 train_time:828031ms step_avg:285.23ms
step:2914/5100 lr:0.001 train_loss:3.3399 train_time:828340ms step_avg:285.24ms
step:2915/5100 lr:0.001 train_loss:3.5461 train_time:828648ms step_avg:285.25ms
step:2916/5100 lr:0.001 train_loss:3.4622 train_time:828956ms step_avg:285.26ms
step:2917/5100 lr:0.001 train_loss:3.4268 train_time:829264ms step_avg:285.26ms
step:2918/5100 lr:0.001 train_loss:3.3788 train_time:829572ms step_avg:285.27ms
step:2919/5100 lr:0.001 train_loss:3.5526 train_time:829880ms step_avg:285.28ms
step:2920/5100 lr:0.001 train_loss:3.5300 train_time:830190ms step_avg:285.29ms
step:2921/5100 lr:0.001 train_loss:3.3985 train_time:830497ms step_avg:285.30ms
step:2922/5100 lr:0.001 train_loss:3.6531 train_time:830807ms step_avg:285.30ms
step:2923/5100 lr:0.001 train_loss:3.5762 train_time:831116ms step_avg:285.31ms
step:2924/5100 lr:0.001 train_loss:3.4412 train_time:831425ms step_avg:285.32ms
step:2925/5100 lr:0.001 train_loss:3.5262 train_time:831732ms step_avg:285.33ms
step:2926/5100 lr:0.001 train_loss:3.3452 train_time:832040ms step_avg:285.34ms
step:2927/5100 lr:0.001 train_loss:3.4062 train_time:832348ms step_avg:285.34ms
step:2928/5100 lr:0.001 train_loss:3.3622 train_time:832655ms step_avg:285.35ms
step:2929/5100 lr:0.001 train_loss:3.4194 train_time:832964ms step_avg:285.36ms
step:2930/5100 lr:0.001 train_loss:3.6270 train_time:833271ms step_avg:285.37ms
step:2931/5100 lr:0.001 train_loss:3.4168 train_time:833579ms step_avg:285.37ms
step:2932/5100 lr:0.001 train_loss:3.4155 train_time:833889ms step_avg:285.38ms
step:2933/5100 lr:0.001 train_loss:4.0267 train_time:834196ms step_avg:285.39ms
step:2934/5100 lr:0.001 train_loss:3.4885 train_time:834505ms step_avg:285.40ms
step:2935/5100 lr:0.001 train_loss:3.4264 train_time:834813ms step_avg:285.41ms
step:2936/5100 lr:0.001 train_loss:3.4601 train_time:835121ms step_avg:285.41ms
step:2937/5100 lr:0.001 train_loss:3.3285 train_time:835430ms step_avg:285.42ms
step:2938/5100 lr:0.001 train_loss:3.4401 train_time:835738ms step_avg:285.43ms
step:2939/5100 lr:0.001 train_loss:3.7102 train_time:836046ms step_avg:285.44ms
step:2940/5100 lr:0.001 train_loss:3.3696 train_time:836354ms step_avg:285.45ms
step:2941/5100 lr:0.001 train_loss:3.4137 train_time:836661ms step_avg:285.45ms
step:2942/5100 lr:0.001 train_loss:3.5611 train_time:836970ms step_avg:285.46ms
step:2943/5100 lr:0.001 train_loss:3.6367 train_time:837277ms step_avg:285.47ms
step:2944/5100 lr:0.001 train_loss:3.4046 train_time:837585ms step_avg:285.48ms
step:2945/5100 lr:0.001 train_loss:3.4549 train_time:837893ms step_avg:285.48ms
step:2946/5100 lr:0.001 train_loss:3.4660 train_time:838201ms step_avg:285.49ms
step:2947/5100 lr:0.001 train_loss:3.4629 train_time:838509ms step_avg:285.50ms
step:2948/5100 lr:0.001 train_loss:3.3168 train_time:838817ms step_avg:285.51ms
step:2949/5100 lr:0.001 train_loss:3.7298 train_time:839125ms step_avg:285.51ms
step:2950/5100 lr:0.001 train_loss:3.3127 train_time:839433ms step_avg:285.52ms
step:2951/5100 lr:0.001 train_loss:3.6300 train_time:839741ms step_avg:285.53ms
step:2952/5100 lr:0.001 train_loss:3.3412 train_time:840050ms step_avg:285.54ms
step:2953/5100 lr:0.001 train_loss:3.3428 train_time:840358ms step_avg:285.54ms
step:2954/5100 lr:0.001 train_loss:3.1529 train_time:840665ms step_avg:285.55ms
step:2955/5100 lr:0.001 train_loss:3.4521 train_time:840975ms step_avg:285.56ms
step:2956/5100 lr:0.001 train_loss:3.3943 train_time:841282ms step_avg:285.57ms
step:2957/5100 lr:0.001 train_loss:3.5315 train_time:841590ms step_avg:285.58ms
step:2958/5100 lr:0.001 train_loss:3.2591 train_time:841900ms step_avg:285.58ms
step:2959/5100 lr:0.001 train_loss:3.3782 train_time:842206ms step_avg:285.59ms
step:2960/5100 lr:0.001 train_loss:3.3558 train_time:842515ms step_avg:285.60ms
step:2961/5100 lr:0.001 train_loss:3.4616 train_time:842823ms step_avg:285.61ms
step:2962/5100 lr:0.001 train_loss:3.4596 train_time:843131ms step_avg:285.61ms
step:2963/5100 lr:0.001 train_loss:3.3522 train_time:843439ms step_avg:285.62ms
step:2964/5100 lr:0.001 train_loss:3.4873 train_time:843746ms step_avg:285.63ms
step:2965/5100 lr:0.001 train_loss:3.4264 train_time:844055ms step_avg:285.64ms
step:2966/5100 lr:0.001 train_loss:3.6074 train_time:844363ms step_avg:285.64ms
step:2967/5100 lr:0.001 train_loss:3.3812 train_time:844671ms step_avg:285.65ms
step:2968/5100 lr:0.001 train_loss:3.3195 train_time:844979ms step_avg:285.66ms
step:2969/5100 lr:0.001 train_loss:3.1661 train_time:845287ms step_avg:285.67ms
step:2970/5100 lr:0.001 train_loss:3.4337 train_time:845596ms step_avg:285.67ms
step:2971/5100 lr:0.001 train_loss:3.6204 train_time:845903ms step_avg:285.68ms
step:2972/5100 lr:0.001 train_loss:3.3403 train_time:846212ms step_avg:285.69ms
step:2973/5100 lr:0.001 train_loss:3.5091 train_time:846520ms step_avg:285.70ms
step:2974/5100 lr:0.001 train_loss:3.3908 train_time:846833ms step_avg:285.71ms
step:2975/5100 lr:0.001 train_loss:3.3652 train_time:847139ms step_avg:285.71ms
step:2976/5100 lr:0.001 train_loss:3.3176 train_time:847449ms step_avg:285.72ms
step:2977/5100 lr:0.001 train_loss:3.3711 train_time:847756ms step_avg:285.73ms
step:2978/5100 lr:0.001 train_loss:3.2400 train_time:848064ms step_avg:285.74ms
step:2979/5100 lr:0.001 train_loss:3.3904 train_time:848373ms step_avg:285.74ms
step:2980/5100 lr:0.001 train_loss:3.3396 train_time:848680ms step_avg:285.75ms
step:2981/5100 lr:0.001 train_loss:3.5500 train_time:848989ms step_avg:285.76ms
step:2982/5100 lr:0.001 train_loss:3.3225 train_time:849297ms step_avg:285.77ms
step:2983/5100 lr:0.001 train_loss:3.3663 train_time:849605ms step_avg:285.77ms
step:2984/5100 lr:0.001 train_loss:3.4371 train_time:849914ms step_avg:285.78ms
step:2985/5100 lr:0.001 train_loss:3.4415 train_time:850221ms step_avg:285.79ms
step:2986/5100 lr:0.001 train_loss:3.4839 train_time:850531ms step_avg:285.80ms
step:2987/5100 lr:0.001 train_loss:3.5347 train_time:850838ms step_avg:285.80ms
step:2988/5100 lr:0.001 train_loss:3.3724 train_time:851145ms step_avg:285.81ms
step:2989/5100 lr:0.001 train_loss:3.3766 train_time:851455ms step_avg:285.82ms
step:2990/5100 lr:0.001 train_loss:3.5461 train_time:851762ms step_avg:285.83ms
step:2991/5100 lr:0.001 train_loss:3.6776 train_time:852070ms step_avg:285.83ms
step:2992/5100 lr:0.001 train_loss:3.6052 train_time:852378ms step_avg:285.84ms
step:2993/5100 lr:0.001 train_loss:3.5377 train_time:852686ms step_avg:285.85ms
step:2994/5100 lr:0.001 train_loss:3.4073 train_time:852999ms step_avg:285.86ms
step:2995/5100 lr:0.001 train_loss:3.3134 train_time:853303ms step_avg:285.86ms
step:2996/5100 lr:0.001 train_loss:3.3068 train_time:853611ms step_avg:285.87ms
step:2997/5100 lr:0.001 train_loss:3.4902 train_time:853920ms step_avg:285.88ms
step:2998/5100 lr:0.001 train_loss:3.3954 train_time:854227ms step_avg:285.89ms
step:2999/5100 lr:0.001 train_loss:3.5408 train_time:854536ms step_avg:285.89ms
step:3000/5100 lr:0.001 train_loss:3.3540 train_time:854845ms step_avg:285.90ms
step:3000/5100 val_loss:3.4334 train_time:854860ms step_avg:285.91ms
step:3001/5100 lr:0.001 train_loss:3.3131 train_time:859169ms step_avg:287.25ms
step:3002/5100 lr:0.001 train_loss:3.4193 train_time:859476ms step_avg:287.26ms
step:3003/5100 lr:0.001 train_loss:3.3849 train_time:859784ms step_avg:287.27ms
step:3004/5100 lr:0.001 train_loss:3.2312 train_time:860092ms step_avg:287.27ms
step:3005/5100 lr:0.001 train_loss:3.3134 train_time:860400ms step_avg:287.28ms
step:3006/5100 lr:0.001 train_loss:3.4967 train_time:860708ms step_avg:287.29ms
step:3007/5100 lr:0.001 train_loss:3.7828 train_time:861016ms step_avg:287.29ms
step:3008/5100 lr:0.001 train_loss:3.4489 train_time:861324ms step_avg:287.30ms
step:3009/5100 lr:0.001 train_loss:3.3840 train_time:861632ms step_avg:287.31ms
step:3010/5100 lr:0.001 train_loss:3.3769 train_time:861939ms step_avg:287.31ms
step:3011/5100 lr:0.001 train_loss:3.5036 train_time:862247ms step_avg:287.32ms
step:3012/5100 lr:0.001 train_loss:3.4113 train_time:862555ms step_avg:287.33ms
step:3013/5100 lr:0.001 train_loss:3.2951 train_time:862863ms step_avg:287.33ms
step:3014/5100 lr:0.001 train_loss:3.4218 train_time:863171ms step_avg:287.34ms
step:3015/5100 lr:0.001 train_loss:3.5709 train_time:863480ms step_avg:287.35ms
step:3016/5100 lr:0.001 train_loss:3.2613 train_time:863787ms step_avg:287.35ms
step:3017/5100 lr:0.001 train_loss:3.4224 train_time:864094ms step_avg:287.36ms
step:3018/5100 lr:0.001 train_loss:3.4010 train_time:864402ms step_avg:287.37ms
step:3019/5100 lr:0.001 train_loss:3.4333 train_time:864712ms step_avg:287.38ms
step:3020/5100 lr:0.001 train_loss:3.5610 train_time:865019ms step_avg:287.38ms
step:3021/5100 lr:0.001 train_loss:3.3322 train_time:865327ms step_avg:287.39ms
step:3022/5100 lr:0.001 train_loss:3.5131 train_time:865635ms step_avg:287.40ms
step:3023/5100 lr:0.001 train_loss:3.4250 train_time:865944ms step_avg:287.40ms
step:3024/5100 lr:0.001 train_loss:3.3867 train_time:866251ms step_avg:287.41ms
step:3025/5100 lr:0.001 train_loss:3.4395 train_time:866560ms step_avg:287.42ms
step:3026/5100 lr:0.001 train_loss:2.9957 train_time:866868ms step_avg:287.42ms
step:3027/5100 lr:0.001 train_loss:4.3319 train_time:867175ms step_avg:287.43ms
step:3028/5100 lr:0.001 train_loss:3.4699 train_time:867484ms step_avg:287.44ms
step:3029/5100 lr:0.001 train_loss:3.3831 train_time:867792ms step_avg:287.44ms
step:3030/5100 lr:0.001 train_loss:3.4291 train_time:868099ms step_avg:287.45ms
step:3031/5100 lr:0.001 train_loss:3.3757 train_time:868407ms step_avg:287.46ms
step:3032/5100 lr:0.001 train_loss:3.4318 train_time:868716ms step_avg:287.46ms
step:3033/5100 lr:0.001 train_loss:3.4479 train_time:869023ms step_avg:287.47ms
step:3034/5100 lr:0.001 train_loss:3.4852 train_time:869331ms step_avg:287.48ms
step:3035/5100 lr:0.001 train_loss:3.3100 train_time:869639ms step_avg:287.48ms
step:3036/5100 lr:0.001 train_loss:3.4006 train_time:869947ms step_avg:287.49ms
step:3037/5100 lr:0.001 train_loss:3.5358 train_time:870256ms step_avg:287.50ms
step:3038/5100 lr:0.001 train_loss:3.3723 train_time:870565ms step_avg:287.51ms
step:3039/5100 lr:0.001 train_loss:3.3319 train_time:870873ms step_avg:287.51ms
step:3040/5100 lr:0.001 train_loss:3.5173 train_time:871390ms step_avg:287.59ms
step:3041/5100 lr:0.001 train_loss:3.5593 train_time:871697ms step_avg:287.59ms
step:3042/5100 lr:0.001 train_loss:3.3471 train_time:872005ms step_avg:287.60ms
step:3043/5100 lr:0.001 train_loss:3.3041 train_time:872314ms step_avg:287.61ms
step:3044/5100 lr:0.001 train_loss:3.3442 train_time:872621ms step_avg:287.61ms
step:3045/5100 lr:0.001 train_loss:3.2643 train_time:872931ms step_avg:287.62ms
step:3046/5100 lr:0.001 train_loss:3.4251 train_time:873238ms step_avg:287.63ms
step:3047/5100 lr:0.001 train_loss:3.3269 train_time:873545ms step_avg:287.63ms
step:3048/5100 lr:0.001 train_loss:3.8614 train_time:874065ms step_avg:287.71ms
step:3049/5100 lr:0.001 train_loss:3.0707 train_time:874373ms step_avg:287.72ms
step:3050/5100 lr:0.001 train_loss:3.4288 train_time:874682ms step_avg:287.72ms
step:3051/5100 lr:0.001 train_loss:3.4096 train_time:874989ms step_avg:287.73ms
step:3052/5100 lr:0.001 train_loss:3.4593 train_time:875297ms step_avg:287.74ms
step:3053/5100 lr:0.001 train_loss:3.6034 train_time:875605ms step_avg:287.74ms
step:3054/5100 lr:0.001 train_loss:3.3699 train_time:875913ms step_avg:287.75ms
step:3055/5100 lr:0.001 train_loss:3.4428 train_time:876221ms step_avg:287.76ms
step:3056/5100 lr:0.001 train_loss:3.4799 train_time:876530ms step_avg:287.76ms
step:3057/5100 lr:0.001 train_loss:3.4265 train_time:876838ms step_avg:287.77ms
step:3058/5100 lr:0.001 train_loss:3.4689 train_time:877146ms step_avg:287.78ms
step:3059/5100 lr:0.001 train_loss:3.3371 train_time:877454ms step_avg:287.78ms
step:3060/5100 lr:0.001 train_loss:3.3740 train_time:877762ms step_avg:287.79ms
step:3061/5100 lr:0.001 train_loss:3.6001 train_time:878070ms step_avg:287.80ms
step:3062/5100 lr:0.001 train_loss:3.5350 train_time:878378ms step_avg:287.80ms
step:3063/5100 lr:0.001 train_loss:3.5022 train_time:878686ms step_avg:287.81ms
step:3064/5100 lr:0.001 train_loss:3.3539 train_time:878995ms step_avg:287.82ms
step:3065/5100 lr:0.001 train_loss:3.3642 train_time:879304ms step_avg:287.82ms
step:3066/5100 lr:0.001 train_loss:3.5751 train_time:879612ms step_avg:287.83ms
step:3067/5100 lr:0.001 train_loss:3.3508 train_time:879920ms step_avg:287.84ms
step:3068/5100 lr:0.001 train_loss:3.4779 train_time:880227ms step_avg:287.84ms
step:3069/5100 lr:0.001 train_loss:3.4934 train_time:880536ms step_avg:287.85ms
step:3070/5100 lr:0.001 train_loss:3.3931 train_time:880844ms step_avg:287.86ms
step:3071/5100 lr:0.001 train_loss:3.4275 train_time:881153ms step_avg:287.86ms
step:3072/5100 lr:0.001 train_loss:3.4667 train_time:881460ms step_avg:287.87ms
step:3073/5100 lr:0.001 train_loss:3.3882 train_time:881769ms step_avg:287.88ms
step:3074/5100 lr:0.001 train_loss:3.2689 train_time:882076ms step_avg:287.88ms
step:3075/5100 lr:0.001 train_loss:3.4077 train_time:882384ms step_avg:287.89ms
step:3076/5100 lr:0.001 train_loss:3.3483 train_time:882693ms step_avg:287.90ms
step:3077/5100 lr:0.001 train_loss:3.3145 train_time:882999ms step_avg:287.90ms
step:3078/5100 lr:0.001 train_loss:3.4524 train_time:883308ms step_avg:287.91ms
step:3079/5100 lr:0.001 train_loss:3.4694 train_time:883616ms step_avg:287.92ms
step:3080/5100 lr:0.001 train_loss:3.3541 train_time:883924ms step_avg:287.92ms
step:3081/5100 lr:0.001 train_loss:3.3853 train_time:884234ms step_avg:287.93ms
step:3082/5100 lr:0.001 train_loss:3.3630 train_time:884541ms step_avg:287.94ms
step:3083/5100 lr:0.001 train_loss:3.3666 train_time:884849ms step_avg:287.94ms
step:3084/5100 lr:0.001 train_loss:3.5753 train_time:885158ms step_avg:287.95ms
step:3085/5100 lr:0.001 train_loss:3.2593 train_time:885466ms step_avg:287.96ms
step:3086/5100 lr:0.001 train_loss:4.3410 train_time:885775ms step_avg:287.96ms
step:3087/5100 lr:0.001 train_loss:3.3570 train_time:886082ms step_avg:287.97ms
step:3088/5100 lr:0.001 train_loss:3.4678 train_time:886391ms step_avg:287.98ms
step:3089/5100 lr:0.001 train_loss:3.5829 train_time:886700ms step_avg:287.98ms
step:3090/5100 lr:0.001 train_loss:3.3086 train_time:887007ms step_avg:287.99ms
step:3091/5100 lr:0.001 train_loss:3.3913 train_time:887315ms step_avg:288.00ms
step:3092/5100 lr:0.001 train_loss:3.3821 train_time:887623ms step_avg:288.00ms
step:3093/5100 lr:0.001 train_loss:3.4258 train_time:887931ms step_avg:288.01ms
step:3094/5100 lr:0.001 train_loss:3.4184 train_time:888239ms step_avg:288.02ms
step:3095/5100 lr:0.001 train_loss:3.2508 train_time:888547ms step_avg:288.02ms
step:3096/5100 lr:0.001 train_loss:3.4838 train_time:888855ms step_avg:288.03ms
step:3097/5100 lr:0.001 train_loss:3.3674 train_time:889163ms step_avg:288.03ms
step:3098/5100 lr:0.001 train_loss:3.6530 train_time:889471ms step_avg:288.04ms
step:3099/5100 lr:0.001 train_loss:3.4246 train_time:889779ms step_avg:288.05ms
step:3100/5100 lr:0.001 train_loss:3.3723 train_time:890087ms step_avg:288.05ms
step:3101/5100 lr:0.0009995000000000002 train_loss:3.4147 train_time:890395ms step_avg:288.06ms
step:3102/5100 lr:0.000999 train_loss:3.3659 train_time:890704ms step_avg:288.07ms
step:3103/5100 lr:0.0009985 train_loss:3.3719 train_time:891012ms step_avg:288.07ms
step:3104/5100 lr:0.000998 train_loss:3.8231 train_time:891321ms step_avg:288.08ms
step:3105/5100 lr:0.0009975000000000001 train_loss:3.3753 train_time:891628ms step_avg:288.09ms
step:3106/5100 lr:0.000997 train_loss:3.4488 train_time:891936ms step_avg:288.09ms
step:3107/5100 lr:0.0009965 train_loss:3.5218 train_time:892245ms step_avg:288.10ms
step:3108/5100 lr:0.000996 train_loss:3.4334 train_time:892553ms step_avg:288.11ms
step:3109/5100 lr:0.0009955 train_loss:3.5222 train_time:892861ms step_avg:288.11ms
step:3110/5100 lr:0.000995 train_loss:3.3834 train_time:893169ms step_avg:288.12ms
step:3111/5100 lr:0.0009945000000000002 train_loss:3.9163 train_time:893477ms step_avg:288.13ms
step:3112/5100 lr:0.000994 train_loss:3.5625 train_time:893786ms step_avg:288.13ms
step:3113/5100 lr:0.0009935 train_loss:3.0588 train_time:894094ms step_avg:288.14ms
step:3114/5100 lr:0.000993 train_loss:3.3279 train_time:894402ms step_avg:288.15ms
step:3115/5100 lr:0.0009925000000000001 train_loss:3.1724 train_time:894712ms step_avg:288.15ms
step:3116/5100 lr:0.000992 train_loss:3.6111 train_time:895018ms step_avg:288.16ms
step:3117/5100 lr:0.0009915 train_loss:3.4321 train_time:895327ms step_avg:288.16ms
step:3118/5100 lr:0.000991 train_loss:3.5910 train_time:895635ms step_avg:288.17ms
step:3119/5100 lr:0.0009905 train_loss:3.4319 train_time:895945ms step_avg:288.18ms
step:3120/5100 lr:0.00099 train_loss:3.5282 train_time:896252ms step_avg:288.18ms
step:3121/5100 lr:0.0009895000000000001 train_loss:3.5227 train_time:896560ms step_avg:288.19ms
step:3122/5100 lr:0.000989 train_loss:3.4617 train_time:896867ms step_avg:288.20ms
step:3123/5100 lr:0.0009885 train_loss:3.3295 train_time:897175ms step_avg:288.20ms
step:3124/5100 lr:0.000988 train_loss:3.3323 train_time:897483ms step_avg:288.21ms
step:3125/5100 lr:0.0009875 train_loss:3.4208 train_time:897791ms step_avg:288.22ms
step:3125/5100 val_loss:3.4218 train_time:897806ms step_avg:288.22ms
step:3126/5100 lr:0.000987 train_loss:3.8617 train_time:902107ms step_avg:289.51ms
step:3127/5100 lr:0.0009865 train_loss:3.4340 train_time:902415ms step_avg:289.51ms
step:3128/5100 lr:0.0009860000000000001 train_loss:3.3555 train_time:902724ms step_avg:289.52ms
step:3129/5100 lr:0.0009855 train_loss:3.5284 train_time:903032ms step_avg:289.53ms
step:3130/5100 lr:0.000985 train_loss:3.5625 train_time:903339ms step_avg:289.53ms
step:3131/5100 lr:0.0009845000000000001 train_loss:3.5414 train_time:903647ms step_avg:289.54ms
step:3132/5100 lr:0.000984 train_loss:3.2599 train_time:903955ms step_avg:289.54ms
step:3133/5100 lr:0.0009835 train_loss:3.4206 train_time:904263ms step_avg:289.55ms
step:3134/5100 lr:0.000983 train_loss:3.4106 train_time:904571ms step_avg:289.56ms
step:3135/5100 lr:0.0009825 train_loss:3.5099 train_time:904879ms step_avg:289.56ms
step:3136/5100 lr:0.000982 train_loss:3.4401 train_time:905189ms step_avg:289.57ms
step:3137/5100 lr:0.0009815000000000002 train_loss:3.2204 train_time:905496ms step_avg:289.57ms
step:3138/5100 lr:0.000981 train_loss:3.2931 train_time:905805ms step_avg:289.58ms
step:3139/5100 lr:0.0009805 train_loss:3.4462 train_time:906113ms step_avg:289.59ms
step:3140/5100 lr:0.00098 train_loss:3.4626 train_time:906419ms step_avg:289.59ms
step:3141/5100 lr:0.0009795000000000001 train_loss:3.2724 train_time:906728ms step_avg:289.60ms
step:3142/5100 lr:0.000979 train_loss:3.4576 train_time:907035ms step_avg:289.60ms
step:3143/5100 lr:0.0009785 train_loss:3.2697 train_time:907343ms step_avg:289.61ms
step:3144/5100 lr:0.000978 train_loss:3.6241 train_time:907652ms step_avg:289.61ms
step:3145/5100 lr:0.0009775 train_loss:3.8673 train_time:907959ms step_avg:289.62ms
step:3146/5100 lr:0.000977 train_loss:3.6895 train_time:908269ms step_avg:289.63ms
step:3147/5100 lr:0.0009765 train_loss:3.3958 train_time:908575ms step_avg:289.63ms
step:3148/5100 lr:0.000976 train_loss:3.4305 train_time:908883ms step_avg:289.64ms
step:3149/5100 lr:0.0009755 train_loss:3.3416 train_time:909192ms step_avg:289.64ms
step:3150/5100 lr:0.000975 train_loss:3.5245 train_time:909499ms step_avg:289.65ms
step:3151/5100 lr:0.0009745000000000001 train_loss:3.2446 train_time:909807ms step_avg:289.66ms
step:3152/5100 lr:0.000974 train_loss:3.4768 train_time:910114ms step_avg:289.66ms
step:3153/5100 lr:0.0009735000000000001 train_loss:3.5793 train_time:910422ms step_avg:289.67ms
step:3154/5100 lr:0.000973 train_loss:3.3923 train_time:910732ms step_avg:289.67ms
step:3155/5100 lr:0.0009725000000000001 train_loss:3.5973 train_time:911038ms step_avg:289.68ms
step:3156/5100 lr:0.000972 train_loss:4.0107 train_time:911345ms step_avg:289.68ms
step:3157/5100 lr:0.0009715 train_loss:3.3249 train_time:911653ms step_avg:289.69ms
step:3158/5100 lr:0.000971 train_loss:3.4127 train_time:911961ms step_avg:289.70ms
step:3159/5100 lr:0.0009705 train_loss:3.5617 train_time:912270ms step_avg:289.70ms
step:3160/5100 lr:0.0009699999999999999 train_loss:3.3465 train_time:912577ms step_avg:289.71ms
step:3161/5100 lr:0.0009695000000000001 train_loss:3.4783 train_time:912885ms step_avg:289.71ms
step:3162/5100 lr:0.000969 train_loss:3.2429 train_time:913194ms step_avg:289.72ms
step:3163/5100 lr:0.0009685000000000001 train_loss:3.3558 train_time:913502ms step_avg:289.72ms
step:3164/5100 lr:0.000968 train_loss:3.4598 train_time:913811ms step_avg:289.73ms
step:3165/5100 lr:0.0009675 train_loss:3.5092 train_time:914117ms step_avg:289.74ms
step:3166/5100 lr:0.000967 train_loss:3.4127 train_time:914425ms step_avg:289.74ms
step:3167/5100 lr:0.0009665 train_loss:3.3525 train_time:914734ms step_avg:289.75ms
step:3168/5100 lr:0.000966 train_loss:3.4767 train_time:915041ms step_avg:289.75ms
step:3169/5100 lr:0.0009655 train_loss:3.7015 train_time:915349ms step_avg:289.76ms
step:3170/5100 lr:0.000965 train_loss:3.6270 train_time:915658ms step_avg:289.77ms
step:3171/5100 lr:0.0009645000000000001 train_loss:3.5057 train_time:915965ms step_avg:289.77ms
step:3172/5100 lr:0.000964 train_loss:3.4723 train_time:916275ms step_avg:289.78ms
step:3173/5100 lr:0.0009635000000000001 train_loss:3.4321 train_time:916582ms step_avg:289.78ms
step:3174/5100 lr:0.000963 train_loss:3.2850 train_time:916889ms step_avg:289.79ms
step:3175/5100 lr:0.0009625 train_loss:3.2213 train_time:917199ms step_avg:289.79ms
step:3176/5100 lr:0.000962 train_loss:3.2397 train_time:917505ms step_avg:289.80ms
step:3177/5100 lr:0.0009615 train_loss:3.4237 train_time:917814ms step_avg:289.81ms
step:3178/5100 lr:0.0009609999999999999 train_loss:3.2098 train_time:918122ms step_avg:289.81ms
step:3179/5100 lr:0.0009605000000000001 train_loss:3.3962 train_time:918429ms step_avg:289.82ms
step:3180/5100 lr:0.00096 train_loss:3.5426 train_time:918738ms step_avg:289.82ms
step:3181/5100 lr:0.0009595000000000001 train_loss:3.4329 train_time:919045ms step_avg:289.83ms
step:3182/5100 lr:0.000959 train_loss:3.4627 train_time:919353ms step_avg:289.83ms
step:3183/5100 lr:0.0009585 train_loss:3.4773 train_time:919661ms step_avg:289.84ms
step:3184/5100 lr:0.000958 train_loss:3.2917 train_time:919969ms step_avg:289.85ms
step:3185/5100 lr:0.0009575 train_loss:3.4093 train_time:920278ms step_avg:289.85ms
step:3186/5100 lr:0.000957 train_loss:3.6300 train_time:920584ms step_avg:289.86ms
step:3187/5100 lr:0.0009565 train_loss:3.4053 train_time:920893ms step_avg:289.86ms
step:3188/5100 lr:0.0009559999999999999 train_loss:3.3832 train_time:921201ms step_avg:289.87ms
step:3189/5100 lr:0.0009555000000000001 train_loss:3.3584 train_time:921508ms step_avg:289.87ms
step:3190/5100 lr:0.000955 train_loss:3.5356 train_time:921817ms step_avg:289.88ms
step:3191/5100 lr:0.0009545 train_loss:3.4841 train_time:922124ms step_avg:289.88ms
step:3192/5100 lr:0.000954 train_loss:3.3823 train_time:922432ms step_avg:289.89ms
step:3193/5100 lr:0.0009535 train_loss:3.5872 train_time:922741ms step_avg:289.90ms
step:3194/5100 lr:0.000953 train_loss:3.5235 train_time:923048ms step_avg:289.90ms
step:3195/5100 lr:0.0009525 train_loss:3.3185 train_time:923356ms step_avg:289.91ms
step:3196/5100 lr:0.0009519999999999999 train_loss:3.6186 train_time:923664ms step_avg:289.91ms
step:3197/5100 lr:0.0009515 train_loss:3.3953 train_time:923973ms step_avg:289.92ms
step:3198/5100 lr:0.000951 train_loss:3.3297 train_time:924282ms step_avg:289.93ms
step:3199/5100 lr:0.0009505000000000001 train_loss:3.3530 train_time:924589ms step_avg:289.93ms
step:3200/5100 lr:0.00095 train_loss:3.3088 train_time:924896ms step_avg:289.94ms
step:3201/5100 lr:0.0009495 train_loss:4.0722 train_time:925205ms step_avg:289.94ms
step:3202/5100 lr:0.000949 train_loss:3.4277 train_time:925512ms step_avg:289.95ms
step:3203/5100 lr:0.0009485 train_loss:3.2197 train_time:925821ms step_avg:289.95ms
step:3204/5100 lr:0.000948 train_loss:3.4025 train_time:926128ms step_avg:289.96ms
step:3205/5100 lr:0.0009475 train_loss:3.2360 train_time:926436ms step_avg:289.96ms
step:3206/5100 lr:0.0009469999999999999 train_loss:3.2508 train_time:926745ms step_avg:289.97ms
step:3207/5100 lr:0.0009465000000000001 train_loss:3.2060 train_time:927052ms step_avg:289.98ms
step:3208/5100 lr:0.000946 train_loss:3.3758 train_time:927360ms step_avg:289.98ms
step:3209/5100 lr:0.0009455 train_loss:3.4264 train_time:927668ms step_avg:289.99ms
step:3210/5100 lr:0.000945 train_loss:3.3268 train_time:927976ms step_avg:289.99ms
step:3211/5100 lr:0.0009445 train_loss:3.3454 train_time:928285ms step_avg:290.00ms
step:3212/5100 lr:0.000944 train_loss:3.4079 train_time:928592ms step_avg:290.00ms
step:3213/5100 lr:0.0009435 train_loss:3.6612 train_time:928901ms step_avg:290.01ms
step:3214/5100 lr:0.0009429999999999999 train_loss:3.1555 train_time:929209ms step_avg:290.02ms
step:3215/5100 lr:0.0009425 train_loss:3.5691 train_time:929516ms step_avg:290.02ms
step:3216/5100 lr:0.000942 train_loss:3.5159 train_time:929825ms step_avg:290.03ms
step:3217/5100 lr:0.0009415000000000001 train_loss:3.5653 train_time:930132ms step_avg:290.03ms
step:3218/5100 lr:0.000941 train_loss:3.2749 train_time:930440ms step_avg:290.04ms
step:3219/5100 lr:0.0009405 train_loss:3.2429 train_time:930750ms step_avg:290.04ms
step:3220/5100 lr:0.00094 train_loss:3.2934 train_time:931057ms step_avg:290.05ms
step:3221/5100 lr:0.0009395 train_loss:3.7095 train_time:931364ms step_avg:290.05ms
step:3222/5100 lr:0.000939 train_loss:3.2031 train_time:931673ms step_avg:290.06ms
step:3223/5100 lr:0.0009385 train_loss:3.3829 train_time:931980ms step_avg:290.07ms
step:3224/5100 lr:0.0009379999999999999 train_loss:3.3024 train_time:932289ms step_avg:290.07ms
step:3225/5100 lr:0.0009375 train_loss:3.3612 train_time:932596ms step_avg:290.08ms
step:3226/5100 lr:0.0009370000000000001 train_loss:3.3887 train_time:932904ms step_avg:290.08ms
step:3227/5100 lr:0.0009365 train_loss:3.5596 train_time:933213ms step_avg:290.09ms
step:3228/5100 lr:0.0009360000000000001 train_loss:3.4904 train_time:933520ms step_avg:290.09ms
step:3229/5100 lr:0.0009355 train_loss:3.3753 train_time:933828ms step_avg:290.10ms
step:3230/5100 lr:0.0009350000000000001 train_loss:3.3189 train_time:934341ms step_avg:290.17ms
step:3231/5100 lr:0.0009345 train_loss:3.2968 train_time:934650ms step_avg:290.17ms
step:3232/5100 lr:0.000934 train_loss:3.2523 train_time:934956ms step_avg:290.18ms
step:3233/5100 lr:0.0009335 train_loss:3.4046 train_time:935264ms step_avg:290.18ms
step:3234/5100 lr:0.000933 train_loss:3.2468 train_time:935574ms step_avg:290.19ms
step:3235/5100 lr:0.0009325000000000001 train_loss:3.3181 train_time:935881ms step_avg:290.20ms
step:3236/5100 lr:0.0009320000000000001 train_loss:3.4290 train_time:936189ms step_avg:290.20ms
step:3237/5100 lr:0.0009315 train_loss:3.2389 train_time:936496ms step_avg:290.21ms
step:3238/5100 lr:0.0009310000000000001 train_loss:3.1585 train_time:936804ms step_avg:290.21ms
step:3239/5100 lr:0.0009305 train_loss:3.4860 train_time:937320ms step_avg:290.28ms
step:3240/5100 lr:0.00093 train_loss:4.0671 train_time:937628ms step_avg:290.29ms
step:3241/5100 lr:0.0009295 train_loss:3.4522 train_time:937938ms step_avg:290.29ms
step:3242/5100 lr:0.000929 train_loss:3.2786 train_time:938245ms step_avg:290.30ms
step:3243/5100 lr:0.0009285 train_loss:3.3896 train_time:938553ms step_avg:290.30ms
step:3244/5100 lr:0.0009280000000000001 train_loss:3.4103 train_time:938861ms step_avg:290.31ms
step:3245/5100 lr:0.0009275 train_loss:3.4611 train_time:939168ms step_avg:290.31ms
step:3246/5100 lr:0.0009270000000000001 train_loss:3.4597 train_time:939478ms step_avg:290.32ms
step:3247/5100 lr:0.0009265 train_loss:3.2383 train_time:939785ms step_avg:290.33ms
step:3248/5100 lr:0.0009260000000000001 train_loss:2.9688 train_time:940097ms step_avg:290.33ms
step:3249/5100 lr:0.0009255 train_loss:3.4862 train_time:940406ms step_avg:290.34ms
step:3250/5100 lr:0.000925 train_loss:3.2460 train_time:940713ms step_avg:290.34ms
step:3250/5100 val_loss:3.4034 train_time:940729ms step_avg:290.35ms
step:3251/5100 lr:0.0009245 train_loss:3.4353 train_time:945060ms step_avg:291.60ms
step:3252/5100 lr:0.000924 train_loss:3.4065 train_time:945367ms step_avg:291.60ms
step:3253/5100 lr:0.0009235000000000001 train_loss:3.4833 train_time:945674ms step_avg:291.60ms
step:3254/5100 lr:0.0009230000000000001 train_loss:3.3617 train_time:945983ms step_avg:291.61ms
step:3255/5100 lr:0.0009225 train_loss:3.5349 train_time:946290ms step_avg:291.61ms
step:3256/5100 lr:0.0009220000000000001 train_loss:3.2768 train_time:946598ms step_avg:291.62ms
step:3257/5100 lr:0.0009215 train_loss:3.4612 train_time:946906ms step_avg:291.62ms
step:3258/5100 lr:0.000921 train_loss:3.5606 train_time:947213ms step_avg:291.63ms
step:3259/5100 lr:0.0009205 train_loss:3.4535 train_time:947522ms step_avg:291.63ms
step:3260/5100 lr:0.00092 train_loss:3.4134 train_time:947829ms step_avg:291.64ms
step:3261/5100 lr:0.0009195 train_loss:3.4168 train_time:948137ms step_avg:291.64ms
step:3262/5100 lr:0.0009190000000000001 train_loss:3.4045 train_time:948446ms step_avg:291.65ms
step:3263/5100 lr:0.0009185 train_loss:3.5792 train_time:948753ms step_avg:291.65ms
step:3264/5100 lr:0.0009180000000000001 train_loss:3.3738 train_time:949062ms step_avg:291.66ms
step:3265/5100 lr:0.0009175 train_loss:3.4036 train_time:949369ms step_avg:291.66ms
step:3266/5100 lr:0.0009170000000000001 train_loss:3.4059 train_time:949676ms step_avg:291.67ms
step:3267/5100 lr:0.0009165 train_loss:3.3145 train_time:949985ms step_avg:291.67ms
step:3268/5100 lr:0.000916 train_loss:3.3259 train_time:950292ms step_avg:291.68ms
step:3269/5100 lr:0.0009155 train_loss:3.4960 train_time:950600ms step_avg:291.68ms
step:3270/5100 lr:0.000915 train_loss:3.4773 train_time:950910ms step_avg:291.69ms
step:3271/5100 lr:0.0009145 train_loss:3.2516 train_time:951216ms step_avg:291.69ms
step:3272/5100 lr:0.0009140000000000001 train_loss:3.4414 train_time:951526ms step_avg:291.70ms
step:3273/5100 lr:0.0009135 train_loss:3.4799 train_time:951833ms step_avg:291.70ms
step:3274/5100 lr:0.0009130000000000001 train_loss:3.5507 train_time:952141ms step_avg:291.71ms
step:3275/5100 lr:0.0009125 train_loss:3.1496 train_time:952450ms step_avg:291.72ms
step:3276/5100 lr:0.000912 train_loss:3.3145 train_time:952760ms step_avg:291.72ms
step:3277/5100 lr:0.0009115 train_loss:3.5127 train_time:953069ms step_avg:291.73ms
step:3278/5100 lr:0.000911 train_loss:3.3908 train_time:953376ms step_avg:291.73ms
step:3279/5100 lr:0.0009105 train_loss:3.3310 train_time:953684ms step_avg:291.74ms
step:3280/5100 lr:0.00091 train_loss:3.6156 train_time:953993ms step_avg:291.74ms
step:3281/5100 lr:0.0009095 train_loss:3.4146 train_time:954300ms step_avg:291.75ms
step:3282/5100 lr:0.0009090000000000001 train_loss:3.5726 train_time:954609ms step_avg:291.75ms
step:3283/5100 lr:0.0009085 train_loss:3.2180 train_time:954917ms step_avg:291.76ms
step:3284/5100 lr:0.0009080000000000001 train_loss:3.3099 train_time:955225ms step_avg:291.76ms
step:3285/5100 lr:0.0009075 train_loss:3.2552 train_time:955535ms step_avg:291.77ms
step:3286/5100 lr:0.000907 train_loss:3.2958 train_time:955841ms step_avg:291.77ms
step:3287/5100 lr:0.0009065 train_loss:3.3049 train_time:956149ms step_avg:291.78ms
step:3288/5100 lr:0.000906 train_loss:3.5271 train_time:956458ms step_avg:291.78ms
step:3289/5100 lr:0.0009055 train_loss:3.1599 train_time:956765ms step_avg:291.79ms
step:3290/5100 lr:0.0009050000000000001 train_loss:3.3061 train_time:957073ms step_avg:291.79ms
step:3291/5100 lr:0.0009045 train_loss:3.3679 train_time:957381ms step_avg:291.80ms
step:3292/5100 lr:0.0009040000000000001 train_loss:3.6917 train_time:957689ms step_avg:291.80ms
step:3293/5100 lr:0.0009035 train_loss:2.9920 train_time:957998ms step_avg:291.81ms
step:3294/5100 lr:0.000903 train_loss:3.7096 train_time:958305ms step_avg:291.81ms
step:3295/5100 lr:0.0009025 train_loss:3.3123 train_time:958613ms step_avg:291.82ms
step:3296/5100 lr:0.000902 train_loss:3.1791 train_time:958921ms step_avg:291.82ms
step:3297/5100 lr:0.0009015 train_loss:3.5672 train_time:959228ms step_avg:291.82ms
step:3298/5100 lr:0.000901 train_loss:3.5648 train_time:959537ms step_avg:291.83ms
step:3299/5100 lr:0.0009004999999999999 train_loss:3.3407 train_time:959844ms step_avg:291.83ms
step:3300/5100 lr:0.0009000000000000001 train_loss:3.5117 train_time:960153ms step_avg:291.84ms
step:3301/5100 lr:0.0008995 train_loss:3.3583 train_time:960462ms step_avg:291.84ms
step:3302/5100 lr:0.0008990000000000001 train_loss:3.3962 train_time:960769ms step_avg:291.85ms
step:3303/5100 lr:0.0008985 train_loss:3.3665 train_time:961079ms step_avg:291.86ms
step:3304/5100 lr:0.000898 train_loss:3.2774 train_time:961386ms step_avg:291.86ms
step:3305/5100 lr:0.0008975 train_loss:3.3727 train_time:961696ms step_avg:291.87ms
step:3306/5100 lr:0.000897 train_loss:3.5493 train_time:962003ms step_avg:291.87ms
step:3307/5100 lr:0.0008964999999999999 train_loss:3.4336 train_time:962312ms step_avg:291.87ms
step:3308/5100 lr:0.000896 train_loss:3.4008 train_time:962620ms step_avg:291.88ms
step:3309/5100 lr:0.0008955 train_loss:3.3281 train_time:962928ms step_avg:291.88ms
step:3310/5100 lr:0.0008950000000000001 train_loss:3.4294 train_time:963237ms step_avg:291.89ms
step:3311/5100 lr:0.0008945 train_loss:3.3347 train_time:963545ms step_avg:291.89ms
step:3312/5100 lr:0.000894 train_loss:3.4591 train_time:963853ms step_avg:291.90ms
step:3313/5100 lr:0.0008935 train_loss:3.5307 train_time:964161ms step_avg:291.90ms
step:3314/5100 lr:0.000893 train_loss:3.4298 train_time:964469ms step_avg:291.91ms
step:3315/5100 lr:0.0008925 train_loss:3.3106 train_time:964777ms step_avg:291.91ms
step:3316/5100 lr:0.000892 train_loss:3.3564 train_time:965085ms step_avg:291.92ms
step:3317/5100 lr:0.0008914999999999999 train_loss:3.3716 train_time:965394ms step_avg:291.92ms
step:3318/5100 lr:0.0008910000000000001 train_loss:3.3608 train_time:965701ms step_avg:291.93ms
step:3319/5100 lr:0.0008905 train_loss:3.2731 train_time:966011ms step_avg:291.93ms
step:3320/5100 lr:0.0008900000000000001 train_loss:3.9266 train_time:966318ms step_avg:291.94ms
step:3321/5100 lr:0.0008895 train_loss:3.3566 train_time:966625ms step_avg:291.94ms
step:3322/5100 lr:0.000889 train_loss:3.4406 train_time:966933ms step_avg:291.95ms
step:3323/5100 lr:0.0008885 train_loss:3.1425 train_time:967241ms step_avg:291.95ms
step:3324/5100 lr:0.000888 train_loss:3.3163 train_time:967550ms step_avg:291.96ms
step:3325/5100 lr:0.0008874999999999999 train_loss:3.6158 train_time:967857ms step_avg:291.96ms
step:3326/5100 lr:0.000887 train_loss:3.1880 train_time:968165ms step_avg:291.97ms
step:3327/5100 lr:0.0008865 train_loss:3.6319 train_time:968473ms step_avg:291.97ms
step:3328/5100 lr:0.0008860000000000001 train_loss:3.4112 train_time:968781ms step_avg:291.98ms
step:3329/5100 lr:0.0008855 train_loss:3.3493 train_time:969089ms step_avg:291.98ms
step:3330/5100 lr:0.000885 train_loss:3.4925 train_time:969396ms step_avg:291.99ms
step:3331/5100 lr:0.0008845 train_loss:3.2856 train_time:969704ms step_avg:291.99ms
step:3332/5100 lr:0.000884 train_loss:3.2505 train_time:970014ms step_avg:292.00ms
step:3333/5100 lr:0.0008835 train_loss:3.3704 train_time:970320ms step_avg:292.00ms
step:3334/5100 lr:0.000883 train_loss:3.3950 train_time:970629ms step_avg:292.01ms
step:3335/5100 lr:0.0008824999999999999 train_loss:3.4965 train_time:970937ms step_avg:292.01ms
step:3336/5100 lr:0.000882 train_loss:3.4894 train_time:971245ms step_avg:292.02ms
step:3337/5100 lr:0.0008815 train_loss:3.8091 train_time:971554ms step_avg:292.02ms
step:3338/5100 lr:0.0008810000000000001 train_loss:3.3369 train_time:971861ms step_avg:292.03ms
step:3339/5100 lr:0.0008805 train_loss:3.3268 train_time:972169ms step_avg:292.03ms
step:3340/5100 lr:0.00088 train_loss:3.4429 train_time:972479ms step_avg:292.04ms
step:3341/5100 lr:0.0008795 train_loss:3.3952 train_time:972785ms step_avg:292.04ms
step:3342/5100 lr:0.000879 train_loss:3.2688 train_time:973093ms step_avg:292.04ms
step:3343/5100 lr:0.0008784999999999999 train_loss:3.2907 train_time:973401ms step_avg:292.05ms
step:3344/5100 lr:0.000878 train_loss:3.5011 train_time:973709ms step_avg:292.05ms
step:3345/5100 lr:0.0008774999999999999 train_loss:3.3422 train_time:974017ms step_avg:292.06ms
step:3346/5100 lr:0.0008770000000000001 train_loss:3.5042 train_time:974325ms step_avg:292.06ms
step:3347/5100 lr:0.0008765 train_loss:3.4146 train_time:974633ms step_avg:292.07ms
step:3348/5100 lr:0.000876 train_loss:3.4534 train_time:974941ms step_avg:292.07ms
step:3349/5100 lr:0.0008755 train_loss:3.4404 train_time:975250ms step_avg:292.08ms
step:3350/5100 lr:0.000875 train_loss:3.2986 train_time:975559ms step_avg:292.08ms
step:3351/5100 lr:0.0008745000000000001 train_loss:3.3711 train_time:975866ms step_avg:292.09ms
step:3352/5100 lr:0.000874 train_loss:3.3849 train_time:976174ms step_avg:292.09ms
step:3353/5100 lr:0.0008735 train_loss:3.3528 train_time:976483ms step_avg:292.10ms
step:3354/5100 lr:0.000873 train_loss:3.5452 train_time:976790ms step_avg:292.10ms
step:3355/5100 lr:0.0008725000000000001 train_loss:3.3822 train_time:977099ms step_avg:292.11ms
step:3356/5100 lr:0.000872 train_loss:3.4703 train_time:977406ms step_avg:292.11ms
step:3357/5100 lr:0.0008715000000000001 train_loss:3.4138 train_time:977714ms step_avg:292.12ms
step:3358/5100 lr:0.000871 train_loss:3.2756 train_time:978023ms step_avg:292.12ms
step:3359/5100 lr:0.0008705000000000001 train_loss:3.3991 train_time:978330ms step_avg:292.13ms
step:3360/5100 lr:0.00087 train_loss:3.4178 train_time:978638ms step_avg:292.13ms
step:3361/5100 lr:0.0008695 train_loss:3.6160 train_time:978945ms step_avg:292.14ms
step:3362/5100 lr:0.000869 train_loss:3.4128 train_time:979253ms step_avg:292.14ms
step:3363/5100 lr:0.0008685 train_loss:3.3007 train_time:979561ms step_avg:292.14ms
step:3364/5100 lr:0.0008680000000000001 train_loss:3.3401 train_time:979869ms step_avg:292.15ms
step:3365/5100 lr:0.0008675000000000001 train_loss:3.3459 train_time:980177ms step_avg:292.15ms
step:3366/5100 lr:0.000867 train_loss:3.3983 train_time:980487ms step_avg:292.16ms
step:3367/5100 lr:0.0008665000000000001 train_loss:3.5595 train_time:980794ms step_avg:292.16ms
step:3368/5100 lr:0.000866 train_loss:3.1196 train_time:981103ms step_avg:292.17ms
step:3369/5100 lr:0.0008655000000000001 train_loss:3.4375 train_time:981411ms step_avg:292.17ms
step:3370/5100 lr:0.000865 train_loss:3.3209 train_time:981719ms step_avg:292.18ms
step:3371/5100 lr:0.0008645 train_loss:3.3594 train_time:982028ms step_avg:292.18ms
step:3372/5100 lr:0.000864 train_loss:3.3934 train_time:982335ms step_avg:292.19ms
step:3373/5100 lr:0.0008635 train_loss:4.0194 train_time:982644ms step_avg:292.19ms
step:3374/5100 lr:0.000863 train_loss:3.5927 train_time:982952ms step_avg:292.20ms
step:3375/5100 lr:0.0008625000000000001 train_loss:3.4974 train_time:983260ms step_avg:292.20ms
step:3375/5100 val_loss:3.3908 train_time:983275ms step_avg:292.21ms
step:3376/5100 lr:0.000862 train_loss:3.3263 train_time:987549ms step_avg:293.39ms
step:3377/5100 lr:0.0008615000000000001 train_loss:3.4603 train_time:987856ms step_avg:293.39ms
step:3378/5100 lr:0.000861 train_loss:3.4767 train_time:988164ms step_avg:293.40ms
step:3379/5100 lr:0.0008605 train_loss:3.4108 train_time:988474ms step_avg:293.40ms
step:3380/5100 lr:0.00086 train_loss:3.4395 train_time:988780ms step_avg:293.41ms
step:3381/5100 lr:0.0008595 train_loss:3.4092 train_time:989090ms step_avg:293.41ms
step:3382/5100 lr:0.000859 train_loss:3.2992 train_time:989396ms step_avg:293.42ms
step:3383/5100 lr:0.0008585000000000001 train_loss:3.4088 train_time:989704ms step_avg:293.42ms
step:3384/5100 lr:0.000858 train_loss:3.3798 train_time:990014ms step_avg:293.42ms
step:3385/5100 lr:0.0008575000000000001 train_loss:3.4331 train_time:990321ms step_avg:293.43ms
step:3386/5100 lr:0.000857 train_loss:3.4285 train_time:990629ms step_avg:293.43ms
step:3387/5100 lr:0.0008565000000000001 train_loss:3.2583 train_time:990938ms step_avg:293.44ms
step:3388/5100 lr:0.000856 train_loss:3.4165 train_time:991245ms step_avg:293.44ms
step:3389/5100 lr:0.0008555 train_loss:3.3465 train_time:991555ms step_avg:293.45ms
step:3390/5100 lr:0.000855 train_loss:3.3719 train_time:991861ms step_avg:293.45ms
step:3391/5100 lr:0.0008545 train_loss:3.2918 train_time:992169ms step_avg:293.45ms
step:3392/5100 lr:0.000854 train_loss:3.4590 train_time:992478ms step_avg:293.46ms
step:3393/5100 lr:0.0008535000000000001 train_loss:3.3085 train_time:992785ms step_avg:293.46ms
step:3394/5100 lr:0.000853 train_loss:3.2470 train_time:993095ms step_avg:293.47ms
step:3395/5100 lr:0.0008525000000000001 train_loss:3.3902 train_time:993404ms step_avg:293.47ms
step:3396/5100 lr:0.000852 train_loss:3.4357 train_time:993711ms step_avg:293.48ms
step:3397/5100 lr:0.0008515 train_loss:3.4653 train_time:994021ms step_avg:293.48ms
step:3398/5100 lr:0.000851 train_loss:3.4357 train_time:994329ms step_avg:293.49ms
step:3399/5100 lr:0.0008505 train_loss:3.3089 train_time:994636ms step_avg:293.49ms
step:3400/5100 lr:0.00085 train_loss:3.3828 train_time:994943ms step_avg:293.49ms
step:3401/5100 lr:0.0008495000000000001 train_loss:3.5916 train_time:995251ms step_avg:293.50ms
step:3402/5100 lr:0.000849 train_loss:4.0159 train_time:995560ms step_avg:293.50ms
step:3403/5100 lr:0.0008485000000000001 train_loss:3.5329 train_time:995868ms step_avg:293.51ms
step:3404/5100 lr:0.000848 train_loss:3.2077 train_time:996175ms step_avg:293.51ms
step:3405/5100 lr:0.0008475000000000001 train_loss:3.6256 train_time:996484ms step_avg:293.52ms
step:3406/5100 lr:0.000847 train_loss:3.2504 train_time:996790ms step_avg:293.52ms
step:3407/5100 lr:0.0008465 train_loss:3.4319 train_time:997099ms step_avg:293.52ms
step:3408/5100 lr:0.000846 train_loss:3.2832 train_time:997407ms step_avg:293.53ms
step:3409/5100 lr:0.0008455 train_loss:3.3384 train_time:997714ms step_avg:293.53ms
step:3410/5100 lr:0.0008449999999999999 train_loss:3.2722 train_time:998025ms step_avg:293.54ms
step:3411/5100 lr:0.0008445000000000001 train_loss:3.4883 train_time:998331ms step_avg:293.54ms
step:3412/5100 lr:0.000844 train_loss:3.2941 train_time:998641ms step_avg:293.55ms
step:3413/5100 lr:0.0008435000000000001 train_loss:3.5062 train_time:998946ms step_avg:293.55ms
step:3414/5100 lr:0.000843 train_loss:3.3110 train_time:999254ms step_avg:293.55ms
step:3415/5100 lr:0.0008425 train_loss:3.4185 train_time:999563ms step_avg:293.56ms
step:3416/5100 lr:0.000842 train_loss:3.3192 train_time:999870ms step_avg:293.56ms
step:3417/5100 lr:0.0008415 train_loss:3.4813 train_time:1000178ms step_avg:293.57ms
step:3418/5100 lr:0.000841 train_loss:3.3466 train_time:1000487ms step_avg:293.57ms
step:3419/5100 lr:0.0008405 train_loss:3.0781 train_time:1000793ms step_avg:293.57ms
step:3420/5100 lr:0.00084 train_loss:3.2859 train_time:1001316ms step_avg:293.64ms
step:3421/5100 lr:0.0008395000000000001 train_loss:3.4347 train_time:1001622ms step_avg:293.64ms
step:3422/5100 lr:0.000839 train_loss:3.3197 train_time:1001931ms step_avg:293.65ms
step:3423/5100 lr:0.0008385 train_loss:3.3799 train_time:1002237ms step_avg:293.65ms
step:3424/5100 lr:0.000838 train_loss:3.4032 train_time:1002546ms step_avg:293.66ms
step:3425/5100 lr:0.0008375 train_loss:3.5703 train_time:1002855ms step_avg:293.66ms
step:3426/5100 lr:0.000837 train_loss:3.3297 train_time:1003162ms step_avg:293.67ms
step:3427/5100 lr:0.0008365 train_loss:3.3769 train_time:1003471ms step_avg:293.67ms
step:3428/5100 lr:0.0008359999999999999 train_loss:3.3024 train_time:1003778ms step_avg:293.67ms
step:3429/5100 lr:0.0008355000000000001 train_loss:3.4172 train_time:1004296ms step_avg:293.74ms
step:3430/5100 lr:0.000835 train_loss:3.3580 train_time:1004603ms step_avg:293.74ms
step:3431/5100 lr:0.0008345000000000001 train_loss:3.2734 train_time:1004911ms step_avg:293.75ms
step:3432/5100 lr:0.000834 train_loss:3.5574 train_time:1005220ms step_avg:293.75ms
step:3433/5100 lr:0.0008335 train_loss:3.6822 train_time:1005527ms step_avg:293.76ms
step:3434/5100 lr:0.000833 train_loss:3.4013 train_time:1005835ms step_avg:293.76ms
step:3435/5100 lr:0.0008325 train_loss:3.3865 train_time:1006143ms step_avg:293.76ms
step:3436/5100 lr:0.000832 train_loss:3.3817 train_time:1006450ms step_avg:293.77ms
step:3437/5100 lr:0.0008315 train_loss:3.2804 train_time:1006757ms step_avg:293.77ms
step:3438/5100 lr:0.0008309999999999999 train_loss:3.3298 train_time:1007066ms step_avg:293.78ms
step:3439/5100 lr:0.0008305000000000001 train_loss:3.4477 train_time:1007374ms step_avg:293.78ms
step:3440/5100 lr:0.00083 train_loss:3.5831 train_time:1007683ms step_avg:293.79ms
step:3441/5100 lr:0.0008295 train_loss:3.2889 train_time:1007990ms step_avg:293.79ms
step:3442/5100 lr:0.000829 train_loss:3.6497 train_time:1008299ms step_avg:293.79ms
step:3443/5100 lr:0.0008285 train_loss:3.4480 train_time:1008606ms step_avg:293.80ms
step:3444/5100 lr:0.000828 train_loss:3.2772 train_time:1008914ms step_avg:293.80ms
step:3445/5100 lr:0.0008275 train_loss:3.3060 train_time:1009224ms step_avg:293.81ms
step:3446/5100 lr:0.0008269999999999999 train_loss:3.3645 train_time:1009531ms step_avg:293.81ms
step:3447/5100 lr:0.0008265 train_loss:3.5154 train_time:1009839ms step_avg:293.81ms
step:3448/5100 lr:0.000826 train_loss:3.2523 train_time:1010147ms step_avg:293.82ms
step:3449/5100 lr:0.0008255000000000001 train_loss:3.4956 train_time:1010455ms step_avg:293.82ms
step:3450/5100 lr:0.000825 train_loss:3.3666 train_time:1010765ms step_avg:293.83ms
step:3451/5100 lr:0.0008245 train_loss:3.5317 train_time:1011072ms step_avg:293.83ms
step:3452/5100 lr:0.000824 train_loss:3.4716 train_time:1011380ms step_avg:293.83ms
step:3453/5100 lr:0.0008235 train_loss:3.3723 train_time:1011688ms step_avg:293.84ms
step:3454/5100 lr:0.000823 train_loss:3.2711 train_time:1011995ms step_avg:293.84ms
step:3455/5100 lr:0.0008225 train_loss:3.6439 train_time:1012303ms step_avg:293.85ms
step:3456/5100 lr:0.0008219999999999999 train_loss:3.4098 train_time:1012612ms step_avg:293.85ms
step:3457/5100 lr:0.0008215000000000001 train_loss:3.2627 train_time:1012919ms step_avg:293.86ms
step:3458/5100 lr:0.000821 train_loss:3.5630 train_time:1013228ms step_avg:293.86ms
step:3459/5100 lr:0.0008205 train_loss:3.5305 train_time:1013536ms step_avg:293.86ms
step:3460/5100 lr:0.00082 train_loss:3.4729 train_time:1013844ms step_avg:293.87ms
step:3461/5100 lr:0.0008195 train_loss:3.2930 train_time:1014152ms step_avg:293.87ms
step:3462/5100 lr:0.000819 train_loss:3.6173 train_time:1014460ms step_avg:293.88ms
step:3463/5100 lr:0.0008185 train_loss:3.1890 train_time:1014769ms step_avg:293.88ms
step:3464/5100 lr:0.0008179999999999999 train_loss:3.5341 train_time:1015076ms step_avg:293.88ms
step:3465/5100 lr:0.0008175 train_loss:3.3325 train_time:1015384ms step_avg:293.89ms
step:3466/5100 lr:0.000817 train_loss:3.4225 train_time:1015694ms step_avg:293.89ms
step:3467/5100 lr:0.0008165000000000001 train_loss:3.4649 train_time:1016001ms step_avg:293.90ms
step:3468/5100 lr:0.000816 train_loss:3.3084 train_time:1016310ms step_avg:293.90ms
step:3469/5100 lr:0.0008155 train_loss:3.4044 train_time:1016617ms step_avg:293.90ms
step:3470/5100 lr:0.000815 train_loss:3.3856 train_time:1016925ms step_avg:293.91ms
step:3471/5100 lr:0.0008145 train_loss:3.3399 train_time:1017235ms step_avg:293.91ms
step:3472/5100 lr:0.0008139999999999999 train_loss:3.3462 train_time:1017541ms step_avg:293.92ms
step:3473/5100 lr:0.0008135 train_loss:3.2709 train_time:1017849ms step_avg:293.92ms
step:3474/5100 lr:0.0008129999999999999 train_loss:3.3542 train_time:1018157ms step_avg:293.93ms
step:3475/5100 lr:0.0008125000000000001 train_loss:3.4535 train_time:1018466ms step_avg:293.93ms
step:3476/5100 lr:0.0008120000000000001 train_loss:3.4168 train_time:1018775ms step_avg:293.93ms
step:3477/5100 lr:0.0008115 train_loss:3.4136 train_time:1019081ms step_avg:293.94ms
step:3478/5100 lr:0.0008110000000000001 train_loss:3.4547 train_time:1019390ms step_avg:293.94ms
step:3479/5100 lr:0.0008105 train_loss:3.3009 train_time:1019699ms step_avg:293.95ms
step:3480/5100 lr:0.0008100000000000001 train_loss:3.5888 train_time:1020006ms step_avg:293.95ms
step:3481/5100 lr:0.0008095 train_loss:4.2251 train_time:1020315ms step_avg:293.95ms
step:3482/5100 lr:0.000809 train_loss:3.4249 train_time:1020622ms step_avg:293.96ms
step:3483/5100 lr:0.0008085 train_loss:3.4315 train_time:1020930ms step_avg:293.96ms
step:3484/5100 lr:0.000808 train_loss:3.3907 train_time:1021239ms step_avg:293.97ms
step:3485/5100 lr:0.0008075000000000001 train_loss:3.3983 train_time:1021546ms step_avg:293.97ms
step:3486/5100 lr:0.0008070000000000001 train_loss:3.2372 train_time:1021854ms step_avg:293.97ms
step:3487/5100 lr:0.0008065 train_loss:3.3647 train_time:1022162ms step_avg:293.98ms
step:3488/5100 lr:0.0008060000000000001 train_loss:3.1324 train_time:1022469ms step_avg:293.98ms
step:3489/5100 lr:0.0008055 train_loss:3.5815 train_time:1022779ms step_avg:293.99ms
step:3490/5100 lr:0.000805 train_loss:3.3576 train_time:1023085ms step_avg:293.99ms
step:3491/5100 lr:0.0008045 train_loss:3.3861 train_time:1023394ms step_avg:293.99ms
step:3492/5100 lr:0.000804 train_loss:3.4129 train_time:1023703ms step_avg:294.00ms
step:3493/5100 lr:0.0008035 train_loss:3.3908 train_time:1024009ms step_avg:294.00ms
step:3494/5100 lr:0.0008030000000000001 train_loss:3.4082 train_time:1024317ms step_avg:294.01ms
step:3495/5100 lr:0.0008025 train_loss:3.6476 train_time:1024625ms step_avg:294.01ms
step:3496/5100 lr:0.0008020000000000001 train_loss:3.3722 train_time:1024933ms step_avg:294.01ms
step:3497/5100 lr:0.0008015 train_loss:3.3137 train_time:1025241ms step_avg:294.02ms
step:3498/5100 lr:0.0008010000000000001 train_loss:3.5796 train_time:1025548ms step_avg:294.02ms
step:3499/5100 lr:0.0008005 train_loss:3.4496 train_time:1025856ms step_avg:294.03ms
step:3500/5100 lr:0.0008 train_loss:3.3607 train_time:1026165ms step_avg:294.03ms
step:3500/5100 val_loss:3.3734 train_time:1026180ms step_avg:294.03ms
step:3501/5100 lr:0.0007995 train_loss:3.1799 train_time:1030489ms step_avg:295.18ms
step:3502/5100 lr:0.000799 train_loss:3.5865 train_time:1030798ms step_avg:295.19ms
step:3503/5100 lr:0.0007985000000000001 train_loss:3.3817 train_time:1031105ms step_avg:295.19ms
step:3504/5100 lr:0.0007980000000000001 train_loss:3.4628 train_time:1031415ms step_avg:295.20ms
step:3505/5100 lr:0.0007975 train_loss:3.4910 train_time:1031723ms step_avg:295.20ms
step:3506/5100 lr:0.0007970000000000001 train_loss:3.3004 train_time:1032030ms step_avg:295.20ms
step:3507/5100 lr:0.0007965 train_loss:3.4919 train_time:1032338ms step_avg:295.21ms
step:3508/5100 lr:0.000796 train_loss:3.3758 train_time:1032646ms step_avg:295.21ms
step:3509/5100 lr:0.0007955 train_loss:3.3505 train_time:1032953ms step_avg:295.21ms
step:3510/5100 lr:0.000795 train_loss:3.5562 train_time:1033262ms step_avg:295.22ms
step:3511/5100 lr:0.0007945 train_loss:3.2910 train_time:1033570ms step_avg:295.22ms
step:3512/5100 lr:0.0007940000000000001 train_loss:3.3571 train_time:1033879ms step_avg:295.23ms
step:3513/5100 lr:0.0007935 train_loss:3.4392 train_time:1034188ms step_avg:295.23ms
step:3514/5100 lr:0.0007930000000000001 train_loss:3.5150 train_time:1034495ms step_avg:295.23ms
step:3515/5100 lr:0.0007925 train_loss:3.2326 train_time:1034802ms step_avg:295.24ms
step:3516/5100 lr:0.0007920000000000001 train_loss:3.3935 train_time:1035110ms step_avg:295.24ms
step:3517/5100 lr:0.0007915 train_loss:3.2566 train_time:1035418ms step_avg:295.24ms
step:3518/5100 lr:0.000791 train_loss:3.6952 train_time:1035728ms step_avg:295.25ms
step:3519/5100 lr:0.0007905 train_loss:3.3265 train_time:1036034ms step_avg:295.25ms
step:3520/5100 lr:0.00079 train_loss:3.2252 train_time:1036342ms step_avg:295.25ms
step:3521/5100 lr:0.0007894999999999999 train_loss:3.3994 train_time:1036650ms step_avg:295.26ms
step:3522/5100 lr:0.0007890000000000001 train_loss:3.2400 train_time:1036958ms step_avg:295.26ms
step:3523/5100 lr:0.0007885 train_loss:3.2783 train_time:1037268ms step_avg:295.27ms
step:3524/5100 lr:0.0007880000000000001 train_loss:3.3748 train_time:1037574ms step_avg:295.27ms
step:3525/5100 lr:0.0007875 train_loss:3.3379 train_time:1037882ms step_avg:295.27ms
step:3526/5100 lr:0.000787 train_loss:3.4491 train_time:1038191ms step_avg:295.28ms
step:3527/5100 lr:0.0007865 train_loss:3.3028 train_time:1038498ms step_avg:295.28ms
step:3528/5100 lr:0.000786 train_loss:3.2378 train_time:1038808ms step_avg:295.28ms
step:3529/5100 lr:0.0007855 train_loss:3.5819 train_time:1039113ms step_avg:295.29ms
step:3530/5100 lr:0.000785 train_loss:3.5008 train_time:1039421ms step_avg:295.29ms
step:3531/5100 lr:0.0007845 train_loss:3.3593 train_time:1039729ms step_avg:295.29ms
step:3532/5100 lr:0.0007840000000000001 train_loss:3.2705 train_time:1040037ms step_avg:295.30ms
step:3533/5100 lr:0.0007835 train_loss:3.4487 train_time:1040345ms step_avg:295.30ms
step:3534/5100 lr:0.0007830000000000001 train_loss:3.2843 train_time:1040653ms step_avg:295.30ms
step:3535/5100 lr:0.0007825 train_loss:3.5125 train_time:1040961ms step_avg:295.31ms
step:3536/5100 lr:0.000782 train_loss:3.3890 train_time:1041268ms step_avg:295.31ms
step:3537/5100 lr:0.0007815 train_loss:3.0982 train_time:1041576ms step_avg:295.31ms
step:3538/5100 lr:0.000781 train_loss:3.5334 train_time:1041884ms step_avg:295.32ms
step:3539/5100 lr:0.0007804999999999999 train_loss:3.3289 train_time:1042193ms step_avg:295.32ms
step:3540/5100 lr:0.0007800000000000001 train_loss:3.1779 train_time:1042500ms step_avg:295.33ms
step:3541/5100 lr:0.0007795 train_loss:3.2336 train_time:1042809ms step_avg:295.33ms
step:3542/5100 lr:0.0007790000000000001 train_loss:3.2957 train_time:1043115ms step_avg:295.33ms
step:3543/5100 lr:0.0007785 train_loss:3.2643 train_time:1043423ms step_avg:295.34ms
step:3544/5100 lr:0.000778 train_loss:3.2095 train_time:1043732ms step_avg:295.34ms
step:3545/5100 lr:0.0007775 train_loss:3.4815 train_time:1044039ms step_avg:295.34ms
step:3546/5100 lr:0.000777 train_loss:3.4015 train_time:1044347ms step_avg:295.35ms
step:3547/5100 lr:0.0007765 train_loss:3.2998 train_time:1044655ms step_avg:295.35ms
step:3548/5100 lr:0.000776 train_loss:3.3122 train_time:1044962ms step_avg:295.35ms
step:3549/5100 lr:0.0007754999999999999 train_loss:3.5701 train_time:1045270ms step_avg:295.36ms
step:3550/5100 lr:0.0007750000000000001 train_loss:3.3049 train_time:1045579ms step_avg:295.36ms
step:3551/5100 lr:0.0007745 train_loss:3.4599 train_time:1045886ms step_avg:295.36ms
step:3552/5100 lr:0.0007740000000000001 train_loss:3.5557 train_time:1046196ms step_avg:295.37ms
step:3553/5100 lr:0.0007735 train_loss:3.5206 train_time:1046503ms step_avg:295.37ms
step:3554/5100 lr:0.000773 train_loss:3.4623 train_time:1046813ms step_avg:295.38ms
step:3555/5100 lr:0.0007725 train_loss:3.2782 train_time:1047120ms step_avg:295.38ms
step:3556/5100 lr:0.000772 train_loss:3.2836 train_time:1047427ms step_avg:295.38ms
step:3557/5100 lr:0.0007714999999999999 train_loss:3.3990 train_time:1047737ms step_avg:295.39ms
step:3558/5100 lr:0.000771 train_loss:3.5197 train_time:1048044ms step_avg:295.39ms
step:3559/5100 lr:0.0007705 train_loss:3.2873 train_time:1048353ms step_avg:295.39ms
step:3560/5100 lr:0.0007700000000000001 train_loss:3.2012 train_time:1048660ms step_avg:295.40ms
step:3561/5100 lr:0.0007695 train_loss:3.3821 train_time:1048967ms step_avg:295.40ms
step:3562/5100 lr:0.000769 train_loss:3.4860 train_time:1049275ms step_avg:295.40ms
step:3563/5100 lr:0.0007685 train_loss:3.3991 train_time:1049583ms step_avg:295.41ms
step:3564/5100 lr:0.000768 train_loss:3.3276 train_time:1049891ms step_avg:295.41ms
step:3565/5100 lr:0.0007675 train_loss:3.1743 train_time:1050200ms step_avg:295.42ms
step:3566/5100 lr:0.000767 train_loss:3.2520 train_time:1050507ms step_avg:295.42ms
step:3567/5100 lr:0.0007664999999999999 train_loss:3.4294 train_time:1050816ms step_avg:295.42ms
step:3568/5100 lr:0.0007660000000000001 train_loss:3.9221 train_time:1051123ms step_avg:295.43ms
step:3569/5100 lr:0.0007655 train_loss:3.4306 train_time:1051431ms step_avg:295.43ms
step:3570/5100 lr:0.0007650000000000001 train_loss:3.3970 train_time:1051739ms step_avg:295.43ms
step:3571/5100 lr:0.0007645 train_loss:3.2239 train_time:1052047ms step_avg:295.44ms
step:3572/5100 lr:0.000764 train_loss:3.6297 train_time:1052354ms step_avg:295.44ms
step:3573/5100 lr:0.0007635 train_loss:3.2729 train_time:1052662ms step_avg:295.44ms
step:3574/5100 lr:0.000763 train_loss:3.1246 train_time:1052970ms step_avg:295.45ms
step:3575/5100 lr:0.0007624999999999999 train_loss:3.3634 train_time:1053278ms step_avg:295.45ms
step:3576/5100 lr:0.000762 train_loss:3.5489 train_time:1053586ms step_avg:295.45ms
step:3577/5100 lr:0.0007615 train_loss:3.3817 train_time:1053893ms step_avg:295.46ms
step:3578/5100 lr:0.0007610000000000001 train_loss:3.3819 train_time:1054203ms step_avg:295.46ms
step:3579/5100 lr:0.0007605 train_loss:3.4912 train_time:1054509ms step_avg:295.46ms
step:3580/5100 lr:0.00076 train_loss:3.6804 train_time:1054819ms step_avg:295.47ms
step:3581/5100 lr:0.0007595 train_loss:3.1922 train_time:1055126ms step_avg:295.47ms
step:3582/5100 lr:0.000759 train_loss:3.3986 train_time:1055433ms step_avg:295.47ms
step:3583/5100 lr:0.0007585 train_loss:3.5708 train_time:1055742ms step_avg:295.48ms
step:3584/5100 lr:0.000758 train_loss:3.5546 train_time:1056050ms step_avg:295.48ms
step:3585/5100 lr:0.0007574999999999999 train_loss:3.3171 train_time:1056359ms step_avg:295.48ms
step:3586/5100 lr:0.000757 train_loss:3.3113 train_time:1056666ms step_avg:295.49ms
step:3587/5100 lr:0.0007565 train_loss:3.4493 train_time:1056974ms step_avg:295.49ms
step:3588/5100 lr:0.000756 train_loss:3.3879 train_time:1057283ms step_avg:295.50ms
step:3589/5100 lr:0.0007555 train_loss:3.3127 train_time:1057589ms step_avg:295.50ms
step:3590/5100 lr:0.000755 train_loss:3.2918 train_time:1057897ms step_avg:295.50ms
step:3591/5100 lr:0.0007545 train_loss:3.2420 train_time:1058206ms step_avg:295.51ms
step:3592/5100 lr:0.000754 train_loss:3.3189 train_time:1058513ms step_avg:295.51ms
step:3593/5100 lr:0.0007534999999999999 train_loss:3.4392 train_time:1058823ms step_avg:295.51ms
step:3594/5100 lr:0.000753 train_loss:3.3385 train_time:1059130ms step_avg:295.52ms
step:3595/5100 lr:0.0007524999999999999 train_loss:3.3090 train_time:1059437ms step_avg:295.52ms
step:3596/5100 lr:0.0007520000000000001 train_loss:3.3139 train_time:1059747ms step_avg:295.52ms
step:3597/5100 lr:0.0007515 train_loss:3.3027 train_time:1060053ms step_avg:295.53ms
step:3598/5100 lr:0.000751 train_loss:3.4576 train_time:1060362ms step_avg:295.53ms
step:3599/5100 lr:0.0007505 train_loss:3.6628 train_time:1060669ms step_avg:295.53ms
step:3600/5100 lr:0.00075 train_loss:3.4218 train_time:1060977ms step_avg:295.54ms
step:3601/5100 lr:0.0007495000000000001 train_loss:3.4786 train_time:1061287ms step_avg:295.54ms
step:3602/5100 lr:0.000749 train_loss:3.3723 train_time:1061593ms step_avg:295.54ms
step:3603/5100 lr:0.0007485 train_loss:3.4193 train_time:1061901ms step_avg:295.55ms
step:3604/5100 lr:0.000748 train_loss:3.1457 train_time:1062209ms step_avg:295.55ms
step:3605/5100 lr:0.0007475000000000001 train_loss:3.3260 train_time:1062517ms step_avg:295.55ms
step:3606/5100 lr:0.000747 train_loss:3.6830 train_time:1062825ms step_avg:295.56ms
step:3607/5100 lr:0.0007465000000000001 train_loss:3.3897 train_time:1063133ms step_avg:295.56ms
step:3608/5100 lr:0.000746 train_loss:3.1904 train_time:1063441ms step_avg:295.56ms
step:3609/5100 lr:0.0007455000000000001 train_loss:3.3741 train_time:1063750ms step_avg:295.57ms
step:3610/5100 lr:0.000745 train_loss:3.5001 train_time:1064263ms step_avg:295.63ms
step:3611/5100 lr:0.0007445 train_loss:3.3999 train_time:1064572ms step_avg:295.63ms
step:3612/5100 lr:0.000744 train_loss:3.3777 train_time:1064880ms step_avg:295.64ms
step:3613/5100 lr:0.0007435 train_loss:3.6625 train_time:1065189ms step_avg:295.64ms
step:3614/5100 lr:0.0007430000000000001 train_loss:3.2609 train_time:1065495ms step_avg:295.64ms
step:3615/5100 lr:0.0007425000000000001 train_loss:3.2573 train_time:1065804ms step_avg:295.65ms
step:3616/5100 lr:0.000742 train_loss:3.7766 train_time:1066113ms step_avg:295.65ms
step:3617/5100 lr:0.0007415000000000001 train_loss:3.2995 train_time:1066420ms step_avg:295.65ms
step:3618/5100 lr:0.000741 train_loss:3.2780 train_time:1066728ms step_avg:295.66ms
step:3619/5100 lr:0.0007405000000000001 train_loss:3.1938 train_time:1067036ms step_avg:295.66ms
step:3620/5100 lr:0.00074 train_loss:3.3626 train_time:1067549ms step_avg:295.72ms
step:3621/5100 lr:0.0007395 train_loss:3.2443 train_time:1067857ms step_avg:295.72ms
step:3622/5100 lr:0.000739 train_loss:3.4902 train_time:1068165ms step_avg:295.73ms
step:3623/5100 lr:0.0007385 train_loss:3.2183 train_time:1068474ms step_avg:295.73ms
step:3624/5100 lr:0.000738 train_loss:3.3212 train_time:1068781ms step_avg:295.73ms
step:3625/5100 lr:0.0007375000000000001 train_loss:3.6551 train_time:1069089ms step_avg:295.74ms
step:3625/5100 val_loss:3.3599 train_time:1069104ms step_avg:295.74ms
step:3626/5100 lr:0.000737 train_loss:3.4837 train_time:1073412ms step_avg:296.85ms
step:3627/5100 lr:0.0007365000000000001 train_loss:3.2266 train_time:1073719ms step_avg:296.85ms
step:3628/5100 lr:0.000736 train_loss:3.3767 train_time:1074028ms step_avg:296.86ms
step:3629/5100 lr:0.0007355 train_loss:3.9593 train_time:1074335ms step_avg:296.86ms
step:3630/5100 lr:0.000735 train_loss:3.5572 train_time:1074643ms step_avg:296.86ms
step:3631/5100 lr:0.0007345 train_loss:3.2353 train_time:1074952ms step_avg:296.87ms
step:3632/5100 lr:0.000734 train_loss:3.3773 train_time:1075259ms step_avg:296.87ms
step:3633/5100 lr:0.0007335000000000001 train_loss:3.6372 train_time:1075567ms step_avg:296.87ms
step:3634/5100 lr:0.000733 train_loss:3.3550 train_time:1075875ms step_avg:296.88ms
step:3635/5100 lr:0.0007325000000000001 train_loss:3.3398 train_time:1076183ms step_avg:296.88ms
step:3636/5100 lr:0.000732 train_loss:3.3707 train_time:1076493ms step_avg:296.88ms
step:3637/5100 lr:0.0007315 train_loss:3.0842 train_time:1076800ms step_avg:296.88ms
step:3638/5100 lr:0.000731 train_loss:3.4314 train_time:1077108ms step_avg:296.89ms
step:3639/5100 lr:0.0007305 train_loss:3.5160 train_time:1077416ms step_avg:296.89ms
step:3640/5100 lr:0.00073 train_loss:3.4658 train_time:1077728ms step_avg:296.89ms
step:3641/5100 lr:0.0007295 train_loss:3.4450 train_time:1078037ms step_avg:296.90ms
step:3642/5100 lr:0.000729 train_loss:3.2849 train_time:1078344ms step_avg:296.90ms
step:3643/5100 lr:0.0007285000000000001 train_loss:3.2413 train_time:1078652ms step_avg:296.90ms
step:3644/5100 lr:0.000728 train_loss:3.3347 train_time:1078961ms step_avg:296.91ms
step:3645/5100 lr:0.0007275000000000001 train_loss:3.5546 train_time:1079268ms step_avg:296.91ms
step:3646/5100 lr:0.000727 train_loss:3.3531 train_time:1079576ms step_avg:296.91ms
step:3647/5100 lr:0.0007265 train_loss:3.3049 train_time:1079884ms step_avg:296.92ms
step:3648/5100 lr:0.000726 train_loss:3.4623 train_time:1080193ms step_avg:296.92ms
step:3649/5100 lr:0.0007255 train_loss:3.3263 train_time:1080501ms step_avg:296.92ms
step:3650/5100 lr:0.000725 train_loss:3.3328 train_time:1080808ms step_avg:296.93ms
step:3651/5100 lr:0.0007245000000000001 train_loss:3.3594 train_time:1081116ms step_avg:296.93ms
step:3652/5100 lr:0.000724 train_loss:3.2976 train_time:1081427ms step_avg:296.93ms
step:3653/5100 lr:0.0007235000000000001 train_loss:3.1053 train_time:1081734ms step_avg:296.94ms
step:3654/5100 lr:0.000723 train_loss:3.3776 train_time:1082043ms step_avg:296.94ms
step:3655/5100 lr:0.0007225 train_loss:3.2839 train_time:1082350ms step_avg:296.94ms
step:3656/5100 lr:0.000722 train_loss:3.4059 train_time:1082658ms step_avg:296.94ms
step:3657/5100 lr:0.0007215 train_loss:3.1879 train_time:1082967ms step_avg:296.95ms
step:3658/5100 lr:0.000721 train_loss:3.4813 train_time:1083274ms step_avg:296.95ms
step:3659/5100 lr:0.0007205 train_loss:3.3016 train_time:1083583ms step_avg:296.95ms
step:3660/5100 lr:0.0007199999999999999 train_loss:3.0651 train_time:1083893ms step_avg:296.96ms
step:3661/5100 lr:0.0007195000000000001 train_loss:3.4514 train_time:1084199ms step_avg:296.96ms
step:3662/5100 lr:0.000719 train_loss:3.2717 train_time:1084508ms step_avg:296.96ms
step:3663/5100 lr:0.0007185000000000001 train_loss:3.5259 train_time:1084815ms step_avg:296.97ms
step:3664/5100 lr:0.000718 train_loss:3.4226 train_time:1085123ms step_avg:296.97ms
step:3665/5100 lr:0.0007175 train_loss:3.3761 train_time:1085431ms step_avg:296.97ms
step:3666/5100 lr:0.000717 train_loss:3.2974 train_time:1085738ms step_avg:296.97ms
step:3667/5100 lr:0.0007165 train_loss:3.3468 train_time:1086046ms step_avg:296.98ms
step:3668/5100 lr:0.000716 train_loss:3.4513 train_time:1086353ms step_avg:296.98ms
step:3669/5100 lr:0.0007155 train_loss:3.3768 train_time:1086661ms step_avg:296.98ms
step:3670/5100 lr:0.000715 train_loss:3.2410 train_time:1086971ms step_avg:296.99ms
step:3671/5100 lr:0.0007145000000000001 train_loss:3.3541 train_time:1087277ms step_avg:296.99ms
step:3672/5100 lr:0.000714 train_loss:3.3355 train_time:1087586ms step_avg:296.99ms
step:3673/5100 lr:0.0007135 train_loss:3.5148 train_time:1087892ms step_avg:296.99ms
step:3674/5100 lr:0.000713 train_loss:3.3602 train_time:1088200ms step_avg:297.00ms
step:3675/5100 lr:0.0007125 train_loss:3.2828 train_time:1088509ms step_avg:297.00ms
step:3676/5100 lr:0.000712 train_loss:3.3211 train_time:1088817ms step_avg:297.00ms
step:3677/5100 lr:0.0007115 train_loss:3.3859 train_time:1089124ms step_avg:297.01ms
step:3678/5100 lr:0.0007109999999999999 train_loss:3.5614 train_time:1089433ms step_avg:297.01ms
step:3679/5100 lr:0.0007105000000000001 train_loss:3.3942 train_time:1089740ms step_avg:297.01ms
step:3680/5100 lr:0.00071 train_loss:3.4129 train_time:1090049ms step_avg:297.02ms
step:3681/5100 lr:0.0007095000000000001 train_loss:3.6678 train_time:1090356ms step_avg:297.02ms
step:3682/5100 lr:0.000709 train_loss:3.3563 train_time:1090664ms step_avg:297.02ms
step:3683/5100 lr:0.0007085 train_loss:3.4545 train_time:1090973ms step_avg:297.02ms
step:3684/5100 lr:0.000708 train_loss:3.2648 train_time:1091279ms step_avg:297.03ms
step:3685/5100 lr:0.0007075 train_loss:3.3496 train_time:1091587ms step_avg:297.03ms
step:3686/5100 lr:0.000707 train_loss:3.2656 train_time:1091895ms step_avg:297.03ms
step:3687/5100 lr:0.0007065 train_loss:3.3922 train_time:1092202ms step_avg:297.04ms
step:3688/5100 lr:0.0007059999999999999 train_loss:3.4700 train_time:1092512ms step_avg:297.04ms
step:3689/5100 lr:0.0007055000000000001 train_loss:3.2829 train_time:1092819ms step_avg:297.04ms
step:3690/5100 lr:0.000705 train_loss:3.3379 train_time:1093126ms step_avg:297.05ms
step:3691/5100 lr:0.0007045 train_loss:3.3393 train_time:1093434ms step_avg:297.05ms
step:3692/5100 lr:0.000704 train_loss:3.2652 train_time:1093742ms step_avg:297.05ms
step:3693/5100 lr:0.0007035 train_loss:3.5730 train_time:1094051ms step_avg:297.05ms
step:3694/5100 lr:0.000703 train_loss:3.3279 train_time:1094359ms step_avg:297.06ms
step:3695/5100 lr:0.0007025 train_loss:3.3364 train_time:1094666ms step_avg:297.06ms
step:3696/5100 lr:0.0007019999999999999 train_loss:3.3379 train_time:1094976ms step_avg:297.06ms
step:3697/5100 lr:0.0007015 train_loss:3.2841 train_time:1095283ms step_avg:297.07ms
step:3698/5100 lr:0.000701 train_loss:3.4210 train_time:1095592ms step_avg:297.07ms
step:3699/5100 lr:0.0007005000000000001 train_loss:3.4892 train_time:1095899ms step_avg:297.07ms
step:3700/5100 lr:0.0007 train_loss:3.3636 train_time:1096206ms step_avg:297.07ms
step:3701/5100 lr:0.0006995 train_loss:3.3122 train_time:1096515ms step_avg:297.08ms
step:3702/5100 lr:0.000699 train_loss:3.3442 train_time:1096825ms step_avg:297.08ms
step:3703/5100 lr:0.0006985 train_loss:3.3432 train_time:1097132ms step_avg:297.08ms
step:3704/5100 lr:0.0006979999999999999 train_loss:3.1917 train_time:1097440ms step_avg:297.09ms
step:3705/5100 lr:0.0006975 train_loss:3.4742 train_time:1097748ms step_avg:297.09ms
step:3706/5100 lr:0.0006969999999999999 train_loss:3.5067 train_time:1098057ms step_avg:297.09ms
step:3707/5100 lr:0.0006965000000000001 train_loss:3.2254 train_time:1098364ms step_avg:297.10ms
step:3708/5100 lr:0.000696 train_loss:3.4432 train_time:1098672ms step_avg:297.10ms
step:3709/5100 lr:0.0006955 train_loss:3.3079 train_time:1098982ms step_avg:297.10ms
step:3710/5100 lr:0.000695 train_loss:3.6052 train_time:1099289ms step_avg:297.11ms
step:3711/5100 lr:0.0006945 train_loss:3.3724 train_time:1099599ms step_avg:297.11ms
step:3712/5100 lr:0.000694 train_loss:3.1754 train_time:1099906ms step_avg:297.11ms
step:3713/5100 lr:0.0006935 train_loss:3.3992 train_time:1100213ms step_avg:297.11ms
step:3714/5100 lr:0.0006929999999999999 train_loss:3.3004 train_time:1100522ms step_avg:297.12ms
step:3715/5100 lr:0.0006925 train_loss:3.6180 train_time:1100829ms step_avg:297.12ms
step:3716/5100 lr:0.000692 train_loss:3.2390 train_time:1101136ms step_avg:297.12ms
step:3717/5100 lr:0.0006915000000000001 train_loss:3.1339 train_time:1101445ms step_avg:297.13ms
step:3718/5100 lr:0.000691 train_loss:3.1550 train_time:1101752ms step_avg:297.13ms
step:3719/5100 lr:0.0006905 train_loss:3.4446 train_time:1102062ms step_avg:297.13ms
step:3720/5100 lr:0.00069 train_loss:3.4017 train_time:1102369ms step_avg:297.13ms
step:3721/5100 lr:0.0006895 train_loss:3.2613 train_time:1102677ms step_avg:297.14ms
step:3722/5100 lr:0.0006889999999999999 train_loss:3.4441 train_time:1102987ms step_avg:297.14ms
step:3723/5100 lr:0.0006885 train_loss:3.1642 train_time:1103294ms step_avg:297.14ms
step:3724/5100 lr:0.0006879999999999999 train_loss:3.2529 train_time:1103603ms step_avg:297.15ms
step:3725/5100 lr:0.0006875 train_loss:3.3895 train_time:1103910ms step_avg:297.15ms
step:3726/5100 lr:0.0006870000000000001 train_loss:3.3375 train_time:1104218ms step_avg:297.15ms
step:3727/5100 lr:0.0006865 train_loss:3.3829 train_time:1104527ms step_avg:297.16ms
step:3728/5100 lr:0.0006860000000000001 train_loss:3.2428 train_time:1104834ms step_avg:297.16ms
step:3729/5100 lr:0.0006855 train_loss:3.3708 train_time:1105143ms step_avg:297.16ms
step:3730/5100 lr:0.0006850000000000001 train_loss:3.5527 train_time:1105451ms step_avg:297.16ms
step:3731/5100 lr:0.0006845 train_loss:3.3220 train_time:1105759ms step_avg:297.17ms
step:3732/5100 lr:0.000684 train_loss:3.5579 train_time:1106068ms step_avg:297.17ms
step:3733/5100 lr:0.0006835 train_loss:3.1127 train_time:1106375ms step_avg:297.17ms
step:3734/5100 lr:0.000683 train_loss:3.2205 train_time:1106683ms step_avg:297.18ms
step:3735/5100 lr:0.0006825000000000001 train_loss:3.3979 train_time:1106992ms step_avg:297.18ms
step:3736/5100 lr:0.0006820000000000001 train_loss:3.3860 train_time:1107298ms step_avg:297.18ms
step:3737/5100 lr:0.0006815 train_loss:3.4121 train_time:1107608ms step_avg:297.18ms
step:3738/5100 lr:0.0006810000000000001 train_loss:3.3936 train_time:1107915ms step_avg:297.19ms
step:3739/5100 lr:0.0006805 train_loss:3.2916 train_time:1108223ms step_avg:297.19ms
step:3740/5100 lr:0.00068 train_loss:3.3080 train_time:1108532ms step_avg:297.19ms
step:3741/5100 lr:0.0006795 train_loss:3.5012 train_time:1108839ms step_avg:297.20ms
step:3742/5100 lr:0.000679 train_loss:3.6775 train_time:1109147ms step_avg:297.20ms
step:3743/5100 lr:0.0006785 train_loss:3.2412 train_time:1109455ms step_avg:297.20ms
step:3744/5100 lr:0.0006780000000000001 train_loss:3.0932 train_time:1109762ms step_avg:297.20ms
step:3745/5100 lr:0.0006775 train_loss:3.2427 train_time:1110071ms step_avg:297.21ms
step:3746/5100 lr:0.0006770000000000001 train_loss:3.3644 train_time:1110378ms step_avg:297.21ms
step:3747/5100 lr:0.0006765 train_loss:3.3803 train_time:1110686ms step_avg:297.21ms
step:3748/5100 lr:0.0006760000000000001 train_loss:3.3568 train_time:1110995ms step_avg:297.22ms
step:3749/5100 lr:0.0006755 train_loss:3.3450 train_time:1111302ms step_avg:297.22ms
step:3750/5100 lr:0.000675 train_loss:3.4428 train_time:1111611ms step_avg:297.22ms
step:3750/5100 val_loss:3.3468 train_time:1111625ms step_avg:297.23ms
step:3751/5100 lr:0.0006745 train_loss:3.3711 train_time:1115947ms step_avg:298.30ms
step:3752/5100 lr:0.000674 train_loss:3.4680 train_time:1116254ms step_avg:298.30ms
step:3753/5100 lr:0.0006735 train_loss:3.4725 train_time:1116563ms step_avg:298.31ms
step:3754/5100 lr:0.0006730000000000001 train_loss:3.4846 train_time:1116870ms step_avg:298.31ms
step:3755/5100 lr:0.0006725 train_loss:3.3088 train_time:1117178ms step_avg:298.31ms
step:3756/5100 lr:0.0006720000000000001 train_loss:3.4961 train_time:1117486ms step_avg:298.31ms
step:3757/5100 lr:0.0006715 train_loss:3.3203 train_time:1117793ms step_avg:298.32ms
step:3758/5100 lr:0.000671 train_loss:3.3834 train_time:1118101ms step_avg:298.32ms
step:3759/5100 lr:0.0006705 train_loss:3.4693 train_time:1118409ms step_avg:298.32ms
step:3760/5100 lr:0.00067 train_loss:3.2861 train_time:1118716ms step_avg:298.32ms
step:3761/5100 lr:0.0006695 train_loss:3.3509 train_time:1119024ms step_avg:298.33ms
step:3762/5100 lr:0.0006690000000000001 train_loss:3.4578 train_time:1119331ms step_avg:298.33ms
step:3763/5100 lr:0.0006685 train_loss:3.3471 train_time:1119639ms step_avg:298.33ms
step:3764/5100 lr:0.0006680000000000001 train_loss:3.3057 train_time:1119947ms step_avg:298.33ms
step:3765/5100 lr:0.0006675 train_loss:3.3058 train_time:1120254ms step_avg:298.34ms
step:3766/5100 lr:0.0006670000000000001 train_loss:3.5162 train_time:1120562ms step_avg:298.34ms
step:3767/5100 lr:0.0006665 train_loss:3.4947 train_time:1120870ms step_avg:298.34ms
step:3768/5100 lr:0.000666 train_loss:3.1687 train_time:1121177ms step_avg:298.34ms
step:3769/5100 lr:0.0006655 train_loss:3.5801 train_time:1121487ms step_avg:298.35ms
step:3770/5100 lr:0.000665 train_loss:3.3021 train_time:1121794ms step_avg:298.35ms
step:3771/5100 lr:0.0006644999999999999 train_loss:3.5536 train_time:1122103ms step_avg:298.35ms
step:3772/5100 lr:0.0006640000000000001 train_loss:3.3357 train_time:1122410ms step_avg:298.35ms
step:3773/5100 lr:0.0006635 train_loss:3.3517 train_time:1122718ms step_avg:298.36ms
step:3774/5100 lr:0.0006630000000000001 train_loss:3.3317 train_time:1123026ms step_avg:298.36ms
step:3775/5100 lr:0.0006625 train_loss:3.1870 train_time:1123334ms step_avg:298.36ms
step:3776/5100 lr:0.000662 train_loss:3.3963 train_time:1123642ms step_avg:298.36ms
step:3777/5100 lr:0.0006615 train_loss:3.3135 train_time:1123950ms step_avg:298.37ms
step:3778/5100 lr:0.000661 train_loss:3.3026 train_time:1124256ms step_avg:298.37ms
step:3779/5100 lr:0.0006605 train_loss:3.4030 train_time:1124566ms step_avg:298.37ms
step:3780/5100 lr:0.00066 train_loss:3.3633 train_time:1124872ms step_avg:298.37ms
step:3781/5100 lr:0.0006595 train_loss:3.2528 train_time:1125180ms step_avg:298.38ms
step:3782/5100 lr:0.0006590000000000001 train_loss:3.5922 train_time:1125489ms step_avg:298.38ms
step:3783/5100 lr:0.0006585 train_loss:3.5144 train_time:1125796ms step_avg:298.38ms
step:3784/5100 lr:0.0006580000000000001 train_loss:3.5609 train_time:1126105ms step_avg:298.39ms
step:3785/5100 lr:0.0006575 train_loss:3.4862 train_time:1126412ms step_avg:298.39ms
step:3786/5100 lr:0.000657 train_loss:3.4131 train_time:1126720ms step_avg:298.39ms
step:3787/5100 lr:0.0006565 train_loss:3.0325 train_time:1127029ms step_avg:298.39ms
step:3788/5100 lr:0.000656 train_loss:3.3242 train_time:1127335ms step_avg:298.39ms
step:3789/5100 lr:0.0006554999999999999 train_loss:3.4975 train_time:1127644ms step_avg:298.40ms
step:3790/5100 lr:0.0006550000000000001 train_loss:3.3612 train_time:1127952ms step_avg:298.40ms
step:3791/5100 lr:0.0006545 train_loss:3.3957 train_time:1128259ms step_avg:298.40ms
step:3792/5100 lr:0.0006540000000000001 train_loss:3.3865 train_time:1128568ms step_avg:298.41ms
step:3793/5100 lr:0.0006535 train_loss:3.4874 train_time:1128874ms step_avg:298.41ms
step:3794/5100 lr:0.000653 train_loss:3.3941 train_time:1129182ms step_avg:298.41ms
step:3795/5100 lr:0.0006525 train_loss:3.2810 train_time:1129490ms step_avg:298.41ms
step:3796/5100 lr:0.000652 train_loss:3.3767 train_time:1129803ms step_avg:298.42ms
step:3797/5100 lr:0.0006515 train_loss:3.3949 train_time:1130111ms step_avg:298.42ms
step:3798/5100 lr:0.000651 train_loss:3.2938 train_time:1130419ms step_avg:298.42ms
step:3799/5100 lr:0.0006504999999999999 train_loss:3.2721 train_time:1130726ms step_avg:298.42ms
step:3800/5100 lr:0.0006500000000000001 train_loss:3.4914 train_time:1131241ms step_avg:298.48ms
step:3801/5100 lr:0.0006495 train_loss:3.3054 train_time:1131549ms step_avg:298.48ms
step:3802/5100 lr:0.0006490000000000001 train_loss:3.3106 train_time:1131857ms step_avg:298.49ms
step:3803/5100 lr:0.0006485 train_loss:3.4180 train_time:1132165ms step_avg:298.49ms
step:3804/5100 lr:0.000648 train_loss:3.4229 train_time:1132480ms step_avg:298.49ms
step:3805/5100 lr:0.0006475 train_loss:3.6525 train_time:1132781ms step_avg:298.49ms
step:3806/5100 lr:0.000647 train_loss:3.3246 train_time:1133088ms step_avg:298.50ms
step:3807/5100 lr:0.0006464999999999999 train_loss:3.3858 train_time:1133396ms step_avg:298.50ms
step:3808/5100 lr:0.000646 train_loss:3.4118 train_time:1133705ms step_avg:298.50ms
step:3809/5100 lr:0.0006455 train_loss:3.2738 train_time:1134013ms step_avg:298.50ms
step:3810/5100 lr:0.0006450000000000001 train_loss:3.3610 train_time:1134525ms step_avg:298.56ms
step:3811/5100 lr:0.0006445 train_loss:3.2364 train_time:1134833ms step_avg:298.56ms
step:3812/5100 lr:0.000644 train_loss:3.4541 train_time:1135141ms step_avg:298.56ms
step:3813/5100 lr:0.0006435 train_loss:3.4619 train_time:1135448ms step_avg:298.57ms
step:3814/5100 lr:0.000643 train_loss:3.2768 train_time:1135758ms step_avg:298.57ms
step:3815/5100 lr:0.0006425 train_loss:3.4648 train_time:1136064ms step_avg:298.57ms
step:3816/5100 lr:0.000642 train_loss:3.4921 train_time:1136372ms step_avg:298.57ms
step:3817/5100 lr:0.0006414999999999999 train_loss:3.3516 train_time:1136681ms step_avg:298.58ms
step:3818/5100 lr:0.0006410000000000001 train_loss:3.2343 train_time:1136988ms step_avg:298.58ms
step:3819/5100 lr:0.0006405 train_loss:3.3162 train_time:1137296ms step_avg:298.58ms
step:3820/5100 lr:0.00064 train_loss:3.4104 train_time:1137604ms step_avg:298.58ms
step:3821/5100 lr:0.0006395 train_loss:3.2170 train_time:1137912ms step_avg:298.59ms
step:3822/5100 lr:0.000639 train_loss:3.5443 train_time:1138220ms step_avg:298.59ms
step:3823/5100 lr:0.0006385 train_loss:3.3640 train_time:1138528ms step_avg:298.59ms
step:3824/5100 lr:0.000638 train_loss:3.3990 train_time:1138836ms step_avg:298.59ms
step:3825/5100 lr:0.0006374999999999999 train_loss:3.6215 train_time:1139144ms step_avg:298.60ms
step:3826/5100 lr:0.000637 train_loss:3.4227 train_time:1139452ms step_avg:298.60ms
step:3827/5100 lr:0.0006365 train_loss:3.4372 train_time:1139760ms step_avg:298.60ms
step:3828/5100 lr:0.0006360000000000001 train_loss:3.2416 train_time:1140068ms step_avg:298.60ms
step:3829/5100 lr:0.0006355 train_loss:3.3121 train_time:1140375ms step_avg:298.61ms
step:3830/5100 lr:0.000635 train_loss:3.2958 train_time:1140683ms step_avg:298.61ms
step:3831/5100 lr:0.0006345 train_loss:3.3939 train_time:1140991ms step_avg:298.61ms
step:3832/5100 lr:0.000634 train_loss:3.1980 train_time:1141299ms step_avg:298.61ms
step:3833/5100 lr:0.0006335 train_loss:3.3150 train_time:1141607ms step_avg:298.62ms
step:3834/5100 lr:0.000633 train_loss:3.3171 train_time:1141916ms step_avg:298.62ms
step:3835/5100 lr:0.0006324999999999999 train_loss:3.5330 train_time:1142222ms step_avg:298.62ms
step:3836/5100 lr:0.000632 train_loss:3.3796 train_time:1142530ms step_avg:298.62ms
step:3837/5100 lr:0.0006315 train_loss:3.9632 train_time:1142838ms step_avg:298.62ms
step:3838/5100 lr:0.000631 train_loss:3.4077 train_time:1143146ms step_avg:298.63ms
step:3839/5100 lr:0.0006305 train_loss:3.2824 train_time:1143453ms step_avg:298.63ms
step:3840/5100 lr:0.00063 train_loss:3.3323 train_time:1143761ms step_avg:298.63ms
step:3841/5100 lr:0.0006295 train_loss:3.5778 train_time:1144069ms step_avg:298.63ms
step:3842/5100 lr:0.000629 train_loss:3.2493 train_time:1144377ms step_avg:298.64ms
step:3843/5100 lr:0.0006284999999999999 train_loss:3.3895 train_time:1144686ms step_avg:298.64ms
step:3844/5100 lr:0.000628 train_loss:3.2984 train_time:1144993ms step_avg:298.64ms
step:3845/5100 lr:0.0006274999999999999 train_loss:3.0653 train_time:1145302ms step_avg:298.64ms
step:3846/5100 lr:0.0006270000000000001 train_loss:3.5341 train_time:1145609ms step_avg:298.65ms
step:3847/5100 lr:0.0006265 train_loss:3.4248 train_time:1145917ms step_avg:298.65ms
step:3848/5100 lr:0.000626 train_loss:3.3206 train_time:1146226ms step_avg:298.65ms
step:3849/5100 lr:0.0006255 train_loss:3.4217 train_time:1146533ms step_avg:298.65ms
step:3850/5100 lr:0.000625 train_loss:3.4536 train_time:1146842ms step_avg:298.66ms
step:3851/5100 lr:0.0006245000000000001 train_loss:3.2934 train_time:1147150ms step_avg:298.66ms
step:3852/5100 lr:0.000624 train_loss:3.2584 train_time:1147458ms step_avg:298.66ms
step:3853/5100 lr:0.0006235 train_loss:3.5513 train_time:1147767ms step_avg:298.66ms
step:3854/5100 lr:0.000623 train_loss:3.3054 train_time:1148073ms step_avg:298.67ms
step:3855/5100 lr:0.0006225000000000001 train_loss:3.1171 train_time:1148381ms step_avg:298.67ms
step:3856/5100 lr:0.000622 train_loss:3.4751 train_time:1148691ms step_avg:298.67ms
step:3857/5100 lr:0.0006215000000000001 train_loss:3.2832 train_time:1148997ms step_avg:298.67ms
step:3858/5100 lr:0.000621 train_loss:3.3528 train_time:1149306ms step_avg:298.68ms
step:3859/5100 lr:0.0006205000000000001 train_loss:3.3494 train_time:1149614ms step_avg:298.68ms
step:3860/5100 lr:0.00062 train_loss:3.2805 train_time:1149921ms step_avg:298.68ms
step:3861/5100 lr:0.0006195 train_loss:3.4068 train_time:1150230ms step_avg:298.68ms
step:3862/5100 lr:0.000619 train_loss:3.1530 train_time:1150537ms step_avg:298.69ms
step:3863/5100 lr:0.0006185 train_loss:3.1403 train_time:1150845ms step_avg:298.69ms
step:3864/5100 lr:0.0006180000000000001 train_loss:3.3483 train_time:1151152ms step_avg:298.69ms
step:3865/5100 lr:0.0006175000000000001 train_loss:3.3391 train_time:1151460ms step_avg:298.69ms
step:3866/5100 lr:0.000617 train_loss:3.2756 train_time:1151769ms step_avg:298.70ms
step:3867/5100 lr:0.0006165000000000001 train_loss:3.3575 train_time:1152076ms step_avg:298.70ms
step:3868/5100 lr:0.000616 train_loss:3.3061 train_time:1152383ms step_avg:298.70ms
step:3869/5100 lr:0.0006155 train_loss:3.4436 train_time:1152693ms step_avg:298.70ms
step:3870/5100 lr:0.000615 train_loss:3.5933 train_time:1152999ms step_avg:298.70ms
step:3871/5100 lr:0.0006145 train_loss:3.4101 train_time:1153308ms step_avg:298.71ms
step:3872/5100 lr:0.000614 train_loss:3.4086 train_time:1153617ms step_avg:298.71ms
step:3873/5100 lr:0.0006135 train_loss:3.4155 train_time:1153925ms step_avg:298.71ms
step:3874/5100 lr:0.000613 train_loss:3.3816 train_time:1154231ms step_avg:298.71ms
step:3875/5100 lr:0.0006125000000000001 train_loss:3.4589 train_time:1154539ms step_avg:298.72ms
step:3875/5100 val_loss:3.3347 train_time:1154554ms step_avg:298.72ms
step:3876/5100 lr:0.000612 train_loss:3.2862 train_time:1158832ms step_avg:299.75ms
step:3877/5100 lr:0.0006115000000000001 train_loss:3.4453 train_time:1159140ms step_avg:299.75ms
step:3878/5100 lr:0.000611 train_loss:3.6718 train_time:1159447ms step_avg:299.75ms
step:3879/5100 lr:0.0006105 train_loss:3.4679 train_time:1159756ms step_avg:299.76ms
step:3880/5100 lr:0.00061 train_loss:3.3303 train_time:1160063ms step_avg:299.76ms
step:3881/5100 lr:0.0006095 train_loss:3.4346 train_time:1160371ms step_avg:299.76ms
step:3882/5100 lr:0.000609 train_loss:3.3533 train_time:1160680ms step_avg:299.76ms
step:3883/5100 lr:0.0006085000000000001 train_loss:3.4964 train_time:1160989ms step_avg:299.76ms
step:3884/5100 lr:0.000608 train_loss:3.3745 train_time:1161298ms step_avg:299.77ms
step:3885/5100 lr:0.0006075000000000001 train_loss:3.4126 train_time:1161606ms step_avg:299.77ms
step:3886/5100 lr:0.000607 train_loss:3.3554 train_time:1161914ms step_avg:299.77ms
step:3887/5100 lr:0.0006065 train_loss:3.4032 train_time:1162223ms step_avg:299.77ms
step:3888/5100 lr:0.000606 train_loss:3.3240 train_time:1162529ms step_avg:299.78ms
step:3889/5100 lr:0.0006055 train_loss:3.2785 train_time:1162837ms step_avg:299.78ms
step:3890/5100 lr:0.000605 train_loss:3.3019 train_time:1163146ms step_avg:299.78ms
step:3891/5100 lr:0.0006045 train_loss:3.2860 train_time:1163453ms step_avg:299.78ms
step:3892/5100 lr:0.000604 train_loss:3.2557 train_time:1163762ms step_avg:299.78ms
step:3893/5100 lr:0.0006035000000000001 train_loss:3.2592 train_time:1164068ms step_avg:299.79ms
step:3894/5100 lr:0.000603 train_loss:3.2410 train_time:1164376ms step_avg:299.79ms
step:3895/5100 lr:0.0006025000000000001 train_loss:3.2206 train_time:1164686ms step_avg:299.79ms
step:3896/5100 lr:0.000602 train_loss:3.3078 train_time:1164992ms step_avg:299.79ms
step:3897/5100 lr:0.0006015 train_loss:3.3260 train_time:1165301ms step_avg:299.79ms
step:3898/5100 lr:0.000601 train_loss:3.3711 train_time:1165607ms step_avg:299.80ms
step:3899/5100 lr:0.0006005 train_loss:3.1781 train_time:1165915ms step_avg:299.80ms
step:3900/5100 lr:0.0006 train_loss:3.4223 train_time:1166224ms step_avg:299.80ms
step:3901/5100 lr:0.0005995000000000001 train_loss:3.3519 train_time:1166531ms step_avg:299.80ms
step:3902/5100 lr:0.000599 train_loss:3.7600 train_time:1166838ms step_avg:299.80ms
step:3903/5100 lr:0.0005985000000000001 train_loss:3.2462 train_time:1167147ms step_avg:299.81ms
step:3904/5100 lr:0.000598 train_loss:3.3715 train_time:1167454ms step_avg:299.81ms
step:3905/5100 lr:0.0005975 train_loss:3.5049 train_time:1167763ms step_avg:299.81ms
step:3906/5100 lr:0.000597 train_loss:3.8894 train_time:1168069ms step_avg:299.81ms
step:3907/5100 lr:0.0005965 train_loss:3.1186 train_time:1168377ms step_avg:299.81ms
step:3908/5100 lr:0.000596 train_loss:3.3833 train_time:1168687ms step_avg:299.82ms
step:3909/5100 lr:0.0005955 train_loss:3.5286 train_time:1168994ms step_avg:299.82ms
step:3910/5100 lr:0.0005949999999999999 train_loss:3.4231 train_time:1169301ms step_avg:299.82ms
step:3911/5100 lr:0.0005945000000000001 train_loss:3.5176 train_time:1169610ms step_avg:299.82ms
step:3912/5100 lr:0.000594 train_loss:3.3208 train_time:1169917ms step_avg:299.82ms
step:3913/5100 lr:0.0005935000000000001 train_loss:3.3090 train_time:1170227ms step_avg:299.83ms
step:3914/5100 lr:0.000593 train_loss:3.2694 train_time:1170534ms step_avg:299.83ms
step:3915/5100 lr:0.0005925 train_loss:3.2996 train_time:1170841ms step_avg:299.83ms
step:3916/5100 lr:0.000592 train_loss:3.4443 train_time:1171150ms step_avg:299.83ms
step:3917/5100 lr:0.0005915 train_loss:3.4040 train_time:1171457ms step_avg:299.84ms
step:3918/5100 lr:0.0005909999999999999 train_loss:3.3810 train_time:1171767ms step_avg:299.84ms
step:3919/5100 lr:0.0005905 train_loss:3.3371 train_time:1172073ms step_avg:299.84ms
step:3920/5100 lr:0.00059 train_loss:3.2559 train_time:1172381ms step_avg:299.84ms
step:3921/5100 lr:0.0005895000000000001 train_loss:3.2729 train_time:1172690ms step_avg:299.84ms
step:3922/5100 lr:0.000589 train_loss:3.2935 train_time:1172997ms step_avg:299.85ms
step:3923/5100 lr:0.0005885 train_loss:3.5650 train_time:1173306ms step_avg:299.85ms
step:3924/5100 lr:0.000588 train_loss:3.2848 train_time:1173613ms step_avg:299.85ms
step:3925/5100 lr:0.0005875 train_loss:3.1937 train_time:1173921ms step_avg:299.85ms
step:3926/5100 lr:0.000587 train_loss:3.2274 train_time:1174230ms step_avg:299.85ms
step:3927/5100 lr:0.0005865 train_loss:3.3662 train_time:1174537ms step_avg:299.86ms
step:3928/5100 lr:0.0005859999999999999 train_loss:3.6282 train_time:1174845ms step_avg:299.86ms
step:3929/5100 lr:0.0005855000000000001 train_loss:3.2683 train_time:1175152ms step_avg:299.86ms
step:3930/5100 lr:0.000585 train_loss:3.2090 train_time:1175460ms step_avg:299.86ms
step:3931/5100 lr:0.0005845000000000001 train_loss:3.4021 train_time:1175772ms step_avg:299.87ms
step:3932/5100 lr:0.000584 train_loss:3.2878 train_time:1176079ms step_avg:299.87ms
step:3933/5100 lr:0.0005835 train_loss:3.3590 train_time:1176386ms step_avg:299.87ms
step:3934/5100 lr:0.000583 train_loss:3.4251 train_time:1176695ms step_avg:299.87ms
step:3935/5100 lr:0.0005825 train_loss:3.4426 train_time:1177002ms step_avg:299.87ms
step:3936/5100 lr:0.0005819999999999999 train_loss:3.3118 train_time:1177311ms step_avg:299.88ms
step:3937/5100 lr:0.0005815 train_loss:3.4013 train_time:1177618ms step_avg:299.88ms
step:3938/5100 lr:0.0005809999999999999 train_loss:3.3018 train_time:1177926ms step_avg:299.88ms
step:3939/5100 lr:0.0005805000000000001 train_loss:3.6173 train_time:1178234ms step_avg:299.88ms
step:3940/5100 lr:0.00058 train_loss:3.3723 train_time:1178541ms step_avg:299.88ms
step:3941/5100 lr:0.0005795 train_loss:3.4378 train_time:1178849ms step_avg:299.89ms
step:3942/5100 lr:0.000579 train_loss:3.3512 train_time:1179159ms step_avg:299.89ms
step:3943/5100 lr:0.0005785 train_loss:3.3558 train_time:1179466ms step_avg:299.89ms
step:3944/5100 lr:0.000578 train_loss:3.4115 train_time:1179775ms step_avg:299.89ms
step:3945/5100 lr:0.0005775 train_loss:3.4602 train_time:1180082ms step_avg:299.89ms
step:3946/5100 lr:0.0005769999999999999 train_loss:3.4090 train_time:1180390ms step_avg:299.90ms
step:3947/5100 lr:0.0005765 train_loss:3.4395 train_time:1180699ms step_avg:299.90ms
step:3948/5100 lr:0.000576 train_loss:3.3391 train_time:1181005ms step_avg:299.90ms
step:3949/5100 lr:0.0005755000000000001 train_loss:3.2813 train_time:1181314ms step_avg:299.90ms
step:3950/5100 lr:0.000575 train_loss:3.2696 train_time:1181622ms step_avg:299.90ms
step:3951/5100 lr:0.0005745 train_loss:3.4026 train_time:1181931ms step_avg:299.91ms
step:3952/5100 lr:0.000574 train_loss:3.5905 train_time:1182241ms step_avg:299.91ms
step:3953/5100 lr:0.0005735 train_loss:3.3992 train_time:1182547ms step_avg:299.91ms
step:3954/5100 lr:0.0005729999999999999 train_loss:3.0864 train_time:1182855ms step_avg:299.91ms
step:3955/5100 lr:0.0005725 train_loss:3.3716 train_time:1183164ms step_avg:299.91ms
step:3956/5100 lr:0.0005719999999999999 train_loss:3.1968 train_time:1183471ms step_avg:299.92ms
step:3957/5100 lr:0.0005715000000000001 train_loss:3.2770 train_time:1183781ms step_avg:299.92ms
step:3958/5100 lr:0.000571 train_loss:3.1987 train_time:1184087ms step_avg:299.92ms
step:3959/5100 lr:0.0005705 train_loss:3.4091 train_time:1184394ms step_avg:299.92ms
step:3960/5100 lr:0.00057 train_loss:3.3509 train_time:1184702ms step_avg:299.92ms
step:3961/5100 lr:0.0005695 train_loss:3.0414 train_time:1185010ms step_avg:299.93ms
step:3962/5100 lr:0.000569 train_loss:3.2059 train_time:1185317ms step_avg:299.93ms
step:3963/5100 lr:0.0005685 train_loss:3.4188 train_time:1185625ms step_avg:299.93ms
step:3964/5100 lr:0.0005679999999999999 train_loss:3.3045 train_time:1185933ms step_avg:299.93ms
step:3965/5100 lr:0.0005675 train_loss:3.2414 train_time:1186242ms step_avg:299.93ms
step:3966/5100 lr:0.000567 train_loss:3.2873 train_time:1186549ms step_avg:299.94ms
step:3967/5100 lr:0.0005665000000000001 train_loss:3.0263 train_time:1186857ms step_avg:299.94ms
step:3968/5100 lr:0.000566 train_loss:3.3442 train_time:1187165ms step_avg:299.94ms
step:3969/5100 lr:0.0005655 train_loss:3.4238 train_time:1187472ms step_avg:299.94ms
step:3970/5100 lr:0.000565 train_loss:3.2740 train_time:1187781ms step_avg:299.94ms
step:3971/5100 lr:0.0005645 train_loss:3.3895 train_time:1188088ms step_avg:299.95ms
step:3972/5100 lr:0.0005639999999999999 train_loss:3.4594 train_time:1188396ms step_avg:299.95ms
step:3973/5100 lr:0.0005635 train_loss:3.3861 train_time:1188705ms step_avg:299.95ms
step:3974/5100 lr:0.0005629999999999999 train_loss:3.2201 train_time:1189012ms step_avg:299.95ms
step:3975/5100 lr:0.0005625000000000001 train_loss:3.3866 train_time:1189321ms step_avg:299.95ms
step:3976/5100 lr:0.0005620000000000001 train_loss:3.4211 train_time:1189628ms step_avg:299.96ms
step:3977/5100 lr:0.0005615 train_loss:3.2477 train_time:1189936ms step_avg:299.96ms
step:3978/5100 lr:0.0005610000000000001 train_loss:3.3690 train_time:1190245ms step_avg:299.96ms
step:3979/5100 lr:0.0005605 train_loss:3.3026 train_time:1190553ms step_avg:299.96ms
step:3980/5100 lr:0.0005600000000000001 train_loss:3.5448 train_time:1190861ms step_avg:299.96ms
step:3981/5100 lr:0.0005595 train_loss:3.3608 train_time:1191169ms step_avg:299.97ms
step:3982/5100 lr:0.000559 train_loss:3.4277 train_time:1191477ms step_avg:299.97ms
step:3983/5100 lr:0.0005585 train_loss:3.3921 train_time:1191786ms step_avg:299.97ms
step:3984/5100 lr:0.000558 train_loss:3.3295 train_time:1192094ms step_avg:299.97ms
step:3985/5100 lr:0.0005575 train_loss:3.4571 train_time:1192402ms step_avg:299.98ms
step:3986/5100 lr:0.0005570000000000001 train_loss:3.2334 train_time:1192711ms step_avg:299.98ms
step:3987/5100 lr:0.0005565 train_loss:3.3684 train_time:1193018ms step_avg:299.98ms
step:3988/5100 lr:0.0005560000000000001 train_loss:3.4513 train_time:1193325ms step_avg:299.98ms
step:3989/5100 lr:0.0005555 train_loss:3.3491 train_time:1193633ms step_avg:299.98ms
step:3990/5100 lr:0.000555 train_loss:3.3680 train_time:1194150ms step_avg:300.04ms
step:3991/5100 lr:0.0005545 train_loss:3.7770 train_time:1194456ms step_avg:300.04ms
step:3992/5100 lr:0.000554 train_loss:3.2724 train_time:1194764ms step_avg:300.04ms
step:3993/5100 lr:0.0005535 train_loss:3.3698 train_time:1195073ms step_avg:300.04ms
step:3994/5100 lr:0.0005530000000000001 train_loss:3.3080 train_time:1195380ms step_avg:300.05ms
step:3995/5100 lr:0.0005525 train_loss:3.4262 train_time:1195687ms step_avg:300.05ms
step:3996/5100 lr:0.0005520000000000001 train_loss:3.2817 train_time:1195995ms step_avg:300.05ms
step:3997/5100 lr:0.0005515 train_loss:3.3677 train_time:1196303ms step_avg:300.05ms
step:3998/5100 lr:0.0005510000000000001 train_loss:2.5550 train_time:1196612ms step_avg:300.05ms
step:3999/5100 lr:0.0005505 train_loss:3.3006 train_time:1196919ms step_avg:300.05ms
step:4000/5100 lr:0.00055 train_loss:3.3256 train_time:1197226ms step_avg:300.06ms
step:4000/5100 val_loss:3.3225 train_time:1197242ms step_avg:300.06ms
step:4001/5100 lr:0.0005495 train_loss:3.1996 train_time:1201769ms step_avg:301.12ms
step:4002/5100 lr:0.000549 train_loss:3.3964 train_time:1202077ms step_avg:301.12ms
step:4003/5100 lr:0.0005485 train_loss:3.2458 train_time:1202386ms step_avg:301.12ms
step:4004/5100 lr:0.0005480000000000001 train_loss:3.3458 train_time:1202694ms step_avg:301.13ms
step:4005/5100 lr:0.0005475 train_loss:3.3193 train_time:1203003ms step_avg:301.13ms
step:4006/5100 lr:0.0005470000000000001 train_loss:3.0585 train_time:1203310ms step_avg:301.13ms
step:4007/5100 lr:0.0005465 train_loss:3.3758 train_time:1203618ms step_avg:301.13ms
step:4008/5100 lr:0.000546 train_loss:3.3835 train_time:1203927ms step_avg:301.13ms
step:4009/5100 lr:0.0005455 train_loss:3.1874 train_time:1204238ms step_avg:301.13ms
step:4010/5100 lr:0.000545 train_loss:3.3906 train_time:1204545ms step_avg:301.14ms
step:4011/5100 lr:0.0005445 train_loss:3.3008 train_time:1204854ms step_avg:301.14ms
step:4012/5100 lr:0.0005440000000000001 train_loss:3.2988 train_time:1205162ms step_avg:301.14ms
step:4013/5100 lr:0.0005435 train_loss:3.3754 train_time:1205471ms step_avg:301.14ms
step:4014/5100 lr:0.0005430000000000001 train_loss:3.1182 train_time:1205778ms step_avg:301.14ms
step:4015/5100 lr:0.0005425 train_loss:3.3568 train_time:1206086ms step_avg:301.15ms
step:4016/5100 lr:0.0005420000000000001 train_loss:2.5020 train_time:1206395ms step_avg:301.15ms
step:4017/5100 lr:0.0005415 train_loss:3.3126 train_time:1206702ms step_avg:301.15ms
step:4018/5100 lr:0.000541 train_loss:3.3934 train_time:1207013ms step_avg:301.15ms
step:4019/5100 lr:0.0005405 train_loss:3.3688 train_time:1207320ms step_avg:301.15ms
step:4020/5100 lr:0.00054 train_loss:3.1900 train_time:1207627ms step_avg:301.15ms
step:4021/5100 lr:0.0005394999999999999 train_loss:3.1899 train_time:1207935ms step_avg:301.16ms
step:4022/5100 lr:0.0005390000000000001 train_loss:3.2470 train_time:1208242ms step_avg:301.16ms
step:4023/5100 lr:0.0005385 train_loss:3.6077 train_time:1208550ms step_avg:301.16ms
step:4024/5100 lr:0.0005380000000000001 train_loss:3.3606 train_time:1208858ms step_avg:301.16ms
step:4025/5100 lr:0.0005375 train_loss:3.3325 train_time:1209166ms step_avg:301.16ms
step:4026/5100 lr:0.000537 train_loss:3.3918 train_time:1209474ms step_avg:301.16ms
step:4027/5100 lr:0.0005365 train_loss:3.3502 train_time:1209783ms step_avg:301.17ms
step:4028/5100 lr:0.000536 train_loss:3.3493 train_time:1210091ms step_avg:301.17ms
step:4029/5100 lr:0.0005355 train_loss:3.2568 train_time:1210400ms step_avg:301.17ms
step:4030/5100 lr:0.000535 train_loss:3.4082 train_time:1210706ms step_avg:301.17ms
step:4031/5100 lr:0.0005345 train_loss:3.4663 train_time:1211016ms step_avg:301.17ms
step:4032/5100 lr:0.0005340000000000001 train_loss:3.5878 train_time:1211322ms step_avg:301.17ms
step:4033/5100 lr:0.0005335 train_loss:3.3820 train_time:1211630ms step_avg:301.18ms
step:4034/5100 lr:0.000533 train_loss:3.1160 train_time:1211940ms step_avg:301.18ms
step:4035/5100 lr:0.0005325 train_loss:3.3743 train_time:1212246ms step_avg:301.18ms
step:4036/5100 lr:0.000532 train_loss:3.4001 train_time:1212554ms step_avg:301.18ms
step:4037/5100 lr:0.0005315 train_loss:3.3656 train_time:1212862ms step_avg:301.18ms
step:4038/5100 lr:0.000531 train_loss:3.4306 train_time:1213170ms step_avg:301.18ms
step:4039/5100 lr:0.0005304999999999999 train_loss:3.3570 train_time:1213478ms step_avg:301.19ms
step:4040/5100 lr:0.0005300000000000001 train_loss:3.2844 train_time:1213786ms step_avg:301.19ms
step:4041/5100 lr:0.0005295 train_loss:3.3200 train_time:1214094ms step_avg:301.19ms
step:4042/5100 lr:0.0005290000000000001 train_loss:3.3120 train_time:1214403ms step_avg:301.19ms
step:4043/5100 lr:0.0005285 train_loss:3.2091 train_time:1214710ms step_avg:301.19ms
step:4044/5100 lr:0.000528 train_loss:3.3623 train_time:1215018ms step_avg:301.19ms
step:4045/5100 lr:0.0005275 train_loss:3.2230 train_time:1215325ms step_avg:301.20ms
step:4046/5100 lr:0.000527 train_loss:3.3863 train_time:1215634ms step_avg:301.20ms
step:4047/5100 lr:0.0005265 train_loss:3.1209 train_time:1215947ms step_avg:301.20ms
step:4048/5100 lr:0.000526 train_loss:3.3755 train_time:1216250ms step_avg:301.20ms
step:4049/5100 lr:0.0005254999999999999 train_loss:3.1903 train_time:1216559ms step_avg:301.20ms
step:4050/5100 lr:0.0005250000000000001 train_loss:3.3550 train_time:1216866ms step_avg:301.20ms
step:4051/5100 lr:0.0005245 train_loss:3.2859 train_time:1217174ms step_avg:301.21ms
step:4052/5100 lr:0.000524 train_loss:3.0958 train_time:1217483ms step_avg:301.21ms
step:4053/5100 lr:0.0005235 train_loss:3.3311 train_time:1217790ms step_avg:301.21ms
step:4054/5100 lr:0.000523 train_loss:3.4290 train_time:1218098ms step_avg:301.21ms
step:4055/5100 lr:0.0005225 train_loss:3.4135 train_time:1218407ms step_avg:301.21ms
step:4056/5100 lr:0.000522 train_loss:3.4753 train_time:1218713ms step_avg:301.21ms
step:4057/5100 lr:0.0005214999999999999 train_loss:3.4808 train_time:1219023ms step_avg:301.22ms
step:4058/5100 lr:0.000521 train_loss:3.3973 train_time:1219330ms step_avg:301.22ms
step:4059/5100 lr:0.0005205 train_loss:3.3004 train_time:1219638ms step_avg:301.22ms
step:4060/5100 lr:0.0005200000000000001 train_loss:3.2126 train_time:1219948ms step_avg:301.22ms
step:4061/5100 lr:0.0005195 train_loss:3.2112 train_time:1220255ms step_avg:301.22ms
step:4062/5100 lr:0.000519 train_loss:3.3462 train_time:1220563ms step_avg:301.22ms
step:4063/5100 lr:0.0005185 train_loss:3.2316 train_time:1220871ms step_avg:301.23ms
step:4064/5100 lr:0.000518 train_loss:3.4444 train_time:1221179ms step_avg:301.23ms
step:4065/5100 lr:0.0005175 train_loss:3.4103 train_time:1221488ms step_avg:301.23ms
step:4066/5100 lr:0.000517 train_loss:3.3472 train_time:1221795ms step_avg:301.23ms
step:4067/5100 lr:0.0005164999999999999 train_loss:3.2751 train_time:1222103ms step_avg:301.23ms
step:4068/5100 lr:0.0005160000000000001 train_loss:3.3398 train_time:1222412ms step_avg:301.24ms
step:4069/5100 lr:0.0005155 train_loss:3.2554 train_time:1222719ms step_avg:301.24ms
step:4070/5100 lr:0.000515 train_loss:3.2637 train_time:1223028ms step_avg:301.24ms
step:4071/5100 lr:0.0005145 train_loss:3.1968 train_time:1223335ms step_avg:301.24ms
step:4072/5100 lr:0.000514 train_loss:3.4521 train_time:1223643ms step_avg:301.24ms
step:4073/5100 lr:0.0005135 train_loss:3.2990 train_time:1223953ms step_avg:301.24ms
step:4074/5100 lr:0.000513 train_loss:3.3256 train_time:1224259ms step_avg:301.24ms
step:4075/5100 lr:0.0005124999999999999 train_loss:3.2825 train_time:1224568ms step_avg:301.25ms
step:4076/5100 lr:0.000512 train_loss:3.6856 train_time:1224876ms step_avg:301.25ms
step:4077/5100 lr:0.0005115 train_loss:3.1695 train_time:1225183ms step_avg:301.25ms
step:4078/5100 lr:0.0005110000000000001 train_loss:3.3303 train_time:1225491ms step_avg:301.25ms
step:4079/5100 lr:0.0005105 train_loss:3.2050 train_time:1225799ms step_avg:301.25ms
step:4080/5100 lr:0.00051 train_loss:3.2964 train_time:1226106ms step_avg:301.25ms
step:4081/5100 lr:0.0005095 train_loss:3.2150 train_time:1226416ms step_avg:301.26ms
step:4082/5100 lr:0.000509 train_loss:3.3226 train_time:1226722ms step_avg:301.26ms
step:4083/5100 lr:0.0005085 train_loss:3.2585 train_time:1227031ms step_avg:301.26ms
step:4084/5100 lr:0.000508 train_loss:3.4905 train_time:1227338ms step_avg:301.26ms
step:4085/5100 lr:0.0005074999999999999 train_loss:3.4912 train_time:1227646ms step_avg:301.26ms
step:4086/5100 lr:0.000507 train_loss:3.4079 train_time:1227955ms step_avg:301.26ms
step:4087/5100 lr:0.0005065 train_loss:3.3490 train_time:1228262ms step_avg:301.27ms
step:4088/5100 lr:0.000506 train_loss:3.2020 train_time:1228571ms step_avg:301.27ms
step:4089/5100 lr:0.0005055 train_loss:3.2624 train_time:1228879ms step_avg:301.27ms
step:4090/5100 lr:0.000505 train_loss:3.2999 train_time:1229188ms step_avg:301.27ms
step:4091/5100 lr:0.0005045 train_loss:3.6360 train_time:1229496ms step_avg:301.27ms
step:4092/5100 lr:0.000504 train_loss:3.1713 train_time:1229803ms step_avg:301.27ms
step:4093/5100 lr:0.0005034999999999999 train_loss:3.4839 train_time:1230112ms step_avg:301.28ms
step:4094/5100 lr:0.000503 train_loss:3.2863 train_time:1230420ms step_avg:301.28ms
step:4095/5100 lr:0.0005024999999999999 train_loss:3.3749 train_time:1230726ms step_avg:301.28ms
step:4096/5100 lr:0.0005020000000000001 train_loss:3.4538 train_time:1231035ms step_avg:301.28ms
step:4097/5100 lr:0.0005015 train_loss:3.3316 train_time:1231342ms step_avg:301.28ms
step:4098/5100 lr:0.000501 train_loss:3.2829 train_time:1231651ms step_avg:301.28ms
step:4099/5100 lr:0.0005005 train_loss:3.2299 train_time:1231960ms step_avg:301.29ms
step:4100/5100 lr:0.0005 train_loss:3.3301 train_time:1232267ms step_avg:301.29ms
step:4101/5100 lr:0.0004995 train_loss:3.2968 train_time:1232576ms step_avg:301.29ms
step:4102/5100 lr:0.000499 train_loss:3.3378 train_time:1232883ms step_avg:301.29ms
step:4103/5100 lr:0.0004985 train_loss:3.3276 train_time:1233191ms step_avg:301.29ms
step:4104/5100 lr:0.000498 train_loss:3.4199 train_time:1233500ms step_avg:301.29ms
step:4105/5100 lr:0.0004975 train_loss:3.4685 train_time:1233806ms step_avg:301.30ms
step:4106/5100 lr:0.000497 train_loss:3.2053 train_time:1234114ms step_avg:301.30ms
step:4107/5100 lr:0.0004965 train_loss:3.3529 train_time:1234423ms step_avg:301.30ms
step:4108/5100 lr:0.000496 train_loss:3.4925 train_time:1234730ms step_avg:301.30ms
step:4109/5100 lr:0.0004955 train_loss:3.4099 train_time:1235039ms step_avg:301.30ms
step:4110/5100 lr:0.000495 train_loss:3.3152 train_time:1235346ms step_avg:301.30ms
step:4111/5100 lr:0.0004945 train_loss:3.3744 train_time:1235654ms step_avg:301.31ms
step:4112/5100 lr:0.000494 train_loss:2.8180 train_time:1235963ms step_avg:301.31ms
step:4113/5100 lr:0.0004935 train_loss:3.3615 train_time:1236270ms step_avg:301.31ms
step:4114/5100 lr:0.0004930000000000001 train_loss:3.2760 train_time:1236579ms step_avg:301.31ms
step:4115/5100 lr:0.0004925 train_loss:3.3612 train_time:1236887ms step_avg:301.31ms
step:4116/5100 lr:0.000492 train_loss:3.2926 train_time:1237195ms step_avg:301.31ms
step:4117/5100 lr:0.0004915 train_loss:3.3081 train_time:1237504ms step_avg:301.32ms
step:4118/5100 lr:0.000491 train_loss:3.4093 train_time:1237811ms step_avg:301.32ms
step:4119/5100 lr:0.0004905 train_loss:3.3098 train_time:1238123ms step_avg:301.32ms
step:4120/5100 lr:0.00049 train_loss:4.0026 train_time:1238428ms step_avg:301.32ms
step:4121/5100 lr:0.0004895 train_loss:3.2438 train_time:1238737ms step_avg:301.32ms
step:4122/5100 lr:0.000489 train_loss:3.2693 train_time:1239044ms step_avg:301.32ms
step:4123/5100 lr:0.0004885 train_loss:3.4605 train_time:1239350ms step_avg:301.33ms
step:4124/5100 lr:0.000488 train_loss:3.2562 train_time:1239658ms step_avg:301.33ms
step:4125/5100 lr:0.0004875 train_loss:3.3631 train_time:1239966ms step_avg:301.33ms
step:4125/5100 val_loss:3.3088 train_time:1239981ms step_avg:301.33ms
step:4126/5100 lr:0.000487 train_loss:3.4828 train_time:1244277ms step_avg:302.30ms
step:4127/5100 lr:0.0004865 train_loss:3.2361 train_time:1244585ms step_avg:302.30ms
step:4128/5100 lr:0.000486 train_loss:3.2113 train_time:1244896ms step_avg:302.31ms
step:4129/5100 lr:0.0004855 train_loss:3.3259 train_time:1245201ms step_avg:302.31ms
step:4130/5100 lr:0.00048499999999999997 train_loss:3.5650 train_time:1245510ms step_avg:302.31ms
step:4131/5100 lr:0.0004845 train_loss:3.4496 train_time:1245819ms step_avg:302.31ms
step:4132/5100 lr:0.000484 train_loss:3.3842 train_time:1246132ms step_avg:302.31ms
step:4133/5100 lr:0.0004835 train_loss:3.3293 train_time:1246436ms step_avg:302.31ms
step:4134/5100 lr:0.000483 train_loss:3.3043 train_time:1246744ms step_avg:302.31ms
step:4135/5100 lr:0.0004825 train_loss:3.3817 train_time:1247052ms step_avg:302.32ms
step:4136/5100 lr:0.000482 train_loss:3.3753 train_time:1247360ms step_avg:302.32ms
step:4137/5100 lr:0.0004815 train_loss:3.4434 train_time:1247668ms step_avg:302.32ms
step:4138/5100 lr:0.000481 train_loss:3.2614 train_time:1247977ms step_avg:302.32ms
step:4139/5100 lr:0.00048049999999999997 train_loss:3.3016 train_time:1248284ms step_avg:302.32ms
step:4140/5100 lr:0.00048 train_loss:3.3105 train_time:1248592ms step_avg:302.32ms
step:4141/5100 lr:0.0004795 train_loss:3.3208 train_time:1248901ms step_avg:302.32ms
step:4142/5100 lr:0.000479 train_loss:3.3104 train_time:1249208ms step_avg:302.33ms
step:4143/5100 lr:0.0004785 train_loss:3.2914 train_time:1249520ms step_avg:302.33ms
step:4144/5100 lr:0.00047799999999999996 train_loss:3.2360 train_time:1249827ms step_avg:302.33ms
step:4145/5100 lr:0.0004775 train_loss:3.5546 train_time:1250135ms step_avg:302.33ms
step:4146/5100 lr:0.000477 train_loss:3.4550 train_time:1250444ms step_avg:302.33ms
step:4147/5100 lr:0.0004765 train_loss:3.2629 train_time:1250751ms step_avg:302.33ms
step:4148/5100 lr:0.00047599999999999997 train_loss:3.3837 train_time:1251060ms step_avg:302.33ms
step:4149/5100 lr:0.0004755 train_loss:3.4281 train_time:1251367ms step_avg:302.34ms
step:4150/5100 lr:0.000475 train_loss:3.4247 train_time:1251675ms step_avg:302.34ms
step:4151/5100 lr:0.0004745 train_loss:3.3510 train_time:1251984ms step_avg:302.34ms
step:4152/5100 lr:0.000474 train_loss:3.5981 train_time:1252291ms step_avg:302.34ms
step:4153/5100 lr:0.00047349999999999996 train_loss:3.8139 train_time:1252599ms step_avg:302.34ms
step:4154/5100 lr:0.000473 train_loss:3.2942 train_time:1252908ms step_avg:302.34ms
step:4155/5100 lr:0.0004725 train_loss:3.1758 train_time:1253218ms step_avg:302.34ms
step:4156/5100 lr:0.000472 train_loss:3.3195 train_time:1253528ms step_avg:302.35ms
step:4157/5100 lr:0.00047149999999999997 train_loss:3.5294 train_time:1253835ms step_avg:302.35ms
step:4158/5100 lr:0.000471 train_loss:3.2172 train_time:1254143ms step_avg:302.35ms
step:4159/5100 lr:0.0004705 train_loss:3.1241 train_time:1254453ms step_avg:302.35ms
step:4160/5100 lr:0.00047 train_loss:3.4449 train_time:1254759ms step_avg:302.35ms
step:4161/5100 lr:0.0004695 train_loss:3.3846 train_time:1255068ms step_avg:302.35ms
step:4162/5100 lr:0.00046899999999999996 train_loss:3.4455 train_time:1255375ms step_avg:302.35ms
step:4163/5100 lr:0.00046850000000000006 train_loss:3.0079 train_time:1255683ms step_avg:302.36ms
step:4164/5100 lr:0.00046800000000000005 train_loss:3.4184 train_time:1255992ms step_avg:302.36ms
step:4165/5100 lr:0.00046750000000000003 train_loss:3.3182 train_time:1256299ms step_avg:302.36ms
step:4166/5100 lr:0.000467 train_loss:3.2288 train_time:1256608ms step_avg:302.36ms
step:4167/5100 lr:0.0004665 train_loss:3.1969 train_time:1256916ms step_avg:302.36ms
step:4168/5100 lr:0.00046600000000000005 train_loss:3.4669 train_time:1257223ms step_avg:302.36ms
step:4169/5100 lr:0.00046550000000000004 train_loss:3.3128 train_time:1257532ms step_avg:302.36ms
step:4170/5100 lr:0.000465 train_loss:3.3434 train_time:1257839ms step_avg:302.37ms
step:4171/5100 lr:0.0004645 train_loss:3.4202 train_time:1258147ms step_avg:302.37ms
step:4172/5100 lr:0.00046400000000000006 train_loss:3.5414 train_time:1258457ms step_avg:302.37ms
step:4173/5100 lr:0.00046350000000000004 train_loss:3.0604 train_time:1258763ms step_avg:302.37ms
step:4174/5100 lr:0.00046300000000000003 train_loss:3.2441 train_time:1259073ms step_avg:302.37ms
step:4175/5100 lr:0.0004625 train_loss:3.3493 train_time:1259380ms step_avg:302.37ms
step:4176/5100 lr:0.000462 train_loss:3.4065 train_time:1259688ms step_avg:302.37ms
step:4177/5100 lr:0.00046150000000000005 train_loss:3.3608 train_time:1259997ms step_avg:302.38ms
step:4178/5100 lr:0.00046100000000000004 train_loss:3.2393 train_time:1260304ms step_avg:302.38ms
step:4179/5100 lr:0.0004605 train_loss:3.2618 train_time:1260612ms step_avg:302.38ms
step:4180/5100 lr:0.00046 train_loss:3.2792 train_time:1261120ms step_avg:302.43ms
step:4181/5100 lr:0.00045950000000000006 train_loss:3.1797 train_time:1261425ms step_avg:302.43ms
step:4182/5100 lr:0.00045900000000000004 train_loss:3.6238 train_time:1261733ms step_avg:302.43ms
step:4183/5100 lr:0.00045850000000000003 train_loss:3.2487 train_time:1262041ms step_avg:302.43ms
step:4184/5100 lr:0.000458 train_loss:3.3762 train_time:1262350ms step_avg:302.43ms
step:4185/5100 lr:0.0004575 train_loss:3.4367 train_time:1262657ms step_avg:302.43ms
step:4186/5100 lr:0.00045700000000000005 train_loss:3.6528 train_time:1262965ms step_avg:302.43ms
step:4187/5100 lr:0.00045650000000000004 train_loss:3.3144 train_time:1263273ms step_avg:302.44ms
step:4188/5100 lr:0.000456 train_loss:3.3259 train_time:1263580ms step_avg:302.44ms
step:4189/5100 lr:0.0004555 train_loss:3.2046 train_time:1263889ms step_avg:302.44ms
step:4190/5100 lr:0.000455 train_loss:3.2068 train_time:1264196ms step_avg:302.44ms
step:4191/5100 lr:0.00045450000000000004 train_loss:3.2580 train_time:1264711ms step_avg:302.49ms
step:4192/5100 lr:0.00045400000000000003 train_loss:3.3286 train_time:1265018ms step_avg:302.49ms
step:4193/5100 lr:0.0004535 train_loss:3.3616 train_time:1265326ms step_avg:302.49ms
step:4194/5100 lr:0.000453 train_loss:3.6380 train_time:1265634ms step_avg:302.49ms
step:4195/5100 lr:0.00045250000000000005 train_loss:3.3479 train_time:1265942ms step_avg:302.50ms
step:4196/5100 lr:0.00045200000000000004 train_loss:3.1902 train_time:1266252ms step_avg:302.50ms
step:4197/5100 lr:0.0004515 train_loss:3.3551 train_time:1266559ms step_avg:302.50ms
step:4198/5100 lr:0.000451 train_loss:3.3582 train_time:1266868ms step_avg:302.50ms
step:4199/5100 lr:0.0004505 train_loss:3.3136 train_time:1267177ms step_avg:302.50ms
step:4200/5100 lr:0.00045000000000000004 train_loss:3.1781 train_time:1267485ms step_avg:302.50ms
step:4201/5100 lr:0.00044950000000000003 train_loss:3.4242 train_time:1267793ms step_avg:302.50ms
step:4202/5100 lr:0.000449 train_loss:3.2920 train_time:1268101ms step_avg:302.51ms
step:4203/5100 lr:0.0004485 train_loss:3.3159 train_time:1268410ms step_avg:302.51ms
step:4204/5100 lr:0.000448 train_loss:3.4472 train_time:1268720ms step_avg:302.51ms
step:4205/5100 lr:0.00044750000000000004 train_loss:3.2171 train_time:1269027ms step_avg:302.51ms
step:4206/5100 lr:0.000447 train_loss:3.3256 train_time:1269335ms step_avg:302.51ms
step:4207/5100 lr:0.0004465 train_loss:3.7698 train_time:1269645ms step_avg:302.51ms
step:4208/5100 lr:0.000446 train_loss:2.8059 train_time:1269952ms step_avg:302.51ms
step:4209/5100 lr:0.00044550000000000004 train_loss:3.5410 train_time:1270261ms step_avg:302.52ms
step:4210/5100 lr:0.00044500000000000003 train_loss:3.4496 train_time:1270568ms step_avg:302.52ms
step:4211/5100 lr:0.0004445 train_loss:3.1700 train_time:1270876ms step_avg:302.52ms
step:4212/5100 lr:0.000444 train_loss:3.3213 train_time:1271186ms step_avg:302.52ms
step:4213/5100 lr:0.0004435 train_loss:3.3210 train_time:1271492ms step_avg:302.52ms
step:4214/5100 lr:0.00044300000000000003 train_loss:3.1692 train_time:1271800ms step_avg:302.52ms
step:4215/5100 lr:0.0004425 train_loss:3.2325 train_time:1272109ms step_avg:302.52ms
step:4216/5100 lr:0.000442 train_loss:3.2719 train_time:1272417ms step_avg:302.52ms
step:4217/5100 lr:0.0004415 train_loss:4.0613 train_time:1272726ms step_avg:302.53ms
step:4218/5100 lr:0.000441 train_loss:3.3893 train_time:1273033ms step_avg:302.53ms
step:4219/5100 lr:0.00044050000000000003 train_loss:3.4875 train_time:1273341ms step_avg:302.53ms
step:4220/5100 lr:0.00044 train_loss:3.3307 train_time:1273650ms step_avg:302.53ms
step:4221/5100 lr:0.0004395 train_loss:3.6043 train_time:1273957ms step_avg:302.53ms
step:4222/5100 lr:0.000439 train_loss:3.3603 train_time:1274267ms step_avg:302.53ms
step:4223/5100 lr:0.00043850000000000003 train_loss:3.4183 train_time:1274574ms step_avg:302.53ms
step:4224/5100 lr:0.000438 train_loss:3.1617 train_time:1274882ms step_avg:302.53ms
step:4225/5100 lr:0.0004375 train_loss:3.2489 train_time:1275191ms step_avg:302.54ms
step:4226/5100 lr:0.000437 train_loss:3.4107 train_time:1275498ms step_avg:302.54ms
step:4227/5100 lr:0.0004365 train_loss:3.2067 train_time:1275806ms step_avg:302.54ms
step:4228/5100 lr:0.000436 train_loss:3.3128 train_time:1276114ms step_avg:302.54ms
step:4229/5100 lr:0.0004355 train_loss:3.4099 train_time:1276422ms step_avg:302.54ms
step:4230/5100 lr:0.000435 train_loss:3.1479 train_time:1276732ms step_avg:302.54ms
step:4231/5100 lr:0.0004345 train_loss:3.2751 train_time:1277039ms step_avg:302.54ms
step:4232/5100 lr:0.00043400000000000003 train_loss:3.3935 train_time:1277347ms step_avg:302.55ms
step:4233/5100 lr:0.0004335 train_loss:3.3381 train_time:1277657ms step_avg:302.55ms
step:4234/5100 lr:0.000433 train_loss:3.5536 train_time:1277963ms step_avg:302.55ms
step:4235/5100 lr:0.0004325 train_loss:3.2749 train_time:1278273ms step_avg:302.55ms
step:4236/5100 lr:0.000432 train_loss:3.7113 train_time:1278580ms step_avg:302.55ms
step:4237/5100 lr:0.0004315 train_loss:3.4077 train_time:1278888ms step_avg:302.55ms
step:4238/5100 lr:0.000431 train_loss:3.3323 train_time:1279198ms step_avg:302.55ms
step:4239/5100 lr:0.0004305 train_loss:3.2935 train_time:1279505ms step_avg:302.55ms
step:4240/5100 lr:0.00043 train_loss:3.2422 train_time:1279813ms step_avg:302.56ms
step:4241/5100 lr:0.0004295 train_loss:3.4082 train_time:1280121ms step_avg:302.56ms
step:4242/5100 lr:0.000429 train_loss:3.2618 train_time:1280429ms step_avg:302.56ms
step:4243/5100 lr:0.0004285 train_loss:3.3890 train_time:1280739ms step_avg:302.56ms
step:4244/5100 lr:0.000428 train_loss:3.4862 train_time:1281045ms step_avg:302.56ms
step:4245/5100 lr:0.0004275 train_loss:3.3841 train_time:1281353ms step_avg:302.56ms
step:4246/5100 lr:0.000427 train_loss:3.2645 train_time:1281663ms step_avg:302.56ms
step:4247/5100 lr:0.0004265 train_loss:3.3824 train_time:1281970ms step_avg:302.57ms
step:4248/5100 lr:0.000426 train_loss:3.2614 train_time:1282279ms step_avg:302.57ms
step:4249/5100 lr:0.0004255 train_loss:3.2994 train_time:1282587ms step_avg:302.57ms
step:4250/5100 lr:0.000425 train_loss:3.3436 train_time:1282896ms step_avg:302.57ms
step:4250/5100 val_loss:3.2970 train_time:1282910ms step_avg:302.57ms
step:4251/5100 lr:0.0004245 train_loss:3.3758 train_time:1287194ms step_avg:303.51ms
step:4252/5100 lr:0.000424 train_loss:3.2562 train_time:1287502ms step_avg:303.51ms
step:4253/5100 lr:0.0004235 train_loss:3.4394 train_time:1287809ms step_avg:303.51ms
step:4254/5100 lr:0.000423 train_loss:3.2533 train_time:1288119ms step_avg:303.52ms
step:4255/5100 lr:0.00042249999999999997 train_loss:3.2099 train_time:1288426ms step_avg:303.52ms
step:4256/5100 lr:0.000422 train_loss:3.5728 train_time:1288735ms step_avg:303.52ms
step:4257/5100 lr:0.0004215 train_loss:3.0790 train_time:1289043ms step_avg:303.52ms
step:4258/5100 lr:0.000421 train_loss:3.0875 train_time:1289351ms step_avg:303.52ms
step:4259/5100 lr:0.0004205 train_loss:3.3309 train_time:1289660ms step_avg:303.52ms
step:4260/5100 lr:0.00042 train_loss:3.8111 train_time:1289967ms step_avg:303.52ms
step:4261/5100 lr:0.0004195 train_loss:3.2278 train_time:1290275ms step_avg:303.52ms
step:4262/5100 lr:0.000419 train_loss:3.6112 train_time:1290584ms step_avg:303.52ms
step:4263/5100 lr:0.0004185 train_loss:3.3451 train_time:1290892ms step_avg:303.53ms
step:4264/5100 lr:0.00041799999999999997 train_loss:3.1713 train_time:1291204ms step_avg:303.53ms
step:4265/5100 lr:0.0004175 train_loss:3.2547 train_time:1291511ms step_avg:303.53ms
step:4266/5100 lr:0.000417 train_loss:3.1522 train_time:1291820ms step_avg:303.53ms
step:4267/5100 lr:0.0004165 train_loss:3.4372 train_time:1292129ms step_avg:303.53ms
step:4268/5100 lr:0.000416 train_loss:3.4078 train_time:1292436ms step_avg:303.53ms
step:4269/5100 lr:0.00041549999999999996 train_loss:3.3429 train_time:1292745ms step_avg:303.53ms
step:4270/5100 lr:0.000415 train_loss:3.4174 train_time:1293053ms step_avg:303.53ms
step:4271/5100 lr:0.0004145 train_loss:3.3537 train_time:1293361ms step_avg:303.53ms
step:4272/5100 lr:0.000414 train_loss:3.3128 train_time:1293671ms step_avg:303.54ms
step:4273/5100 lr:0.00041349999999999997 train_loss:3.3063 train_time:1293978ms step_avg:303.54ms
step:4274/5100 lr:0.000413 train_loss:3.4748 train_time:1294286ms step_avg:303.54ms
step:4275/5100 lr:0.0004125 train_loss:3.1748 train_time:1294595ms step_avg:303.54ms
step:4276/5100 lr:0.000412 train_loss:3.2468 train_time:1294904ms step_avg:303.54ms
step:4277/5100 lr:0.0004115 train_loss:3.2532 train_time:1295213ms step_avg:303.54ms
step:4278/5100 lr:0.00041099999999999996 train_loss:3.2350 train_time:1295521ms step_avg:303.54ms
step:4279/5100 lr:0.0004105 train_loss:3.9887 train_time:1295829ms step_avg:303.54ms
step:4280/5100 lr:0.00041 train_loss:3.2268 train_time:1296139ms step_avg:303.55ms
step:4281/5100 lr:0.0004095 train_loss:3.3121 train_time:1296446ms step_avg:303.55ms
step:4282/5100 lr:0.00040899999999999997 train_loss:3.3436 train_time:1296756ms step_avg:303.55ms
step:4283/5100 lr:0.0004085 train_loss:3.4516 train_time:1297063ms step_avg:303.55ms
step:4284/5100 lr:0.000408 train_loss:3.4706 train_time:1297371ms step_avg:303.55ms
step:4285/5100 lr:0.0004075 train_loss:3.3089 train_time:1297681ms step_avg:303.55ms
step:4286/5100 lr:0.00040699999999999997 train_loss:3.4976 train_time:1297988ms step_avg:303.55ms
step:4287/5100 lr:0.00040649999999999996 train_loss:3.2020 train_time:1298297ms step_avg:303.55ms
step:4288/5100 lr:0.00040600000000000006 train_loss:3.2247 train_time:1298604ms step_avg:303.55ms
step:4289/5100 lr:0.00040550000000000004 train_loss:3.1641 train_time:1298912ms step_avg:303.55ms
step:4290/5100 lr:0.00040500000000000003 train_loss:3.2684 train_time:1299221ms step_avg:303.56ms
step:4291/5100 lr:0.0004045 train_loss:3.4177 train_time:1299528ms step_avg:303.56ms
step:4292/5100 lr:0.000404 train_loss:3.4004 train_time:1299836ms step_avg:303.56ms
step:4293/5100 lr:0.00040350000000000005 train_loss:3.3144 train_time:1300145ms step_avg:303.56ms
step:4294/5100 lr:0.00040300000000000004 train_loss:3.4068 train_time:1300451ms step_avg:303.56ms
step:4295/5100 lr:0.0004025 train_loss:3.3611 train_time:1300760ms step_avg:303.56ms
step:4296/5100 lr:0.000402 train_loss:3.3384 train_time:1301066ms step_avg:303.56ms
step:4297/5100 lr:0.00040150000000000006 train_loss:3.1892 train_time:1301374ms step_avg:303.56ms
step:4298/5100 lr:0.00040100000000000004 train_loss:3.3962 train_time:1301684ms step_avg:303.56ms
step:4299/5100 lr:0.00040050000000000003 train_loss:3.3336 train_time:1301991ms step_avg:303.57ms
step:4300/5100 lr:0.0004 train_loss:3.3594 train_time:1302300ms step_avg:303.57ms
step:4301/5100 lr:0.0003995 train_loss:3.2639 train_time:1302608ms step_avg:303.57ms
step:4302/5100 lr:0.00039900000000000005 train_loss:3.3616 train_time:1302916ms step_avg:303.57ms
step:4303/5100 lr:0.00039850000000000004 train_loss:3.3212 train_time:1303225ms step_avg:303.57ms
step:4304/5100 lr:0.000398 train_loss:3.1928 train_time:1303532ms step_avg:303.57ms
step:4305/5100 lr:0.0003975 train_loss:3.4695 train_time:1303840ms step_avg:303.57ms
step:4306/5100 lr:0.00039700000000000005 train_loss:3.3432 train_time:1304150ms step_avg:303.57ms
step:4307/5100 lr:0.00039650000000000004 train_loss:3.2750 train_time:1304456ms step_avg:303.57ms
step:4308/5100 lr:0.00039600000000000003 train_loss:3.3437 train_time:1304765ms step_avg:303.57ms
step:4309/5100 lr:0.0003955 train_loss:3.4686 train_time:1305072ms step_avg:303.58ms
step:4310/5100 lr:0.000395 train_loss:3.2031 train_time:1305380ms step_avg:303.58ms
step:4311/5100 lr:0.00039450000000000005 train_loss:3.1877 train_time:1305689ms step_avg:303.58ms
step:4312/5100 lr:0.00039400000000000004 train_loss:3.2785 train_time:1305996ms step_avg:303.58ms
step:4313/5100 lr:0.0003935 train_loss:3.2532 train_time:1306304ms step_avg:303.58ms
step:4314/5100 lr:0.000393 train_loss:3.2685 train_time:1306612ms step_avg:303.58ms
step:4315/5100 lr:0.0003925 train_loss:3.3838 train_time:1306920ms step_avg:303.58ms
step:4316/5100 lr:0.00039200000000000004 train_loss:3.2217 train_time:1307229ms step_avg:303.58ms
step:4317/5100 lr:0.00039150000000000003 train_loss:4.1877 train_time:1307536ms step_avg:303.58ms
step:4318/5100 lr:0.000391 train_loss:3.3189 train_time:1307844ms step_avg:303.58ms
step:4319/5100 lr:0.0003905 train_loss:3.3213 train_time:1308152ms step_avg:303.59ms
step:4320/5100 lr:0.00039000000000000005 train_loss:3.4188 train_time:1308460ms step_avg:303.59ms
step:4321/5100 lr:0.00038950000000000003 train_loss:3.6037 train_time:1308767ms step_avg:303.59ms
step:4322/5100 lr:0.000389 train_loss:3.2512 train_time:1309075ms step_avg:303.59ms
step:4323/5100 lr:0.0003885 train_loss:3.1489 train_time:1309383ms step_avg:303.59ms
step:4324/5100 lr:0.000388 train_loss:3.4525 train_time:1309693ms step_avg:303.59ms
step:4325/5100 lr:0.00038750000000000004 train_loss:3.2799 train_time:1309999ms step_avg:303.59ms
step:4326/5100 lr:0.00038700000000000003 train_loss:3.3398 train_time:1310308ms step_avg:303.59ms
step:4327/5100 lr:0.0003865 train_loss:3.2313 train_time:1310616ms step_avg:303.59ms
step:4328/5100 lr:0.000386 train_loss:3.2091 train_time:1310923ms step_avg:303.60ms
step:4329/5100 lr:0.0003855 train_loss:3.4523 train_time:1311233ms step_avg:303.60ms
step:4330/5100 lr:0.00038500000000000003 train_loss:3.4528 train_time:1311540ms step_avg:303.60ms
step:4331/5100 lr:0.0003845 train_loss:3.2546 train_time:1311848ms step_avg:303.60ms
step:4332/5100 lr:0.000384 train_loss:3.3605 train_time:1312156ms step_avg:303.60ms
step:4333/5100 lr:0.0003835 train_loss:3.3487 train_time:1312464ms step_avg:303.60ms
step:4334/5100 lr:0.00038300000000000004 train_loss:3.1730 train_time:1312773ms step_avg:303.60ms
step:4335/5100 lr:0.00038250000000000003 train_loss:3.0445 train_time:1313080ms step_avg:303.60ms
step:4336/5100 lr:0.000382 train_loss:3.1475 train_time:1313388ms step_avg:303.60ms
step:4337/5100 lr:0.0003815 train_loss:3.1342 train_time:1313697ms step_avg:303.60ms
step:4338/5100 lr:0.000381 train_loss:3.2683 train_time:1314004ms step_avg:303.61ms
step:4339/5100 lr:0.00038050000000000003 train_loss:3.1946 train_time:1314313ms step_avg:303.61ms
step:4340/5100 lr:0.00038 train_loss:3.1281 train_time:1314621ms step_avg:303.61ms
step:4341/5100 lr:0.0003795 train_loss:3.3954 train_time:1314930ms step_avg:303.61ms
step:4342/5100 lr:0.000379 train_loss:3.2648 train_time:1315239ms step_avg:303.61ms
step:4343/5100 lr:0.0003785 train_loss:3.4601 train_time:1315546ms step_avg:303.61ms
step:4344/5100 lr:0.000378 train_loss:4.0708 train_time:1315854ms step_avg:303.61ms
step:4345/5100 lr:0.0003775 train_loss:3.2725 train_time:1316163ms step_avg:303.61ms
step:4346/5100 lr:0.000377 train_loss:3.4002 train_time:1316471ms step_avg:303.61ms
step:4347/5100 lr:0.0003765 train_loss:3.4886 train_time:1316780ms step_avg:303.62ms
step:4348/5100 lr:0.00037600000000000003 train_loss:3.1917 train_time:1317088ms step_avg:303.62ms
step:4349/5100 lr:0.0003755 train_loss:3.2943 train_time:1317397ms step_avg:303.62ms
step:4350/5100 lr:0.000375 train_loss:3.0737 train_time:1317705ms step_avg:303.62ms
step:4351/5100 lr:0.0003745 train_loss:3.2555 train_time:1318011ms step_avg:303.62ms
step:4352/5100 lr:0.000374 train_loss:3.3701 train_time:1318325ms step_avg:303.62ms
step:4353/5100 lr:0.0003735 train_loss:3.4163 train_time:1318627ms step_avg:303.62ms
step:4354/5100 lr:0.000373 train_loss:3.3552 train_time:1318935ms step_avg:303.62ms
step:4355/5100 lr:0.0003725 train_loss:3.3716 train_time:1319244ms step_avg:303.62ms
step:4356/5100 lr:0.000372 train_loss:3.3745 train_time:1319552ms step_avg:303.62ms
step:4357/5100 lr:0.00037150000000000003 train_loss:3.1338 train_time:1319860ms step_avg:303.63ms
step:4358/5100 lr:0.000371 train_loss:3.2029 train_time:1320170ms step_avg:303.63ms
step:4359/5100 lr:0.0003705 train_loss:3.0024 train_time:1320476ms step_avg:303.63ms
step:4360/5100 lr:0.00037 train_loss:3.2675 train_time:1320785ms step_avg:303.63ms
step:4361/5100 lr:0.0003695 train_loss:3.3230 train_time:1321092ms step_avg:303.63ms
step:4362/5100 lr:0.000369 train_loss:3.2242 train_time:1321401ms step_avg:303.63ms
step:4363/5100 lr:0.0003685 train_loss:3.4622 train_time:1321711ms step_avg:303.63ms
step:4364/5100 lr:0.000368 train_loss:3.4028 train_time:1322018ms step_avg:303.63ms
step:4365/5100 lr:0.0003675 train_loss:3.1102 train_time:1322328ms step_avg:303.63ms
step:4366/5100 lr:0.000367 train_loss:3.0672 train_time:1322636ms step_avg:303.64ms
step:4367/5100 lr:0.0003665 train_loss:3.1880 train_time:1322943ms step_avg:303.64ms
step:4368/5100 lr:0.000366 train_loss:3.2959 train_time:1323252ms step_avg:303.64ms
step:4369/5100 lr:0.0003655 train_loss:3.4144 train_time:1323560ms step_avg:303.64ms
step:4370/5100 lr:0.000365 train_loss:3.4114 train_time:1324077ms step_avg:303.69ms
step:4371/5100 lr:0.0003645 train_loss:3.4260 train_time:1324384ms step_avg:303.69ms
step:4372/5100 lr:0.000364 train_loss:3.6758 train_time:1324692ms step_avg:303.69ms
step:4373/5100 lr:0.0003635 train_loss:3.3812 train_time:1325000ms step_avg:303.69ms
step:4374/5100 lr:0.000363 train_loss:3.3736 train_time:1325308ms step_avg:303.69ms
step:4375/5100 lr:0.0003625 train_loss:3.4145 train_time:1325617ms step_avg:303.69ms
step:4375/5100 val_loss:3.2862 train_time:1325631ms step_avg:303.70ms
step:4376/5100 lr:0.000362 train_loss:3.2847 train_time:1329907ms step_avg:304.61ms
step:4377/5100 lr:0.0003615 train_loss:3.2862 train_time:1330215ms step_avg:304.61ms
step:4378/5100 lr:0.000361 train_loss:3.2757 train_time:1330525ms step_avg:304.61ms
step:4379/5100 lr:0.0003605 train_loss:3.4474 train_time:1330832ms step_avg:304.61ms
step:4380/5100 lr:0.00035999999999999997 train_loss:3.3812 train_time:1331140ms step_avg:304.61ms
step:4381/5100 lr:0.0003595 train_loss:3.5404 train_time:1331448ms step_avg:304.61ms
step:4382/5100 lr:0.000359 train_loss:3.2188 train_time:1331992ms step_avg:304.66ms
step:4383/5100 lr:0.0003585 train_loss:3.2509 train_time:1332299ms step_avg:304.66ms
step:4384/5100 lr:0.000358 train_loss:3.2127 train_time:1332607ms step_avg:304.67ms
step:4385/5100 lr:0.0003575 train_loss:3.0007 train_time:1332916ms step_avg:304.67ms
step:4386/5100 lr:0.000357 train_loss:3.0660 train_time:1333223ms step_avg:304.67ms
step:4387/5100 lr:0.0003565 train_loss:3.2684 train_time:1333531ms step_avg:304.67ms
step:4388/5100 lr:0.000356 train_loss:3.4031 train_time:1333840ms step_avg:304.67ms
step:4389/5100 lr:0.00035549999999999997 train_loss:3.8868 train_time:1334147ms step_avg:304.67ms
step:4390/5100 lr:0.000355 train_loss:3.2452 train_time:1334457ms step_avg:304.67ms
step:4391/5100 lr:0.0003545 train_loss:3.3036 train_time:1334765ms step_avg:304.67ms
step:4392/5100 lr:0.000354 train_loss:3.2739 train_time:1335073ms step_avg:304.67ms
step:4393/5100 lr:0.0003535 train_loss:3.1476 train_time:1335382ms step_avg:304.67ms
step:4394/5100 lr:0.00035299999999999996 train_loss:3.3378 train_time:1335689ms step_avg:304.67ms
step:4395/5100 lr:0.0003525 train_loss:3.3076 train_time:1335998ms step_avg:304.67ms
step:4396/5100 lr:0.000352 train_loss:3.3038 train_time:1336305ms step_avg:304.68ms
step:4397/5100 lr:0.0003515 train_loss:3.1975 train_time:1336613ms step_avg:304.68ms
step:4398/5100 lr:0.00035099999999999997 train_loss:3.4915 train_time:1336923ms step_avg:304.68ms
step:4399/5100 lr:0.0003505 train_loss:3.3389 train_time:1337230ms step_avg:304.68ms
step:4400/5100 lr:0.00035 train_loss:3.2390 train_time:1337538ms step_avg:304.68ms
step:4401/5100 lr:0.0003495 train_loss:3.3269 train_time:1337847ms step_avg:304.68ms
step:4402/5100 lr:0.00034899999999999997 train_loss:3.1644 train_time:1338154ms step_avg:304.68ms
step:4403/5100 lr:0.00034849999999999996 train_loss:3.2831 train_time:1338463ms step_avg:304.68ms
step:4404/5100 lr:0.000348 train_loss:3.2823 train_time:1338769ms step_avg:304.68ms
step:4405/5100 lr:0.0003475 train_loss:3.2036 train_time:1339078ms step_avg:304.68ms
step:4406/5100 lr:0.000347 train_loss:3.2189 train_time:1339387ms step_avg:304.68ms
step:4407/5100 lr:0.00034649999999999997 train_loss:3.0957 train_time:1339694ms step_avg:304.68ms
step:4408/5100 lr:0.000346 train_loss:3.1844 train_time:1340003ms step_avg:304.68ms
step:4409/5100 lr:0.0003455 train_loss:3.6869 train_time:1340310ms step_avg:304.69ms
step:4410/5100 lr:0.000345 train_loss:3.1881 train_time:1340618ms step_avg:304.69ms
step:4411/5100 lr:0.00034449999999999997 train_loss:3.3064 train_time:1340927ms step_avg:304.69ms
step:4412/5100 lr:0.00034399999999999996 train_loss:3.2418 train_time:1341234ms step_avg:304.69ms
step:4413/5100 lr:0.00034350000000000006 train_loss:3.2069 train_time:1341542ms step_avg:304.69ms
step:4414/5100 lr:0.00034300000000000004 train_loss:3.4284 train_time:1341851ms step_avg:304.69ms
step:4415/5100 lr:0.00034250000000000003 train_loss:3.3829 train_time:1342158ms step_avg:304.69ms
step:4416/5100 lr:0.000342 train_loss:3.3129 train_time:1342467ms step_avg:304.69ms
step:4417/5100 lr:0.0003415 train_loss:3.5886 train_time:1342774ms step_avg:304.69ms
step:4418/5100 lr:0.00034100000000000005 train_loss:3.3941 train_time:1343082ms step_avg:304.69ms
step:4419/5100 lr:0.00034050000000000004 train_loss:3.3933 train_time:1343392ms step_avg:304.69ms
step:4420/5100 lr:0.00034 train_loss:3.5965 train_time:1343698ms step_avg:304.69ms
step:4421/5100 lr:0.0003395 train_loss:3.3074 train_time:1344007ms step_avg:304.69ms
step:4422/5100 lr:0.00033900000000000005 train_loss:3.2653 train_time:1344314ms step_avg:304.69ms
step:4423/5100 lr:0.00033850000000000004 train_loss:3.3293 train_time:1344622ms step_avg:304.70ms
step:4424/5100 lr:0.00033800000000000003 train_loss:3.3774 train_time:1344931ms step_avg:304.70ms
step:4425/5100 lr:0.0003375 train_loss:3.1929 train_time:1345238ms step_avg:304.70ms
step:4426/5100 lr:0.000337 train_loss:3.1034 train_time:1345545ms step_avg:304.70ms
step:4427/5100 lr:0.00033650000000000005 train_loss:3.3131 train_time:1345854ms step_avg:304.70ms
step:4428/5100 lr:0.00033600000000000004 train_loss:3.6328 train_time:1346162ms step_avg:304.70ms
step:4429/5100 lr:0.0003355 train_loss:3.2490 train_time:1346469ms step_avg:304.70ms
step:4430/5100 lr:0.000335 train_loss:3.2035 train_time:1346778ms step_avg:304.70ms
step:4431/5100 lr:0.00033450000000000005 train_loss:3.2074 train_time:1347085ms step_avg:304.70ms
step:4432/5100 lr:0.00033400000000000004 train_loss:3.3584 train_time:1347393ms step_avg:304.70ms
step:4433/5100 lr:0.00033350000000000003 train_loss:3.2954 train_time:1347701ms step_avg:304.70ms
step:4434/5100 lr:0.000333 train_loss:3.3961 train_time:1348009ms step_avg:304.70ms
step:4435/5100 lr:0.0003325 train_loss:3.3071 train_time:1348317ms step_avg:304.70ms
step:4436/5100 lr:0.00033200000000000005 train_loss:3.2003 train_time:1348625ms step_avg:304.71ms
step:4437/5100 lr:0.00033150000000000003 train_loss:3.2643 train_time:1348933ms step_avg:304.71ms
step:4438/5100 lr:0.000331 train_loss:3.1465 train_time:1349241ms step_avg:304.71ms
step:4439/5100 lr:0.0003305 train_loss:3.1483 train_time:1349549ms step_avg:304.71ms
step:4440/5100 lr:0.00033 train_loss:3.3131 train_time:1349857ms step_avg:304.71ms
step:4441/5100 lr:0.00032950000000000004 train_loss:3.4397 train_time:1350165ms step_avg:304.71ms
step:4442/5100 lr:0.00032900000000000003 train_loss:3.2675 train_time:1350474ms step_avg:304.71ms
step:4443/5100 lr:0.0003285 train_loss:3.1288 train_time:1350782ms step_avg:304.71ms
step:4444/5100 lr:0.000328 train_loss:3.3031 train_time:1351090ms step_avg:304.71ms
step:4445/5100 lr:0.00032750000000000005 train_loss:3.1066 train_time:1351399ms step_avg:304.71ms
step:4446/5100 lr:0.00032700000000000003 train_loss:3.2994 train_time:1351706ms step_avg:304.71ms
step:4447/5100 lr:0.0003265 train_loss:3.2177 train_time:1352015ms step_avg:304.71ms
step:4448/5100 lr:0.000326 train_loss:3.2825 train_time:1352322ms step_avg:304.71ms
step:4449/5100 lr:0.0003255 train_loss:3.0875 train_time:1352630ms step_avg:304.71ms
step:4450/5100 lr:0.00032500000000000004 train_loss:3.1999 train_time:1352939ms step_avg:304.72ms
step:4451/5100 lr:0.00032450000000000003 train_loss:3.1149 train_time:1353246ms step_avg:304.72ms
step:4452/5100 lr:0.000324 train_loss:3.1942 train_time:1353554ms step_avg:304.72ms
step:4453/5100 lr:0.0003235 train_loss:3.1935 train_time:1353864ms step_avg:304.72ms
step:4454/5100 lr:0.000323 train_loss:3.2749 train_time:1354171ms step_avg:304.72ms
step:4455/5100 lr:0.00032250000000000003 train_loss:3.4733 train_time:1354482ms step_avg:304.72ms
step:4456/5100 lr:0.000322 train_loss:3.2801 train_time:1354789ms step_avg:304.72ms
step:4457/5100 lr:0.0003215 train_loss:3.3622 train_time:1355098ms step_avg:304.72ms
step:4458/5100 lr:0.000321 train_loss:3.2368 train_time:1355407ms step_avg:304.72ms
step:4459/5100 lr:0.00032050000000000004 train_loss:3.2046 train_time:1355714ms step_avg:304.72ms
step:4460/5100 lr:0.00032 train_loss:3.1758 train_time:1356023ms step_avg:304.72ms
step:4461/5100 lr:0.0003195 train_loss:3.0125 train_time:1356330ms step_avg:304.72ms
step:4462/5100 lr:0.000319 train_loss:3.3527 train_time:1356638ms step_avg:304.73ms
step:4463/5100 lr:0.0003185 train_loss:3.3691 train_time:1356947ms step_avg:304.73ms
step:4464/5100 lr:0.00031800000000000003 train_loss:3.1995 train_time:1357255ms step_avg:304.73ms
step:4465/5100 lr:0.0003175 train_loss:3.2796 train_time:1357563ms step_avg:304.73ms
step:4466/5100 lr:0.000317 train_loss:3.2898 train_time:1357871ms step_avg:304.73ms
step:4467/5100 lr:0.0003165 train_loss:3.2403 train_time:1358178ms step_avg:304.73ms
step:4468/5100 lr:0.000316 train_loss:3.2380 train_time:1358488ms step_avg:304.73ms
step:4469/5100 lr:0.0003155 train_loss:3.2861 train_time:1358795ms step_avg:304.73ms
step:4470/5100 lr:0.000315 train_loss:3.2952 train_time:1359103ms step_avg:304.73ms
step:4471/5100 lr:0.0003145 train_loss:3.5922 train_time:1359414ms step_avg:304.73ms
step:4472/5100 lr:0.000314 train_loss:3.2773 train_time:1359721ms step_avg:304.73ms
step:4473/5100 lr:0.00031350000000000003 train_loss:3.2502 train_time:1360031ms step_avg:304.73ms
step:4474/5100 lr:0.000313 train_loss:3.0112 train_time:1360338ms step_avg:304.74ms
step:4475/5100 lr:0.0003125 train_loss:3.4288 train_time:1360646ms step_avg:304.74ms
step:4476/5100 lr:0.000312 train_loss:3.0923 train_time:1360956ms step_avg:304.74ms
step:4477/5100 lr:0.0003115 train_loss:3.0323 train_time:1361262ms step_avg:304.74ms
step:4478/5100 lr:0.000311 train_loss:3.3274 train_time:1361570ms step_avg:304.74ms
step:4479/5100 lr:0.0003105 train_loss:2.8117 train_time:1361879ms step_avg:304.74ms
step:4480/5100 lr:0.00031 train_loss:3.2645 train_time:1362186ms step_avg:304.74ms
step:4481/5100 lr:0.0003095 train_loss:3.3392 train_time:1362495ms step_avg:304.74ms
step:4482/5100 lr:0.00030900000000000003 train_loss:3.2406 train_time:1362802ms step_avg:304.74ms
step:4483/5100 lr:0.0003085 train_loss:3.2703 train_time:1363110ms step_avg:304.74ms
step:4484/5100 lr:0.000308 train_loss:3.3046 train_time:1363419ms step_avg:304.74ms
step:4485/5100 lr:0.0003075 train_loss:3.3489 train_time:1363728ms step_avg:304.74ms
step:4486/5100 lr:0.000307 train_loss:3.1867 train_time:1364036ms step_avg:304.74ms
step:4487/5100 lr:0.0003065 train_loss:3.4945 train_time:1364344ms step_avg:304.75ms
step:4488/5100 lr:0.000306 train_loss:3.3558 train_time:1364653ms step_avg:304.75ms
step:4489/5100 lr:0.0003055 train_loss:3.3429 train_time:1364961ms step_avg:304.75ms
step:4490/5100 lr:0.000305 train_loss:3.1205 train_time:1365269ms step_avg:304.75ms
step:4491/5100 lr:0.0003045 train_loss:3.2576 train_time:1365579ms step_avg:304.75ms
step:4492/5100 lr:0.000304 train_loss:3.3282 train_time:1365884ms step_avg:304.75ms
step:4493/5100 lr:0.0003035 train_loss:3.1419 train_time:1366193ms step_avg:304.75ms
step:4494/5100 lr:0.000303 train_loss:3.1462 train_time:1366502ms step_avg:304.75ms
step:4495/5100 lr:0.0003025 train_loss:3.0592 train_time:1366809ms step_avg:304.75ms
step:4496/5100 lr:0.000302 train_loss:3.2600 train_time:1367117ms step_avg:304.75ms
step:4497/5100 lr:0.0003015 train_loss:2.8919 train_time:1367426ms step_avg:304.75ms
step:4498/5100 lr:0.000301 train_loss:3.4932 train_time:1367732ms step_avg:304.75ms
step:4499/5100 lr:0.0003005 train_loss:3.2640 train_time:1368042ms step_avg:304.75ms
step:4500/5100 lr:0.0003 train_loss:3.3303 train_time:1368349ms step_avg:304.75ms
step:4500/5100 val_loss:3.2756 train_time:1368364ms step_avg:304.76ms
step:4501/5100 lr:0.0002995 train_loss:3.6630 train_time:1372656ms step_avg:305.65ms
step:4502/5100 lr:0.000299 train_loss:3.0176 train_time:1372964ms step_avg:305.65ms
step:4503/5100 lr:0.0002985 train_loss:3.4491 train_time:1373271ms step_avg:305.65ms
step:4504/5100 lr:0.000298 train_loss:3.1088 train_time:1373579ms step_avg:305.65ms
step:4505/5100 lr:0.00029749999999999997 train_loss:3.4444 train_time:1373887ms step_avg:305.65ms
step:4506/5100 lr:0.000297 train_loss:3.2559 train_time:1374195ms step_avg:305.65ms
step:4507/5100 lr:0.0002965 train_loss:3.2944 train_time:1374503ms step_avg:305.65ms
step:4508/5100 lr:0.000296 train_loss:3.3167 train_time:1374811ms step_avg:305.65ms
step:4509/5100 lr:0.00029549999999999997 train_loss:3.4460 train_time:1375119ms step_avg:305.65ms
step:4510/5100 lr:0.000295 train_loss:3.2135 train_time:1375428ms step_avg:305.65ms
step:4511/5100 lr:0.0002945 train_loss:3.2410 train_time:1375735ms step_avg:305.65ms
step:4512/5100 lr:0.000294 train_loss:3.5883 train_time:1376043ms step_avg:305.65ms
step:4513/5100 lr:0.0002935 train_loss:3.5788 train_time:1376351ms step_avg:305.65ms
step:4514/5100 lr:0.00029299999999999997 train_loss:3.3106 train_time:1376659ms step_avg:305.65ms
step:4515/5100 lr:0.0002925 train_loss:3.1794 train_time:1376968ms step_avg:305.65ms
step:4516/5100 lr:0.000292 train_loss:3.3475 train_time:1377274ms step_avg:305.65ms
step:4517/5100 lr:0.0002915 train_loss:3.3435 train_time:1377582ms step_avg:305.65ms
step:4518/5100 lr:0.00029099999999999997 train_loss:3.3413 train_time:1377891ms step_avg:305.65ms
step:4519/5100 lr:0.00029049999999999996 train_loss:3.3712 train_time:1378198ms step_avg:305.65ms
step:4520/5100 lr:0.00029 train_loss:3.3296 train_time:1378507ms step_avg:305.66ms
step:4521/5100 lr:0.0002895 train_loss:3.3328 train_time:1378814ms step_avg:305.66ms
step:4522/5100 lr:0.000289 train_loss:3.2026 train_time:1379121ms step_avg:305.66ms
step:4523/5100 lr:0.00028849999999999997 train_loss:3.3902 train_time:1379431ms step_avg:305.66ms
step:4524/5100 lr:0.000288 train_loss:3.2422 train_time:1379737ms step_avg:305.66ms
step:4525/5100 lr:0.0002875 train_loss:3.3483 train_time:1380048ms step_avg:305.66ms
step:4526/5100 lr:0.000287 train_loss:3.3132 train_time:1380356ms step_avg:305.66ms
step:4527/5100 lr:0.00028649999999999997 train_loss:3.1044 train_time:1380664ms step_avg:305.66ms
step:4528/5100 lr:0.00028599999999999996 train_loss:3.2247 train_time:1380973ms step_avg:305.66ms
step:4529/5100 lr:0.0002855 train_loss:3.5131 train_time:1381280ms step_avg:305.66ms
step:4530/5100 lr:0.000285 train_loss:3.3635 train_time:1381588ms step_avg:305.66ms
step:4531/5100 lr:0.0002845 train_loss:3.3914 train_time:1381897ms step_avg:305.66ms
step:4532/5100 lr:0.00028399999999999996 train_loss:3.1732 train_time:1382203ms step_avg:305.66ms
step:4533/5100 lr:0.0002835 train_loss:3.2736 train_time:1382512ms step_avg:305.66ms
step:4534/5100 lr:0.000283 train_loss:3.3145 train_time:1382819ms step_avg:305.66ms
step:4535/5100 lr:0.0002825 train_loss:3.2179 train_time:1383127ms step_avg:305.66ms
step:4536/5100 lr:0.00028199999999999997 train_loss:3.1752 train_time:1383436ms step_avg:305.66ms
step:4537/5100 lr:0.00028149999999999996 train_loss:3.2319 train_time:1383744ms step_avg:305.66ms
step:4538/5100 lr:0.00028100000000000005 train_loss:3.4381 train_time:1384052ms step_avg:305.67ms
step:4539/5100 lr:0.00028050000000000004 train_loss:3.1436 train_time:1384359ms step_avg:305.67ms
step:4540/5100 lr:0.00028000000000000003 train_loss:3.2883 train_time:1384667ms step_avg:305.67ms
step:4541/5100 lr:0.0002795 train_loss:3.3384 train_time:1384976ms step_avg:305.67ms
step:4542/5100 lr:0.000279 train_loss:3.3978 train_time:1385283ms step_avg:305.67ms
step:4543/5100 lr:0.00027850000000000005 train_loss:3.3938 train_time:1385591ms step_avg:305.67ms
step:4544/5100 lr:0.00027800000000000004 train_loss:3.2101 train_time:1385899ms step_avg:305.67ms
step:4545/5100 lr:0.0002775 train_loss:3.2929 train_time:1386206ms step_avg:305.67ms
step:4546/5100 lr:0.000277 train_loss:3.1087 train_time:1386516ms step_avg:305.67ms
step:4547/5100 lr:0.00027650000000000005 train_loss:3.1361 train_time:1386822ms step_avg:305.67ms
step:4548/5100 lr:0.00027600000000000004 train_loss:3.3826 train_time:1387130ms step_avg:305.67ms
step:4549/5100 lr:0.00027550000000000003 train_loss:3.2082 train_time:1387440ms step_avg:305.67ms
step:4550/5100 lr:0.000275 train_loss:3.1451 train_time:1387747ms step_avg:305.67ms
step:4551/5100 lr:0.0002745 train_loss:3.1227 train_time:1388060ms step_avg:305.67ms
step:4552/5100 lr:0.00027400000000000005 train_loss:3.1078 train_time:1388366ms step_avg:305.67ms
step:4553/5100 lr:0.00027350000000000003 train_loss:3.2994 train_time:1388674ms step_avg:305.67ms
step:4554/5100 lr:0.000273 train_loss:3.1950 train_time:1388983ms step_avg:305.67ms
step:4555/5100 lr:0.0002725 train_loss:3.2618 train_time:1389290ms step_avg:305.67ms
step:4556/5100 lr:0.00027200000000000005 train_loss:3.0112 train_time:1389598ms step_avg:305.67ms
step:4557/5100 lr:0.00027150000000000004 train_loss:3.3243 train_time:1389909ms step_avg:305.68ms
step:4558/5100 lr:0.00027100000000000003 train_loss:3.1056 train_time:1390214ms step_avg:305.68ms
step:4559/5100 lr:0.0002705 train_loss:3.2595 train_time:1390523ms step_avg:305.68ms
step:4560/5100 lr:0.00027 train_loss:3.3162 train_time:1391040ms step_avg:305.72ms
step:4561/5100 lr:0.00026950000000000005 train_loss:3.4063 train_time:1391350ms step_avg:305.72ms
step:4562/5100 lr:0.00026900000000000003 train_loss:3.3076 train_time:1391656ms step_avg:305.72ms
step:4563/5100 lr:0.0002685 train_loss:3.2161 train_time:1391966ms step_avg:305.72ms
step:4564/5100 lr:0.000268 train_loss:3.5491 train_time:1392275ms step_avg:305.73ms
step:4565/5100 lr:0.0002675 train_loss:3.4547 train_time:1392582ms step_avg:305.73ms
step:4566/5100 lr:0.00026700000000000004 train_loss:3.4868 train_time:1392891ms step_avg:305.73ms
step:4567/5100 lr:0.0002665 train_loss:3.4192 train_time:1393198ms step_avg:305.73ms
step:4568/5100 lr:0.000266 train_loss:3.1894 train_time:1393506ms step_avg:305.73ms
step:4569/5100 lr:0.0002655 train_loss:3.3100 train_time:1393815ms step_avg:305.73ms
step:4570/5100 lr:0.00026500000000000004 train_loss:3.2960 train_time:1394123ms step_avg:305.73ms
step:4571/5100 lr:0.00026450000000000003 train_loss:3.2224 train_time:1394431ms step_avg:305.73ms
step:4572/5100 lr:0.000264 train_loss:3.3497 train_time:1394938ms step_avg:305.77ms
step:4573/5100 lr:0.0002635 train_loss:3.3571 train_time:1395246ms step_avg:305.77ms
step:4574/5100 lr:0.000263 train_loss:3.2273 train_time:1395553ms step_avg:305.77ms
step:4575/5100 lr:0.00026250000000000004 train_loss:3.2726 train_time:1395864ms step_avg:305.78ms
step:4576/5100 lr:0.000262 train_loss:3.3981 train_time:1396173ms step_avg:305.78ms
step:4577/5100 lr:0.0002615 train_loss:3.5023 train_time:1396480ms step_avg:305.78ms
step:4578/5100 lr:0.000261 train_loss:3.3197 train_time:1396788ms step_avg:305.78ms
step:4579/5100 lr:0.0002605 train_loss:3.2645 train_time:1397098ms step_avg:305.78ms
step:4580/5100 lr:0.00026000000000000003 train_loss:3.4513 train_time:1397405ms step_avg:305.78ms
step:4581/5100 lr:0.0002595 train_loss:3.1676 train_time:1397715ms step_avg:305.78ms
step:4582/5100 lr:0.000259 train_loss:3.1394 train_time:1398021ms step_avg:305.78ms
step:4583/5100 lr:0.0002585 train_loss:3.4739 train_time:1398329ms step_avg:305.78ms
step:4584/5100 lr:0.00025800000000000004 train_loss:3.1045 train_time:1398639ms step_avg:305.78ms
step:4585/5100 lr:0.0002575 train_loss:3.2013 train_time:1398946ms step_avg:305.78ms
step:4586/5100 lr:0.000257 train_loss:3.3392 train_time:1399259ms step_avg:305.78ms
step:4587/5100 lr:0.0002565 train_loss:3.3418 train_time:1399566ms step_avg:305.78ms
step:4588/5100 lr:0.000256 train_loss:3.2940 train_time:1399874ms step_avg:305.78ms
step:4589/5100 lr:0.00025550000000000003 train_loss:3.2248 train_time:1400185ms step_avg:305.78ms
step:4590/5100 lr:0.000255 train_loss:3.2890 train_time:1400492ms step_avg:305.78ms
step:4591/5100 lr:0.0002545 train_loss:3.2767 train_time:1400800ms step_avg:305.78ms
step:4592/5100 lr:0.000254 train_loss:3.2149 train_time:1401109ms step_avg:305.79ms
step:4593/5100 lr:0.0002535 train_loss:3.2886 train_time:1401417ms step_avg:305.79ms
step:4594/5100 lr:0.000253 train_loss:3.1816 train_time:1401726ms step_avg:305.79ms
step:4595/5100 lr:0.0002525 train_loss:3.1886 train_time:1402033ms step_avg:305.79ms
step:4596/5100 lr:0.000252 train_loss:3.3647 train_time:1402341ms step_avg:305.79ms
step:4597/5100 lr:0.0002515 train_loss:3.4096 train_time:1402653ms step_avg:305.79ms
step:4598/5100 lr:0.00025100000000000003 train_loss:3.1866 train_time:1402959ms step_avg:305.79ms
step:4599/5100 lr:0.0002505 train_loss:3.1385 train_time:1403266ms step_avg:305.79ms
step:4600/5100 lr:0.00025 train_loss:3.2268 train_time:1403574ms step_avg:305.79ms
step:4601/5100 lr:0.0002495 train_loss:3.4007 train_time:1403882ms step_avg:305.79ms
step:4602/5100 lr:0.000249 train_loss:3.4174 train_time:1404192ms step_avg:305.79ms
step:4603/5100 lr:0.0002485 train_loss:3.3294 train_time:1404499ms step_avg:305.79ms
step:4604/5100 lr:0.000248 train_loss:3.2903 train_time:1404807ms step_avg:305.79ms
step:4605/5100 lr:0.0002475 train_loss:3.4746 train_time:1405115ms step_avg:305.79ms
step:4606/5100 lr:0.000247 train_loss:3.2848 train_time:1405425ms step_avg:305.79ms
step:4607/5100 lr:0.00024650000000000003 train_loss:3.0430 train_time:1405733ms step_avg:305.79ms
step:4608/5100 lr:0.000246 train_loss:3.3590 train_time:1406041ms step_avg:305.79ms
step:4609/5100 lr:0.0002455 train_loss:3.2369 train_time:1406349ms step_avg:305.79ms
step:4610/5100 lr:0.000245 train_loss:3.3554 train_time:1406658ms step_avg:305.80ms
step:4611/5100 lr:0.0002445 train_loss:3.3634 train_time:1406965ms step_avg:305.80ms
step:4612/5100 lr:0.000244 train_loss:3.2561 train_time:1407275ms step_avg:305.80ms
step:4613/5100 lr:0.0002435 train_loss:3.2045 train_time:1407582ms step_avg:305.80ms
step:4614/5100 lr:0.000243 train_loss:3.2217 train_time:1407890ms step_avg:305.80ms
step:4615/5100 lr:0.00024249999999999999 train_loss:3.1730 train_time:1408200ms step_avg:305.80ms
step:4616/5100 lr:0.000242 train_loss:3.3225 train_time:1408507ms step_avg:305.80ms
step:4617/5100 lr:0.0002415 train_loss:3.2772 train_time:1408815ms step_avg:305.80ms
step:4618/5100 lr:0.000241 train_loss:3.3458 train_time:1409124ms step_avg:305.80ms
step:4619/5100 lr:0.0002405 train_loss:3.3171 train_time:1409432ms step_avg:305.80ms
step:4620/5100 lr:0.00024 train_loss:3.3820 train_time:1409741ms step_avg:305.80ms
step:4621/5100 lr:0.0002395 train_loss:3.1976 train_time:1410048ms step_avg:305.80ms
step:4622/5100 lr:0.00023899999999999998 train_loss:3.2804 train_time:1410359ms step_avg:305.80ms
step:4623/5100 lr:0.0002385 train_loss:3.5135 train_time:1410668ms step_avg:305.80ms
step:4624/5100 lr:0.00023799999999999998 train_loss:3.2405 train_time:1410975ms step_avg:305.80ms
step:4625/5100 lr:0.0002375 train_loss:3.0098 train_time:1411285ms step_avg:305.80ms
step:4625/5100 val_loss:3.2651 train_time:1411298ms step_avg:305.81ms
step:4626/5100 lr:0.000237 train_loss:3.2679 train_time:1415589ms step_avg:306.67ms
step:4627/5100 lr:0.0002365 train_loss:3.1524 train_time:1415895ms step_avg:306.67ms
step:4628/5100 lr:0.000236 train_loss:3.3662 train_time:1416205ms step_avg:306.67ms
step:4629/5100 lr:0.0002355 train_loss:3.1620 train_time:1416511ms step_avg:306.67ms
step:4630/5100 lr:0.000235 train_loss:3.3571 train_time:1416819ms step_avg:306.67ms
step:4631/5100 lr:0.00023449999999999998 train_loss:3.4194 train_time:1417129ms step_avg:306.67ms
step:4632/5100 lr:0.00023400000000000002 train_loss:3.4725 train_time:1417435ms step_avg:306.67ms
step:4633/5100 lr:0.0002335 train_loss:3.0017 train_time:1417744ms step_avg:306.67ms
step:4634/5100 lr:0.00023300000000000003 train_loss:3.2785 train_time:1418051ms step_avg:306.67ms
step:4635/5100 lr:0.0002325 train_loss:3.2673 train_time:1418358ms step_avg:306.67ms
step:4636/5100 lr:0.00023200000000000003 train_loss:3.1161 train_time:1418668ms step_avg:306.67ms
step:4637/5100 lr:0.00023150000000000002 train_loss:3.3579 train_time:1418975ms step_avg:306.67ms
step:4638/5100 lr:0.000231 train_loss:3.2746 train_time:1419283ms step_avg:306.67ms
step:4639/5100 lr:0.00023050000000000002 train_loss:3.0795 train_time:1419593ms step_avg:306.67ms
step:4640/5100 lr:0.00023 train_loss:3.2290 train_time:1419900ms step_avg:306.67ms
step:4641/5100 lr:0.00022950000000000002 train_loss:3.3392 train_time:1420210ms step_avg:306.67ms
step:4642/5100 lr:0.000229 train_loss:3.5188 train_time:1420517ms step_avg:306.67ms
step:4643/5100 lr:0.00022850000000000002 train_loss:3.1301 train_time:1420826ms step_avg:306.68ms
step:4644/5100 lr:0.000228 train_loss:3.4281 train_time:1421134ms step_avg:306.68ms
step:4645/5100 lr:0.0002275 train_loss:3.2503 train_time:1421442ms step_avg:306.68ms
step:4646/5100 lr:0.00022700000000000002 train_loss:3.2014 train_time:1421751ms step_avg:306.68ms
step:4647/5100 lr:0.0002265 train_loss:3.3520 train_time:1422057ms step_avg:306.68ms
step:4648/5100 lr:0.00022600000000000002 train_loss:3.1317 train_time:1422365ms step_avg:306.68ms
step:4649/5100 lr:0.0002255 train_loss:3.3677 train_time:1422675ms step_avg:306.68ms
step:4650/5100 lr:0.00022500000000000002 train_loss:3.2614 train_time:1422982ms step_avg:306.68ms
step:4651/5100 lr:0.0002245 train_loss:3.2514 train_time:1423290ms step_avg:306.68ms
step:4652/5100 lr:0.000224 train_loss:3.1107 train_time:1423598ms step_avg:306.68ms
step:4653/5100 lr:0.0002235 train_loss:3.2246 train_time:1423907ms step_avg:306.68ms
step:4654/5100 lr:0.000223 train_loss:3.2210 train_time:1424216ms step_avg:306.68ms
step:4655/5100 lr:0.00022250000000000001 train_loss:3.5677 train_time:1424524ms step_avg:306.68ms
step:4656/5100 lr:0.000222 train_loss:3.2806 train_time:1424832ms step_avg:306.68ms
step:4657/5100 lr:0.00022150000000000002 train_loss:3.2468 train_time:1425141ms step_avg:306.68ms
step:4658/5100 lr:0.000221 train_loss:3.2274 train_time:1425448ms step_avg:306.68ms
step:4659/5100 lr:0.0002205 train_loss:3.3910 train_time:1425758ms step_avg:306.68ms
step:4660/5100 lr:0.00022 train_loss:3.3818 train_time:1426065ms step_avg:306.68ms
step:4661/5100 lr:0.0002195 train_loss:3.3118 train_time:1426373ms step_avg:306.68ms
step:4662/5100 lr:0.000219 train_loss:3.1750 train_time:1426684ms step_avg:306.68ms
step:4663/5100 lr:0.0002185 train_loss:3.4357 train_time:1426989ms step_avg:306.68ms
step:4664/5100 lr:0.000218 train_loss:3.4963 train_time:1427297ms step_avg:306.68ms
step:4665/5100 lr:0.0002175 train_loss:3.2907 train_time:1427607ms step_avg:306.68ms
step:4666/5100 lr:0.00021700000000000002 train_loss:3.2149 train_time:1427914ms step_avg:306.68ms
step:4667/5100 lr:0.0002165 train_loss:3.3899 train_time:1428225ms step_avg:306.68ms
step:4668/5100 lr:0.000216 train_loss:3.1722 train_time:1428532ms step_avg:306.68ms
step:4669/5100 lr:0.0002155 train_loss:3.0901 train_time:1428840ms step_avg:306.68ms
step:4670/5100 lr:0.000215 train_loss:3.1985 train_time:1429149ms step_avg:306.68ms
step:4671/5100 lr:0.0002145 train_loss:3.1378 train_time:1429456ms step_avg:306.68ms
step:4672/5100 lr:0.000214 train_loss:3.1806 train_time:1429765ms step_avg:306.68ms
step:4673/5100 lr:0.0002135 train_loss:3.1487 train_time:1430072ms step_avg:306.69ms
step:4674/5100 lr:0.000213 train_loss:3.3541 train_time:1430380ms step_avg:306.69ms
step:4675/5100 lr:0.0002125 train_loss:3.2007 train_time:1430690ms step_avg:306.69ms
step:4676/5100 lr:0.000212 train_loss:3.1719 train_time:1430997ms step_avg:306.69ms
step:4677/5100 lr:0.0002115 train_loss:3.3857 train_time:1431305ms step_avg:306.69ms
step:4678/5100 lr:0.000211 train_loss:3.2509 train_time:1431614ms step_avg:306.69ms
step:4679/5100 lr:0.0002105 train_loss:3.2601 train_time:1431921ms step_avg:306.69ms
step:4680/5100 lr:0.00021 train_loss:3.2724 train_time:1432230ms step_avg:306.69ms
step:4681/5100 lr:0.0002095 train_loss:3.3287 train_time:1432538ms step_avg:306.69ms
step:4682/5100 lr:0.00020899999999999998 train_loss:3.3925 train_time:1432848ms step_avg:306.69ms
step:4683/5100 lr:0.0002085 train_loss:3.2827 train_time:1433156ms step_avg:306.69ms
step:4684/5100 lr:0.000208 train_loss:3.3134 train_time:1433463ms step_avg:306.69ms
step:4685/5100 lr:0.0002075 train_loss:3.3307 train_time:1433771ms step_avg:306.69ms
step:4686/5100 lr:0.000207 train_loss:3.2092 train_time:1434079ms step_avg:306.69ms
step:4687/5100 lr:0.0002065 train_loss:3.4621 train_time:1434387ms step_avg:306.69ms
step:4688/5100 lr:0.000206 train_loss:3.0666 train_time:1434697ms step_avg:306.69ms
step:4689/5100 lr:0.00020549999999999998 train_loss:3.1274 train_time:1435004ms step_avg:306.69ms
step:4690/5100 lr:0.000205 train_loss:3.3241 train_time:1435313ms step_avg:306.69ms
step:4691/5100 lr:0.00020449999999999998 train_loss:3.1598 train_time:1435621ms step_avg:306.69ms
step:4692/5100 lr:0.000204 train_loss:3.1679 train_time:1435929ms step_avg:306.69ms
step:4693/5100 lr:0.00020349999999999999 train_loss:3.2168 train_time:1436239ms step_avg:306.69ms
step:4694/5100 lr:0.00020300000000000003 train_loss:3.1075 train_time:1436546ms step_avg:306.69ms
step:4695/5100 lr:0.00020250000000000002 train_loss:3.2112 train_time:1436854ms step_avg:306.69ms
step:4696/5100 lr:0.000202 train_loss:3.4692 train_time:1437163ms step_avg:306.69ms
step:4697/5100 lr:0.00020150000000000002 train_loss:3.5268 train_time:1437471ms step_avg:306.69ms
step:4698/5100 lr:0.000201 train_loss:3.2231 train_time:1437780ms step_avg:306.69ms
step:4699/5100 lr:0.00020050000000000002 train_loss:3.1343 train_time:1438087ms step_avg:306.69ms
step:4700/5100 lr:0.0002 train_loss:3.4793 train_time:1438395ms step_avg:306.69ms
step:4701/5100 lr:0.00019950000000000002 train_loss:3.1492 train_time:1438705ms step_avg:306.69ms
step:4702/5100 lr:0.000199 train_loss:3.0245 train_time:1439012ms step_avg:306.69ms
step:4703/5100 lr:0.00019850000000000003 train_loss:3.2304 train_time:1439320ms step_avg:306.70ms
step:4704/5100 lr:0.00019800000000000002 train_loss:3.1526 train_time:1439628ms step_avg:306.70ms
step:4705/5100 lr:0.0001975 train_loss:3.1991 train_time:1439936ms step_avg:306.70ms
step:4706/5100 lr:0.00019700000000000002 train_loss:3.2230 train_time:1440245ms step_avg:306.70ms
step:4707/5100 lr:0.0001965 train_loss:3.2786 train_time:1440552ms step_avg:306.70ms
step:4708/5100 lr:0.00019600000000000002 train_loss:3.4086 train_time:1440860ms step_avg:306.70ms
step:4709/5100 lr:0.0001955 train_loss:3.1974 train_time:1441169ms step_avg:306.70ms
step:4710/5100 lr:0.00019500000000000002 train_loss:3.3476 train_time:1441477ms step_avg:306.70ms
step:4711/5100 lr:0.0001945 train_loss:3.3066 train_time:1441786ms step_avg:306.70ms
step:4712/5100 lr:0.000194 train_loss:3.2672 train_time:1442093ms step_avg:306.70ms
step:4713/5100 lr:0.00019350000000000001 train_loss:3.2810 train_time:1442401ms step_avg:306.70ms
step:4714/5100 lr:0.000193 train_loss:3.2696 train_time:1442711ms step_avg:306.70ms
step:4715/5100 lr:0.00019250000000000002 train_loss:3.3312 train_time:1443017ms step_avg:306.70ms
step:4716/5100 lr:0.000192 train_loss:3.2174 train_time:1443326ms step_avg:306.70ms
step:4717/5100 lr:0.00019150000000000002 train_loss:3.1511 train_time:1443633ms step_avg:306.70ms
step:4718/5100 lr:0.000191 train_loss:3.3200 train_time:1443944ms step_avg:306.70ms
step:4719/5100 lr:0.0001905 train_loss:3.2503 train_time:1444253ms step_avg:306.70ms
step:4720/5100 lr:0.00019 train_loss:3.2645 train_time:1444560ms step_avg:306.70ms
step:4721/5100 lr:0.0001895 train_loss:3.2179 train_time:1444868ms step_avg:306.70ms
step:4722/5100 lr:0.000189 train_loss:3.1726 train_time:1445177ms step_avg:306.70ms
step:4723/5100 lr:0.0001885 train_loss:3.3067 train_time:1445485ms step_avg:306.70ms
step:4724/5100 lr:0.00018800000000000002 train_loss:3.3022 train_time:1445794ms step_avg:306.70ms
step:4725/5100 lr:0.0001875 train_loss:3.1857 train_time:1446100ms step_avg:306.70ms
step:4726/5100 lr:0.000187 train_loss:3.3703 train_time:1446409ms step_avg:306.70ms
step:4727/5100 lr:0.0001865 train_loss:3.3547 train_time:1446718ms step_avg:306.70ms
step:4728/5100 lr:0.000186 train_loss:3.2906 train_time:1447026ms step_avg:306.70ms
step:4729/5100 lr:0.0001855 train_loss:3.1534 train_time:1447335ms step_avg:306.70ms
step:4730/5100 lr:0.000185 train_loss:3.1131 train_time:1447642ms step_avg:306.70ms
step:4731/5100 lr:0.0001845 train_loss:3.2373 train_time:1447951ms step_avg:306.70ms
step:4732/5100 lr:0.000184 train_loss:3.3433 train_time:1448261ms step_avg:306.71ms
step:4733/5100 lr:0.0001835 train_loss:3.2431 train_time:1448568ms step_avg:306.71ms
step:4734/5100 lr:0.000183 train_loss:3.1487 train_time:1448876ms step_avg:306.71ms
step:4735/5100 lr:0.0001825 train_loss:3.2619 train_time:1449184ms step_avg:306.71ms
step:4736/5100 lr:0.000182 train_loss:3.2077 train_time:1449493ms step_avg:306.71ms
step:4737/5100 lr:0.0001815 train_loss:3.6260 train_time:1449802ms step_avg:306.71ms
step:4738/5100 lr:0.000181 train_loss:3.2273 train_time:1450110ms step_avg:306.71ms
step:4739/5100 lr:0.0001805 train_loss:3.3413 train_time:1450417ms step_avg:306.71ms
step:4740/5100 lr:0.00017999999999999998 train_loss:3.0387 train_time:1450726ms step_avg:306.71ms
step:4741/5100 lr:0.0001795 train_loss:3.2994 train_time:1451036ms step_avg:306.71ms
step:4742/5100 lr:0.000179 train_loss:3.1187 train_time:1451345ms step_avg:306.71ms
step:4743/5100 lr:0.0001785 train_loss:3.2323 train_time:1451652ms step_avg:306.71ms
step:4744/5100 lr:0.000178 train_loss:3.1692 train_time:1451960ms step_avg:306.71ms
step:4745/5100 lr:0.0001775 train_loss:3.1849 train_time:1452270ms step_avg:306.71ms
step:4746/5100 lr:0.000177 train_loss:3.3686 train_time:1452577ms step_avg:306.71ms
step:4747/5100 lr:0.00017649999999999998 train_loss:3.2729 train_time:1452885ms step_avg:306.71ms
step:4748/5100 lr:0.000176 train_loss:3.4496 train_time:1453193ms step_avg:306.71ms
step:4749/5100 lr:0.00017549999999999998 train_loss:3.3754 train_time:1453502ms step_avg:306.71ms
step:4750/5100 lr:0.000175 train_loss:3.1620 train_time:1454017ms step_avg:306.75ms
step:4750/5100 val_loss:3.2551 train_time:1454031ms step_avg:306.76ms
step:4751/5100 lr:0.00017449999999999999 train_loss:3.2349 train_time:1458330ms step_avg:307.60ms
step:4752/5100 lr:0.000174 train_loss:3.3241 train_time:1458637ms step_avg:307.60ms
step:4753/5100 lr:0.0001735 train_loss:3.2143 train_time:1458945ms step_avg:307.60ms
step:4754/5100 lr:0.000173 train_loss:3.1251 train_time:1459253ms step_avg:307.60ms
step:4755/5100 lr:0.0001725 train_loss:3.1948 train_time:1459561ms step_avg:307.60ms
step:4756/5100 lr:0.00017199999999999998 train_loss:3.2295 train_time:1459869ms step_avg:307.60ms
step:4757/5100 lr:0.00017150000000000002 train_loss:3.1964 train_time:1460176ms step_avg:307.60ms
step:4758/5100 lr:0.000171 train_loss:3.1949 train_time:1460485ms step_avg:307.60ms
step:4759/5100 lr:0.00017050000000000002 train_loss:3.4169 train_time:1460792ms step_avg:307.60ms
step:4760/5100 lr:0.00017 train_loss:3.1556 train_time:1461101ms step_avg:307.60ms
step:4761/5100 lr:0.00016950000000000003 train_loss:3.2299 train_time:1461408ms step_avg:307.60ms
step:4762/5100 lr:0.00016900000000000002 train_loss:3.1246 train_time:1461717ms step_avg:307.60ms
step:4763/5100 lr:0.0001685 train_loss:3.1143 train_time:1462232ms step_avg:307.64ms
step:4764/5100 lr:0.00016800000000000002 train_loss:3.2298 train_time:1462540ms step_avg:307.64ms
step:4765/5100 lr:0.0001675 train_loss:3.3124 train_time:1462849ms step_avg:307.64ms
step:4766/5100 lr:0.00016700000000000002 train_loss:3.3602 train_time:1463156ms step_avg:307.64ms
step:4767/5100 lr:0.0001665 train_loss:3.2277 train_time:1463465ms step_avg:307.64ms
step:4768/5100 lr:0.00016600000000000002 train_loss:3.2796 train_time:1463772ms step_avg:307.64ms
step:4769/5100 lr:0.0001655 train_loss:3.1380 train_time:1464080ms step_avg:307.64ms
step:4770/5100 lr:0.000165 train_loss:3.2331 train_time:1464389ms step_avg:307.64ms
step:4771/5100 lr:0.00016450000000000001 train_loss:3.2604 train_time:1464696ms step_avg:307.64ms
step:4772/5100 lr:0.000164 train_loss:3.4835 train_time:1465006ms step_avg:307.65ms
step:4773/5100 lr:0.00016350000000000002 train_loss:3.3138 train_time:1465313ms step_avg:307.64ms
step:4774/5100 lr:0.000163 train_loss:3.1541 train_time:1465621ms step_avg:307.65ms
step:4775/5100 lr:0.00016250000000000002 train_loss:3.1772 train_time:1465930ms step_avg:307.65ms
step:4776/5100 lr:0.000162 train_loss:3.3193 train_time:1466237ms step_avg:307.65ms
step:4777/5100 lr:0.0001615 train_loss:3.1870 train_time:1466545ms step_avg:307.65ms
step:4778/5100 lr:0.000161 train_loss:3.3321 train_time:1466853ms step_avg:307.65ms
step:4779/5100 lr:0.0001605 train_loss:3.2615 train_time:1467160ms step_avg:307.65ms
step:4780/5100 lr:0.00016 train_loss:3.2077 train_time:1467469ms step_avg:307.65ms
step:4781/5100 lr:0.0001595 train_loss:3.2697 train_time:1467777ms step_avg:307.65ms
step:4782/5100 lr:0.00015900000000000002 train_loss:3.3075 train_time:1468085ms step_avg:307.65ms
step:4783/5100 lr:0.0001585 train_loss:3.3220 train_time:1468395ms step_avg:307.65ms
step:4784/5100 lr:0.000158 train_loss:3.1858 train_time:1468701ms step_avg:307.65ms
step:4785/5100 lr:0.0001575 train_loss:3.2130 train_time:1469011ms step_avg:307.65ms
step:4786/5100 lr:0.000157 train_loss:3.1450 train_time:1469318ms step_avg:307.65ms
step:4787/5100 lr:0.0001565 train_loss:3.4416 train_time:1469626ms step_avg:307.65ms
step:4788/5100 lr:0.000156 train_loss:3.2136 train_time:1469935ms step_avg:307.65ms
step:4789/5100 lr:0.0001555 train_loss:3.2184 train_time:1470242ms step_avg:307.65ms
step:4790/5100 lr:0.000155 train_loss:3.2551 train_time:1470550ms step_avg:307.65ms
step:4791/5100 lr:0.00015450000000000001 train_loss:3.2984 train_time:1470858ms step_avg:307.65ms
step:4792/5100 lr:0.000154 train_loss:3.1749 train_time:1471166ms step_avg:307.65ms
step:4793/5100 lr:0.0001535 train_loss:3.1804 train_time:1471476ms step_avg:307.65ms
step:4794/5100 lr:0.000153 train_loss:3.2987 train_time:1471783ms step_avg:307.65ms
step:4795/5100 lr:0.0001525 train_loss:3.4307 train_time:1472091ms step_avg:307.65ms
step:4796/5100 lr:0.000152 train_loss:3.2510 train_time:1472400ms step_avg:307.65ms
step:4797/5100 lr:0.0001515 train_loss:3.2355 train_time:1472707ms step_avg:307.65ms
step:4798/5100 lr:0.000151 train_loss:3.2774 train_time:1473016ms step_avg:307.65ms
step:4799/5100 lr:0.0001505 train_loss:3.2757 train_time:1473324ms step_avg:307.65ms
step:4800/5100 lr:0.00015 train_loss:3.2548 train_time:1473632ms step_avg:307.65ms
step:4801/5100 lr:0.0001495 train_loss:3.2889 train_time:1473941ms step_avg:307.65ms
step:4802/5100 lr:0.000149 train_loss:3.2527 train_time:1474248ms step_avg:307.65ms
step:4803/5100 lr:0.0001485 train_loss:3.2454 train_time:1474556ms step_avg:307.65ms
step:4804/5100 lr:0.000148 train_loss:3.5233 train_time:1474864ms step_avg:307.65ms
step:4805/5100 lr:0.0001475 train_loss:3.4905 train_time:1475172ms step_avg:307.65ms
step:4806/5100 lr:0.000147 train_loss:3.2800 train_time:1475479ms step_avg:307.65ms
step:4807/5100 lr:0.00014649999999999998 train_loss:3.2436 train_time:1475787ms step_avg:307.65ms
step:4808/5100 lr:0.000146 train_loss:3.2866 train_time:1476095ms step_avg:307.65ms
step:4809/5100 lr:0.00014549999999999999 train_loss:3.2130 train_time:1476403ms step_avg:307.65ms
step:4810/5100 lr:0.000145 train_loss:3.1787 train_time:1476711ms step_avg:307.65ms
step:4811/5100 lr:0.0001445 train_loss:3.2635 train_time:1477018ms step_avg:307.65ms
step:4812/5100 lr:0.000144 train_loss:3.0720 train_time:1477326ms step_avg:307.65ms
step:4813/5100 lr:0.0001435 train_loss:3.4352 train_time:1477634ms step_avg:307.65ms
step:4814/5100 lr:0.00014299999999999998 train_loss:3.1895 train_time:1477944ms step_avg:307.65ms
step:4815/5100 lr:0.0001425 train_loss:3.3026 train_time:1478251ms step_avg:307.65ms
step:4816/5100 lr:0.00014199999999999998 train_loss:3.2339 train_time:1478558ms step_avg:307.65ms
step:4817/5100 lr:0.0001415 train_loss:3.3140 train_time:1478867ms step_avg:307.65ms
step:4818/5100 lr:0.00014099999999999998 train_loss:3.2107 train_time:1479173ms step_avg:307.65ms
step:4819/5100 lr:0.00014050000000000003 train_loss:3.2721 train_time:1479482ms step_avg:307.65ms
step:4820/5100 lr:0.00014000000000000001 train_loss:3.2361 train_time:1479789ms step_avg:307.65ms
step:4821/5100 lr:0.0001395 train_loss:2.9482 train_time:1480097ms step_avg:307.65ms
step:4822/5100 lr:0.00013900000000000002 train_loss:3.2019 train_time:1480406ms step_avg:307.65ms
step:4823/5100 lr:0.0001385 train_loss:3.2141 train_time:1480713ms step_avg:307.65ms
step:4824/5100 lr:0.00013800000000000002 train_loss:3.2661 train_time:1481023ms step_avg:307.65ms
step:4825/5100 lr:0.0001375 train_loss:3.1074 train_time:1481330ms step_avg:307.65ms
step:4826/5100 lr:0.00013700000000000002 train_loss:3.1793 train_time:1481637ms step_avg:307.65ms
step:4827/5100 lr:0.0001365 train_loss:2.9313 train_time:1481947ms step_avg:307.65ms
step:4828/5100 lr:0.00013600000000000003 train_loss:3.3208 train_time:1482254ms step_avg:307.65ms
step:4829/5100 lr:0.00013550000000000001 train_loss:3.2576 train_time:1482561ms step_avg:307.65ms
step:4830/5100 lr:0.000135 train_loss:3.4060 train_time:1482871ms step_avg:307.65ms
step:4831/5100 lr:0.00013450000000000002 train_loss:3.1190 train_time:1483177ms step_avg:307.65ms
step:4832/5100 lr:0.000134 train_loss:3.1840 train_time:1483487ms step_avg:307.65ms
step:4833/5100 lr:0.00013350000000000002 train_loss:3.2482 train_time:1483798ms step_avg:307.65ms
step:4834/5100 lr:0.000133 train_loss:3.3267 train_time:1484101ms step_avg:307.65ms
step:4835/5100 lr:0.00013250000000000002 train_loss:3.0176 train_time:1484409ms step_avg:307.65ms
step:4836/5100 lr:0.000132 train_loss:3.1314 train_time:1484717ms step_avg:307.65ms
step:4837/5100 lr:0.0001315 train_loss:3.2447 train_time:1485025ms step_avg:307.65ms
step:4838/5100 lr:0.000131 train_loss:3.1827 train_time:1485333ms step_avg:307.65ms
step:4839/5100 lr:0.0001305 train_loss:3.0479 train_time:1485641ms step_avg:307.65ms
step:4840/5100 lr:0.00013000000000000002 train_loss:3.4236 train_time:1485948ms step_avg:307.65ms
step:4841/5100 lr:0.0001295 train_loss:3.1980 train_time:1486256ms step_avg:307.65ms
step:4842/5100 lr:0.00012900000000000002 train_loss:3.1866 train_time:1486564ms step_avg:307.65ms
step:4843/5100 lr:0.0001285 train_loss:3.1825 train_time:1486872ms step_avg:307.65ms
step:4844/5100 lr:0.000128 train_loss:2.9619 train_time:1487180ms step_avg:307.65ms
step:4845/5100 lr:0.0001275 train_loss:3.2925 train_time:1487488ms step_avg:307.65ms
step:4846/5100 lr:0.000127 train_loss:3.1467 train_time:1487798ms step_avg:307.65ms
step:4847/5100 lr:0.0001265 train_loss:3.1629 train_time:1488105ms step_avg:307.65ms
step:4848/5100 lr:0.000126 train_loss:3.0706 train_time:1488414ms step_avg:307.65ms
step:4849/5100 lr:0.00012550000000000001 train_loss:3.1537 train_time:1488721ms step_avg:307.65ms
step:4850/5100 lr:0.000125 train_loss:3.2677 train_time:1489030ms step_avg:307.65ms
step:4851/5100 lr:0.0001245 train_loss:3.1265 train_time:1489337ms step_avg:307.65ms
step:4852/5100 lr:0.000124 train_loss:3.3318 train_time:1489645ms step_avg:307.65ms
step:4853/5100 lr:0.0001235 train_loss:3.0988 train_time:1489954ms step_avg:307.65ms
step:4854/5100 lr:0.000123 train_loss:3.1663 train_time:1490260ms step_avg:307.65ms
step:4855/5100 lr:0.0001225 train_loss:3.4080 train_time:1490568ms step_avg:307.65ms
step:4856/5100 lr:0.000122 train_loss:3.2849 train_time:1490877ms step_avg:307.65ms
step:4857/5100 lr:0.0001215 train_loss:3.3840 train_time:1491185ms step_avg:307.65ms
step:4858/5100 lr:0.000121 train_loss:3.2635 train_time:1491493ms step_avg:307.65ms
step:4859/5100 lr:0.0001205 train_loss:3.2232 train_time:1491800ms step_avg:307.65ms
step:4860/5100 lr:0.00012 train_loss:3.2945 train_time:1492110ms step_avg:307.65ms
step:4861/5100 lr:0.00011949999999999999 train_loss:3.2666 train_time:1492419ms step_avg:307.65ms
step:4862/5100 lr:0.00011899999999999999 train_loss:3.3344 train_time:1492725ms step_avg:307.65ms
step:4863/5100 lr:0.0001185 train_loss:3.2964 train_time:1493032ms step_avg:307.65ms
step:4864/5100 lr:0.000118 train_loss:3.1405 train_time:1493340ms step_avg:307.65ms
step:4865/5100 lr:0.0001175 train_loss:3.0051 train_time:1493648ms step_avg:307.65ms
step:4866/5100 lr:0.00011700000000000001 train_loss:3.2221 train_time:1493957ms step_avg:307.65ms
step:4867/5100 lr:0.00011650000000000001 train_loss:3.2696 train_time:1494266ms step_avg:307.65ms
step:4868/5100 lr:0.00011600000000000001 train_loss:3.2148 train_time:1494573ms step_avg:307.65ms
step:4869/5100 lr:0.0001155 train_loss:3.2786 train_time:1494881ms step_avg:307.65ms
step:4870/5100 lr:0.000115 train_loss:3.1661 train_time:1495189ms step_avg:307.65ms
step:4871/5100 lr:0.0001145 train_loss:3.1214 train_time:1495499ms step_avg:307.65ms
step:4872/5100 lr:0.000114 train_loss:3.2696 train_time:1495806ms step_avg:307.65ms
step:4873/5100 lr:0.00011350000000000001 train_loss:3.1757 train_time:1496114ms step_avg:307.65ms
step:4874/5100 lr:0.00011300000000000001 train_loss:3.2787 train_time:1496422ms step_avg:307.65ms
step:4875/5100 lr:0.00011250000000000001 train_loss:3.4633 train_time:1496729ms step_avg:307.65ms
step:4875/5100 val_loss:3.2466 train_time:1496744ms step_avg:307.66ms
step:4876/5100 lr:0.000112 train_loss:3.2735 train_time:1501044ms step_avg:308.48ms
step:4877/5100 lr:0.0001115 train_loss:3.1865 train_time:1501352ms step_avg:308.48ms
step:4878/5100 lr:0.000111 train_loss:3.1755 train_time:1501660ms step_avg:308.48ms
step:4879/5100 lr:0.0001105 train_loss:3.1610 train_time:1501970ms step_avg:308.48ms
step:4880/5100 lr:0.00011 train_loss:3.1112 train_time:1502276ms step_avg:308.48ms
step:4881/5100 lr:0.0001095 train_loss:3.3300 train_time:1502585ms step_avg:308.48ms
step:4882/5100 lr:0.000109 train_loss:3.1823 train_time:1502894ms step_avg:308.48ms
step:4883/5100 lr:0.00010850000000000001 train_loss:3.2906 train_time:1503200ms step_avg:308.48ms
step:4884/5100 lr:0.000108 train_loss:3.1543 train_time:1503510ms step_avg:308.48ms
step:4885/5100 lr:0.0001075 train_loss:3.2511 train_time:1503816ms step_avg:308.48ms
step:4886/5100 lr:0.000107 train_loss:3.1617 train_time:1504124ms step_avg:308.48ms
step:4887/5100 lr:0.0001065 train_loss:3.3139 train_time:1504434ms step_avg:308.48ms
step:4888/5100 lr:0.000106 train_loss:3.2102 train_time:1504740ms step_avg:308.47ms
step:4889/5100 lr:0.0001055 train_loss:3.1720 train_time:1505047ms step_avg:308.47ms
step:4890/5100 lr:0.000105 train_loss:3.3446 train_time:1505376ms step_avg:308.48ms
step:4891/5100 lr:0.00010449999999999999 train_loss:3.2681 train_time:1505684ms step_avg:308.48ms
step:4892/5100 lr:0.000104 train_loss:3.0872 train_time:1505992ms step_avg:308.48ms
step:4893/5100 lr:0.0001035 train_loss:3.2330 train_time:1506300ms step_avg:308.48ms
step:4894/5100 lr:0.000103 train_loss:3.2087 train_time:1506607ms step_avg:308.48ms
step:4895/5100 lr:0.0001025 train_loss:3.3534 train_time:1506915ms step_avg:308.48ms
step:4896/5100 lr:0.000102 train_loss:3.2547 train_time:1507223ms step_avg:308.48ms
step:4897/5100 lr:0.00010150000000000001 train_loss:3.3527 train_time:1507531ms step_avg:308.48ms
step:4898/5100 lr:0.000101 train_loss:3.1739 train_time:1507839ms step_avg:308.48ms
step:4899/5100 lr:0.0001005 train_loss:3.2468 train_time:1508147ms step_avg:308.48ms
step:4900/5100 lr:0.0001 train_loss:3.3884 train_time:1508458ms step_avg:308.48ms
step:4901/5100 lr:9.95e-05 train_loss:3.1095 train_time:1508764ms step_avg:308.48ms
step:4902/5100 lr:9.900000000000001e-05 train_loss:3.2258 train_time:1509072ms step_avg:308.48ms
step:4903/5100 lr:9.850000000000001e-05 train_loss:3.1121 train_time:1509379ms step_avg:308.48ms
step:4904/5100 lr:9.800000000000001e-05 train_loss:3.2767 train_time:1509691ms step_avg:308.48ms
step:4905/5100 lr:9.750000000000001e-05 train_loss:3.3886 train_time:1509999ms step_avg:308.48ms
step:4906/5100 lr:9.7e-05 train_loss:3.2008 train_time:1510306ms step_avg:308.48ms
step:4907/5100 lr:9.65e-05 train_loss:3.2105 train_time:1510613ms step_avg:308.48ms
step:4908/5100 lr:9.6e-05 train_loss:3.3573 train_time:1510922ms step_avg:308.48ms
step:4909/5100 lr:9.55e-05 train_loss:3.4101 train_time:1511229ms step_avg:308.48ms
step:4910/5100 lr:9.5e-05 train_loss:3.2565 train_time:1511537ms step_avg:308.48ms
step:4911/5100 lr:9.45e-05 train_loss:3.2047 train_time:1511845ms step_avg:308.48ms
step:4912/5100 lr:9.400000000000001e-05 train_loss:3.2677 train_time:1512153ms step_avg:308.48ms
step:4913/5100 lr:9.35e-05 train_loss:3.2366 train_time:1512463ms step_avg:308.48ms
step:4914/5100 lr:9.3e-05 train_loss:3.1536 train_time:1512769ms step_avg:308.48ms
step:4915/5100 lr:9.25e-05 train_loss:3.3571 train_time:1513079ms step_avg:308.48ms
step:4916/5100 lr:9.2e-05 train_loss:3.1054 train_time:1513385ms step_avg:308.48ms
step:4917/5100 lr:9.15e-05 train_loss:3.3449 train_time:1513693ms step_avg:308.48ms
step:4918/5100 lr:9.1e-05 train_loss:3.3077 train_time:1514001ms step_avg:308.48ms
step:4919/5100 lr:9.05e-05 train_loss:3.3027 train_time:1514309ms step_avg:308.48ms
step:4920/5100 lr:8.999999999999999e-05 train_loss:3.1251 train_time:1514617ms step_avg:308.48ms
step:4921/5100 lr:8.95e-05 train_loss:3.3057 train_time:1514926ms step_avg:308.48ms
step:4922/5100 lr:8.9e-05 train_loss:3.1333 train_time:1515233ms step_avg:308.48ms
step:4923/5100 lr:8.85e-05 train_loss:3.2481 train_time:1515542ms step_avg:308.48ms
step:4924/5100 lr:8.8e-05 train_loss:3.3098 train_time:1515849ms step_avg:308.48ms
step:4925/5100 lr:8.75e-05 train_loss:3.8268 train_time:1516157ms step_avg:308.48ms
step:4926/5100 lr:8.7e-05 train_loss:3.1976 train_time:1516466ms step_avg:308.48ms
step:4927/5100 lr:8.65e-05 train_loss:3.2899 train_time:1516773ms step_avg:308.48ms
step:4928/5100 lr:8.599999999999999e-05 train_loss:3.1212 train_time:1517082ms step_avg:308.48ms
step:4929/5100 lr:8.55e-05 train_loss:3.2714 train_time:1517388ms step_avg:308.47ms
step:4930/5100 lr:8.5e-05 train_loss:3.2737 train_time:1517696ms step_avg:308.47ms
step:4931/5100 lr:8.450000000000001e-05 train_loss:3.3336 train_time:1518005ms step_avg:308.47ms
step:4932/5100 lr:8.400000000000001e-05 train_loss:3.1759 train_time:1518313ms step_avg:308.47ms
step:4933/5100 lr:8.350000000000001e-05 train_loss:3.5234 train_time:1519166ms step_avg:308.59ms
step:4934/5100 lr:8.300000000000001e-05 train_loss:3.3899 train_time:1519473ms step_avg:308.59ms
step:4935/5100 lr:8.25e-05 train_loss:3.2664 train_time:1519781ms step_avg:308.58ms
step:4936/5100 lr:8.2e-05 train_loss:3.2221 train_time:1520089ms step_avg:308.58ms
step:4937/5100 lr:8.15e-05 train_loss:3.1749 train_time:1520398ms step_avg:308.59ms
step:4938/5100 lr:8.1e-05 train_loss:3.2278 train_time:1520706ms step_avg:308.58ms
step:4939/5100 lr:8.05e-05 train_loss:3.0010 train_time:1521013ms step_avg:308.58ms
step:4940/5100 lr:8e-05 train_loss:3.2475 train_time:1521526ms step_avg:308.63ms
step:4941/5100 lr:7.950000000000001e-05 train_loss:3.3764 train_time:1521834ms step_avg:308.63ms
step:4942/5100 lr:7.9e-05 train_loss:3.2677 train_time:1522142ms step_avg:308.63ms
step:4943/5100 lr:7.85e-05 train_loss:3.2194 train_time:1522450ms step_avg:308.63ms
step:4944/5100 lr:7.8e-05 train_loss:3.1702 train_time:1522759ms step_avg:308.63ms
step:4945/5100 lr:7.75e-05 train_loss:3.0900 train_time:1523066ms step_avg:308.63ms
step:4946/5100 lr:7.7e-05 train_loss:3.1891 train_time:1523375ms step_avg:308.63ms
step:4947/5100 lr:7.65e-05 train_loss:3.1905 train_time:1523684ms step_avg:308.63ms
step:4948/5100 lr:7.6e-05 train_loss:3.1069 train_time:1523992ms step_avg:308.63ms
step:4949/5100 lr:7.55e-05 train_loss:3.1048 train_time:1524301ms step_avg:308.63ms
step:4950/5100 lr:7.5e-05 train_loss:3.2665 train_time:1524608ms step_avg:308.63ms
step:4951/5100 lr:7.45e-05 train_loss:3.0353 train_time:1524916ms step_avg:308.62ms
step:4952/5100 lr:7.4e-05 train_loss:3.1919 train_time:1525225ms step_avg:308.63ms
step:4953/5100 lr:7.35e-05 train_loss:3.3478 train_time:1525749ms step_avg:308.67ms
step:4954/5100 lr:7.3e-05 train_loss:3.3266 train_time:1526057ms step_avg:308.67ms
step:4955/5100 lr:7.25e-05 train_loss:2.9484 train_time:1526365ms step_avg:308.67ms
step:4956/5100 lr:7.2e-05 train_loss:3.3307 train_time:1526673ms step_avg:308.67ms
step:4957/5100 lr:7.149999999999999e-05 train_loss:3.7592 train_time:1526981ms step_avg:308.67ms
step:4958/5100 lr:7.099999999999999e-05 train_loss:3.1251 train_time:1527873ms step_avg:308.79ms
step:4959/5100 lr:7.049999999999999e-05 train_loss:3.1600 train_time:1528181ms step_avg:308.79ms
step:4960/5100 lr:7.000000000000001e-05 train_loss:3.3742 train_time:1528489ms step_avg:308.79ms
step:4961/5100 lr:6.950000000000001e-05 train_loss:3.0504 train_time:1528796ms step_avg:308.79ms
step:4962/5100 lr:6.900000000000001e-05 train_loss:3.3575 train_time:1529104ms step_avg:308.79ms
step:4963/5100 lr:6.850000000000001e-05 train_loss:3.1660 train_time:1529412ms step_avg:308.79ms
step:4964/5100 lr:6.800000000000001e-05 train_loss:3.3567 train_time:1529720ms step_avg:308.78ms
step:4965/5100 lr:6.75e-05 train_loss:3.1689 train_time:1530030ms step_avg:308.78ms
step:4966/5100 lr:6.7e-05 train_loss:3.1763 train_time:1530336ms step_avg:308.78ms
step:4967/5100 lr:6.65e-05 train_loss:3.1352 train_time:1530644ms step_avg:308.78ms
step:4968/5100 lr:6.6e-05 train_loss:3.0906 train_time:1530952ms step_avg:308.78ms
step:4969/5100 lr:6.55e-05 train_loss:3.3078 train_time:1531260ms step_avg:308.78ms
step:4970/5100 lr:6.500000000000001e-05 train_loss:3.1466 train_time:1531573ms step_avg:308.78ms
step:4971/5100 lr:6.450000000000001e-05 train_loss:3.1564 train_time:1531877ms step_avg:308.78ms
step:4972/5100 lr:6.4e-05 train_loss:3.2769 train_time:1532185ms step_avg:308.78ms
step:4973/5100 lr:6.35e-05 train_loss:3.5567 train_time:1532495ms step_avg:308.78ms
step:4974/5100 lr:6.3e-05 train_loss:3.1490 train_time:1532802ms step_avg:308.78ms
step:4975/5100 lr:6.25e-05 train_loss:3.2882 train_time:1533111ms step_avg:308.78ms
step:4976/5100 lr:6.2e-05 train_loss:3.1400 train_time:1533418ms step_avg:308.78ms
step:4977/5100 lr:6.15e-05 train_loss:4.3433 train_time:1533726ms step_avg:308.78ms
step:4978/5100 lr:6.1e-05 train_loss:3.1851 train_time:1534035ms step_avg:308.78ms
step:4979/5100 lr:6.05e-05 train_loss:3.2649 train_time:1534342ms step_avg:308.78ms
step:4980/5100 lr:6e-05 train_loss:3.2918 train_time:1534650ms step_avg:308.78ms
step:4981/5100 lr:5.9499999999999996e-05 train_loss:4.3666 train_time:1534959ms step_avg:308.78ms
step:4982/5100 lr:5.9e-05 train_loss:3.4419 train_time:1535267ms step_avg:308.78ms
step:4983/5100 lr:5.8500000000000006e-05 train_loss:3.3307 train_time:1535576ms step_avg:308.78ms
step:4984/5100 lr:5.800000000000001e-05 train_loss:3.3069 train_time:1536454ms step_avg:308.90ms
step:4985/5100 lr:5.75e-05 train_loss:3.3241 train_time:1536760ms step_avg:308.90ms
step:4986/5100 lr:5.7e-05 train_loss:3.1967 train_time:1537068ms step_avg:308.90ms
step:4987/5100 lr:5.6500000000000005e-05 train_loss:3.2173 train_time:1537376ms step_avg:308.90ms
step:4988/5100 lr:5.6e-05 train_loss:3.3231 train_time:1537684ms step_avg:308.90ms
step:4989/5100 lr:5.55e-05 train_loss:3.2051 train_time:1537993ms step_avg:308.90ms
step:4990/5100 lr:5.5e-05 train_loss:3.1345 train_time:1538300ms step_avg:308.90ms
step:4991/5100 lr:5.45e-05 train_loss:3.2929 train_time:1538608ms step_avg:308.90ms
step:4992/5100 lr:5.4e-05 train_loss:3.1556 train_time:1538917ms step_avg:308.90ms
step:4993/5100 lr:5.35e-05 train_loss:3.4078 train_time:1539223ms step_avg:308.89ms
step:4994/5100 lr:5.3e-05 train_loss:3.3618 train_time:1539535ms step_avg:308.90ms
step:4995/5100 lr:5.25e-05 train_loss:3.0570 train_time:1539840ms step_avg:308.89ms
step:4996/5100 lr:5.2e-05 train_loss:2.9444 train_time:1540147ms step_avg:308.89ms
step:4997/5100 lr:5.15e-05 train_loss:3.6260 train_time:1540456ms step_avg:308.89ms
step:4998/5100 lr:5.1e-05 train_loss:3.5207 train_time:1540763ms step_avg:308.89ms
step:4999/5100 lr:5.05e-05 train_loss:3.2415 train_time:1541074ms step_avg:308.89ms
step:5000/5100 lr:5e-05 train_loss:3.2975 train_time:1541379ms step_avg:308.89ms
step:5000/5100 val_loss:3.2400 train_time:1541394ms step_avg:308.90ms
step:5001/5100 lr:4.9500000000000004e-05 train_loss:3.3026 train_time:1545683ms step_avg:309.69ms
step:5002/5100 lr:4.9000000000000005e-05 train_loss:3.2025 train_time:1545991ms step_avg:309.69ms
step:5003/5100 lr:4.85e-05 train_loss:3.1928 train_time:1546300ms step_avg:309.69ms
step:5004/5100 lr:4.8e-05 train_loss:3.3543 train_time:1546607ms step_avg:309.69ms
step:5005/5100 lr:4.75e-05 train_loss:3.0189 train_time:1546916ms step_avg:309.69ms
step:5006/5100 lr:4.7000000000000004e-05 train_loss:3.2586 train_time:1547223ms step_avg:309.69ms
step:5007/5100 lr:4.65e-05 train_loss:3.1888 train_time:1547531ms step_avg:309.69ms
step:5008/5100 lr:4.6e-05 train_loss:3.4450 train_time:1547840ms step_avg:309.69ms
step:5009/5100 lr:4.55e-05 train_loss:3.2759 train_time:1548146ms step_avg:309.69ms
step:5010/5100 lr:4.4999999999999996e-05 train_loss:3.3001 train_time:1548455ms step_avg:309.69ms
step:5011/5100 lr:4.45e-05 train_loss:3.3398 train_time:1548762ms step_avg:309.69ms
step:5012/5100 lr:4.4e-05 train_loss:3.4595 train_time:1549072ms step_avg:309.69ms
step:5013/5100 lr:4.35e-05 train_loss:3.2936 train_time:1549381ms step_avg:309.69ms
step:5014/5100 lr:4.2999999999999995e-05 train_loss:3.2717 train_time:1549688ms step_avg:309.69ms
step:5015/5100 lr:4.25e-05 train_loss:3.2646 train_time:1549995ms step_avg:309.69ms
step:5016/5100 lr:4.2000000000000004e-05 train_loss:3.3534 train_time:1550304ms step_avg:309.69ms
step:5017/5100 lr:4.1500000000000006e-05 train_loss:3.1516 train_time:1550611ms step_avg:309.69ms
step:5018/5100 lr:4.1e-05 train_loss:3.0194 train_time:1550920ms step_avg:309.69ms
step:5019/5100 lr:4.05e-05 train_loss:3.2078 train_time:1551227ms step_avg:309.69ms
step:5020/5100 lr:4e-05 train_loss:3.2788 train_time:1551534ms step_avg:309.69ms
step:5021/5100 lr:3.95e-05 train_loss:3.0606 train_time:1551843ms step_avg:309.69ms
step:5022/5100 lr:3.9e-05 train_loss:3.2178 train_time:1552150ms step_avg:309.69ms
step:5023/5100 lr:3.85e-05 train_loss:3.5778 train_time:1552458ms step_avg:309.69ms
step:5024/5100 lr:3.8e-05 train_loss:3.1908 train_time:1552765ms step_avg:309.69ms
step:5025/5100 lr:3.75e-05 train_loss:3.2659 train_time:1553072ms step_avg:309.69ms
step:5026/5100 lr:3.7e-05 train_loss:3.0291 train_time:1553381ms step_avg:309.69ms
step:5027/5100 lr:3.65e-05 train_loss:3.2778 train_time:1553688ms step_avg:309.68ms
step:5028/5100 lr:3.6e-05 train_loss:3.1893 train_time:1553996ms step_avg:309.68ms
step:5029/5100 lr:3.5499999999999996e-05 train_loss:3.1374 train_time:1554303ms step_avg:309.68ms
step:5030/5100 lr:3.5000000000000004e-05 train_loss:3.2129 train_time:1554611ms step_avg:309.68ms
step:5031/5100 lr:3.4500000000000005e-05 train_loss:3.2264 train_time:1554919ms step_avg:309.68ms
step:5032/5100 lr:3.4000000000000007e-05 train_loss:3.9156 train_time:1555227ms step_avg:309.68ms
step:5033/5100 lr:3.35e-05 train_loss:3.1383 train_time:1555535ms step_avg:309.68ms
step:5034/5100 lr:3.3e-05 train_loss:3.2033 train_time:1555844ms step_avg:309.68ms
step:5035/5100 lr:3.2500000000000004e-05 train_loss:3.2543 train_time:1556151ms step_avg:309.68ms
step:5036/5100 lr:3.2e-05 train_loss:3.3889 train_time:1556460ms step_avg:309.68ms
step:5037/5100 lr:3.15e-05 train_loss:3.1562 train_time:1556767ms step_avg:309.68ms
step:5038/5100 lr:3.1e-05 train_loss:3.5183 train_time:1557075ms step_avg:309.68ms
step:5039/5100 lr:3.05e-05 train_loss:3.1630 train_time:1557385ms step_avg:309.68ms
step:5040/5100 lr:3e-05 train_loss:3.2900 train_time:1557691ms step_avg:309.68ms
step:5041/5100 lr:2.95e-05 train_loss:3.3852 train_time:1557999ms step_avg:309.68ms
step:5042/5100 lr:2.9000000000000004e-05 train_loss:3.3547 train_time:1558306ms step_avg:309.68ms
step:5043/5100 lr:2.85e-05 train_loss:3.1677 train_time:1558614ms step_avg:309.68ms
step:5044/5100 lr:2.8e-05 train_loss:3.2432 train_time:1558922ms step_avg:309.68ms
step:5045/5100 lr:2.75e-05 train_loss:3.0518 train_time:1559230ms step_avg:309.68ms
step:5046/5100 lr:2.7e-05 train_loss:3.3331 train_time:1559537ms step_avg:309.68ms
step:5047/5100 lr:2.65e-05 train_loss:3.3930 train_time:1559846ms step_avg:309.68ms
step:5048/5100 lr:2.6e-05 train_loss:3.1443 train_time:1560152ms step_avg:309.68ms
step:5049/5100 lr:2.55e-05 train_loss:3.1567 train_time:1560461ms step_avg:309.68ms
step:5050/5100 lr:2.5e-05 train_loss:3.1364 train_time:1560767ms step_avg:309.68ms
step:5051/5100 lr:2.4500000000000003e-05 train_loss:3.2247 train_time:1561076ms step_avg:309.68ms
step:5052/5100 lr:2.4e-05 train_loss:3.1503 train_time:1561384ms step_avg:309.68ms
step:5053/5100 lr:2.3500000000000002e-05 train_loss:3.4182 train_time:1561691ms step_avg:309.67ms
step:5054/5100 lr:2.3e-05 train_loss:3.2191 train_time:1562560ms step_avg:309.79ms
step:5055/5100 lr:2.2499999999999998e-05 train_loss:3.3198 train_time:1562869ms step_avg:309.79ms
step:5056/5100 lr:2.2e-05 train_loss:3.2190 train_time:1563176ms step_avg:309.79ms
step:5057/5100 lr:2.1499999999999997e-05 train_loss:3.4342 train_time:1563484ms step_avg:309.78ms
step:5058/5100 lr:2.1000000000000002e-05 train_loss:3.0995 train_time:1563792ms step_avg:309.78ms
step:5059/5100 lr:2.05e-05 train_loss:3.2342 train_time:1564099ms step_avg:309.78ms
step:5060/5100 lr:2e-05 train_loss:2.8185 train_time:1564408ms step_avg:309.78ms
step:5061/5100 lr:1.95e-05 train_loss:3.3255 train_time:1564716ms step_avg:309.78ms
step:5062/5100 lr:1.9e-05 train_loss:3.2286 train_time:1565024ms step_avg:309.78ms
step:5063/5100 lr:1.85e-05 train_loss:3.1503 train_time:1565332ms step_avg:309.78ms
step:5064/5100 lr:1.8e-05 train_loss:3.2144 train_time:1565642ms step_avg:309.78ms
step:5065/5100 lr:1.7500000000000002e-05 train_loss:3.1840 train_time:1565947ms step_avg:309.78ms
step:5066/5100 lr:1.7000000000000003e-05 train_loss:3.3523 train_time:1566256ms step_avg:309.78ms
step:5067/5100 lr:1.65e-05 train_loss:3.4828 train_time:1566563ms step_avg:309.78ms
step:5068/5100 lr:1.6e-05 train_loss:3.2653 train_time:1566872ms step_avg:309.78ms
step:5069/5100 lr:1.55e-05 train_loss:3.2127 train_time:1567178ms step_avg:309.78ms
step:5070/5100 lr:1.5e-05 train_loss:3.1263 train_time:1567487ms step_avg:309.78ms
step:5071/5100 lr:1.4500000000000002e-05 train_loss:2.8915 train_time:1567796ms step_avg:309.78ms
step:5072/5100 lr:1.4e-05 train_loss:3.2175 train_time:1568103ms step_avg:309.78ms
step:5073/5100 lr:1.35e-05 train_loss:3.2121 train_time:1568411ms step_avg:309.78ms
step:5074/5100 lr:1.3e-05 train_loss:3.2151 train_time:1568720ms step_avg:309.78ms
step:5075/5100 lr:1.25e-05 train_loss:3.4423 train_time:1569027ms step_avg:309.78ms
step:5076/5100 lr:1.2e-05 train_loss:3.3104 train_time:1569336ms step_avg:309.78ms
step:5077/5100 lr:1.15e-05 train_loss:3.2743 train_time:1569643ms step_avg:309.78ms
step:5078/5100 lr:1.1e-05 train_loss:3.3142 train_time:1570511ms step_avg:309.89ms
step:5079/5100 lr:1.0500000000000001e-05 train_loss:3.7877 train_time:1570818ms step_avg:309.89ms
step:5080/5100 lr:1e-05 train_loss:3.2047 train_time:1571127ms step_avg:309.89ms
step:5081/5100 lr:9.5e-06 train_loss:3.4815 train_time:1571434ms step_avg:309.89ms
step:5082/5100 lr:9e-06 train_loss:3.3030 train_time:1571744ms step_avg:309.89ms
step:5083/5100 lr:8.500000000000002e-06 train_loss:3.4067 train_time:1572051ms step_avg:309.89ms
step:5084/5100 lr:8e-06 train_loss:3.2350 train_time:1572359ms step_avg:309.89ms
step:5085/5100 lr:7.5e-06 train_loss:3.3520 train_time:1572669ms step_avg:309.89ms
step:5086/5100 lr:7e-06 train_loss:3.4099 train_time:1572975ms step_avg:309.88ms
step:5087/5100 lr:6.5e-06 train_loss:3.3050 train_time:1573284ms step_avg:309.88ms
step:5088/5100 lr:6e-06 train_loss:3.2060 train_time:1573591ms step_avg:309.88ms
step:5089/5100 lr:5.5e-06 train_loss:3.1333 train_time:1573899ms step_avg:309.88ms
step:5090/5100 lr:5e-06 train_loss:3.3128 train_time:1574209ms step_avg:309.88ms
step:5091/5100 lr:4.5e-06 train_loss:3.4768 train_time:1574516ms step_avg:309.88ms
step:5092/5100 lr:4e-06 train_loss:3.4079 train_time:1574824ms step_avg:309.88ms
step:5093/5100 lr:3.5e-06 train_loss:3.2520 train_time:1575132ms step_avg:309.88ms
step:5094/5100 lr:3e-06 train_loss:3.3327 train_time:1575441ms step_avg:309.88ms
step:5095/5100 lr:2.5e-06 train_loss:3.1213 train_time:1575750ms step_avg:309.88ms
step:5096/5100 lr:2e-06 train_loss:3.2158 train_time:1576057ms step_avg:309.88ms
step:5097/5100 lr:1.5e-06 train_loss:3.1236 train_time:1576364ms step_avg:309.88ms
step:5098/5100 lr:1e-06 train_loss:3.4042 train_time:1576674ms step_avg:309.88ms
step:5099/5100 lr:5e-07 train_loss:3.3002 train_time:1576980ms step_avg:309.88ms
step:5100/5100 lr:0.0 train_loss:3.2031 train_time:1577290ms step_avg:309.88ms
step:5100/5100 val_loss:3.2372 train_time:1577304ms step_avg:309.88ms
peak memory consumption: 46414 MiB
