/opt/conda/lib/python3.11/site-packages/torch/cuda/__init__.py:63: FutureWarning: The pynvml package is deprecated. Please install nvidia-ml-py instead. If you did not install pynvml directly, please report this to the maintainers of the package that installed pynvml for you.
  import pynvml  # type: ignore[import]
W0712 03:58:23.096000 2930521 site-packages/torch/distributed/run.py:774] 
W0712 03:58:23.096000 2930521 site-packages/torch/distributed/run.py:774] *****************************************
W0712 03:58:23.096000 2930521 site-packages/torch/distributed/run.py:774] Setting OMP_NUM_THREADS environment variable for each process to be 1 in default, to avoid your system being overloaded, please further tune the variable for optimal performance in your application as needed. 
W0712 03:58:23.096000 2930521 site-packages/torch/distributed/run.py:774] *****************************************
/opt/conda/lib/python3.11/site-packages/torch/cuda/__init__.py:63: FutureWarning: The pynvml package is deprecated. Please install nvidia-ml-py instead. If you did not install pynvml directly, please report this to the maintainers of the package that installed pynvml for you.
  import pynvml  # type: ignore[import]
/opt/conda/lib/python3.11/site-packages/torch/cuda/__init__.py:63: FutureWarning: The pynvml package is deprecated. Please install nvidia-ml-py instead. If you did not install pynvml directly, please report this to the maintainers of the package that installed pynvml for you.
  import pynvml  # type: ignore[import]
/opt/conda/lib/python3.11/site-packages/torch/cuda/__init__.py:63: FutureWarning: The pynvml package is deprecated. Please install nvidia-ml-py instead. If you did not install pynvml directly, please report this to the maintainers of the package that installed pynvml for you.
  import pynvml  # type: ignore[import]
/opt/conda/lib/python3.11/site-packages/torch/cuda/__init__.py:63: FutureWarning: The pynvml package is deprecated. Please install nvidia-ml-py instead. If you did not install pynvml directly, please report this to the maintainers of the package that installed pynvml for you.
  import pynvml  # type: ignore[import]
/opt/conda/lib/python3.11/site-packages/torch/cuda/__init__.py:63: FutureWarning: The pynvml package is deprecated. Please install nvidia-ml-py instead. If you did not install pynvml directly, please report this to the maintainers of the package that installed pynvml for you.
  import pynvml  # type: ignore[import]
/opt/conda/lib/python3.11/site-packages/torch/cuda/__init__.py:63: FutureWarning: The pynvml package is deprecated. Please install nvidia-ml-py instead. If you did not install pynvml directly, please report this to the maintainers of the package that installed pynvml for you.
  import pynvml  # type: ignore[import]
/opt/conda/lib/python3.11/site-packages/torch/cuda/__init__.py:63: FutureWarning: The pynvml package is deprecated. Please install nvidia-ml-py instead. If you did not install pynvml directly, please report this to the maintainers of the package that installed pynvml for you.
  import pynvml  # type: ignore[import]
/opt/conda/lib/python3.11/site-packages/torch/cuda/__init__.py:63: FutureWarning: The pynvml package is deprecated. Please install nvidia-ml-py instead. If you did not install pynvml directly, please report this to the maintainers of the package that installed pynvml for you.
  import pynvml  # type: ignore[import]
using device: cuda:5
using device: cuda:1
using device: cuda:7
using device: cuda:2
using device: cuda:4
using device: cuda:3
using device: cuda:0
Accumulation steps: 2
using device: cuda:6
Training DataLoader: total number of tokens: 2900000000 across 29 files
Validation DataLoader: total number of tokens: 100000000 across 1 files
number of parameters: 373.45M
number of parameters: 373.45M
number of parameters: 373.45M
number of parameters: 373.45M
number of parameters: 373.45M
number of parameters: 373.45M
number of parameters: 373.45M
Model size: 1424.59 MB
Number of parameters: 373448313
Number of trainable parameters: 373448313
number of parameters: 373.45M
Logging run in logs/ar_full_F76_0/
====================================================================================================
import datetime
import os
import sys

from coqpit import Coqpit
from optimizers import get_optimizer
from utils import get_model

with open(sys.argv[0]) as f:
    code = f.read()  # read the code of this file ASAP, for logging
import glob
import time
from dataclasses import dataclass, field

import numpy as np
import torch
import torch.distributed as dist
from torch.nn.parallel import DistributedDataParallel as DDP

os.environ["TORCH_NCCL_ASYNC_ERROR_HANDLING"] = "1"
os.environ["NCCL_TIMEOUT"] = "1800"

torch._dynamo.config.optimize_ddp = False
torch.set_float32_matmul_precision("high")


class TeeLogger:
    def __init__(self, filename):
        self.terminal = sys.stdout
        self.log = open(filename, "a")

    def write(self, message):
        self.terminal.write(message)
        self.log.write(message)
        self.log.flush()

    def flush(self):
        self.terminal.flush()

    def isatty(self):
        return hasattr(self.terminal, "isatty") and self.terminal.isatty()

    def fileno(self):
        return self.terminal.fileno()


# -----------------------------------------------------------------------------
# Our own simple Distributed Data Loader


def _peek_data_shard(filename):
    # only reads the header, returns header data
    with open(filename, "rb") as f:
        # first read the header, which is 256 int32 integers (4 bytes each)
        header = np.frombuffer(f.read(256 * 4), dtype=np.int32)
    if header[0] != 20240520:
        print("ERROR: magic number mismatch in the data .bin file!")
        print("---> HINT: Are you passing in a correct file with --input_bin?")
        print(
            "---> HINT: Dataset encoding changed recently, re-run data prepro or refer again to README"
        )
        print(
            "---> HINT: For example re-run: `python dev/data/tinyshakespeare.py`, then re-try"
        )
        exit(1)
    assert header[1] == 1, "unsupported version"
    ntok = header[2]  # number of tokens (claimed)
    return ntok  # for now just return the number of tokens


def _load_data_shard(filename):
    with open(filename, "rb") as f:
        # first read the header, which is 256 int32 integers (4 bytes each)
        header = np.frombuffer(f.read(256 * 4), dtype=np.int32)
        assert header[0] == 20240520, "magic number mismatch in the data .bin file"
        assert header[1] == 1, "unsupported version"
        ntok = header[2]  # number of tokens (claimed)
        # the rest of it are tokens, stored as uint16
        tokens = np.frombuffer(f.read(), dtype=np.uint16)
    assert len(tokens) == ntok, "number of tokens read does not match header?"
    return tokens


class DistributedDataLoader:
    def __init__(self, filename_pattern, B, T, process_rank, num_processes):
        self.process_rank = process_rank
        self.num_processes = num_processes
        self.B = B
        self.T = T

        # glob files that match the pattern
        self.files = sorted(glob.glob(filename_pattern))
        assert (
            len(self.files) > 0
        ), f"did not find any files that match the pattern {filename_pattern}"

        # load and validate all data shards, count number of tokens in total
        ntok_total = 0
        for fname in self.files:
            shard_ntok = _peek_data_shard(fname)
            assert shard_ntok >= num_processes * B * T + 1
            ntok_total += int(shard_ntok)
        self.ntok_total = ntok_total

        # kick things off
        self.reset()

    def reset(self):
        self.current_shard = 0
        self.current_position = self.process_rank * self.B * self.T
        self.tokens = _load_data_shard(self.files[self.current_shard])

    def advance(self):  # advance to next data shard
        self.current_shard = (self.current_shard + 1) % len(self.files)
        self.current_position = self.process_rank * self.B * self.T
        self.tokens = _load_data_shard(self.files[self.current_shard])

    def next_batch(self):
        B = self.B
        T = self.T
        buf = self.tokens[self.current_position : self.current_position + B * T + 1]
        buf = torch.tensor(buf.astype(np.int32), dtype=torch.long)
        x = (buf[:-1]).view(B, T)  # inputs
        y = (buf[1:]).view(B, T)  # targets
        # advance current position and load next shard if necessary
        self.current_position += B * T * self.num_processes
        if self.current_position + (B * T * self.num_processes + 1) > len(self.tokens):
            self.advance()
        return x.cuda(), y.cuda()


# -----------------------------------------------------------------------------
# Hyperparameters


@dataclass
class Hyperparameters(Coqpit):
    run_name: str = "nano_gpt+rms_norm+geglu+gqa+softcap"
    compile_model: bool = True
    # data hyperparams
    input_bin: str = "../data/fineweb10B/fineweb_train_*.bin"  # input .bin to train on
    input_val_bin: str = (
        "../data/fineweb10B/fineweb_val_*.bin"  # input .bin to eval validation loss on
    )

    # training
    batch_size: int = 8 * 64  # batch size, in sequences, across all devices
    device_batch_size: int = 32  # batch size, in sequences, per device, grad_accum_steps = batch_size // num_devices /// device_batch_size
    sequence_length: int = 1024  # sequence length, in tokens
    num_iterations: int = 5100  # number of iterations to run

    # optimizer
    optimizer_name: str = "Adam"
    optimizer_args: dict = field(
        default_factory=lambda: {
            "betas": (0.9, 0.95),
            "eps": 1e-8,
            "weight_decay": 0.0,
            "use_cautious_weight_decay": False,
        }
    )
    learning_rate: float = 0.001
    warmup_iters: int = 250
    warmdown_iters: int = 2000  # number of iterations of linear warmup/warmdown for triangular or trapezoidal schedule

    # evaluation and logging hyperparams
    val_loss_every: int = (
        125  # every how many steps to evaluate val loss? 0 for only at the end
    )
    val_tokens: int = 10485760  # how many tokens of validation data? it's important to keep this fixed for consistent comparisons
    save_every: int = (
        5000  # every how many steps to save the checkpoint? 0 for only at the end
    )

    # checkpoint params
    keep_last_n_checkpoints: int = 1  # number of checkpoints to keep
    save_best_model: bool = True  # whether to save best model based on val loss


# -----------------------------------------------------------------------------
# int main

if __name__ == "__main__":
    from argparse import ArgumentParser

    parser = ArgumentParser()
    parser.add_argument("--config", type=str, default=None)
    parser.add_argument("--run_name", type=str, default=None)
    parser.add_argument("--model_name", type=str, default="bla_gpt")
    cli_args = parser.parse_args()

    args = Hyperparameters()
    model_config, model = get_model(cli_args.model_name)

    if cli_args.config:
        model_config.load_json(cli_args.config)

    # Apply model-config values to matching training hyperparameters after
    # loading overrides (e.g. warmup_iters in a full-training recipe).
    for key, value in model_config.to_dict().items():
        if hasattr(args, key):
            setattr(args, key, value)

    if cli_args.run_name:
        args.run_name = cli_args.run_name

    # set up DDP (distributed data parallel). torchrun sets this env variable
    assert torch.cuda.is_available()
    dist.init_process_group(
        backend="nccl", init_method="env://", timeout=datetime.timedelta(minutes=30)
    )
    ddp_rank = int(os.environ["RANK"])
    ddp_local_rank = int(os.environ["LOCAL_RANK"])
    ddp_world_size = int(os.environ["WORLD_SIZE"])
    device = f"cuda:{ddp_local_rank}"
    torch.cuda.set_device(device)
    print(f"using device: {device}")
    master_process = ddp_rank == 0  # this process will do logging, checkpointing etc.

    # convenience variables
    B, T = args.device_batch_size, args.sequence_length
    # calculate the number of steps to take in the val loop.
    assert args.val_tokens % (B * T * ddp_world_size) == 0
    val_steps = args.val_tokens // (B * T * ddp_world_size)
    # calculate the steps of gradient accumulation required to attain the desired global batch size.
    assert args.batch_size % (B * ddp_world_size) == 0
    train_accumulation_steps = args.batch_size // (B * ddp_world_size)
    if master_process:
        print(f"Accumulation steps: {train_accumulation_steps}")

    # load tokens
    train_loader = DistributedDataLoader(args.input_bin, B, T, ddp_rank, ddp_world_size)
    val_loader = DistributedDataLoader(
        args.input_val_bin, B, T, ddp_rank, ddp_world_size
    )
    if master_process:
        print(
            f"Training DataLoader: total number of tokens: {train_loader.ntok_total} across {len(train_loader.files)} files"
        )
        print(
            f"Validation DataLoader: total number of tokens: {val_loader.ntok_total} across {len(val_loader.files)} files"
        )
    x, y = train_loader.next_batch()

    # there are only 50257 unique GPT-2 tokens; we extend to nearest multiple of 128 for efficiency. suggested to me by @Grad62304977.
    # this originates from Karpathy's experiments.
    torch.cuda.empty_cache()
    model = model(model_config)
    model = model.cuda()

    if args.compile_model:
        model = torch.compile(model)

    model_size = (
        sum(p.numel() for p in model.parameters()) * 4 / (1024**2)
    )  # size in MB

    num_parameters = sum(p.numel() for p in model.parameters())
    num_trainable_parameters = sum(
        p.numel() for p in model.parameters() if p.requires_grad
    )

    if master_process:
        print(f"Model size: {model_size:.2f} MB")
        print(f"Number of parameters: {num_parameters}")
        print(f"Number of trainable parameters: {num_trainable_parameters}")

    # here we wrap model into DDP container
    model = DDP(
        model,
        device_ids=[ddp_local_rank],
        find_unused_parameters=True,
        broadcast_buffers=False,
        gradient_as_bucket_view=True,
    )
    raw_model = model.module  # always contains the "raw" unwrapped model
    ctx = torch.amp.autocast(device_type="cuda", dtype=torch.bfloat16)

    # init the optimizer(s)
    # foreach == false to save VRAM

    optimizer1 = get_optimizer(
        args.optimizer_name, args.optimizer_args, args.learning_rate, raw_model
    )

    optimizers = [
        optimizer1,
    ]

    # learning rate decay scheduler (linear warmup and warmdown)
    def get_lr(it):
        assert it <= args.num_iterations
        # 1) linear warmup for warmup_iters steps
        if it < args.warmup_iters:
            return (it + 1) / args.warmup_iters
        # 2) constant lr for a while
        elif it < args.num_iterations - args.warmdown_iters:
            return 1.0
        # 3) linear warmdown
        else:
            decay_ratio = (args.num_iterations - it) / args.warmdown_iters
            return decay_ratio

    schedulers = [torch.optim.lr_scheduler.LambdaLR(opt, get_lr) for opt in optimizers]

    # begin logging
    if master_process:
        run_num = 0
        run_id = f"{args.run_name}_{run_num}"
        logdir = "logs/%s/" % run_id
        while os.path.exists(logdir):
            run_num += 1
            run_id = f"{args.run_name}_{run_num}"
            logdir = "logs/%s/" % run_id
        os.makedirs(logdir, exist_ok=True)
        logfile = "logs/%s.txt" % run_id
        print(f"Logging run in {logdir}")
        # create the log file and set up TeeLogger
        sys.stdout = TeeLogger(logfile)
        # begin the log by printing this file (the Python code)
        print("=" * 100)
        print(code)
        print("=" * 100)
        # log information about the hardware/software environment this is running on
        # and print the full `nvidia-smi` to file
        print(
            f"Running pytorch {torch.version.__version__} compiled for CUDA {torch.version.cuda}\nnvidia-smi:"
        )
        import subprocess

        result = subprocess.run(
            ["nvidia-smi"],
            stdout=subprocess.PIPE,
            stderr=subprocess.PIPE,
            text=True,
        )
        print(f"{result.stdout}")
        print("=" * 100)

    training_time_ms = 0
    best_val_loss = float("inf")
    # start the clock
    torch.cuda.synchronize()
    t0 = time.time()
    # begin training
    train_loader.reset()
    for step in range(args.num_iterations + 1):
        last_step = step == args.num_iterations
        # This effectively ignores timing first 10 steps, which are slower for weird reasons.
        # Alternately, and slightly more correctly in terms of benchmarking, we could do 10
        # steps with dummy data first, and then re-initialize the model and reset the loader.
        if step == 10:
            training_time_ms = 0
            t0 = time.time()
        timed_steps = (
            float("nan") if step <= 11 else (step - 10) + 1
        )  # <= 11 to avoid bug in val

        # once in a while evaluate the validation dataset
        if last_step or (args.val_loss_every > 0 and step % args.val_loss_every == 0):
            # stop the clock
            torch.cuda.synchronize()
            training_time_ms += 1000 * (time.time() - t0)
            # run validation batches
            model.eval()
            val_loader.reset()
            val_loss = 0.0
            with torch.no_grad():
                for _ in range(val_steps):
                    x_val, y_val = val_loader.next_batch()
                    with ctx:  # of course, we'd like to use no_grad() here too, but that creates a torch.compile error for some reason
                        _, loss = model(x_val, y_val)
                        metrics = None
                        if type(loss) is dict:
                            metrics = {k: v for k, v in loss.items() if k != "total"}
                            loss = loss["total"]
                        val_loss += loss.detach()
                        del loss
            dist.all_reduce(val_loss, op=dist.ReduceOp.AVG)
            val_loss /= val_steps
            # log val loss to console and to logfile
            if master_process:
                if metrics is None:
                    print(
                        f"step:{step}/{args.num_iterations} val_loss:{val_loss:.4f} train_time:{training_time_ms:.0f}ms step_avg:{training_time_ms/(timed_steps-1):.2f}ms"
                    )
                else:
                    print(
                        f"step:{step}/{args.num_iterations} val_loss:{val_loss:.4f} train_time:{training_time_ms:.0f}ms step_avg:{training_time_ms/(timed_steps-1):.2f}ms {metrics}"
                    )
                with open(logfile, "a") as f:
                    f.write(
                        f"step:{step}/{args.num_iterations} val_loss:{val_loss:.4f} train_time:{training_time_ms:.0f}ms step_avg:{training_time_ms/(timed_steps-1):.2f}ms\n"
                    )
            # start the clock again
            torch.cuda.synchronize()
            torch.cuda.empty_cache()
            t0 = time.time()

            # Save best model if validation loss improved
            if master_process and (args.save_best_model and val_loss < best_val_loss):
                best_val_loss = val_loss
                log = dict(
                    step=step,
                    code=code,
                    model_config=model_config.to_dict(),
                    train_config=args.to_dict(),
                    model=raw_model.state_dict(),
                    optimizers=[opt.state_dict() for opt in optimizers],
                    val_loss=val_loss,
                )
                best_model_path = f"logs/{run_id}/best_model_{step}.pt"
                torch.save(log, best_model_path)

                # Remove previous best model if exists
                for f in glob.glob(f"logs/{run_id}/best_model_*.pt"):
                    if f != best_model_path:
                        os.remove(f)

        if master_process and (
            last_step or (args.save_every > 0 and step % args.save_every == 0)
        ):
            # stop the clock
            torch.cuda.synchronize()
            training_time_ms += 1000 * (time.time() - t0)
            # save the state of the training process
            log = dict(
                step=step,
                code=code,
                model_config=model_config.to_dict(),
                train_config=args.to_dict(),
                model=raw_model.state_dict(),
                optimizers=[opt.state_dict() for opt in optimizers],
            )
            torch.save(log, "logs/%s/state_step%06d.pt" % (run_id, step))

            # Cleanup old checkpoints
            if args.keep_last_n_checkpoints > 0:
                checkpoints = sorted(glob.glob(f"logs/{run_id}/state_step*.pt"))
                if len(checkpoints) > args.keep_last_n_checkpoints:
                    for checkpoint in checkpoints[: -args.keep_last_n_checkpoints]:
                        os.remove(checkpoint)

            # start the clock again
            torch.cuda.synchronize()
            t0 = time.time()

        # bit confusing: we want to make sure to eval on 0th iteration
        # but also after the very last iteration. so we loop for step <= num_iterations
        # instead of just < num_iterations (one extra due to <=), only to do
        # the validation/sampling one last time, and then we break right here as we're done.
        if last_step:
            break

        # --------------- TRAINING SECTION BEGIN -----------------
        model.train()
        # Optional sequence-length curriculum from the model recipe. Data and
        # validation remain unchanged; only early train forwards use a prefix.
        curriculum_steps = getattr(model_config, "seq_curriculum_steps", 0)
        curriculum_len = getattr(model_config, "seq_curriculum_len", T)
        use_short_sequence = curriculum_steps > 0 and step < curriculum_steps
        for i in range(1, train_accumulation_steps + 1):
            # forward pass
            with ctx:
                if use_short_sequence:
                    _, loss = model(
                        x[:, :curriculum_len].contiguous(),
                        y[:, :curriculum_len].contiguous(),
                    )
                else:
                    _, loss = model(x, y)
                metrics = None
                if type(loss) is dict:
                    metrics = {k: v for k, v in loss.items() if k != "total"}
                    loss = loss["total"]
                train_loss = loss.detach()

            # advance the dataset for the next batch
            x, y = train_loader.next_batch()
            # backward pass
            if i < train_accumulation_steps:
                with (
                    model.no_sync()
                ):  # there's no need to sync gradients every accumulation step
                    loss.backward()
            else:
                loss.backward()  # just sync on the last step
        for p in model.parameters():
            if p.grad is not None:
                p.grad /= train_accumulation_steps
        # step the optimizers and schedulers
        for opt, sched in zip(optimizers, schedulers):
            opt.step()
            sched.step()
        # null the gradients
        model.zero_grad(set_to_none=True)
        # --------------- TRAINING SECTION END -------------------
        # everything that follows now is just diagnostics, prints, logging, etc.

        # dist.all_reduce(train_loss, op=dist.ReduceOp.AVG) # all-reducing the training loss would be more correct in terms of logging, but slower
        if master_process:
            approx_time = training_time_ms + 1000 * (time.time() - t0)
            lr = optimizers[0].param_groups[0]["lr"]
            if metrics is None:
                print(
                    f"step:{step+1}/{args.num_iterations} lr:{lr} train_loss:{train_loss.item():.4f} train_time:{approx_time:.0f}ms step_avg:{approx_time/timed_steps:.2f}ms"
                )
            else:
                print(
                    f"step:{step+1}/{args.num_iterations} lr:{lr} train_loss:{train_loss.item():.4f} train_time:{approx_time:.0f}ms step_avg:{approx_time/timed_steps:.2f}ms {metrics}"
                )

    if master_process:
        print(
            f"peak memory consumption: {torch.cuda.max_memory_allocated() // 1024 // 1024} MiB"
        )

    # -------------------------------------------------------------------------
    # clean up nice
    dist.destroy_process_group()

====================================================================================================
Running pytorch 2.8.0+cu129 compiled for CUDA 12.9
nvidia-smi:
Sun Jul 12 03:58:41 2026       
+-----------------------------------------------------------------------------------------+
| NVIDIA-SMI 590.48.01              Driver Version: 590.48.01      CUDA Version: 13.1     |
+-----------------------------------------+------------------------+----------------------+
| GPU  Name                 Persistence-M | Bus-Id          Disp.A | Volatile Uncorr. ECC |
| Fan  Temp   Perf          Pwr:Usage/Cap |           Memory-Usage | GPU-Util  Compute M. |
|                                         |                        |               MIG M. |
|=========================================+========================+======================|
|   0  NVIDIA H100 80GB HBM3          On  |   00000000:19:00.0 Off |                    0 |
| N/A   29C    P0            118W /  700W |    4660MiB /  81559MiB |      0%      Default |
|                                         |                        |             Disabled |
+-----------------------------------------+------------------------+----------------------+
|   1  NVIDIA H100 80GB HBM3          On  |   00000000:3B:00.0 Off |                    0 |
| N/A   29C    P0            121W /  700W |    4660MiB /  81559MiB |      0%      Default |
|                                         |                        |             Disabled |
+-----------------------------------------+------------------------+----------------------+
|   2  NVIDIA H100 80GB HBM3          On  |   00000000:4C:00.0 Off |                    0 |
| N/A   26C    P0            114W /  700W |    4660MiB /  81559MiB |      8%      Default |
|                                         |                        |             Disabled |
+-----------------------------------------+------------------------+----------------------+
|   3  NVIDIA H100 80GB HBM3          On  |   00000000:5D:00.0 Off |                    0 |
| N/A   29C    P0            120W /  700W |    4660MiB /  81559MiB |     13%      Default |
|                                         |                        |             Disabled |
+-----------------------------------------+------------------------+----------------------+
|   4  NVIDIA H100 80GB HBM3          On  |   00000000:9B:00.0 Off |                    0 |
| N/A   30C    P0            117W /  700W |    4660MiB /  81559MiB |     13%      Default |
|                                         |                        |             Disabled |
+-----------------------------------------+------------------------+----------------------+
|   5  NVIDIA H100 80GB HBM3          On  |   00000000:BB:00.0 Off |                    0 |
| N/A   27C    P0            120W /  700W |    4660MiB /  81559MiB |      0%      Default |
|                                         |                        |             Disabled |
+-----------------------------------------+------------------------+----------------------+
|   6  NVIDIA H100 80GB HBM3          On  |   00000000:CB:00.0 Off |                    0 |
| N/A   29C    P0            121W /  700W |    4660MiB /  81559MiB |      0%      Default |
|                                         |                        |             Disabled |
+-----------------------------------------+------------------------+----------------------+
|   7  NVIDIA H100 80GB HBM3          On  |   00000000:DB:00.0 Off |                    0 |
| N/A   38C    P0            124W /  700W |    4660MiB /  81559MiB |      0%      Default |
|                                         |                        |             Disabled |
+-----------------------------------------+------------------------+----------------------+

+-----------------------------------------------------------------------------------------+
| Processes:                                                                              |
|  GPU   GI   CI              PID   Type   Process name                        GPU Memory |
|        ID   ID                                                               Usage      |
|=========================================================================================|
|    0   N/A  N/A         2930588      C   /opt/conda/bin/python3.11              4650MiB |
|    1   N/A  N/A         2930589      C   /opt/conda/bin/python3.11              4650MiB |
|    2   N/A  N/A         2930590      C   /opt/conda/bin/python3.11              4650MiB |
|    3   N/A  N/A         2930591      C   /opt/conda/bin/python3.11              4650MiB |
|    4   N/A  N/A         2930592      C   /opt/conda/bin/python3.11              4650MiB |
|    5   N/A  N/A         2930593      C   /opt/conda/bin/python3.11              4650MiB |
|    6   N/A  N/A         2930594      C   /opt/conda/bin/python3.11              4650MiB |
|    7   N/A  N/A         2930595      C   /opt/conda/bin/python3.11              4650MiB |
+-----------------------------------------------------------------------------------------+

====================================================================================================
[rank6]:W0712 03:58:43.825000 2930594 site-packages/torch/_dynamo/variables/tensor.py:1047] [1/0] Graph break from `Tensor.item()`, consider setting:
[rank6]:W0712 03:58:43.825000 2930594 site-packages/torch/_dynamo/variables/tensor.py:1047] [1/0]     torch._dynamo.config.capture_scalar_outputs = True
[rank6]:W0712 03:58:43.825000 2930594 site-packages/torch/_dynamo/variables/tensor.py:1047] [1/0] or:
[rank6]:W0712 03:58:43.825000 2930594 site-packages/torch/_dynamo/variables/tensor.py:1047] [1/0]     env TORCHDYNAMO_CAPTURE_SCALAR_OUTPUTS=1
[rank6]:W0712 03:58:43.825000 2930594 site-packages/torch/_dynamo/variables/tensor.py:1047] [1/0] to include these operations in the captured graph.
[rank6]:W0712 03:58:43.825000 2930594 site-packages/torch/_dynamo/variables/tensor.py:1047] [1/0] 
[rank6]:W0712 03:58:43.825000 2930594 site-packages/torch/_dynamo/variables/tensor.py:1047] [1/0] Graph break: from user code at:
[rank6]:W0712 03:58:43.825000 2930594 site-packages/torch/_dynamo/variables/tensor.py:1047] [1/0]   File "/nvme/BlaGPT/bla_gpt/bla_gpt.py", line 938, in forward
[rank6]:W0712 03:58:43.825000 2930594 site-packages/torch/_dynamo/variables/tensor.py:1047] [1/0]     loss_dict = {"ntp_loss": ntp_loss.detach().item()}
[rank6]:W0712 03:58:43.825000 2930594 site-packages/torch/_dynamo/variables/tensor.py:1047] [1/0] 
[rank6]:W0712 03:58:43.825000 2930594 site-packages/torch/_dynamo/variables/tensor.py:1047] [1/0] 
[rank2]:W0712 03:58:43.839000 2930590 site-packages/torch/_dynamo/variables/tensor.py:1047] [1/0] Graph break from `Tensor.item()`, consider setting:
[rank2]:W0712 03:58:43.839000 2930590 site-packages/torch/_dynamo/variables/tensor.py:1047] [1/0]     torch._dynamo.config.capture_scalar_outputs = True
[rank2]:W0712 03:58:43.839000 2930590 site-packages/torch/_dynamo/variables/tensor.py:1047] [1/0] or:
[rank2]:W0712 03:58:43.839000 2930590 site-packages/torch/_dynamo/variables/tensor.py:1047] [1/0]     env TORCHDYNAMO_CAPTURE_SCALAR_OUTPUTS=1
[rank2]:W0712 03:58:43.839000 2930590 site-packages/torch/_dynamo/variables/tensor.py:1047] [1/0] to include these operations in the captured graph.
[rank2]:W0712 03:58:43.839000 2930590 site-packages/torch/_dynamo/variables/tensor.py:1047] [1/0] 
[rank2]:W0712 03:58:43.839000 2930590 site-packages/torch/_dynamo/variables/tensor.py:1047] [1/0] Graph break: from user code at:
[rank2]:W0712 03:58:43.839000 2930590 site-packages/torch/_dynamo/variables/tensor.py:1047] [1/0]   File "/nvme/BlaGPT/bla_gpt/bla_gpt.py", line 938, in forward
[rank2]:W0712 03:58:43.839000 2930590 site-packages/torch/_dynamo/variables/tensor.py:1047] [1/0]     loss_dict = {"ntp_loss": ntp_loss.detach().item()}
[rank2]:W0712 03:58:43.839000 2930590 site-packages/torch/_dynamo/variables/tensor.py:1047] [1/0] 
[rank2]:W0712 03:58:43.839000 2930590 site-packages/torch/_dynamo/variables/tensor.py:1047] [1/0] 
[rank4]:W0712 03:58:43.858000 2930592 site-packages/torch/_dynamo/variables/tensor.py:1047] [1/0] Graph break from `Tensor.item()`, consider setting:
[rank4]:W0712 03:58:43.858000 2930592 site-packages/torch/_dynamo/variables/tensor.py:1047] [1/0]     torch._dynamo.config.capture_scalar_outputs = True
[rank4]:W0712 03:58:43.858000 2930592 site-packages/torch/_dynamo/variables/tensor.py:1047] [1/0] or:
[rank4]:W0712 03:58:43.858000 2930592 site-packages/torch/_dynamo/variables/tensor.py:1047] [1/0]     env TORCHDYNAMO_CAPTURE_SCALAR_OUTPUTS=1
[rank4]:W0712 03:58:43.858000 2930592 site-packages/torch/_dynamo/variables/tensor.py:1047] [1/0] to include these operations in the captured graph.
[rank4]:W0712 03:58:43.858000 2930592 site-packages/torch/_dynamo/variables/tensor.py:1047] [1/0] 
[rank4]:W0712 03:58:43.858000 2930592 site-packages/torch/_dynamo/variables/tensor.py:1047] [1/0] Graph break: from user code at:
[rank4]:W0712 03:58:43.858000 2930592 site-packages/torch/_dynamo/variables/tensor.py:1047] [1/0]   File "/nvme/BlaGPT/bla_gpt/bla_gpt.py", line 938, in forward
[rank4]:W0712 03:58:43.858000 2930592 site-packages/torch/_dynamo/variables/tensor.py:1047] [1/0]     loss_dict = {"ntp_loss": ntp_loss.detach().item()}
[rank4]:W0712 03:58:43.858000 2930592 site-packages/torch/_dynamo/variables/tensor.py:1047] [1/0] 
[rank4]:W0712 03:58:43.858000 2930592 site-packages/torch/_dynamo/variables/tensor.py:1047] [1/0] 
[rank1]:W0712 03:58:43.865000 2930589 site-packages/torch/_dynamo/variables/tensor.py:1047] [1/0] Graph break from `Tensor.item()`, consider setting:
[rank1]:W0712 03:58:43.865000 2930589 site-packages/torch/_dynamo/variables/tensor.py:1047] [1/0]     torch._dynamo.config.capture_scalar_outputs = True
[rank1]:W0712 03:58:43.865000 2930589 site-packages/torch/_dynamo/variables/tensor.py:1047] [1/0] or:
[rank1]:W0712 03:58:43.865000 2930589 site-packages/torch/_dynamo/variables/tensor.py:1047] [1/0]     env TORCHDYNAMO_CAPTURE_SCALAR_OUTPUTS=1
[rank1]:W0712 03:58:43.865000 2930589 site-packages/torch/_dynamo/variables/tensor.py:1047] [1/0] to include these operations in the captured graph.
[rank1]:W0712 03:58:43.865000 2930589 site-packages/torch/_dynamo/variables/tensor.py:1047] [1/0] 
[rank1]:W0712 03:58:43.865000 2930589 site-packages/torch/_dynamo/variables/tensor.py:1047] [1/0] Graph break: from user code at:
[rank1]:W0712 03:58:43.865000 2930589 site-packages/torch/_dynamo/variables/tensor.py:1047] [1/0]   File "/nvme/BlaGPT/bla_gpt/bla_gpt.py", line 938, in forward
[rank1]:W0712 03:58:43.865000 2930589 site-packages/torch/_dynamo/variables/tensor.py:1047] [1/0]     loss_dict = {"ntp_loss": ntp_loss.detach().item()}
[rank1]:W0712 03:58:43.865000 2930589 site-packages/torch/_dynamo/variables/tensor.py:1047] [1/0] 
[rank1]:W0712 03:58:43.865000 2930589 site-packages/torch/_dynamo/variables/tensor.py:1047] [1/0] 
[rank7]:W0712 03:58:43.882000 2930595 site-packages/torch/_dynamo/variables/tensor.py:1047] [1/0] Graph break from `Tensor.item()`, consider setting:
[rank7]:W0712 03:58:43.882000 2930595 site-packages/torch/_dynamo/variables/tensor.py:1047] [1/0]     torch._dynamo.config.capture_scalar_outputs = True
[rank7]:W0712 03:58:43.882000 2930595 site-packages/torch/_dynamo/variables/tensor.py:1047] [1/0] or:
[rank7]:W0712 03:58:43.882000 2930595 site-packages/torch/_dynamo/variables/tensor.py:1047] [1/0]     env TORCHDYNAMO_CAPTURE_SCALAR_OUTPUTS=1
[rank7]:W0712 03:58:43.882000 2930595 site-packages/torch/_dynamo/variables/tensor.py:1047] [1/0] to include these operations in the captured graph.
[rank7]:W0712 03:58:43.882000 2930595 site-packages/torch/_dynamo/variables/tensor.py:1047] [1/0] 
[rank7]:W0712 03:58:43.882000 2930595 site-packages/torch/_dynamo/variables/tensor.py:1047] [1/0] Graph break: from user code at:
[rank7]:W0712 03:58:43.882000 2930595 site-packages/torch/_dynamo/variables/tensor.py:1047] [1/0]   File "/nvme/BlaGPT/bla_gpt/bla_gpt.py", line 938, in forward
[rank7]:W0712 03:58:43.882000 2930595 site-packages/torch/_dynamo/variables/tensor.py:1047] [1/0]     loss_dict = {"ntp_loss": ntp_loss.detach().item()}
[rank7]:W0712 03:58:43.882000 2930595 site-packages/torch/_dynamo/variables/tensor.py:1047] [1/0] 
[rank7]:W0712 03:58:43.882000 2930595 site-packages/torch/_dynamo/variables/tensor.py:1047] [1/0] 
[rank5]:W0712 03:58:43.891000 2930593 site-packages/torch/_dynamo/variables/tensor.py:1047] [1/0] Graph break from `Tensor.item()`, consider setting:
[rank5]:W0712 03:58:43.891000 2930593 site-packages/torch/_dynamo/variables/tensor.py:1047] [1/0]     torch._dynamo.config.capture_scalar_outputs = True
[rank5]:W0712 03:58:43.891000 2930593 site-packages/torch/_dynamo/variables/tensor.py:1047] [1/0] or:
[rank5]:W0712 03:58:43.891000 2930593 site-packages/torch/_dynamo/variables/tensor.py:1047] [1/0]     env TORCHDYNAMO_CAPTURE_SCALAR_OUTPUTS=1
[rank5]:W0712 03:58:43.891000 2930593 site-packages/torch/_dynamo/variables/tensor.py:1047] [1/0] to include these operations in the captured graph.
[rank5]:W0712 03:58:43.891000 2930593 site-packages/torch/_dynamo/variables/tensor.py:1047] [1/0] 
[rank5]:W0712 03:58:43.891000 2930593 site-packages/torch/_dynamo/variables/tensor.py:1047] [1/0] Graph break: from user code at:
[rank5]:W0712 03:58:43.891000 2930593 site-packages/torch/_dynamo/variables/tensor.py:1047] [1/0]   File "/nvme/BlaGPT/bla_gpt/bla_gpt.py", line 938, in forward
[rank5]:W0712 03:58:43.891000 2930593 site-packages/torch/_dynamo/variables/tensor.py:1047] [1/0]     loss_dict = {"ntp_loss": ntp_loss.detach().item()}
[rank5]:W0712 03:58:43.891000 2930593 site-packages/torch/_dynamo/variables/tensor.py:1047] [1/0] 
[rank5]:W0712 03:58:43.891000 2930593 site-packages/torch/_dynamo/variables/tensor.py:1047] [1/0] 
[rank3]:W0712 03:58:43.938000 2930591 site-packages/torch/_dynamo/variables/tensor.py:1047] [1/0] Graph break from `Tensor.item()`, consider setting:
[rank3]:W0712 03:58:43.938000 2930591 site-packages/torch/_dynamo/variables/tensor.py:1047] [1/0]     torch._dynamo.config.capture_scalar_outputs = True
[rank3]:W0712 03:58:43.938000 2930591 site-packages/torch/_dynamo/variables/tensor.py:1047] [1/0] or:
[rank3]:W0712 03:58:43.938000 2930591 site-packages/torch/_dynamo/variables/tensor.py:1047] [1/0]     env TORCHDYNAMO_CAPTURE_SCALAR_OUTPUTS=1
[rank3]:W0712 03:58:43.938000 2930591 site-packages/torch/_dynamo/variables/tensor.py:1047] [1/0] to include these operations in the captured graph.
[rank3]:W0712 03:58:43.938000 2930591 site-packages/torch/_dynamo/variables/tensor.py:1047] [1/0] 
[rank3]:W0712 03:58:43.938000 2930591 site-packages/torch/_dynamo/variables/tensor.py:1047] [1/0] Graph break: from user code at:
[rank3]:W0712 03:58:43.938000 2930591 site-packages/torch/_dynamo/variables/tensor.py:1047] [1/0]   File "/nvme/BlaGPT/bla_gpt/bla_gpt.py", line 938, in forward
[rank3]:W0712 03:58:43.938000 2930591 site-packages/torch/_dynamo/variables/tensor.py:1047] [1/0]     loss_dict = {"ntp_loss": ntp_loss.detach().item()}
[rank3]:W0712 03:58:43.938000 2930591 site-packages/torch/_dynamo/variables/tensor.py:1047] [1/0] 
[rank3]:W0712 03:58:43.938000 2930591 site-packages/torch/_dynamo/variables/tensor.py:1047] [1/0] 
[rank0]:W0712 03:58:44.652000 2930588 site-packages/torch/_dynamo/variables/tensor.py:1047] [1/0] Graph break from `Tensor.item()`, consider setting:
[rank0]:W0712 03:58:44.652000 2930588 site-packages/torch/_dynamo/variables/tensor.py:1047] [1/0]     torch._dynamo.config.capture_scalar_outputs = True
[rank0]:W0712 03:58:44.652000 2930588 site-packages/torch/_dynamo/variables/tensor.py:1047] [1/0] or:
[rank0]:W0712 03:58:44.652000 2930588 site-packages/torch/_dynamo/variables/tensor.py:1047] [1/0]     env TORCHDYNAMO_CAPTURE_SCALAR_OUTPUTS=1
[rank0]:W0712 03:58:44.652000 2930588 site-packages/torch/_dynamo/variables/tensor.py:1047] [1/0] to include these operations in the captured graph.
[rank0]:W0712 03:58:44.652000 2930588 site-packages/torch/_dynamo/variables/tensor.py:1047] [1/0] 
[rank0]:W0712 03:58:44.652000 2930588 site-packages/torch/_dynamo/variables/tensor.py:1047] [1/0] Graph break: from user code at:
[rank0]:W0712 03:58:44.652000 2930588 site-packages/torch/_dynamo/variables/tensor.py:1047] [1/0]   File "/nvme/BlaGPT/bla_gpt/bla_gpt.py", line 938, in forward
[rank0]:W0712 03:58:44.652000 2930588 site-packages/torch/_dynamo/variables/tensor.py:1047] [1/0]     loss_dict = {"ntp_loss": ntp_loss.detach().item()}
[rank0]:W0712 03:58:44.652000 2930588 site-packages/torch/_dynamo/variables/tensor.py:1047] [1/0] 
[rank0]:W0712 03:58:44.652000 2930588 site-packages/torch/_dynamo/variables/tensor.py:1047] [1/0] 
step:0/5100 val_loss:15.3424 train_time:208ms step_avg:nanms
[rank6]:[W712 03:59:28.444564246 reducer.cpp:1457] Warning: find_unused_parameters=True was specified in DDP constructor, but did not find any unused parameters in the forward pass. This flag results in an extra traversal of the autograd graph every iteration,  which can adversely affect performance. If your model indeed never has any unused parameters in the forward pass, consider turning this flag off. Note that this warning may be a false positive if your model has flow control causing later iterations to have unused parameters. (function operator())
[rank2]:[W712 03:59:28.504559242 reducer.cpp:1457] Warning: find_unused_parameters=True was specified in DDP constructor, but did not find any unused parameters in the forward pass. This flag results in an extra traversal of the autograd graph every iteration,  which can adversely affect performance. If your model indeed never has any unused parameters in the forward pass, consider turning this flag off. Note that this warning may be a false positive if your model has flow control causing later iterations to have unused parameters. (function operator())
[rank3]:[W712 03:59:28.770739263 reducer.cpp:1457] Warning: find_unused_parameters=True was specified in DDP constructor, but did not find any unused parameters in the forward pass. This flag results in an extra traversal of the autograd graph every iteration,  which can adversely affect performance. If your model indeed never has any unused parameters in the forward pass, consider turning this flag off. Note that this warning may be a false positive if your model has flow control causing later iterations to have unused parameters. (function operator())
[rank1]:[W712 03:59:28.779131621 reducer.cpp:1457] Warning: find_unused_parameters=True was specified in DDP constructor, but did not find any unused parameters in the forward pass. This flag results in an extra traversal of the autograd graph every iteration,  which can adversely affect performance. If your model indeed never has any unused parameters in the forward pass, consider turning this flag off. Note that this warning may be a false positive if your model has flow control causing later iterations to have unused parameters. (function operator())
[rank4]:[W712 03:59:28.884605734 reducer.cpp:1457] Warning: find_unused_parameters=True was specified in DDP constructor, but did not find any unused parameters in the forward pass. This flag results in an extra traversal of the autograd graph every iteration,  which can adversely affect performance. If your model indeed never has any unused parameters in the forward pass, consider turning this flag off. Note that this warning may be a false positive if your model has flow control causing later iterations to have unused parameters. (function operator())
[rank5]:[W712 03:59:28.927522259 reducer.cpp:1457] Warning: find_unused_parameters=True was specified in DDP constructor, but did not find any unused parameters in the forward pass. This flag results in an extra traversal of the autograd graph every iteration,  which can adversely affect performance. If your model indeed never has any unused parameters in the forward pass, consider turning this flag off. Note that this warning may be a false positive if your model has flow control causing later iterations to have unused parameters. (function operator())
[rank7]:[W712 03:59:28.928925069 reducer.cpp:1457] Warning: find_unused_parameters=True was specified in DDP constructor, but did not find any unused parameters in the forward pass. This flag results in an extra traversal of the autograd graph every iteration,  which can adversely affect performance. If your model indeed never has any unused parameters in the forward pass, consider turning this flag off. Note that this warning may be a false positive if your model has flow control causing later iterations to have unused parameters. (function operator())
[rank0]:[W712 03:59:32.100843905 reducer.cpp:1457] Warning: find_unused_parameters=True was specified in DDP constructor, but did not find any unused parameters in the forward pass. This flag results in an extra traversal of the autograd graph every iteration,  which can adversely affect performance. If your model indeed never has any unused parameters in the forward pass, consider turning this flag off. Note that this warning may be a false positive if your model has flow control causing later iterations to have unused parameters. (function operator())
step:1/5100 lr:2e-05 train_loss:15.3401 train_time:42579ms step_avg:nanms
step:2/5100 lr:3e-05 train_loss:15.2338 train_time:42772ms step_avg:nanms
step:3/5100 lr:4e-05 train_loss:14.9073 train_time:42948ms step_avg:nanms
step:4/5100 lr:5e-05 train_loss:14.0862 train_time:43125ms step_avg:nanms
step:5/5100 lr:6e-05 train_loss:12.6226 train_time:43300ms step_avg:nanms
step:6/5100 lr:7.000000000000001e-05 train_loss:10.9190 train_time:43474ms step_avg:nanms
step:7/5100 lr:8e-05 train_loss:10.1341 train_time:43648ms step_avg:nanms
step:8/5100 lr:8.999999999999999e-05 train_loss:10.0237 train_time:43823ms step_avg:nanms
step:9/5100 lr:0.0001 train_loss:9.9289 train_time:43997ms step_avg:nanms
step:10/5100 lr:0.00011 train_loss:9.8859 train_time:44171ms step_avg:nanms
step:11/5100 lr:0.00012 train_loss:9.7905 train_time:172ms step_avg:nanms
step:12/5100 lr:0.00013000000000000002 train_loss:9.8182 train_time:346ms step_avg:nanms
step:13/5100 lr:0.00014000000000000001 train_loss:9.7201 train_time:521ms step_avg:173.55ms
step:14/5100 lr:0.00015 train_loss:9.6752 train_time:695ms step_avg:173.78ms
step:15/5100 lr:0.00016 train_loss:9.6357 train_time:870ms step_avg:173.91ms
step:16/5100 lr:0.00017 train_loss:9.6145 train_time:1044ms step_avg:173.99ms
step:17/5100 lr:0.00017999999999999998 train_loss:9.5342 train_time:1218ms step_avg:174.02ms
step:18/5100 lr:0.00019 train_loss:9.3898 train_time:1393ms step_avg:174.08ms
step:19/5100 lr:0.0002 train_loss:9.5506 train_time:1567ms step_avg:174.10ms
step:20/5100 lr:0.00021 train_loss:9.3356 train_time:1741ms step_avg:174.11ms
step:21/5100 lr:0.00022 train_loss:9.3653 train_time:1915ms step_avg:174.13ms
step:22/5100 lr:0.00023 train_loss:9.5486 train_time:2090ms step_avg:174.15ms
step:23/5100 lr:0.00024 train_loss:9.2482 train_time:2264ms step_avg:174.16ms
step:24/5100 lr:0.00025 train_loss:9.3945 train_time:2438ms step_avg:174.17ms
step:25/5100 lr:0.00026000000000000003 train_loss:9.2553 train_time:2613ms step_avg:174.17ms
step:26/5100 lr:0.00027 train_loss:9.0538 train_time:2787ms step_avg:174.18ms
step:27/5100 lr:0.00028000000000000003 train_loss:9.0003 train_time:2961ms step_avg:174.19ms
step:28/5100 lr:0.00029 train_loss:8.9134 train_time:3136ms step_avg:174.20ms
step:29/5100 lr:0.0003 train_loss:9.0450 train_time:3311ms step_avg:174.24ms
step:30/5100 lr:0.00031 train_loss:9.0692 train_time:3485ms step_avg:174.25ms
step:31/5100 lr:0.00032 train_loss:8.8149 train_time:3659ms step_avg:174.25ms
step:32/5100 lr:0.00033 train_loss:8.8663 train_time:3834ms step_avg:174.28ms
step:33/5100 lr:0.00034 train_loss:8.9795 train_time:4009ms step_avg:174.28ms
step:34/5100 lr:0.00035 train_loss:8.8839 train_time:4183ms step_avg:174.29ms
step:35/5100 lr:0.00035999999999999997 train_loss:8.9508 train_time:4357ms step_avg:174.30ms
step:36/5100 lr:0.00037 train_loss:8.7381 train_time:4532ms step_avg:174.30ms
step:37/5100 lr:0.00038 train_loss:8.8304 train_time:4706ms step_avg:174.31ms
step:38/5100 lr:0.00039000000000000005 train_loss:8.5511 train_time:4882ms step_avg:174.36ms
step:39/5100 lr:0.0004 train_loss:8.6415 train_time:5058ms step_avg:174.41ms
step:40/5100 lr:0.00041 train_loss:8.5942 train_time:5232ms step_avg:174.41ms
step:41/5100 lr:0.00042 train_loss:8.5950 train_time:5407ms step_avg:174.41ms
step:42/5100 lr:0.00043 train_loss:8.1995 train_time:5581ms step_avg:174.40ms
step:43/5100 lr:0.00044 train_loss:8.5503 train_time:5755ms step_avg:174.40ms
step:44/5100 lr:0.00045000000000000004 train_loss:8.4113 train_time:5930ms step_avg:174.40ms
step:45/5100 lr:0.00046 train_loss:8.5325 train_time:6104ms step_avg:174.40ms
step:46/5100 lr:0.00047 train_loss:8.3198 train_time:6278ms step_avg:174.40ms
step:47/5100 lr:0.00048 train_loss:8.1924 train_time:6453ms step_avg:174.40ms
step:48/5100 lr:0.00049 train_loss:8.3590 train_time:6627ms step_avg:174.40ms
step:49/5100 lr:0.0005 train_loss:8.2359 train_time:6802ms step_avg:174.40ms
step:50/5100 lr:0.00051 train_loss:8.3142 train_time:6976ms step_avg:174.41ms
step:51/5100 lr:0.0005200000000000001 train_loss:8.3286 train_time:7152ms step_avg:174.44ms
step:52/5100 lr:0.0005300000000000001 train_loss:8.2685 train_time:7327ms step_avg:174.44ms
step:53/5100 lr:0.00054 train_loss:8.0388 train_time:7501ms step_avg:174.44ms
step:54/5100 lr:0.00055 train_loss:8.0729 train_time:7675ms step_avg:174.44ms
step:55/5100 lr:0.0005600000000000001 train_loss:8.2897 train_time:7850ms step_avg:174.44ms
step:56/5100 lr:0.00057 train_loss:8.1474 train_time:8026ms step_avg:174.47ms
step:57/5100 lr:0.00058 train_loss:7.9100 train_time:8200ms step_avg:174.47ms
step:58/5100 lr:0.00059 train_loss:8.1641 train_time:8374ms step_avg:174.47ms
step:59/5100 lr:0.0006 train_loss:7.9273 train_time:8549ms step_avg:174.47ms
step:60/5100 lr:0.00061 train_loss:8.2259 train_time:8723ms step_avg:174.47ms
step:61/5100 lr:0.00062 train_loss:7.9134 train_time:8898ms step_avg:174.47ms
step:62/5100 lr:0.00063 train_loss:8.0550 train_time:9072ms step_avg:174.46ms
step:63/5100 lr:0.00064 train_loss:7.9229 train_time:9247ms step_avg:174.46ms
step:64/5100 lr:0.0006500000000000001 train_loss:8.9896 train_time:9422ms step_avg:174.48ms
step:65/5100 lr:0.00066 train_loss:7.7579 train_time:9596ms step_avg:174.48ms
step:66/5100 lr:0.00067 train_loss:7.9038 train_time:9771ms step_avg:174.48ms
step:67/5100 lr:0.00068 train_loss:7.6886 train_time:9945ms step_avg:174.48ms
step:68/5100 lr:0.00069 train_loss:8.0605 train_time:10120ms step_avg:174.47ms
step:69/5100 lr:0.0007 train_loss:7.5385 train_time:10294ms step_avg:174.48ms
step:70/5100 lr:0.00071 train_loss:7.6224 train_time:10469ms step_avg:174.48ms
step:71/5100 lr:0.0007199999999999999 train_loss:7.6346 train_time:10643ms step_avg:174.47ms
step:72/5100 lr:0.00073 train_loss:7.8461 train_time:10817ms step_avg:174.47ms
step:73/5100 lr:0.00074 train_loss:7.4832 train_time:10992ms step_avg:174.47ms
step:74/5100 lr:0.00075 train_loss:8.0284 train_time:11166ms step_avg:174.47ms
step:75/5100 lr:0.00076 train_loss:7.7147 train_time:11340ms step_avg:174.47ms
step:76/5100 lr:0.0007700000000000001 train_loss:7.6699 train_time:11515ms step_avg:174.47ms
step:77/5100 lr:0.0007800000000000001 train_loss:7.6156 train_time:11689ms step_avg:174.47ms
step:78/5100 lr:0.00079 train_loss:7.2414 train_time:11864ms step_avg:174.46ms
step:79/5100 lr:0.0008 train_loss:7.4474 train_time:12038ms step_avg:174.46ms
step:80/5100 lr:0.0008100000000000001 train_loss:7.5017 train_time:12212ms step_avg:174.46ms
step:81/5100 lr:0.00082 train_loss:7.2841 train_time:12387ms step_avg:174.46ms
step:82/5100 lr:0.00083 train_loss:7.4648 train_time:12561ms step_avg:174.46ms
step:83/5100 lr:0.00084 train_loss:7.4104 train_time:12736ms step_avg:174.46ms
step:84/5100 lr:0.00085 train_loss:7.1837 train_time:12910ms step_avg:174.46ms
step:85/5100 lr:0.00086 train_loss:7.2162 train_time:13085ms step_avg:174.46ms
step:86/5100 lr:0.00087 train_loss:7.3909 train_time:13259ms step_avg:174.46ms
step:87/5100 lr:0.00088 train_loss:7.2470 train_time:13434ms step_avg:174.46ms
step:88/5100 lr:0.0008900000000000001 train_loss:7.5962 train_time:13608ms step_avg:174.46ms
step:89/5100 lr:0.0009000000000000001 train_loss:7.3622 train_time:13782ms step_avg:174.46ms
step:90/5100 lr:0.00091 train_loss:7.3061 train_time:13957ms step_avg:174.46ms
step:91/5100 lr:0.00092 train_loss:7.3530 train_time:14131ms step_avg:174.46ms
step:92/5100 lr:0.00093 train_loss:7.5984 train_time:14306ms step_avg:174.46ms
step:93/5100 lr:0.00094 train_loss:7.3067 train_time:14480ms step_avg:174.46ms
step:94/5100 lr:0.00095 train_loss:7.2317 train_time:14655ms step_avg:174.46ms
step:95/5100 lr:0.00096 train_loss:7.1758 train_time:14829ms step_avg:174.46ms
step:96/5100 lr:0.0009699999999999999 train_loss:7.0820 train_time:15007ms step_avg:174.50ms
step:97/5100 lr:0.00098 train_loss:7.0841 train_time:15181ms step_avg:174.50ms
step:98/5100 lr:0.00099 train_loss:7.0000 train_time:15356ms step_avg:174.50ms
step:99/5100 lr:0.001 train_loss:7.1013 train_time:15530ms step_avg:174.50ms
step:100/5100 lr:0.001 train_loss:6.9574 train_time:15705ms step_avg:174.50ms
step:101/5100 lr:0.001 train_loss:7.1541 train_time:15880ms step_avg:174.50ms
step:102/5100 lr:0.001 train_loss:7.0257 train_time:16054ms step_avg:174.50ms
step:103/5100 lr:0.001 train_loss:6.8495 train_time:16229ms step_avg:174.51ms
step:104/5100 lr:0.001 train_loss:6.6937 train_time:16404ms step_avg:174.51ms
step:105/5100 lr:0.001 train_loss:7.0350 train_time:16578ms step_avg:174.51ms
step:106/5100 lr:0.001 train_loss:6.7946 train_time:16753ms step_avg:174.51ms
step:107/5100 lr:0.001 train_loss:6.8824 train_time:16927ms step_avg:174.51ms
step:108/5100 lr:0.001 train_loss:6.7284 train_time:17102ms step_avg:174.51ms
step:109/5100 lr:0.001 train_loss:6.9795 train_time:17276ms step_avg:174.51ms
step:110/5100 lr:0.001 train_loss:6.8198 train_time:17451ms step_avg:174.51ms
step:111/5100 lr:0.001 train_loss:6.8237 train_time:17625ms step_avg:174.51ms
step:112/5100 lr:0.001 train_loss:6.8874 train_time:17800ms step_avg:174.51ms
step:113/5100 lr:0.001 train_loss:6.7839 train_time:17974ms step_avg:174.51ms
step:114/5100 lr:0.001 train_loss:6.7345 train_time:18149ms step_avg:174.51ms
step:115/5100 lr:0.001 train_loss:6.8867 train_time:18323ms step_avg:174.51ms
step:116/5100 lr:0.001 train_loss:6.6999 train_time:18498ms step_avg:174.51ms
step:117/5100 lr:0.001 train_loss:6.6207 train_time:18673ms step_avg:174.51ms
step:118/5100 lr:0.001 train_loss:6.5666 train_time:18849ms step_avg:174.53ms
step:119/5100 lr:0.001 train_loss:6.5316 train_time:19024ms step_avg:174.53ms
step:120/5100 lr:0.001 train_loss:6.7164 train_time:19198ms step_avg:174.53ms
step:121/5100 lr:0.001 train_loss:6.5358 train_time:19372ms step_avg:174.53ms
step:122/5100 lr:0.001 train_loss:6.6804 train_time:19547ms step_avg:174.53ms
step:123/5100 lr:0.001 train_loss:6.4637 train_time:19721ms step_avg:174.52ms
step:124/5100 lr:0.001 train_loss:6.9970 train_time:19896ms step_avg:174.53ms
step:125/5100 lr:0.001 train_loss:6.5542 train_time:20071ms step_avg:174.53ms
step:125/5100 val_loss:6.6043 train_time:20073ms step_avg:174.55ms
step:126/5100 lr:0.001 train_loss:6.7338 train_time:23894ms step_avg:205.99ms
step:127/5100 lr:0.001 train_loss:6.7153 train_time:24069ms step_avg:205.72ms
step:128/5100 lr:0.001 train_loss:6.4888 train_time:24244ms step_avg:205.46ms
step:129/5100 lr:0.001 train_loss:7.0112 train_time:24418ms step_avg:205.20ms
step:130/5100 lr:0.001 train_loss:6.5731 train_time:24593ms step_avg:204.94ms
step:131/5100 lr:0.001 train_loss:6.4781 train_time:24767ms step_avg:204.69ms
step:132/5100 lr:0.001 train_loss:6.3824 train_time:24942ms step_avg:204.44ms
step:133/5100 lr:0.001 train_loss:6.4974 train_time:25116ms step_avg:204.20ms
step:134/5100 lr:0.001 train_loss:6.3687 train_time:25290ms step_avg:203.95ms
step:135/5100 lr:0.001 train_loss:6.4051 train_time:25465ms step_avg:203.72ms
step:136/5100 lr:0.001 train_loss:6.2842 train_time:25640ms step_avg:203.50ms
step:137/5100 lr:0.001 train_loss:6.2898 train_time:25815ms step_avg:203.27ms
step:138/5100 lr:0.001 train_loss:6.4050 train_time:25990ms step_avg:203.04ms
step:139/5100 lr:0.001 train_loss:6.3570 train_time:26164ms step_avg:202.82ms
step:140/5100 lr:0.001 train_loss:6.4911 train_time:26339ms step_avg:202.61ms
step:141/5100 lr:0.001 train_loss:6.3511 train_time:26521ms step_avg:202.45ms
step:142/5100 lr:0.001 train_loss:6.4520 train_time:26695ms step_avg:202.24ms
step:143/5100 lr:0.001 train_loss:6.3783 train_time:26869ms step_avg:202.03ms
step:144/5100 lr:0.001 train_loss:6.1792 train_time:27044ms step_avg:201.82ms
step:145/5100 lr:0.001 train_loss:6.0483 train_time:27218ms step_avg:201.62ms
step:146/5100 lr:0.001 train_loss:6.1835 train_time:27455ms step_avg:201.88ms
step:147/5100 lr:0.001 train_loss:6.1989 train_time:27630ms step_avg:201.68ms
step:148/5100 lr:0.001 train_loss:6.1416 train_time:27804ms step_avg:201.48ms
step:149/5100 lr:0.001 train_loss:6.6873 train_time:27979ms step_avg:201.29ms
step:150/5100 lr:0.001 train_loss:6.2992 train_time:28153ms step_avg:201.09ms
step:151/5100 lr:0.001 train_loss:6.2078 train_time:28328ms step_avg:200.90ms
step:152/5100 lr:0.001 train_loss:6.3362 train_time:28502ms step_avg:200.72ms
step:153/5100 lr:0.001 train_loss:6.1867 train_time:28676ms step_avg:200.53ms
step:154/5100 lr:0.001 train_loss:6.3723 train_time:28851ms step_avg:200.35ms
step:155/5100 lr:0.001 train_loss:6.0091 train_time:29025ms step_avg:200.17ms
step:156/5100 lr:0.001 train_loss:6.1180 train_time:29200ms step_avg:200.00ms
step:157/5100 lr:0.001 train_loss:6.2415 train_time:29374ms step_avg:199.83ms
step:158/5100 lr:0.001 train_loss:6.0705 train_time:29549ms step_avg:199.65ms
step:159/5100 lr:0.001 train_loss:6.0970 train_time:29723ms step_avg:199.48ms
step:160/5100 lr:0.001 train_loss:6.0795 train_time:29898ms step_avg:199.32ms
step:161/5100 lr:0.001 train_loss:6.1374 train_time:30072ms step_avg:199.15ms
step:162/5100 lr:0.001 train_loss:6.1114 train_time:30247ms step_avg:198.99ms
step:163/5100 lr:0.001 train_loss:6.0762 train_time:30421ms step_avg:198.83ms
step:164/5100 lr:0.001 train_loss:5.9476 train_time:30596ms step_avg:198.67ms
step:165/5100 lr:0.001 train_loss:5.9048 train_time:30770ms step_avg:198.52ms
step:166/5100 lr:0.001 train_loss:5.9947 train_time:30944ms step_avg:198.36ms
step:167/5100 lr:0.001 train_loss:5.8298 train_time:31119ms step_avg:198.21ms
step:168/5100 lr:0.001 train_loss:6.2641 train_time:31295ms step_avg:198.07ms
step:169/5100 lr:0.001 train_loss:5.8226 train_time:31469ms step_avg:197.92ms
step:170/5100 lr:0.001 train_loss:5.7566 train_time:31644ms step_avg:197.77ms
step:171/5100 lr:0.001 train_loss:5.9293 train_time:31818ms step_avg:197.63ms
step:172/5100 lr:0.001 train_loss:5.9131 train_time:31992ms step_avg:197.48ms
step:173/5100 lr:0.001 train_loss:6.0912 train_time:32167ms step_avg:197.34ms
step:174/5100 lr:0.001 train_loss:6.0190 train_time:32437ms step_avg:197.79ms
step:175/5100 lr:0.001 train_loss:6.0667 train_time:32611ms step_avg:197.64ms
step:176/5100 lr:0.001 train_loss:5.7572 train_time:32786ms step_avg:197.51ms
step:177/5100 lr:0.001 train_loss:5.7026 train_time:32962ms step_avg:197.38ms
step:178/5100 lr:0.001 train_loss:5.8876 train_time:33136ms step_avg:197.24ms
step:179/5100 lr:0.001 train_loss:5.7674 train_time:33311ms step_avg:197.11ms
step:180/5100 lr:0.001 train_loss:6.0206 train_time:33487ms step_avg:196.98ms
step:181/5100 lr:0.001 train_loss:5.7980 train_time:33661ms step_avg:196.85ms
step:182/5100 lr:0.001 train_loss:5.8238 train_time:33836ms step_avg:196.72ms
step:183/5100 lr:0.001 train_loss:5.7915 train_time:34010ms step_avg:196.59ms
step:184/5100 lr:0.001 train_loss:5.7215 train_time:34185ms step_avg:196.46ms
step:185/5100 lr:0.001 train_loss:6.0066 train_time:34359ms step_avg:196.34ms
step:186/5100 lr:0.001 train_loss:5.7227 train_time:34534ms step_avg:196.21ms
step:187/5100 lr:0.001 train_loss:6.4149 train_time:34708ms step_avg:196.09ms
step:188/5100 lr:0.001 train_loss:5.5984 train_time:34882ms step_avg:195.97ms
step:189/5100 lr:0.001 train_loss:5.6272 train_time:35057ms step_avg:195.85ms
step:190/5100 lr:0.001 train_loss:5.9933 train_time:35446ms step_avg:196.92ms
step:191/5100 lr:0.001 train_loss:5.9546 train_time:35831ms step_avg:197.96ms
step:192/5100 lr:0.001 train_loss:5.8730 train_time:36006ms step_avg:197.84ms
step:193/5100 lr:0.001 train_loss:5.7358 train_time:36181ms step_avg:197.71ms
step:194/5100 lr:0.001 train_loss:5.8446 train_time:36355ms step_avg:197.58ms
step:195/5100 lr:0.001 train_loss:5.5738 train_time:36529ms step_avg:197.46ms
step:196/5100 lr:0.001 train_loss:5.7377 train_time:36704ms step_avg:197.33ms
step:197/5100 lr:0.001 train_loss:5.7894 train_time:36878ms step_avg:197.21ms
step:198/5100 lr:0.001 train_loss:5.5463 train_time:37054ms step_avg:197.09ms
step:199/5100 lr:0.001 train_loss:5.5325 train_time:37228ms step_avg:196.97ms
step:200/5100 lr:0.001 train_loss:5.6406 train_time:37403ms step_avg:196.86ms
step:201/5100 lr:0.001 train_loss:6.9272 train_time:37577ms step_avg:196.74ms
step:202/5100 lr:0.001 train_loss:6.1892 train_time:37751ms step_avg:196.62ms
step:203/5100 lr:0.001 train_loss:5.5217 train_time:37926ms step_avg:196.51ms
step:204/5100 lr:0.001 train_loss:5.5521 train_time:38100ms step_avg:196.39ms
step:205/5100 lr:0.001 train_loss:5.4155 train_time:38275ms step_avg:196.28ms
step:206/5100 lr:0.001 train_loss:5.6076 train_time:38449ms step_avg:196.17ms
step:207/5100 lr:0.001 train_loss:5.5653 train_time:38623ms step_avg:196.06ms
step:208/5100 lr:0.001 train_loss:5.5292 train_time:38798ms step_avg:195.95ms
step:209/5100 lr:0.001 train_loss:5.8077 train_time:38972ms step_avg:195.84ms
step:210/5100 lr:0.001 train_loss:5.4939 train_time:39147ms step_avg:195.73ms
step:211/5100 lr:0.001 train_loss:5.5578 train_time:39321ms step_avg:195.63ms
step:212/5100 lr:0.001 train_loss:5.4963 train_time:39495ms step_avg:195.52ms
step:213/5100 lr:0.001 train_loss:5.5188 train_time:39670ms step_avg:195.42ms
step:214/5100 lr:0.001 train_loss:5.4666 train_time:39845ms step_avg:195.32ms
step:215/5100 lr:0.001 train_loss:5.5432 train_time:40019ms step_avg:195.22ms
step:216/5100 lr:0.001 train_loss:5.3446 train_time:40193ms step_avg:195.11ms
step:217/5100 lr:0.001 train_loss:5.5724 train_time:40368ms step_avg:195.01ms
step:218/5100 lr:0.001 train_loss:5.5802 train_time:40546ms step_avg:194.93ms
step:219/5100 lr:0.001 train_loss:5.1600 train_time:40722ms step_avg:194.84ms
step:220/5100 lr:0.001 train_loss:5.3602 train_time:40897ms step_avg:194.75ms
step:221/5100 lr:0.001 train_loss:5.6888 train_time:41073ms step_avg:194.66ms
step:222/5100 lr:0.001 train_loss:5.4525 train_time:41246ms step_avg:194.56ms
step:223/5100 lr:0.001 train_loss:5.6084 train_time:41420ms step_avg:194.46ms
step:224/5100 lr:0.001 train_loss:5.5199 train_time:41595ms step_avg:194.37ms
step:225/5100 lr:0.001 train_loss:5.4858 train_time:41770ms step_avg:194.28ms
step:226/5100 lr:0.001 train_loss:5.2392 train_time:41945ms step_avg:194.19ms
step:227/5100 lr:0.001 train_loss:5.3544 train_time:42119ms step_avg:194.10ms
step:228/5100 lr:0.001 train_loss:5.2678 train_time:42295ms step_avg:194.02ms
step:229/5100 lr:0.001 train_loss:5.3030 train_time:42468ms step_avg:193.92ms
step:230/5100 lr:0.001 train_loss:5.4728 train_time:42643ms step_avg:193.83ms
step:231/5100 lr:0.001 train_loss:5.3627 train_time:42817ms step_avg:193.74ms
step:232/5100 lr:0.001 train_loss:5.4816 train_time:42991ms step_avg:193.65ms
step:233/5100 lr:0.001 train_loss:5.3680 train_time:43166ms step_avg:193.57ms
step:234/5100 lr:0.001 train_loss:5.4880 train_time:43340ms step_avg:193.48ms
step:235/5100 lr:0.001 train_loss:5.6529 train_time:43515ms step_avg:193.40ms
step:236/5100 lr:0.001 train_loss:5.3306 train_time:43689ms step_avg:193.31ms
step:237/5100 lr:0.001 train_loss:5.6036 train_time:43864ms step_avg:193.23ms
step:238/5100 lr:0.001 train_loss:5.2748 train_time:44039ms step_avg:193.15ms
step:239/5100 lr:0.001 train_loss:5.2534 train_time:44213ms step_avg:193.07ms
step:240/5100 lr:0.001 train_loss:5.4658 train_time:44387ms step_avg:192.99ms
step:241/5100 lr:0.001 train_loss:5.6626 train_time:44562ms step_avg:192.91ms
step:242/5100 lr:0.001 train_loss:5.1887 train_time:44736ms step_avg:192.83ms
step:243/5100 lr:0.001 train_loss:5.8020 train_time:44911ms step_avg:192.75ms
step:244/5100 lr:0.001 train_loss:5.2864 train_time:45085ms step_avg:192.67ms
step:245/5100 lr:0.001 train_loss:5.2818 train_time:45259ms step_avg:192.59ms
step:246/5100 lr:0.001 train_loss:5.3750 train_time:45434ms step_avg:192.52ms
step:247/5100 lr:0.001 train_loss:5.2042 train_time:45608ms step_avg:192.44ms
step:248/5100 lr:0.001 train_loss:5.3433 train_time:45782ms step_avg:192.36ms
step:249/5100 lr:0.001 train_loss:5.1552 train_time:45957ms step_avg:192.29ms
step:250/5100 lr:0.001 train_loss:5.4789 train_time:46131ms step_avg:192.21ms
step:250/5100 val_loss:5.3545 train_time:46134ms step_avg:192.22ms
step:251/5100 lr:0.001 train_loss:5.2205 train_time:50083ms step_avg:207.81ms
step:252/5100 lr:0.001 train_loss:5.1460 train_time:50257ms step_avg:207.67ms
step:253/5100 lr:0.001 train_loss:5.1041 train_time:50432ms step_avg:207.54ms
step:254/5100 lr:0.001 train_loss:5.1569 train_time:50606ms step_avg:207.40ms
step:255/5100 lr:0.001 train_loss:5.2817 train_time:50780ms step_avg:207.27ms
step:256/5100 lr:0.001 train_loss:5.1187 train_time:50955ms step_avg:207.13ms
step:257/5100 lr:0.001 train_loss:5.2979 train_time:51129ms step_avg:207.00ms
step:258/5100 lr:0.001 train_loss:5.5751 train_time:51303ms step_avg:206.87ms
step:259/5100 lr:0.001 train_loss:4.9774 train_time:51478ms step_avg:206.74ms
step:260/5100 lr:0.001 train_loss:5.1552 train_time:51654ms step_avg:206.62ms
step:261/5100 lr:0.001 train_loss:5.0948 train_time:51829ms step_avg:206.49ms
step:262/5100 lr:0.001 train_loss:5.1585 train_time:52003ms step_avg:206.36ms
step:263/5100 lr:0.001 train_loss:5.3534 train_time:52177ms step_avg:206.23ms
step:264/5100 lr:0.001 train_loss:5.2489 train_time:52352ms step_avg:206.11ms
step:265/5100 lr:0.001 train_loss:5.9392 train_time:52526ms step_avg:205.98ms
step:266/5100 lr:0.001 train_loss:5.1634 train_time:52700ms step_avg:205.86ms
step:267/5100 lr:0.001 train_loss:5.5525 train_time:52875ms step_avg:205.74ms
step:268/5100 lr:0.001 train_loss:4.9912 train_time:53049ms step_avg:205.62ms
step:269/5100 lr:0.001 train_loss:4.9199 train_time:53223ms step_avg:205.50ms
step:270/5100 lr:0.001 train_loss:5.3324 train_time:53398ms step_avg:205.38ms
step:271/5100 lr:0.001 train_loss:5.2286 train_time:53572ms step_avg:205.26ms
step:272/5100 lr:0.001 train_loss:5.1121 train_time:53747ms step_avg:205.14ms
step:273/5100 lr:0.001 train_loss:5.0191 train_time:53921ms step_avg:205.02ms
step:274/5100 lr:0.001 train_loss:5.6114 train_time:54095ms step_avg:204.91ms
step:275/5100 lr:0.001 train_loss:4.9185 train_time:54270ms step_avg:204.79ms
step:276/5100 lr:0.001 train_loss:5.2500 train_time:54444ms step_avg:204.68ms
step:277/5100 lr:0.001 train_loss:5.3659 train_time:54618ms step_avg:204.56ms
step:278/5100 lr:0.001 train_loss:4.9280 train_time:54793ms step_avg:204.45ms
step:279/5100 lr:0.001 train_loss:5.3476 train_time:54967ms step_avg:204.34ms
step:280/5100 lr:0.001 train_loss:5.2248 train_time:55141ms step_avg:204.23ms
step:281/5100 lr:0.001 train_loss:4.9995 train_time:55315ms step_avg:204.12ms
step:282/5100 lr:0.001 train_loss:5.2985 train_time:55490ms step_avg:204.01ms
step:283/5100 lr:0.001 train_loss:5.3910 train_time:55664ms step_avg:203.90ms
step:284/5100 lr:0.001 train_loss:5.1425 train_time:55838ms step_avg:203.79ms
step:285/5100 lr:0.001 train_loss:4.9879 train_time:56012ms step_avg:203.68ms
step:286/5100 lr:0.001 train_loss:5.1513 train_time:56187ms step_avg:203.58ms
step:287/5100 lr:0.001 train_loss:5.0260 train_time:56361ms step_avg:203.47ms
step:288/5100 lr:0.001 train_loss:5.0649 train_time:56536ms step_avg:203.37ms
step:289/5100 lr:0.001 train_loss:5.1255 train_time:56710ms step_avg:203.26ms
step:290/5100 lr:0.001 train_loss:5.2371 train_time:56884ms step_avg:203.16ms
step:291/5100 lr:0.001 train_loss:5.0655 train_time:57060ms step_avg:203.06ms
step:292/5100 lr:0.001 train_loss:4.9616 train_time:57234ms step_avg:202.96ms
step:293/5100 lr:0.001 train_loss:5.1193 train_time:57409ms step_avg:202.86ms
step:294/5100 lr:0.001 train_loss:4.9652 train_time:57583ms step_avg:202.76ms
step:295/5100 lr:0.001 train_loss:4.8967 train_time:57758ms step_avg:202.66ms
step:296/5100 lr:0.001 train_loss:5.0505 train_time:57932ms step_avg:202.56ms
step:297/5100 lr:0.001 train_loss:4.9532 train_time:58106ms step_avg:202.46ms
step:298/5100 lr:0.001 train_loss:5.0683 train_time:58281ms step_avg:202.36ms
step:299/5100 lr:0.001 train_loss:4.8202 train_time:58455ms step_avg:202.27ms
step:300/5100 lr:0.001 train_loss:5.2177 train_time:58629ms step_avg:202.17ms
step:301/5100 lr:0.001 train_loss:5.0016 train_time:58804ms step_avg:202.08ms
step:302/5100 lr:0.001 train_loss:5.0780 train_time:58978ms step_avg:201.98ms
step:303/5100 lr:0.001 train_loss:4.9074 train_time:59155ms step_avg:201.90ms
step:304/5100 lr:0.001 train_loss:5.0487 train_time:59330ms step_avg:201.80ms
step:305/5100 lr:0.001 train_loss:5.0473 train_time:59504ms step_avg:201.71ms
step:306/5100 lr:0.001 train_loss:5.0274 train_time:59678ms step_avg:201.62ms
step:307/5100 lr:0.001 train_loss:5.0657 train_time:59853ms step_avg:201.52ms
step:308/5100 lr:0.001 train_loss:4.9076 train_time:60027ms step_avg:201.43ms
step:309/5100 lr:0.001 train_loss:5.2814 train_time:60201ms step_avg:201.34ms
step:310/5100 lr:0.001 train_loss:4.9141 train_time:60376ms step_avg:201.25ms
step:311/5100 lr:0.001 train_loss:5.1100 train_time:60550ms step_avg:201.16ms
step:312/5100 lr:0.001 train_loss:5.0519 train_time:60725ms step_avg:201.08ms
step:313/5100 lr:0.001 train_loss:4.8918 train_time:60899ms step_avg:200.99ms
step:314/5100 lr:0.001 train_loss:4.7513 train_time:61074ms step_avg:200.90ms
step:315/5100 lr:0.001 train_loss:4.9400 train_time:61250ms step_avg:200.82ms
step:316/5100 lr:0.001 train_loss:4.6858 train_time:61425ms step_avg:200.73ms
step:317/5100 lr:0.001 train_loss:5.0093 train_time:61599ms step_avg:200.65ms
step:318/5100 lr:0.001 train_loss:5.0170 train_time:61773ms step_avg:200.56ms
step:319/5100 lr:0.001 train_loss:4.8501 train_time:61948ms step_avg:200.48ms
step:320/5100 lr:0.001 train_loss:4.9176 train_time:62122ms step_avg:200.39ms
step:321/5100 lr:0.001 train_loss:4.7995 train_time:62296ms step_avg:200.31ms
step:322/5100 lr:0.001 train_loss:5.0698 train_time:62471ms step_avg:200.23ms
step:323/5100 lr:0.001 train_loss:4.9778 train_time:62645ms step_avg:200.14ms
step:324/5100 lr:0.001 train_loss:4.8687 train_time:62819ms step_avg:200.06ms
step:325/5100 lr:0.001 train_loss:4.8922 train_time:62993ms step_avg:199.98ms
step:326/5100 lr:0.001 train_loss:4.8295 train_time:63167ms step_avg:199.90ms
step:327/5100 lr:0.001 train_loss:4.8832 train_time:63342ms step_avg:199.82ms
step:328/5100 lr:0.001 train_loss:4.9783 train_time:63516ms step_avg:199.74ms
step:329/5100 lr:0.001 train_loss:4.9270 train_time:63690ms step_avg:199.66ms
step:330/5100 lr:0.001 train_loss:4.9065 train_time:63865ms step_avg:199.58ms
step:331/5100 lr:0.001 train_loss:4.8434 train_time:64039ms step_avg:199.50ms
step:332/5100 lr:0.001 train_loss:5.3669 train_time:64213ms step_avg:199.42ms
step:333/5100 lr:0.001 train_loss:4.7842 train_time:64387ms step_avg:199.34ms
step:334/5100 lr:0.001 train_loss:4.8417 train_time:64562ms step_avg:199.26ms
step:335/5100 lr:0.001 train_loss:4.7923 train_time:64736ms step_avg:199.19ms
step:336/5100 lr:0.001 train_loss:5.0892 train_time:64910ms step_avg:199.11ms
step:337/5100 lr:0.001 train_loss:4.8068 train_time:65085ms step_avg:199.04ms
step:338/5100 lr:0.001 train_loss:4.9503 train_time:65259ms step_avg:198.96ms
step:339/5100 lr:0.001 train_loss:4.8250 train_time:65434ms step_avg:198.89ms
step:340/5100 lr:0.001 train_loss:4.6559 train_time:65608ms step_avg:198.81ms
step:341/5100 lr:0.001 train_loss:4.4571 train_time:65783ms step_avg:198.74ms
step:342/5100 lr:0.001 train_loss:4.7872 train_time:65957ms step_avg:198.67ms
step:343/5100 lr:0.001 train_loss:4.9350 train_time:66131ms step_avg:198.59ms
step:344/5100 lr:0.001 train_loss:4.8719 train_time:66306ms step_avg:198.52ms
step:345/5100 lr:0.001 train_loss:4.8391 train_time:66480ms step_avg:198.45ms
step:346/5100 lr:0.001 train_loss:4.8628 train_time:66654ms step_avg:198.38ms
step:347/5100 lr:0.001 train_loss:4.8520 train_time:66829ms step_avg:198.30ms
step:348/5100 lr:0.001 train_loss:4.6776 train_time:67003ms step_avg:198.23ms
step:349/5100 lr:0.001 train_loss:4.8226 train_time:67177ms step_avg:198.16ms
step:350/5100 lr:0.001 train_loss:4.8403 train_time:67352ms step_avg:198.09ms
step:351/5100 lr:0.001 train_loss:4.7842 train_time:67526ms step_avg:198.02ms
step:352/5100 lr:0.001 train_loss:4.6999 train_time:67700ms step_avg:197.95ms
step:353/5100 lr:0.001 train_loss:4.8530 train_time:67875ms step_avg:197.89ms
step:354/5100 lr:0.001 train_loss:4.7293 train_time:68050ms step_avg:197.82ms
step:355/5100 lr:0.001 train_loss:4.6313 train_time:68225ms step_avg:197.75ms
step:356/5100 lr:0.001 train_loss:4.9014 train_time:68399ms step_avg:197.69ms
step:357/5100 lr:0.001 train_loss:4.6705 train_time:68574ms step_avg:197.62ms
step:358/5100 lr:0.001 train_loss:4.7259 train_time:68749ms step_avg:197.55ms
step:359/5100 lr:0.001 train_loss:4.6094 train_time:68923ms step_avg:197.49ms
step:360/5100 lr:0.001 train_loss:4.4806 train_time:69097ms step_avg:197.42ms
step:361/5100 lr:0.001 train_loss:5.2547 train_time:69272ms step_avg:197.36ms
step:362/5100 lr:0.001 train_loss:5.1210 train_time:69446ms step_avg:197.29ms
step:363/5100 lr:0.001 train_loss:4.7888 train_time:69621ms step_avg:197.23ms
step:364/5100 lr:0.001 train_loss:4.5817 train_time:69796ms step_avg:197.16ms
step:365/5100 lr:0.001 train_loss:4.6649 train_time:69972ms step_avg:197.10ms
step:366/5100 lr:0.001 train_loss:4.5989 train_time:70314ms step_avg:197.51ms
step:367/5100 lr:0.001 train_loss:4.8342 train_time:70489ms step_avg:197.45ms
step:368/5100 lr:0.001 train_loss:4.7667 train_time:71451ms step_avg:199.58ms
step:369/5100 lr:0.001 train_loss:4.8238 train_time:71625ms step_avg:199.51ms
step:370/5100 lr:0.001 train_loss:4.7484 train_time:71804ms step_avg:199.46ms
step:371/5100 lr:0.001 train_loss:4.3685 train_time:71978ms step_avg:199.39ms
step:372/5100 lr:0.001 train_loss:4.7152 train_time:72153ms step_avg:199.32ms
step:373/5100 lr:0.001 train_loss:4.7649 train_time:72327ms step_avg:199.25ms
step:374/5100 lr:0.001 train_loss:4.6234 train_time:72502ms step_avg:199.18ms
step:375/5100 lr:0.001 train_loss:4.6789 train_time:72676ms step_avg:199.11ms
step:375/5100 val_loss:4.7629 train_time:72679ms step_avg:199.12ms
step:376/5100 lr:0.001 train_loss:4.6055 train_time:76600ms step_avg:209.29ms
step:377/5100 lr:0.001 train_loss:4.6005 train_time:76775ms step_avg:209.20ms
step:378/5100 lr:0.001 train_loss:4.0584 train_time:76949ms step_avg:209.10ms
step:379/5100 lr:0.001 train_loss:4.3891 train_time:77124ms step_avg:209.01ms
step:380/5100 lr:0.001 train_loss:4.6400 train_time:77506ms step_avg:209.48ms
step:381/5100 lr:0.001 train_loss:4.7336 train_time:77891ms step_avg:209.95ms
step:382/5100 lr:0.001 train_loss:4.7942 train_time:78065ms step_avg:209.85ms
step:383/5100 lr:0.001 train_loss:4.6149 train_time:78240ms step_avg:209.76ms
step:384/5100 lr:0.001 train_loss:4.6090 train_time:78414ms step_avg:209.66ms
step:385/5100 lr:0.001 train_loss:4.5831 train_time:78588ms step_avg:209.57ms
step:386/5100 lr:0.001 train_loss:4.5422 train_time:78763ms step_avg:209.48ms
step:387/5100 lr:0.001 train_loss:4.7823 train_time:78937ms step_avg:209.38ms
step:388/5100 lr:0.001 train_loss:5.1027 train_time:79112ms step_avg:209.29ms
step:389/5100 lr:0.001 train_loss:4.6919 train_time:79286ms step_avg:209.20ms
step:390/5100 lr:0.001 train_loss:4.5879 train_time:79460ms step_avg:209.11ms
step:391/5100 lr:0.001 train_loss:4.6105 train_time:79635ms step_avg:209.01ms
step:392/5100 lr:0.001 train_loss:4.6634 train_time:79809ms step_avg:208.92ms
step:393/5100 lr:0.001 train_loss:4.8002 train_time:79983ms step_avg:208.83ms
step:394/5100 lr:0.001 train_loss:4.5008 train_time:80158ms step_avg:208.74ms
step:395/5100 lr:0.001 train_loss:4.5406 train_time:80332ms step_avg:208.66ms
step:396/5100 lr:0.001 train_loss:4.3911 train_time:80507ms step_avg:208.57ms
step:397/5100 lr:0.001 train_loss:4.6979 train_time:80681ms step_avg:208.48ms
step:398/5100 lr:0.001 train_loss:4.7513 train_time:80855ms step_avg:208.39ms
step:399/5100 lr:0.001 train_loss:4.7634 train_time:81030ms step_avg:208.30ms
step:400/5100 lr:0.001 train_loss:4.5796 train_time:81204ms step_avg:208.22ms
step:401/5100 lr:0.001 train_loss:4.8992 train_time:81379ms step_avg:208.13ms
step:402/5100 lr:0.001 train_loss:4.6463 train_time:81553ms step_avg:208.04ms
step:403/5100 lr:0.001 train_loss:4.8297 train_time:81728ms step_avg:207.96ms
step:404/5100 lr:0.001 train_loss:4.9337 train_time:81903ms step_avg:207.88ms
step:405/5100 lr:0.001 train_loss:4.5949 train_time:82076ms step_avg:207.79ms
step:406/5100 lr:0.001 train_loss:4.6167 train_time:82251ms step_avg:207.70ms
step:407/5100 lr:0.001 train_loss:4.7470 train_time:82425ms step_avg:207.62ms
step:408/5100 lr:0.001 train_loss:4.6607 train_time:82599ms step_avg:207.54ms
step:409/5100 lr:0.001 train_loss:4.4970 train_time:82774ms step_avg:207.45ms
step:410/5100 lr:0.001 train_loss:4.7436 train_time:83700ms step_avg:209.25ms
step:411/5100 lr:0.001 train_loss:4.4950 train_time:83874ms step_avg:209.16ms
step:412/5100 lr:0.001 train_loss:4.5712 train_time:84048ms step_avg:209.07ms
step:413/5100 lr:0.001 train_loss:5.0650 train_time:84222ms step_avg:208.99ms
step:414/5100 lr:0.001 train_loss:4.5363 train_time:84396ms step_avg:208.90ms
step:415/5100 lr:0.001 train_loss:4.6275 train_time:84571ms step_avg:208.82ms
step:416/5100 lr:0.001 train_loss:4.4595 train_time:84745ms step_avg:208.73ms
step:417/5100 lr:0.001 train_loss:4.6112 train_time:84919ms step_avg:208.65ms
step:418/5100 lr:0.001 train_loss:4.7435 train_time:85094ms step_avg:208.56ms
step:419/5100 lr:0.001 train_loss:4.4585 train_time:85269ms step_avg:208.48ms
step:420/5100 lr:0.001 train_loss:4.5417 train_time:85443ms step_avg:208.40ms
step:421/5100 lr:0.001 train_loss:4.4165 train_time:85618ms step_avg:208.32ms
step:422/5100 lr:0.001 train_loss:4.3077 train_time:85792ms step_avg:208.23ms
step:423/5100 lr:0.001 train_loss:4.5442 train_time:85966ms step_avg:208.15ms
step:424/5100 lr:0.001 train_loss:4.4624 train_time:86142ms step_avg:208.07ms
step:425/5100 lr:0.001 train_loss:4.5069 train_time:86316ms step_avg:207.99ms
step:426/5100 lr:0.001 train_loss:4.4837 train_time:86490ms step_avg:207.91ms
step:427/5100 lr:0.001 train_loss:4.4713 train_time:86665ms step_avg:207.83ms
step:428/5100 lr:0.001 train_loss:4.5256 train_time:86839ms step_avg:207.75ms
step:429/5100 lr:0.001 train_loss:4.5308 train_time:87014ms step_avg:207.67ms
step:430/5100 lr:0.001 train_loss:4.5328 train_time:87188ms step_avg:207.59ms
step:431/5100 lr:0.001 train_loss:4.5460 train_time:87362ms step_avg:207.51ms
step:432/5100 lr:0.001 train_loss:4.5553 train_time:87539ms step_avg:207.44ms
step:433/5100 lr:0.001 train_loss:4.4611 train_time:87714ms step_avg:207.36ms
step:434/5100 lr:0.001 train_loss:4.6060 train_time:88640ms step_avg:209.06ms
step:435/5100 lr:0.001 train_loss:4.5387 train_time:88815ms step_avg:208.98ms
step:436/5100 lr:0.001 train_loss:4.6294 train_time:88989ms step_avg:208.89ms
step:437/5100 lr:0.001 train_loss:4.3725 train_time:89164ms step_avg:208.81ms
step:438/5100 lr:0.001 train_loss:4.3880 train_time:89338ms step_avg:208.73ms
step:439/5100 lr:0.001 train_loss:4.5045 train_time:89513ms step_avg:208.65ms
step:440/5100 lr:0.001 train_loss:4.3749 train_time:89687ms step_avg:208.57ms
step:441/5100 lr:0.001 train_loss:4.7793 train_time:89861ms step_avg:208.50ms
step:442/5100 lr:0.001 train_loss:4.4546 train_time:90036ms step_avg:208.42ms
step:443/5100 lr:0.001 train_loss:4.5293 train_time:90933ms step_avg:210.01ms
step:444/5100 lr:0.001 train_loss:4.3426 train_time:91108ms step_avg:209.93ms
step:445/5100 lr:0.001 train_loss:4.4327 train_time:91283ms step_avg:209.84ms
step:446/5100 lr:0.001 train_loss:4.4314 train_time:91457ms step_avg:209.76ms
step:447/5100 lr:0.001 train_loss:4.4527 train_time:91631ms step_avg:209.68ms
step:448/5100 lr:0.001 train_loss:4.5839 train_time:91806ms step_avg:209.60ms
step:449/5100 lr:0.001 train_loss:4.5158 train_time:91980ms step_avg:209.52ms
step:450/5100 lr:0.001 train_loss:4.5245 train_time:92154ms step_avg:209.44ms
step:451/5100 lr:0.001 train_loss:4.5647 train_time:92329ms step_avg:209.36ms
step:452/5100 lr:0.001 train_loss:4.4071 train_time:92504ms step_avg:209.28ms
step:453/5100 lr:0.001 train_loss:4.2865 train_time:92678ms step_avg:209.21ms
step:454/5100 lr:0.001 train_loss:4.2303 train_time:92853ms step_avg:209.13ms
step:455/5100 lr:0.001 train_loss:4.3096 train_time:93027ms step_avg:209.05ms
step:456/5100 lr:0.001 train_loss:4.5982 train_time:93201ms step_avg:208.97ms
step:457/5100 lr:0.001 train_loss:4.5201 train_time:93376ms step_avg:208.89ms
step:458/5100 lr:0.001 train_loss:4.4682 train_time:93550ms step_avg:208.82ms
step:459/5100 lr:0.001 train_loss:4.6050 train_time:93724ms step_avg:208.74ms
step:460/5100 lr:0.001 train_loss:4.3360 train_time:93899ms step_avg:208.66ms
step:461/5100 lr:0.001 train_loss:4.5296 train_time:94073ms step_avg:208.59ms
step:462/5100 lr:0.001 train_loss:4.5060 train_time:94248ms step_avg:208.51ms
step:463/5100 lr:0.001 train_loss:4.4761 train_time:94422ms step_avg:208.44ms
step:464/5100 lr:0.001 train_loss:4.5310 train_time:94596ms step_avg:208.36ms
step:465/5100 lr:0.001 train_loss:4.4213 train_time:94771ms step_avg:208.29ms
step:466/5100 lr:0.001 train_loss:4.3996 train_time:94945ms step_avg:208.21ms
step:467/5100 lr:0.001 train_loss:4.6199 train_time:95120ms step_avg:208.14ms
step:468/5100 lr:0.001 train_loss:4.8969 train_time:95294ms step_avg:208.07ms
step:469/5100 lr:0.001 train_loss:4.3897 train_time:95468ms step_avg:207.99ms
step:470/5100 lr:0.001 train_loss:4.4205 train_time:95643ms step_avg:207.92ms
step:471/5100 lr:0.001 train_loss:4.5438 train_time:95817ms step_avg:207.85ms
step:472/5100 lr:0.001 train_loss:4.4027 train_time:95992ms step_avg:207.77ms
step:473/5100 lr:0.001 train_loss:4.4928 train_time:96166ms step_avg:207.70ms
step:474/5100 lr:0.001 train_loss:4.4110 train_time:96341ms step_avg:207.63ms
step:475/5100 lr:0.001 train_loss:4.2530 train_time:96515ms step_avg:207.56ms
step:476/5100 lr:0.001 train_loss:4.6619 train_time:96689ms step_avg:207.49ms
step:477/5100 lr:0.001 train_loss:4.4113 train_time:96864ms step_avg:207.42ms
step:478/5100 lr:0.001 train_loss:4.4744 train_time:97038ms step_avg:207.35ms
step:479/5100 lr:0.001 train_loss:4.5217 train_time:97213ms step_avg:207.28ms
step:480/5100 lr:0.001 train_loss:4.4206 train_time:97388ms step_avg:207.21ms
step:481/5100 lr:0.001 train_loss:4.4491 train_time:97561ms step_avg:207.14ms
step:482/5100 lr:0.001 train_loss:4.4427 train_time:97736ms step_avg:207.07ms
step:483/5100 lr:0.001 train_loss:4.1722 train_time:97912ms step_avg:207.00ms
step:484/5100 lr:0.001 train_loss:4.3803 train_time:98085ms step_avg:206.93ms
step:485/5100 lr:0.001 train_loss:4.4391 train_time:98260ms step_avg:206.86ms
step:486/5100 lr:0.001 train_loss:4.4810 train_time:98434ms step_avg:206.79ms
step:487/5100 lr:0.001 train_loss:4.2102 train_time:98609ms step_avg:206.73ms
step:488/5100 lr:0.001 train_loss:4.3414 train_time:98783ms step_avg:206.66ms
step:489/5100 lr:0.001 train_loss:4.4277 train_time:98957ms step_avg:206.59ms
step:490/5100 lr:0.001 train_loss:4.5104 train_time:99132ms step_avg:206.52ms
step:491/5100 lr:0.001 train_loss:4.4703 train_time:99306ms step_avg:206.46ms
step:492/5100 lr:0.001 train_loss:4.2664 train_time:99480ms step_avg:206.39ms
step:493/5100 lr:0.001 train_loss:4.7428 train_time:99655ms step_avg:206.32ms
step:494/5100 lr:0.001 train_loss:4.2126 train_time:99829ms step_avg:206.26ms
step:495/5100 lr:0.001 train_loss:4.4488 train_time:100003ms step_avg:206.19ms
step:496/5100 lr:0.001 train_loss:4.4969 train_time:100178ms step_avg:206.13ms
step:497/5100 lr:0.001 train_loss:4.2961 train_time:100352ms step_avg:206.06ms
step:498/5100 lr:0.001 train_loss:4.3349 train_time:100527ms step_avg:206.00ms
step:499/5100 lr:0.001 train_loss:4.4379 train_time:100701ms step_avg:205.93ms
step:500/5100 lr:0.001 train_loss:4.5577 train_time:100876ms step_avg:205.87ms
step:500/5100 val_loss:4.4483 train_time:100878ms step_avg:205.87ms
step:501/5100 lr:0.001 train_loss:4.4803 train_time:104997ms step_avg:213.84ms
step:502/5100 lr:0.001 train_loss:4.3168 train_time:105171ms step_avg:213.76ms
step:503/5100 lr:0.001 train_loss:4.4504 train_time:105346ms step_avg:213.68ms
step:504/5100 lr:0.001 train_loss:4.3688 train_time:105520ms step_avg:213.60ms
step:505/5100 lr:0.001 train_loss:4.4438 train_time:105696ms step_avg:213.53ms
step:506/5100 lr:0.001 train_loss:4.4215 train_time:105870ms step_avg:213.45ms
step:507/5100 lr:0.001 train_loss:4.2934 train_time:106044ms step_avg:213.37ms
step:508/5100 lr:0.001 train_loss:4.5120 train_time:106219ms step_avg:213.29ms
step:509/5100 lr:0.001 train_loss:4.7479 train_time:106393ms step_avg:213.21ms
step:510/5100 lr:0.001 train_loss:4.3772 train_time:106567ms step_avg:213.13ms
step:511/5100 lr:0.001 train_loss:4.3911 train_time:106741ms step_avg:213.06ms
step:512/5100 lr:0.001 train_loss:4.3298 train_time:106916ms step_avg:212.98ms
step:513/5100 lr:0.001 train_loss:4.4161 train_time:107090ms step_avg:212.90ms
step:514/5100 lr:0.001 train_loss:4.4913 train_time:107264ms step_avg:212.83ms
step:515/5100 lr:0.001 train_loss:4.3788 train_time:107439ms step_avg:212.75ms
step:516/5100 lr:0.001 train_loss:4.4463 train_time:107613ms step_avg:212.67ms
step:517/5100 lr:0.001 train_loss:4.5587 train_time:107787ms step_avg:212.60ms
step:518/5100 lr:0.001 train_loss:4.2512 train_time:107962ms step_avg:212.52ms
step:519/5100 lr:0.001 train_loss:4.5380 train_time:108136ms step_avg:212.45ms
step:520/5100 lr:0.001 train_loss:4.5492 train_time:108310ms step_avg:212.37ms
step:521/5100 lr:0.001 train_loss:4.4567 train_time:108485ms step_avg:212.30ms
step:522/5100 lr:0.001 train_loss:4.2170 train_time:108659ms step_avg:212.22ms
step:523/5100 lr:0.001 train_loss:4.3456 train_time:108833ms step_avg:212.15ms
step:524/5100 lr:0.001 train_loss:5.7117 train_time:109008ms step_avg:212.08ms
step:525/5100 lr:0.001 train_loss:4.2458 train_time:109182ms step_avg:212.00ms
step:526/5100 lr:0.001 train_loss:4.5483 train_time:109356ms step_avg:211.93ms
step:527/5100 lr:0.001 train_loss:4.2806 train_time:109531ms step_avg:211.86ms
step:528/5100 lr:0.001 train_loss:4.1406 train_time:109705ms step_avg:211.79ms
step:529/5100 lr:0.001 train_loss:4.3617 train_time:109879ms step_avg:211.71ms
step:530/5100 lr:0.001 train_loss:4.5519 train_time:110054ms step_avg:211.64ms
step:531/5100 lr:0.001 train_loss:4.3079 train_time:110228ms step_avg:211.57ms
step:532/5100 lr:0.001 train_loss:4.4656 train_time:110402ms step_avg:211.50ms
step:533/5100 lr:0.001 train_loss:4.4928 train_time:110576ms step_avg:211.43ms
step:534/5100 lr:0.001 train_loss:4.2928 train_time:110751ms step_avg:211.36ms
step:535/5100 lr:0.001 train_loss:4.3058 train_time:110925ms step_avg:211.29ms
step:536/5100 lr:0.001 train_loss:4.2119 train_time:111099ms step_avg:211.22ms
step:537/5100 lr:0.001 train_loss:4.2778 train_time:111273ms step_avg:211.15ms
step:538/5100 lr:0.001 train_loss:4.3278 train_time:111448ms step_avg:211.08ms
step:539/5100 lr:0.001 train_loss:4.2672 train_time:111622ms step_avg:211.01ms
step:540/5100 lr:0.001 train_loss:5.0087 train_time:111797ms step_avg:210.94ms
step:541/5100 lr:0.001 train_loss:4.3175 train_time:111971ms step_avg:210.87ms
step:542/5100 lr:0.001 train_loss:4.5559 train_time:112145ms step_avg:210.80ms
step:543/5100 lr:0.001 train_loss:4.2045 train_time:112319ms step_avg:210.73ms
step:544/5100 lr:0.001 train_loss:4.3947 train_time:112494ms step_avg:210.66ms
step:545/5100 lr:0.001 train_loss:4.4429 train_time:112668ms step_avg:210.59ms
step:546/5100 lr:0.001 train_loss:4.2172 train_time:112842ms step_avg:210.53ms
step:547/5100 lr:0.001 train_loss:4.4419 train_time:113017ms step_avg:210.46ms
step:548/5100 lr:0.001 train_loss:4.3474 train_time:113191ms step_avg:210.39ms
step:549/5100 lr:0.001 train_loss:4.3987 train_time:113366ms step_avg:210.33ms
step:550/5100 lr:0.001 train_loss:4.3129 train_time:113540ms step_avg:210.26ms
step:551/5100 lr:0.001 train_loss:4.2623 train_time:113715ms step_avg:210.19ms
step:552/5100 lr:0.001 train_loss:4.2874 train_time:113889ms step_avg:210.13ms
step:553/5100 lr:0.001 train_loss:4.2546 train_time:114064ms step_avg:210.06ms
step:554/5100 lr:0.001 train_loss:4.5468 train_time:114238ms step_avg:210.00ms
step:555/5100 lr:0.001 train_loss:4.2966 train_time:114412ms step_avg:209.93ms
step:556/5100 lr:0.001 train_loss:4.3864 train_time:114587ms step_avg:209.87ms
step:557/5100 lr:0.001 train_loss:4.3205 train_time:114761ms step_avg:209.80ms
step:558/5100 lr:0.001 train_loss:3.9187 train_time:114936ms step_avg:209.74ms
step:559/5100 lr:0.001 train_loss:4.2790 train_time:115110ms step_avg:209.67ms
step:560/5100 lr:0.001 train_loss:4.3613 train_time:115284ms step_avg:209.61ms
step:561/5100 lr:0.001 train_loss:4.4285 train_time:115459ms step_avg:209.54ms
step:562/5100 lr:0.001 train_loss:4.2234 train_time:115633ms step_avg:209.48ms
step:563/5100 lr:0.001 train_loss:4.1833 train_time:115808ms step_avg:209.42ms
step:564/5100 lr:0.001 train_loss:4.4434 train_time:115982ms step_avg:209.35ms
step:565/5100 lr:0.001 train_loss:4.1348 train_time:116157ms step_avg:209.29ms
step:566/5100 lr:0.001 train_loss:4.3410 train_time:116331ms step_avg:209.23ms
step:567/5100 lr:0.001 train_loss:4.2399 train_time:116506ms step_avg:209.17ms
step:568/5100 lr:0.001 train_loss:4.2272 train_time:116680ms step_avg:209.10ms
step:569/5100 lr:0.001 train_loss:4.1438 train_time:116855ms step_avg:209.04ms
step:570/5100 lr:0.001 train_loss:4.2199 train_time:117233ms step_avg:209.34ms
step:571/5100 lr:0.001 train_loss:4.2748 train_time:117407ms step_avg:209.28ms
step:572/5100 lr:0.001 train_loss:4.1173 train_time:117787ms step_avg:209.59ms
step:573/5100 lr:0.001 train_loss:4.1461 train_time:117962ms step_avg:209.52ms
step:574/5100 lr:0.001 train_loss:4.2085 train_time:118136ms step_avg:209.46ms
step:575/5100 lr:0.001 train_loss:4.6826 train_time:118311ms step_avg:209.40ms
step:576/5100 lr:0.001 train_loss:4.1623 train_time:118485ms step_avg:209.34ms
step:577/5100 lr:0.001 train_loss:4.2129 train_time:118660ms step_avg:209.28ms
step:578/5100 lr:0.001 train_loss:4.5641 train_time:118834ms step_avg:209.22ms
step:579/5100 lr:0.001 train_loss:4.1878 train_time:119009ms step_avg:209.15ms
step:580/5100 lr:0.001 train_loss:4.2073 train_time:119183ms step_avg:209.09ms
step:581/5100 lr:0.001 train_loss:4.5226 train_time:119358ms step_avg:209.03ms
step:582/5100 lr:0.001 train_loss:4.5176 train_time:119532ms step_avg:208.97ms
step:583/5100 lr:0.001 train_loss:4.5251 train_time:119707ms step_avg:208.91ms
step:584/5100 lr:0.001 train_loss:4.4357 train_time:119881ms step_avg:208.85ms
step:585/5100 lr:0.001 train_loss:4.2877 train_time:120055ms step_avg:208.79ms
step:586/5100 lr:0.001 train_loss:4.2737 train_time:120230ms step_avg:208.73ms
step:587/5100 lr:0.001 train_loss:4.3015 train_time:120404ms step_avg:208.67ms
step:588/5100 lr:0.001 train_loss:4.9284 train_time:120579ms step_avg:208.61ms
step:589/5100 lr:0.001 train_loss:4.0763 train_time:120753ms step_avg:208.55ms
step:590/5100 lr:0.001 train_loss:4.4683 train_time:120927ms step_avg:208.50ms
step:591/5100 lr:0.001 train_loss:4.4610 train_time:121102ms step_avg:208.44ms
step:592/5100 lr:0.001 train_loss:4.0751 train_time:121276ms step_avg:208.38ms
step:593/5100 lr:0.001 train_loss:4.1850 train_time:121451ms step_avg:208.32ms
step:594/5100 lr:0.001 train_loss:4.4524 train_time:121626ms step_avg:208.26ms
step:595/5100 lr:0.001 train_loss:4.1604 train_time:121800ms step_avg:208.21ms
step:596/5100 lr:0.001 train_loss:4.3286 train_time:121974ms step_avg:208.15ms
step:597/5100 lr:0.001 train_loss:4.3116 train_time:122149ms step_avg:208.09ms
step:598/5100 lr:0.001 train_loss:4.2641 train_time:122323ms step_avg:208.03ms
step:599/5100 lr:0.001 train_loss:4.2493 train_time:122497ms step_avg:207.98ms
step:600/5100 lr:0.001 train_loss:4.3402 train_time:122672ms step_avg:207.92ms
step:601/5100 lr:0.001 train_loss:4.2024 train_time:122847ms step_avg:207.86ms
step:602/5100 lr:0.001 train_loss:4.1114 train_time:123861ms step_avg:209.22ms
step:603/5100 lr:0.001 train_loss:4.2590 train_time:124036ms step_avg:209.17ms
step:604/5100 lr:0.001 train_loss:4.2637 train_time:124210ms step_avg:209.11ms
step:605/5100 lr:0.001 train_loss:4.3272 train_time:124385ms step_avg:209.05ms
step:606/5100 lr:0.001 train_loss:4.7864 train_time:124559ms step_avg:208.99ms
step:607/5100 lr:0.001 train_loss:4.5954 train_time:124733ms step_avg:208.93ms
step:608/5100 lr:0.001 train_loss:4.4132 train_time:124909ms step_avg:208.88ms
step:609/5100 lr:0.001 train_loss:4.3083 train_time:125084ms step_avg:208.82ms
step:610/5100 lr:0.001 train_loss:4.2723 train_time:125259ms step_avg:208.76ms
step:611/5100 lr:0.001 train_loss:4.2038 train_time:125433ms step_avg:208.71ms
step:612/5100 lr:0.001 train_loss:4.1244 train_time:125608ms step_avg:208.65ms
step:613/5100 lr:0.001 train_loss:4.3658 train_time:125801ms step_avg:208.63ms
step:614/5100 lr:0.001 train_loss:4.0972 train_time:125975ms step_avg:208.57ms
step:615/5100 lr:0.001 train_loss:4.1976 train_time:126150ms step_avg:208.51ms
step:616/5100 lr:0.001 train_loss:4.1920 train_time:126324ms step_avg:208.46ms
step:617/5100 lr:0.001 train_loss:4.4240 train_time:126499ms step_avg:208.40ms
step:618/5100 lr:0.001 train_loss:4.1631 train_time:126673ms step_avg:208.34ms
step:619/5100 lr:0.001 train_loss:4.2179 train_time:126848ms step_avg:208.29ms
step:620/5100 lr:0.001 train_loss:4.4637 train_time:127022ms step_avg:208.23ms
step:621/5100 lr:0.001 train_loss:4.2689 train_time:127196ms step_avg:208.18ms
step:622/5100 lr:0.001 train_loss:4.1744 train_time:127371ms step_avg:208.12ms
step:623/5100 lr:0.001 train_loss:4.2174 train_time:127545ms step_avg:208.07ms
step:624/5100 lr:0.001 train_loss:4.3513 train_time:127720ms step_avg:208.01ms
step:625/5100 lr:0.001 train_loss:4.3350 train_time:127894ms step_avg:207.96ms
step:625/5100 val_loss:4.2856 train_time:127897ms step_avg:207.96ms
step:626/5100 lr:0.001 train_loss:4.2959 train_time:131899ms step_avg:214.12ms
step:627/5100 lr:0.001 train_loss:4.2740 train_time:132074ms step_avg:214.06ms
step:628/5100 lr:0.001 train_loss:4.1266 train_time:132248ms step_avg:213.99ms
step:629/5100 lr:0.001 train_loss:4.2853 train_time:132422ms step_avg:213.93ms
step:630/5100 lr:0.001 train_loss:4.0880 train_time:132597ms step_avg:213.87ms
step:631/5100 lr:0.001 train_loss:4.2187 train_time:132771ms step_avg:213.80ms
step:632/5100 lr:0.001 train_loss:4.0589 train_time:132946ms step_avg:213.74ms
step:633/5100 lr:0.001 train_loss:4.2403 train_time:133120ms step_avg:213.68ms
step:634/5100 lr:0.001 train_loss:4.2793 train_time:133295ms step_avg:213.61ms
step:635/5100 lr:0.001 train_loss:4.1849 train_time:133469ms step_avg:213.55ms
step:636/5100 lr:0.001 train_loss:4.0379 train_time:133644ms step_avg:213.49ms
step:637/5100 lr:0.001 train_loss:4.2588 train_time:133819ms step_avg:213.43ms
step:638/5100 lr:0.001 train_loss:4.0200 train_time:133993ms step_avg:213.36ms
step:639/5100 lr:0.001 train_loss:4.0851 train_time:134167ms step_avg:213.30ms
step:640/5100 lr:0.001 train_loss:4.1881 train_time:134342ms step_avg:213.24ms
step:641/5100 lr:0.001 train_loss:4.1787 train_time:134516ms step_avg:213.18ms
step:642/5100 lr:0.001 train_loss:4.0515 train_time:134691ms step_avg:213.12ms
step:643/5100 lr:0.001 train_loss:4.6209 train_time:134865ms step_avg:213.06ms
step:644/5100 lr:0.001 train_loss:4.1545 train_time:135040ms step_avg:213.00ms
step:645/5100 lr:0.001 train_loss:4.1627 train_time:135214ms step_avg:212.94ms
step:646/5100 lr:0.001 train_loss:4.1128 train_time:135389ms step_avg:212.88ms
step:647/5100 lr:0.001 train_loss:4.0884 train_time:135563ms step_avg:212.82ms
step:648/5100 lr:0.001 train_loss:4.2110 train_time:135738ms step_avg:212.75ms
step:649/5100 lr:0.001 train_loss:4.5947 train_time:135912ms step_avg:212.70ms
step:650/5100 lr:0.001 train_loss:4.3237 train_time:136087ms step_avg:212.64ms
step:651/5100 lr:0.001 train_loss:4.0332 train_time:136261ms step_avg:212.58ms
step:652/5100 lr:0.001 train_loss:3.8948 train_time:136436ms step_avg:212.52ms
step:653/5100 lr:0.001 train_loss:4.2741 train_time:136610ms step_avg:212.46ms
step:654/5100 lr:0.001 train_loss:4.1504 train_time:136785ms step_avg:212.40ms
step:655/5100 lr:0.001 train_loss:4.3233 train_time:136960ms step_avg:212.34ms
step:656/5100 lr:0.001 train_loss:4.3868 train_time:137134ms step_avg:212.28ms
step:657/5100 lr:0.001 train_loss:4.4754 train_time:137308ms step_avg:212.22ms
step:658/5100 lr:0.001 train_loss:4.2052 train_time:137483ms step_avg:212.16ms
step:659/5100 lr:0.001 train_loss:4.1319 train_time:137657ms step_avg:212.11ms
step:660/5100 lr:0.001 train_loss:4.2340 train_time:137832ms step_avg:212.05ms
step:661/5100 lr:0.001 train_loss:4.2833 train_time:138006ms step_avg:211.99ms
step:662/5100 lr:0.001 train_loss:4.3703 train_time:138180ms step_avg:211.93ms
step:663/5100 lr:0.001 train_loss:4.0985 train_time:138355ms step_avg:211.88ms
step:664/5100 lr:0.001 train_loss:4.2367 train_time:138529ms step_avg:211.82ms
step:665/5100 lr:0.001 train_loss:4.2078 train_time:138704ms step_avg:211.76ms
step:666/5100 lr:0.001 train_loss:4.1407 train_time:138878ms step_avg:211.70ms
step:667/5100 lr:0.001 train_loss:4.2522 train_time:139053ms step_avg:211.65ms
step:668/5100 lr:0.001 train_loss:4.3360 train_time:139228ms step_avg:211.59ms
step:669/5100 lr:0.001 train_loss:4.1999 train_time:139402ms step_avg:211.54ms
step:670/5100 lr:0.001 train_loss:4.1932 train_time:139577ms step_avg:211.48ms
step:671/5100 lr:0.001 train_loss:4.3566 train_time:139751ms step_avg:211.42ms
step:672/5100 lr:0.001 train_loss:4.1285 train_time:139926ms step_avg:211.37ms
step:673/5100 lr:0.001 train_loss:4.0705 train_time:140100ms step_avg:211.31ms
step:674/5100 lr:0.001 train_loss:4.3460 train_time:140274ms step_avg:211.26ms
step:675/5100 lr:0.001 train_loss:4.3254 train_time:140449ms step_avg:211.20ms
step:676/5100 lr:0.001 train_loss:4.3774 train_time:140624ms step_avg:211.15ms
step:677/5100 lr:0.001 train_loss:4.1196 train_time:140799ms step_avg:211.09ms
step:678/5100 lr:0.001 train_loss:4.1523 train_time:140973ms step_avg:211.04ms
step:679/5100 lr:0.001 train_loss:4.0966 train_time:141147ms step_avg:210.98ms
step:680/5100 lr:0.001 train_loss:4.2474 train_time:141322ms step_avg:210.93ms
step:681/5100 lr:0.001 train_loss:4.1809 train_time:141497ms step_avg:210.87ms
step:682/5100 lr:0.001 train_loss:4.3776 train_time:141671ms step_avg:210.82ms
step:683/5100 lr:0.001 train_loss:4.1361 train_time:141845ms step_avg:210.77ms
step:684/5100 lr:0.001 train_loss:4.0582 train_time:142020ms step_avg:210.71ms
step:685/5100 lr:0.001 train_loss:4.4112 train_time:142195ms step_avg:210.66ms
step:686/5100 lr:0.001 train_loss:4.0597 train_time:142369ms step_avg:210.60ms
step:687/5100 lr:0.001 train_loss:4.3005 train_time:142544ms step_avg:210.55ms
step:688/5100 lr:0.001 train_loss:4.2360 train_time:142718ms step_avg:210.50ms
step:689/5100 lr:0.001 train_loss:4.1126 train_time:142893ms step_avg:210.45ms
step:690/5100 lr:0.001 train_loss:4.1921 train_time:143067ms step_avg:210.39ms
step:691/5100 lr:0.001 train_loss:4.2294 train_time:143241ms step_avg:210.34ms
step:692/5100 lr:0.001 train_loss:4.2444 train_time:143416ms step_avg:210.29ms
step:693/5100 lr:0.001 train_loss:4.3379 train_time:143591ms step_avg:210.24ms
step:694/5100 lr:0.001 train_loss:3.8533 train_time:143765ms step_avg:210.18ms
step:695/5100 lr:0.001 train_loss:4.1029 train_time:143940ms step_avg:210.13ms
step:696/5100 lr:0.001 train_loss:4.1537 train_time:144114ms step_avg:210.08ms
step:697/5100 lr:0.001 train_loss:3.9432 train_time:144289ms step_avg:210.03ms
step:698/5100 lr:0.001 train_loss:4.3280 train_time:144463ms step_avg:209.98ms
step:699/5100 lr:0.001 train_loss:4.1874 train_time:144638ms step_avg:209.92ms
step:700/5100 lr:0.001 train_loss:4.2558 train_time:144812ms step_avg:209.87ms
step:701/5100 lr:0.001 train_loss:4.1046 train_time:144987ms step_avg:209.82ms
step:702/5100 lr:0.001 train_loss:4.1199 train_time:145161ms step_avg:209.77ms
step:703/5100 lr:0.001 train_loss:3.4039 train_time:145336ms step_avg:209.72ms
step:704/5100 lr:0.001 train_loss:4.1634 train_time:145511ms step_avg:209.67ms
step:705/5100 lr:0.001 train_loss:4.0869 train_time:145686ms step_avg:209.62ms
step:706/5100 lr:0.001 train_loss:4.3063 train_time:145860ms step_avg:209.57ms
step:707/5100 lr:0.001 train_loss:4.0988 train_time:146035ms step_avg:209.52ms
step:708/5100 lr:0.001 train_loss:4.1185 train_time:146209ms step_avg:209.47ms
step:709/5100 lr:0.001 train_loss:4.0777 train_time:146385ms step_avg:209.42ms
step:710/5100 lr:0.001 train_loss:4.1182 train_time:146560ms step_avg:209.37ms
step:711/5100 lr:0.001 train_loss:4.3120 train_time:146734ms step_avg:209.32ms
step:712/5100 lr:0.001 train_loss:4.2530 train_time:146908ms step_avg:209.27ms
step:713/5100 lr:0.001 train_loss:4.1370 train_time:147083ms step_avg:209.22ms
step:714/5100 lr:0.001 train_loss:4.1764 train_time:147257ms step_avg:209.17ms
step:715/5100 lr:0.001 train_loss:4.2413 train_time:147431ms step_avg:209.12ms
step:716/5100 lr:0.001 train_loss:3.9111 train_time:147606ms step_avg:209.07ms
step:717/5100 lr:0.001 train_loss:4.4024 train_time:147780ms step_avg:209.02ms
step:718/5100 lr:0.001 train_loss:4.3272 train_time:147955ms step_avg:208.98ms
step:719/5100 lr:0.001 train_loss:4.1149 train_time:148129ms step_avg:208.93ms
step:720/5100 lr:0.001 train_loss:4.3148 train_time:148303ms step_avg:208.88ms
step:721/5100 lr:0.001 train_loss:4.2810 train_time:148480ms step_avg:208.83ms
step:722/5100 lr:0.001 train_loss:3.9530 train_time:149404ms step_avg:209.84ms
step:723/5100 lr:0.001 train_loss:4.4034 train_time:149578ms step_avg:209.79ms
step:724/5100 lr:0.001 train_loss:4.1240 train_time:149753ms step_avg:209.74ms
step:725/5100 lr:0.001 train_loss:4.0981 train_time:149927ms step_avg:209.69ms
step:726/5100 lr:0.001 train_loss:4.2536 train_time:150103ms step_avg:209.64ms
step:727/5100 lr:0.001 train_loss:4.1472 train_time:150277ms step_avg:209.59ms
step:728/5100 lr:0.001 train_loss:4.0892 train_time:150452ms step_avg:209.54ms
step:729/5100 lr:0.001 train_loss:4.0225 train_time:150626ms step_avg:209.49ms
step:730/5100 lr:0.001 train_loss:3.9054 train_time:150801ms step_avg:209.45ms
step:731/5100 lr:0.001 train_loss:4.1700 train_time:150976ms step_avg:209.40ms
step:732/5100 lr:0.001 train_loss:4.0458 train_time:151150ms step_avg:209.35ms
step:733/5100 lr:0.001 train_loss:4.1460 train_time:151325ms step_avg:209.30ms
step:734/5100 lr:0.001 train_loss:4.2585 train_time:152270ms step_avg:210.32ms
step:735/5100 lr:0.001 train_loss:3.9827 train_time:152445ms step_avg:210.27ms
step:736/5100 lr:0.001 train_loss:4.2474 train_time:152619ms step_avg:210.22ms
step:737/5100 lr:0.001 train_loss:4.0821 train_time:152794ms step_avg:210.17ms
step:738/5100 lr:0.001 train_loss:4.3021 train_time:152968ms step_avg:210.12ms
step:739/5100 lr:0.001 train_loss:4.1944 train_time:153143ms step_avg:210.07ms
step:740/5100 lr:0.001 train_loss:4.2250 train_time:153317ms step_avg:210.02ms
step:741/5100 lr:0.001 train_loss:4.2379 train_time:153492ms step_avg:209.97ms
step:742/5100 lr:0.001 train_loss:4.1899 train_time:153666ms step_avg:209.93ms
step:743/5100 lr:0.001 train_loss:4.2487 train_time:153840ms step_avg:209.88ms
step:744/5100 lr:0.001 train_loss:3.9917 train_time:154015ms step_avg:209.83ms
step:745/5100 lr:0.001 train_loss:4.2926 train_time:154190ms step_avg:209.78ms
step:746/5100 lr:0.001 train_loss:4.0832 train_time:154364ms step_avg:209.73ms
step:747/5100 lr:0.001 train_loss:4.0736 train_time:154538ms step_avg:209.69ms
step:748/5100 lr:0.001 train_loss:4.2371 train_time:154713ms step_avg:209.64ms
step:749/5100 lr:0.001 train_loss:4.1534 train_time:154887ms step_avg:209.59ms
step:750/5100 lr:0.001 train_loss:4.1080 train_time:155062ms step_avg:209.54ms
step:750/5100 val_loss:4.1821 train_time:155064ms step_avg:209.55ms
step:751/5100 lr:0.001 train_loss:4.1008 train_time:159029ms step_avg:214.61ms
step:752/5100 lr:0.001 train_loss:4.3182 train_time:159203ms step_avg:214.56ms
step:753/5100 lr:0.001 train_loss:4.0836 train_time:159377ms step_avg:214.51ms
step:754/5100 lr:0.001 train_loss:4.1839 train_time:159552ms step_avg:214.45ms
step:755/5100 lr:0.001 train_loss:4.1826 train_time:159726ms step_avg:214.40ms
step:756/5100 lr:0.001 train_loss:4.1403 train_time:159901ms step_avg:214.34ms
step:757/5100 lr:0.001 train_loss:4.1948 train_time:160075ms step_avg:214.29ms
step:758/5100 lr:0.001 train_loss:4.0871 train_time:160249ms step_avg:214.24ms
step:759/5100 lr:0.001 train_loss:4.1836 train_time:160424ms step_avg:214.18ms
step:760/5100 lr:0.001 train_loss:4.1706 train_time:160806ms step_avg:214.41ms
step:761/5100 lr:0.001 train_loss:4.1236 train_time:160981ms step_avg:214.35ms
step:762/5100 lr:0.001 train_loss:4.4327 train_time:161362ms step_avg:214.58ms
step:763/5100 lr:0.001 train_loss:3.9898 train_time:161536ms step_avg:214.52ms
step:764/5100 lr:0.001 train_loss:4.2539 train_time:161711ms step_avg:214.47ms
step:765/5100 lr:0.001 train_loss:4.0262 train_time:161885ms step_avg:214.42ms
step:766/5100 lr:0.001 train_loss:3.8623 train_time:162059ms step_avg:214.36ms
step:767/5100 lr:0.001 train_loss:4.3888 train_time:162234ms step_avg:214.31ms
step:768/5100 lr:0.001 train_loss:4.2828 train_time:162408ms step_avg:214.26ms
step:769/5100 lr:0.001 train_loss:4.1395 train_time:162582ms step_avg:214.21ms
step:770/5100 lr:0.001 train_loss:4.0883 train_time:162757ms step_avg:214.15ms
step:771/5100 lr:0.001 train_loss:4.2570 train_time:162931ms step_avg:214.10ms
step:772/5100 lr:0.001 train_loss:4.2324 train_time:163106ms step_avg:214.05ms
step:773/5100 lr:0.001 train_loss:4.5197 train_time:163280ms step_avg:214.00ms
step:774/5100 lr:0.001 train_loss:3.9933 train_time:163454ms step_avg:213.95ms
step:775/5100 lr:0.001 train_loss:4.1431 train_time:163629ms step_avg:213.89ms
step:776/5100 lr:0.001 train_loss:4.2237 train_time:163803ms step_avg:213.84ms
step:777/5100 lr:0.001 train_loss:4.1821 train_time:163978ms step_avg:213.79ms
step:778/5100 lr:0.001 train_loss:4.1692 train_time:164152ms step_avg:213.74ms
step:779/5100 lr:0.001 train_loss:3.9696 train_time:164326ms step_avg:213.69ms
step:780/5100 lr:0.001 train_loss:4.1188 train_time:164501ms step_avg:213.64ms
step:781/5100 lr:0.001 train_loss:4.0659 train_time:164675ms step_avg:213.59ms
step:782/5100 lr:0.001 train_loss:4.2262 train_time:164849ms step_avg:213.54ms
step:783/5100 lr:0.001 train_loss:4.2047 train_time:165024ms step_avg:213.48ms
step:784/5100 lr:0.001 train_loss:4.0814 train_time:165198ms step_avg:213.43ms
step:785/5100 lr:0.001 train_loss:4.1643 train_time:165372ms step_avg:213.38ms
step:786/5100 lr:0.001 train_loss:4.1168 train_time:165547ms step_avg:213.33ms
step:787/5100 lr:0.001 train_loss:3.9936 train_time:165721ms step_avg:213.28ms
step:788/5100 lr:0.001 train_loss:3.9796 train_time:165895ms step_avg:213.23ms
step:789/5100 lr:0.001 train_loss:4.4224 train_time:166070ms step_avg:213.18ms
step:790/5100 lr:0.001 train_loss:3.9481 train_time:166244ms step_avg:213.13ms
step:791/5100 lr:0.001 train_loss:4.1323 train_time:166419ms step_avg:213.08ms
step:792/5100 lr:0.001 train_loss:4.1754 train_time:166593ms step_avg:213.03ms
step:793/5100 lr:0.001 train_loss:4.0976 train_time:166768ms step_avg:212.99ms
step:794/5100 lr:0.001 train_loss:4.0623 train_time:166942ms step_avg:212.94ms
step:795/5100 lr:0.001 train_loss:3.9319 train_time:167117ms step_avg:212.89ms
step:796/5100 lr:0.001 train_loss:4.0958 train_time:167291ms step_avg:212.84ms
step:797/5100 lr:0.001 train_loss:4.0949 train_time:167465ms step_avg:212.79ms
step:798/5100 lr:0.001 train_loss:4.1063 train_time:167640ms step_avg:212.74ms
step:799/5100 lr:0.001 train_loss:4.0694 train_time:167815ms step_avg:212.69ms
step:800/5100 lr:0.001 train_loss:4.2423 train_time:167989ms step_avg:212.64ms
step:801/5100 lr:0.001 train_loss:4.0952 train_time:168164ms step_avg:212.60ms
step:802/5100 lr:0.001 train_loss:4.1483 train_time:168338ms step_avg:212.55ms
step:803/5100 lr:0.001 train_loss:4.1753 train_time:168512ms step_avg:212.50ms
step:804/5100 lr:0.001 train_loss:4.2277 train_time:168687ms step_avg:212.45ms
step:805/5100 lr:0.001 train_loss:4.2294 train_time:168861ms step_avg:212.40ms
step:806/5100 lr:0.001 train_loss:4.1553 train_time:169036ms step_avg:212.36ms
step:807/5100 lr:0.001 train_loss:4.0313 train_time:169210ms step_avg:212.31ms
step:808/5100 lr:0.001 train_loss:3.8695 train_time:169385ms step_avg:212.26ms
step:809/5100 lr:0.001 train_loss:4.1418 train_time:169559ms step_avg:212.21ms
step:810/5100 lr:0.001 train_loss:4.1269 train_time:169734ms step_avg:212.17ms
step:811/5100 lr:0.001 train_loss:3.9903 train_time:169908ms step_avg:212.12ms
step:812/5100 lr:0.001 train_loss:4.0672 train_time:170082ms step_avg:212.07ms
step:813/5100 lr:0.001 train_loss:4.1993 train_time:170257ms step_avg:212.03ms
step:814/5100 lr:0.001 train_loss:4.1373 train_time:170431ms step_avg:211.98ms
step:815/5100 lr:0.001 train_loss:4.1359 train_time:170606ms step_avg:211.93ms
step:816/5100 lr:0.001 train_loss:4.0790 train_time:170780ms step_avg:211.89ms
step:817/5100 lr:0.001 train_loss:4.0446 train_time:170955ms step_avg:211.84ms
step:818/5100 lr:0.001 train_loss:4.1165 train_time:171129ms step_avg:211.79ms
step:819/5100 lr:0.001 train_loss:4.5484 train_time:171304ms step_avg:211.75ms
step:820/5100 lr:0.001 train_loss:4.0912 train_time:171478ms step_avg:211.70ms
step:821/5100 lr:0.001 train_loss:4.3551 train_time:171653ms step_avg:211.66ms
step:822/5100 lr:0.001 train_loss:3.9443 train_time:171827ms step_avg:211.61ms
step:823/5100 lr:0.001 train_loss:4.0711 train_time:172002ms step_avg:211.56ms
step:824/5100 lr:0.001 train_loss:4.3237 train_time:172176ms step_avg:211.52ms
step:825/5100 lr:0.001 train_loss:4.0676 train_time:172350ms step_avg:211.47ms
step:826/5100 lr:0.001 train_loss:3.9833 train_time:172525ms step_avg:211.43ms
step:827/5100 lr:0.001 train_loss:4.2089 train_time:172699ms step_avg:211.38ms
step:828/5100 lr:0.001 train_loss:4.0363 train_time:172873ms step_avg:211.34ms
step:829/5100 lr:0.001 train_loss:4.5013 train_time:173048ms step_avg:211.29ms
step:830/5100 lr:0.001 train_loss:4.0410 train_time:173222ms step_avg:211.25ms
step:831/5100 lr:0.001 train_loss:4.2172 train_time:173397ms step_avg:211.20ms
step:832/5100 lr:0.001 train_loss:4.0556 train_time:173573ms step_avg:211.16ms
step:833/5100 lr:0.001 train_loss:4.0385 train_time:173748ms step_avg:211.12ms
step:834/5100 lr:0.001 train_loss:4.0024 train_time:173922ms step_avg:211.07ms
step:835/5100 lr:0.001 train_loss:4.1164 train_time:174097ms step_avg:211.03ms
step:836/5100 lr:0.001 train_loss:3.9673 train_time:174271ms step_avg:210.98ms
step:837/5100 lr:0.001 train_loss:3.9281 train_time:174445ms step_avg:210.94ms
step:838/5100 lr:0.001 train_loss:4.2745 train_time:174620ms step_avg:210.89ms
step:839/5100 lr:0.001 train_loss:4.0141 train_time:174794ms step_avg:210.85ms
step:840/5100 lr:0.001 train_loss:4.1093 train_time:174968ms step_avg:210.81ms
step:841/5100 lr:0.001 train_loss:3.9974 train_time:175143ms step_avg:210.76ms
step:842/5100 lr:0.001 train_loss:4.0670 train_time:175317ms step_avg:210.72ms
step:843/5100 lr:0.001 train_loss:4.2327 train_time:175492ms step_avg:210.67ms
step:844/5100 lr:0.001 train_loss:4.1400 train_time:175666ms step_avg:210.63ms
step:845/5100 lr:0.001 train_loss:4.0043 train_time:175840ms step_avg:210.59ms
step:846/5100 lr:0.001 train_loss:4.0541 train_time:176015ms step_avg:210.54ms
step:847/5100 lr:0.001 train_loss:4.1736 train_time:176189ms step_avg:210.50ms
step:848/5100 lr:0.001 train_loss:4.0051 train_time:176363ms step_avg:210.46ms
step:849/5100 lr:0.001 train_loss:3.9655 train_time:176538ms step_avg:210.41ms
step:850/5100 lr:0.001 train_loss:4.1307 train_time:176907ms step_avg:210.60ms
step:851/5100 lr:0.001 train_loss:4.0199 train_time:177081ms step_avg:210.56ms
step:852/5100 lr:0.001 train_loss:4.0788 train_time:177256ms step_avg:210.52ms
step:853/5100 lr:0.001 train_loss:4.1363 train_time:177430ms step_avg:210.47ms
step:854/5100 lr:0.001 train_loss:3.9443 train_time:177605ms step_avg:210.43ms
step:855/5100 lr:0.001 train_loss:4.0526 train_time:177779ms step_avg:210.39ms
step:856/5100 lr:0.001 train_loss:4.2968 train_time:177953ms step_avg:210.35ms
step:857/5100 lr:0.001 train_loss:4.0455 train_time:178128ms step_avg:210.30ms
step:858/5100 lr:0.001 train_loss:4.0020 train_time:178303ms step_avg:210.26ms
step:859/5100 lr:0.001 train_loss:4.1704 train_time:178477ms step_avg:210.22ms
step:860/5100 lr:0.001 train_loss:3.9237 train_time:178651ms step_avg:210.18ms
step:861/5100 lr:0.001 train_loss:4.0956 train_time:178826ms step_avg:210.14ms
step:862/5100 lr:0.001 train_loss:3.9928 train_time:179000ms step_avg:210.09ms
step:863/5100 lr:0.001 train_loss:4.1474 train_time:179175ms step_avg:210.05ms
step:864/5100 lr:0.001 train_loss:4.0577 train_time:179349ms step_avg:210.01ms
step:865/5100 lr:0.001 train_loss:4.0173 train_time:179524ms step_avg:209.97ms
step:866/5100 lr:0.001 train_loss:4.0314 train_time:179698ms step_avg:209.93ms
step:867/5100 lr:0.001 train_loss:4.1148 train_time:179873ms step_avg:209.89ms
step:868/5100 lr:0.001 train_loss:4.5167 train_time:180047ms step_avg:209.85ms
step:869/5100 lr:0.001 train_loss:3.8967 train_time:180222ms step_avg:209.80ms
step:870/5100 lr:0.001 train_loss:4.2074 train_time:180396ms step_avg:209.76ms
step:871/5100 lr:0.001 train_loss:4.0525 train_time:180571ms step_avg:209.72ms
step:872/5100 lr:0.001 train_loss:3.9941 train_time:180745ms step_avg:209.68ms
step:873/5100 lr:0.001 train_loss:3.8746 train_time:180919ms step_avg:209.64ms
step:874/5100 lr:0.001 train_loss:4.1678 train_time:181094ms step_avg:209.60ms
step:875/5100 lr:0.001 train_loss:3.9233 train_time:181268ms step_avg:209.56ms
step:875/5100 val_loss:4.1052 train_time:181271ms step_avg:209.56ms
step:876/5100 lr:0.001 train_loss:3.4692 train_time:185197ms step_avg:213.85ms
step:877/5100 lr:0.001 train_loss:4.1139 train_time:185371ms step_avg:213.81ms
step:878/5100 lr:0.001 train_loss:4.0834 train_time:185546ms step_avg:213.76ms
step:879/5100 lr:0.001 train_loss:4.0812 train_time:185720ms step_avg:213.72ms
step:880/5100 lr:0.001 train_loss:4.0548 train_time:185895ms step_avg:213.67ms
step:881/5100 lr:0.001 train_loss:4.0603 train_time:186069ms step_avg:213.63ms
step:882/5100 lr:0.001 train_loss:3.6233 train_time:186243ms step_avg:213.58ms
step:883/5100 lr:0.001 train_loss:4.1101 train_time:186418ms step_avg:213.54ms
step:884/5100 lr:0.001 train_loss:4.6714 train_time:186592ms step_avg:213.49ms
step:885/5100 lr:0.001 train_loss:4.4124 train_time:186766ms step_avg:213.45ms
step:886/5100 lr:0.001 train_loss:4.2063 train_time:186941ms step_avg:213.40ms
step:887/5100 lr:0.001 train_loss:4.1269 train_time:187115ms step_avg:213.36ms
step:888/5100 lr:0.001 train_loss:4.1478 train_time:187289ms step_avg:213.31ms
step:889/5100 lr:0.001 train_loss:4.9591 train_time:187464ms step_avg:213.27ms
step:890/5100 lr:0.001 train_loss:4.3634 train_time:187638ms step_avg:213.23ms
step:891/5100 lr:0.001 train_loss:3.9139 train_time:187813ms step_avg:213.18ms
step:892/5100 lr:0.001 train_loss:3.9558 train_time:187987ms step_avg:213.14ms
step:893/5100 lr:0.001 train_loss:3.9092 train_time:188161ms step_avg:213.09ms
step:894/5100 lr:0.001 train_loss:4.1667 train_time:188335ms step_avg:213.05ms
step:895/5100 lr:0.001 train_loss:3.8858 train_time:188510ms step_avg:213.01ms
step:896/5100 lr:0.001 train_loss:3.9287 train_time:188684ms step_avg:212.96ms
step:897/5100 lr:0.001 train_loss:4.0352 train_time:188859ms step_avg:212.92ms
step:898/5100 lr:0.001 train_loss:4.0649 train_time:189033ms step_avg:212.88ms
step:899/5100 lr:0.001 train_loss:4.0711 train_time:189208ms step_avg:212.83ms
step:900/5100 lr:0.001 train_loss:4.2050 train_time:189382ms step_avg:212.79ms
step:901/5100 lr:0.001 train_loss:3.9737 train_time:189557ms step_avg:212.75ms
step:902/5100 lr:0.001 train_loss:3.9395 train_time:189731ms step_avg:212.70ms
step:903/5100 lr:0.001 train_loss:4.0889 train_time:189906ms step_avg:212.66ms
step:904/5100 lr:0.001 train_loss:3.9994 train_time:190080ms step_avg:212.62ms
step:905/5100 lr:0.001 train_loss:4.0134 train_time:190255ms step_avg:212.58ms
step:906/5100 lr:0.001 train_loss:4.0748 train_time:190429ms step_avg:212.53ms
step:907/5100 lr:0.001 train_loss:4.0867 train_time:190603ms step_avg:212.49ms
step:908/5100 lr:0.001 train_loss:4.1117 train_time:190778ms step_avg:212.45ms
step:909/5100 lr:0.001 train_loss:3.9780 train_time:190952ms step_avg:212.41ms
step:910/5100 lr:0.001 train_loss:3.9725 train_time:191127ms step_avg:212.36ms
step:911/5100 lr:0.001 train_loss:4.0335 train_time:191301ms step_avg:212.32ms
step:912/5100 lr:0.001 train_loss:4.0571 train_time:191475ms step_avg:212.28ms
step:913/5100 lr:0.001 train_loss:4.1149 train_time:191650ms step_avg:212.24ms
step:914/5100 lr:0.001 train_loss:4.3042 train_time:191824ms step_avg:212.19ms
step:915/5100 lr:0.001 train_loss:3.8414 train_time:191998ms step_avg:212.15ms
step:916/5100 lr:0.001 train_loss:4.1848 train_time:192173ms step_avg:212.11ms
step:917/5100 lr:0.001 train_loss:4.2539 train_time:192347ms step_avg:212.07ms
step:918/5100 lr:0.001 train_loss:4.0579 train_time:192522ms step_avg:212.03ms
step:919/5100 lr:0.001 train_loss:4.1559 train_time:192696ms step_avg:211.99ms
step:920/5100 lr:0.001 train_loss:4.3876 train_time:192871ms step_avg:211.95ms
step:921/5100 lr:0.001 train_loss:4.0077 train_time:193045ms step_avg:211.90ms
step:922/5100 lr:0.001 train_loss:3.9842 train_time:193219ms step_avg:211.86ms
step:923/5100 lr:0.001 train_loss:4.0202 train_time:193394ms step_avg:211.82ms
step:924/5100 lr:0.001 train_loss:4.0837 train_time:193568ms step_avg:211.78ms
step:925/5100 lr:0.001 train_loss:4.1600 train_time:193742ms step_avg:211.74ms
step:926/5100 lr:0.001 train_loss:4.1926 train_time:193917ms step_avg:211.70ms
step:927/5100 lr:0.001 train_loss:4.1745 train_time:194092ms step_avg:211.66ms
step:928/5100 lr:0.001 train_loss:4.1292 train_time:194266ms step_avg:211.62ms
step:929/5100 lr:0.001 train_loss:4.1342 train_time:194440ms step_avg:211.58ms
step:930/5100 lr:0.001 train_loss:4.2973 train_time:194615ms step_avg:211.54ms
step:931/5100 lr:0.001 train_loss:3.9357 train_time:194789ms step_avg:211.50ms
step:932/5100 lr:0.001 train_loss:3.8005 train_time:194964ms step_avg:211.46ms
step:933/5100 lr:0.001 train_loss:4.0402 train_time:195138ms step_avg:211.42ms
step:934/5100 lr:0.001 train_loss:4.2165 train_time:195312ms step_avg:211.38ms
step:935/5100 lr:0.001 train_loss:3.9782 train_time:195487ms step_avg:211.34ms
step:936/5100 lr:0.001 train_loss:4.1353 train_time:195661ms step_avg:211.30ms
step:937/5100 lr:0.001 train_loss:3.8380 train_time:195836ms step_avg:211.26ms
step:938/5100 lr:0.001 train_loss:4.0299 train_time:196010ms step_avg:211.22ms
step:939/5100 lr:0.001 train_loss:4.1018 train_time:196185ms step_avg:211.18ms
step:940/5100 lr:0.001 train_loss:3.9270 train_time:196359ms step_avg:211.14ms
step:941/5100 lr:0.001 train_loss:4.2903 train_time:196533ms step_avg:211.10ms
step:942/5100 lr:0.001 train_loss:4.0107 train_time:196708ms step_avg:211.06ms
step:943/5100 lr:0.001 train_loss:4.0937 train_time:196882ms step_avg:211.02ms
step:944/5100 lr:0.001 train_loss:3.8961 train_time:197056ms step_avg:210.98ms
step:945/5100 lr:0.001 train_loss:4.1714 train_time:197231ms step_avg:210.94ms
step:946/5100 lr:0.001 train_loss:3.7989 train_time:197405ms step_avg:210.90ms
step:947/5100 lr:0.001 train_loss:3.9331 train_time:197580ms step_avg:210.86ms
step:948/5100 lr:0.001 train_loss:4.3832 train_time:197754ms step_avg:210.83ms
step:949/5100 lr:0.001 train_loss:4.3257 train_time:197928ms step_avg:210.79ms
step:950/5100 lr:0.001 train_loss:4.0140 train_time:198312ms step_avg:210.97ms
step:951/5100 lr:0.001 train_loss:4.0593 train_time:198486ms step_avg:210.93ms
step:952/5100 lr:0.001 train_loss:4.0024 train_time:198661ms step_avg:210.89ms
step:953/5100 lr:0.001 train_loss:4.2344 train_time:199041ms step_avg:211.07ms
step:954/5100 lr:0.001 train_loss:4.0913 train_time:199215ms step_avg:211.03ms
step:955/5100 lr:0.001 train_loss:3.7207 train_time:199389ms step_avg:210.99ms
step:956/5100 lr:0.001 train_loss:3.8570 train_time:199564ms step_avg:210.96ms
step:957/5100 lr:0.001 train_loss:3.9649 train_time:199738ms step_avg:210.92ms
step:958/5100 lr:0.001 train_loss:3.9836 train_time:199912ms step_avg:210.88ms
step:959/5100 lr:0.001 train_loss:3.8532 train_time:200087ms step_avg:210.84ms
step:960/5100 lr:0.001 train_loss:4.0896 train_time:200261ms step_avg:210.80ms
step:961/5100 lr:0.001 train_loss:4.1904 train_time:200435ms step_avg:210.76ms
step:962/5100 lr:0.001 train_loss:3.9571 train_time:200610ms step_avg:210.72ms
step:963/5100 lr:0.001 train_loss:3.9536 train_time:200784ms step_avg:210.69ms
step:964/5100 lr:0.001 train_loss:3.8835 train_time:200958ms step_avg:210.65ms
step:965/5100 lr:0.001 train_loss:4.0114 train_time:201133ms step_avg:210.61ms
step:966/5100 lr:0.001 train_loss:4.1977 train_time:201307ms step_avg:210.57ms
step:967/5100 lr:0.001 train_loss:4.1113 train_time:201481ms step_avg:210.53ms
step:968/5100 lr:0.001 train_loss:4.1663 train_time:201656ms step_avg:210.50ms
step:969/5100 lr:0.001 train_loss:4.0106 train_time:201830ms step_avg:210.46ms
step:970/5100 lr:0.001 train_loss:3.9693 train_time:202006ms step_avg:210.42ms
step:971/5100 lr:0.001 train_loss:3.9349 train_time:202180ms step_avg:210.38ms
step:972/5100 lr:0.001 train_loss:3.9330 train_time:202355ms step_avg:210.35ms
step:973/5100 lr:0.001 train_loss:3.8115 train_time:202529ms step_avg:210.31ms
step:974/5100 lr:0.001 train_loss:3.9616 train_time:202703ms step_avg:210.27ms
step:975/5100 lr:0.001 train_loss:3.8221 train_time:202877ms step_avg:210.24ms
step:976/5100 lr:0.001 train_loss:4.1094 train_time:203052ms step_avg:210.20ms
step:977/5100 lr:0.001 train_loss:4.3303 train_time:203226ms step_avg:210.16ms
step:978/5100 lr:0.001 train_loss:4.1169 train_time:203400ms step_avg:210.12ms
step:979/5100 lr:0.001 train_loss:3.9741 train_time:203575ms step_avg:210.09ms
step:980/5100 lr:0.001 train_loss:4.0093 train_time:203749ms step_avg:210.05ms
step:981/5100 lr:0.001 train_loss:3.9296 train_time:203923ms step_avg:210.01ms
step:982/5100 lr:0.001 train_loss:3.8644 train_time:204098ms step_avg:209.98ms
step:983/5100 lr:0.001 train_loss:3.9641 train_time:204272ms step_avg:209.94ms
step:984/5100 lr:0.001 train_loss:4.0831 train_time:204446ms step_avg:209.90ms
step:985/5100 lr:0.001 train_loss:4.1079 train_time:204621ms step_avg:209.87ms
step:986/5100 lr:0.001 train_loss:3.9734 train_time:204795ms step_avg:209.83ms
step:987/5100 lr:0.001 train_loss:3.9799 train_time:204969ms step_avg:209.79ms
step:988/5100 lr:0.001 train_loss:4.0697 train_time:205144ms step_avg:209.76ms
step:989/5100 lr:0.001 train_loss:4.0896 train_time:205318ms step_avg:209.72ms
step:990/5100 lr:0.001 train_loss:4.0287 train_time:205492ms step_avg:209.69ms
step:991/5100 lr:0.001 train_loss:3.9853 train_time:205667ms step_avg:209.65ms
step:992/5100 lr:0.001 train_loss:3.9267 train_time:205841ms step_avg:209.61ms
step:993/5100 lr:0.001 train_loss:3.8619 train_time:206016ms step_avg:209.58ms
step:994/5100 lr:0.001 train_loss:4.0171 train_time:206190ms step_avg:209.54ms
step:995/5100 lr:0.001 train_loss:3.9178 train_time:206364ms step_avg:209.51ms
step:996/5100 lr:0.001 train_loss:3.9303 train_time:206539ms step_avg:209.47ms
step:997/5100 lr:0.001 train_loss:4.0200 train_time:206713ms step_avg:209.44ms
step:998/5100 lr:0.001 train_loss:4.0187 train_time:206888ms step_avg:209.40ms
step:999/5100 lr:0.001 train_loss:4.2272 train_time:207062ms step_avg:209.37ms
step:1000/5100 lr:0.001 train_loss:3.9781 train_time:207237ms step_avg:209.33ms
step:1000/5100 val_loss:4.0374 train_time:207239ms step_avg:209.33ms
step:1001/5100 lr:0.001 train_loss:4.1505 train_time:211195ms step_avg:213.11ms
step:1002/5100 lr:0.001 train_loss:4.0528 train_time:211369ms step_avg:213.07ms
step:1003/5100 lr:0.001 train_loss:4.0317 train_time:211543ms step_avg:213.03ms
step:1004/5100 lr:0.001 train_loss:4.0628 train_time:211718ms step_avg:213.00ms
step:1005/5100 lr:0.001 train_loss:4.1196 train_time:211892ms step_avg:212.96ms
step:1006/5100 lr:0.001 train_loss:4.0359 train_time:212066ms step_avg:212.92ms
step:1007/5100 lr:0.001 train_loss:4.0315 train_time:212240ms step_avg:212.88ms
step:1008/5100 lr:0.001 train_loss:3.9746 train_time:212414ms step_avg:212.84ms
step:1009/5100 lr:0.001 train_loss:3.9645 train_time:212589ms step_avg:212.80ms
step:1010/5100 lr:0.001 train_loss:3.9984 train_time:212763ms step_avg:212.76ms
step:1011/5100 lr:0.001 train_loss:4.4392 train_time:212937ms step_avg:212.72ms
step:1012/5100 lr:0.001 train_loss:4.2778 train_time:213111ms step_avg:212.69ms
step:1013/5100 lr:0.001 train_loss:3.8700 train_time:213286ms step_avg:212.65ms
step:1014/5100 lr:0.001 train_loss:3.8512 train_time:213460ms step_avg:212.61ms
step:1015/5100 lr:0.001 train_loss:3.8832 train_time:213634ms step_avg:212.57ms
step:1016/5100 lr:0.001 train_loss:3.8318 train_time:213809ms step_avg:212.53ms
step:1017/5100 lr:0.001 train_loss:4.2265 train_time:213983ms step_avg:212.50ms
step:1018/5100 lr:0.001 train_loss:3.9808 train_time:214157ms step_avg:212.46ms
step:1019/5100 lr:0.001 train_loss:4.0570 train_time:214331ms step_avg:212.42ms
step:1020/5100 lr:0.001 train_loss:3.9579 train_time:214507ms step_avg:212.38ms
step:1021/5100 lr:0.001 train_loss:4.0213 train_time:214681ms step_avg:212.35ms
step:1022/5100 lr:0.001 train_loss:3.9757 train_time:214856ms step_avg:212.31ms
step:1023/5100 lr:0.001 train_loss:4.3594 train_time:215030ms step_avg:212.27ms
step:1024/5100 lr:0.001 train_loss:4.1978 train_time:215205ms step_avg:212.23ms
step:1025/5100 lr:0.001 train_loss:3.8714 train_time:215379ms step_avg:212.20ms
step:1026/5100 lr:0.001 train_loss:4.1866 train_time:215553ms step_avg:212.16ms
step:1027/5100 lr:0.001 train_loss:3.9792 train_time:215728ms step_avg:212.12ms
step:1028/5100 lr:0.001 train_loss:3.9327 train_time:215902ms step_avg:212.08ms
step:1029/5100 lr:0.001 train_loss:3.8826 train_time:216076ms step_avg:212.05ms
step:1030/5100 lr:0.001 train_loss:3.8167 train_time:216250ms step_avg:212.01ms
step:1031/5100 lr:0.001 train_loss:4.1990 train_time:216425ms step_avg:211.97ms
step:1032/5100 lr:0.001 train_loss:4.4127 train_time:216599ms step_avg:211.94ms
step:1033/5100 lr:0.001 train_loss:3.9375 train_time:216773ms step_avg:211.90ms
step:1034/5100 lr:0.001 train_loss:3.8748 train_time:216947ms step_avg:211.86ms
step:1035/5100 lr:0.001 train_loss:3.9796 train_time:217121ms step_avg:211.83ms
step:1036/5100 lr:0.001 train_loss:4.1689 train_time:217296ms step_avg:211.79ms
step:1037/5100 lr:0.001 train_loss:3.8071 train_time:217470ms step_avg:211.75ms
step:1038/5100 lr:0.001 train_loss:3.8057 train_time:217644ms step_avg:211.72ms
step:1039/5100 lr:0.001 train_loss:4.1078 train_time:217819ms step_avg:211.68ms
step:1040/5100 lr:0.001 train_loss:3.7711 train_time:217993ms step_avg:211.64ms
step:1041/5100 lr:0.001 train_loss:3.9062 train_time:218167ms step_avg:211.61ms
step:1042/5100 lr:0.001 train_loss:4.0128 train_time:218342ms step_avg:211.57ms
step:1043/5100 lr:0.001 train_loss:3.7705 train_time:218516ms step_avg:211.54ms
step:1044/5100 lr:0.001 train_loss:3.8773 train_time:218691ms step_avg:211.50ms
step:1045/5100 lr:0.001 train_loss:4.0385 train_time:218865ms step_avg:211.46ms
step:1046/5100 lr:0.001 train_loss:4.1950 train_time:219039ms step_avg:211.43ms
step:1047/5100 lr:0.001 train_loss:3.7613 train_time:219213ms step_avg:211.39ms
step:1048/5100 lr:0.001 train_loss:4.3443 train_time:219387ms step_avg:211.36ms
step:1049/5100 lr:0.001 train_loss:3.8401 train_time:219562ms step_avg:211.32ms
step:1050/5100 lr:0.001 train_loss:3.9216 train_time:219736ms step_avg:211.28ms
step:1051/5100 lr:0.001 train_loss:3.9084 train_time:219910ms step_avg:211.25ms
step:1052/5100 lr:0.001 train_loss:3.8984 train_time:220085ms step_avg:211.21ms
step:1053/5100 lr:0.001 train_loss:3.8831 train_time:220259ms step_avg:211.18ms
step:1054/5100 lr:0.001 train_loss:4.0303 train_time:220433ms step_avg:211.14ms
step:1055/5100 lr:0.001 train_loss:4.0252 train_time:220607ms step_avg:211.11ms
step:1056/5100 lr:0.001 train_loss:3.9860 train_time:220781ms step_avg:211.07ms
step:1057/5100 lr:0.001 train_loss:3.9955 train_time:220956ms step_avg:211.04ms
step:1058/5100 lr:0.001 train_loss:3.8634 train_time:221130ms step_avg:211.00ms
step:1059/5100 lr:0.001 train_loss:4.0362 train_time:221304ms step_avg:210.97ms
step:1060/5100 lr:0.001 train_loss:4.0026 train_time:221478ms step_avg:210.93ms
step:1061/5100 lr:0.001 train_loss:4.0741 train_time:221653ms step_avg:210.90ms
step:1062/5100 lr:0.001 train_loss:4.2719 train_time:221827ms step_avg:210.86ms
step:1063/5100 lr:0.001 train_loss:3.9250 train_time:222001ms step_avg:210.83ms
step:1064/5100 lr:0.001 train_loss:3.7966 train_time:222175ms step_avg:210.79ms
step:1065/5100 lr:0.001 train_loss:3.8781 train_time:222349ms step_avg:210.76ms
step:1066/5100 lr:0.001 train_loss:4.1296 train_time:222524ms step_avg:210.72ms
step:1067/5100 lr:0.001 train_loss:3.8766 train_time:222698ms step_avg:210.69ms
step:1068/5100 lr:0.001 train_loss:4.0502 train_time:222872ms step_avg:210.65ms
step:1069/5100 lr:0.001 train_loss:3.9150 train_time:223046ms step_avg:210.62ms
step:1070/5100 lr:0.001 train_loss:3.9465 train_time:223221ms step_avg:210.59ms
step:1071/5100 lr:0.001 train_loss:4.2205 train_time:223395ms step_avg:210.55ms
step:1072/5100 lr:0.001 train_loss:3.9921 train_time:223570ms step_avg:210.52ms
step:1073/5100 lr:0.001 train_loss:3.7764 train_time:223744ms step_avg:210.48ms
step:1074/5100 lr:0.001 train_loss:4.0070 train_time:223918ms step_avg:210.45ms
step:1075/5100 lr:0.001 train_loss:4.0126 train_time:224093ms step_avg:210.42ms
step:1076/5100 lr:0.001 train_loss:4.0420 train_time:224267ms step_avg:210.38ms
step:1077/5100 lr:0.001 train_loss:4.0245 train_time:224441ms step_avg:210.35ms
step:1078/5100 lr:0.001 train_loss:4.1050 train_time:224616ms step_avg:210.31ms
step:1079/5100 lr:0.001 train_loss:3.9121 train_time:224790ms step_avg:210.28ms
step:1080/5100 lr:0.001 train_loss:4.0115 train_time:224965ms step_avg:210.25ms
step:1081/5100 lr:0.001 train_loss:4.0515 train_time:225139ms step_avg:210.21ms
step:1082/5100 lr:0.001 train_loss:4.1033 train_time:225313ms step_avg:210.18ms
step:1083/5100 lr:0.001 train_loss:3.8870 train_time:225488ms step_avg:210.15ms
step:1084/5100 lr:0.001 train_loss:3.9136 train_time:225662ms step_avg:210.11ms
step:1085/5100 lr:0.001 train_loss:3.6648 train_time:225836ms step_avg:210.08ms
step:1086/5100 lr:0.001 train_loss:3.9932 train_time:226011ms step_avg:210.05ms
step:1087/5100 lr:0.001 train_loss:4.1113 train_time:226185ms step_avg:210.01ms
step:1088/5100 lr:0.001 train_loss:3.9103 train_time:226359ms step_avg:209.98ms
step:1089/5100 lr:0.001 train_loss:3.8725 train_time:226534ms step_avg:209.95ms
step:1090/5100 lr:0.001 train_loss:3.9733 train_time:226708ms step_avg:209.91ms
step:1091/5100 lr:0.001 train_loss:4.0520 train_time:226882ms step_avg:209.88ms
step:1092/5100 lr:0.001 train_loss:3.8507 train_time:227056ms step_avg:209.85ms
step:1093/5100 lr:0.001 train_loss:4.0175 train_time:227231ms step_avg:209.82ms
step:1094/5100 lr:0.001 train_loss:3.7902 train_time:227405ms step_avg:209.78ms
step:1095/5100 lr:0.001 train_loss:3.8416 train_time:227579ms step_avg:209.75ms
step:1096/5100 lr:0.001 train_loss:4.0523 train_time:227753ms step_avg:209.72ms
step:1097/5100 lr:0.001 train_loss:3.9753 train_time:227928ms step_avg:209.68ms
step:1098/5100 lr:0.001 train_loss:4.1594 train_time:228102ms step_avg:209.65ms
step:1099/5100 lr:0.001 train_loss:4.0066 train_time:228276ms step_avg:209.62ms
step:1100/5100 lr:0.001 train_loss:4.0865 train_time:228450ms step_avg:209.59ms
step:1101/5100 lr:0.001 train_loss:4.0672 train_time:228625ms step_avg:209.56ms
step:1102/5100 lr:0.001 train_loss:3.9467 train_time:228799ms step_avg:209.52ms
step:1103/5100 lr:0.001 train_loss:4.0900 train_time:228974ms step_avg:209.49ms
step:1104/5100 lr:0.001 train_loss:4.0019 train_time:229148ms step_avg:209.46ms
step:1105/5100 lr:0.001 train_loss:3.8765 train_time:229322ms step_avg:209.43ms
step:1106/5100 lr:0.001 train_loss:4.0555 train_time:229496ms step_avg:209.39ms
step:1107/5100 lr:0.001 train_loss:4.0665 train_time:229670ms step_avg:209.36ms
step:1108/5100 lr:0.001 train_loss:3.8723 train_time:229845ms step_avg:209.33ms
step:1109/5100 lr:0.001 train_loss:4.2025 train_time:230019ms step_avg:209.30ms
step:1110/5100 lr:0.001 train_loss:3.7696 train_time:230194ms step_avg:209.27ms
step:1111/5100 lr:0.001 train_loss:3.9949 train_time:230368ms step_avg:209.23ms
step:1112/5100 lr:0.001 train_loss:4.1630 train_time:230542ms step_avg:209.20ms
step:1113/5100 lr:0.001 train_loss:3.9224 train_time:230716ms step_avg:209.17ms
step:1114/5100 lr:0.001 train_loss:4.2332 train_time:230890ms step_avg:209.14ms
step:1115/5100 lr:0.001 train_loss:3.8263 train_time:231065ms step_avg:209.11ms
step:1116/5100 lr:0.001 train_loss:4.0151 train_time:231239ms step_avg:209.08ms
step:1117/5100 lr:0.001 train_loss:4.1361 train_time:231413ms step_avg:209.05ms
step:1118/5100 lr:0.001 train_loss:3.7133 train_time:231587ms step_avg:209.01ms
step:1119/5100 lr:0.001 train_loss:4.3126 train_time:232036ms step_avg:209.23ms
step:1120/5100 lr:0.001 train_loss:3.8515 train_time:232210ms step_avg:209.20ms
step:1121/5100 lr:0.001 train_loss:3.8205 train_time:232384ms step_avg:209.17ms
step:1122/5100 lr:0.001 train_loss:3.9111 train_time:232558ms step_avg:209.14ms
step:1123/5100 lr:0.001 train_loss:3.9544 train_time:232733ms step_avg:209.10ms
step:1124/5100 lr:0.001 train_loss:3.9960 train_time:232907ms step_avg:209.07ms
step:1125/5100 lr:0.001 train_loss:4.0075 train_time:233081ms step_avg:209.04ms
step:1125/5100 val_loss:3.9989 train_time:233084ms step_avg:209.04ms
step:1126/5100 lr:0.001 train_loss:4.1056 train_time:237048ms step_avg:212.41ms
step:1127/5100 lr:0.001 train_loss:3.8185 train_time:237222ms step_avg:212.37ms
step:1128/5100 lr:0.001 train_loss:4.1775 train_time:237396ms step_avg:212.34ms
step:1129/5100 lr:0.001 train_loss:3.7004 train_time:237570ms step_avg:212.31ms
step:1130/5100 lr:0.001 train_loss:3.8522 train_time:237744ms step_avg:212.27ms
step:1131/5100 lr:0.001 train_loss:3.9484 train_time:237919ms step_avg:212.24ms
step:1132/5100 lr:0.001 train_loss:3.9918 train_time:238093ms step_avg:212.20ms
step:1133/5100 lr:0.001 train_loss:4.1773 train_time:238267ms step_avg:212.17ms
step:1134/5100 lr:0.001 train_loss:4.1317 train_time:238442ms step_avg:212.14ms
step:1135/5100 lr:0.001 train_loss:3.8944 train_time:238616ms step_avg:212.10ms
step:1136/5100 lr:0.001 train_loss:3.8034 train_time:238790ms step_avg:212.07ms
step:1137/5100 lr:0.001 train_loss:4.1563 train_time:238965ms step_avg:212.04ms
step:1138/5100 lr:0.001 train_loss:4.0631 train_time:239139ms step_avg:212.00ms
step:1139/5100 lr:0.001 train_loss:3.9362 train_time:239315ms step_avg:211.97ms
step:1140/5100 lr:0.001 train_loss:4.0596 train_time:239697ms step_avg:212.12ms
step:1141/5100 lr:0.001 train_loss:4.0840 train_time:239871ms step_avg:212.09ms
step:1142/5100 lr:0.001 train_loss:3.9567 train_time:240046ms step_avg:212.05ms
step:1143/5100 lr:0.001 train_loss:3.9090 train_time:240428ms step_avg:212.20ms
step:1144/5100 lr:0.001 train_loss:4.1233 train_time:240603ms step_avg:212.17ms
step:1145/5100 lr:0.001 train_loss:4.0070 train_time:240777ms step_avg:212.14ms
step:1146/5100 lr:0.001 train_loss:4.0060 train_time:240951ms step_avg:212.10ms
step:1147/5100 lr:0.001 train_loss:3.9289 train_time:241126ms step_avg:212.07ms
step:1148/5100 lr:0.001 train_loss:3.9923 train_time:241300ms step_avg:212.04ms
step:1149/5100 lr:0.001 train_loss:4.2079 train_time:241474ms step_avg:212.01ms
step:1150/5100 lr:0.001 train_loss:4.0047 train_time:241649ms step_avg:211.97ms
step:1151/5100 lr:0.001 train_loss:4.0239 train_time:241823ms step_avg:211.94ms
step:1152/5100 lr:0.001 train_loss:3.8707 train_time:241997ms step_avg:211.91ms
step:1153/5100 lr:0.001 train_loss:3.7744 train_time:242172ms step_avg:211.87ms
step:1154/5100 lr:0.001 train_loss:3.8927 train_time:242346ms step_avg:211.84ms
step:1155/5100 lr:0.001 train_loss:4.3434 train_time:242521ms step_avg:211.81ms
step:1156/5100 lr:0.001 train_loss:4.1119 train_time:242695ms step_avg:211.78ms
step:1157/5100 lr:0.001 train_loss:4.0409 train_time:242869ms step_avg:211.74ms
step:1158/5100 lr:0.001 train_loss:3.9593 train_time:243044ms step_avg:211.71ms
step:1159/5100 lr:0.001 train_loss:4.1609 train_time:243220ms step_avg:211.68ms
step:1160/5100 lr:0.001 train_loss:4.0876 train_time:243394ms step_avg:211.65ms
step:1161/5100 lr:0.001 train_loss:3.8153 train_time:243569ms step_avg:211.61ms
step:1162/5100 lr:0.001 train_loss:3.8562 train_time:243743ms step_avg:211.58ms
step:1163/5100 lr:0.001 train_loss:3.8196 train_time:243917ms step_avg:211.55ms
step:1164/5100 lr:0.001 train_loss:3.7443 train_time:244091ms step_avg:211.52ms
step:1165/5100 lr:0.001 train_loss:3.9164 train_time:244266ms step_avg:211.49ms
step:1166/5100 lr:0.001 train_loss:3.9601 train_time:244440ms step_avg:211.45ms
step:1167/5100 lr:0.001 train_loss:3.9199 train_time:244614ms step_avg:211.42ms
step:1168/5100 lr:0.001 train_loss:3.8337 train_time:244788ms step_avg:211.39ms
step:1169/5100 lr:0.001 train_loss:3.9362 train_time:244963ms step_avg:211.36ms
step:1170/5100 lr:0.001 train_loss:3.8603 train_time:245137ms step_avg:211.32ms
step:1171/5100 lr:0.001 train_loss:4.0470 train_time:245314ms step_avg:211.30ms
step:1172/5100 lr:0.001 train_loss:3.8268 train_time:245489ms step_avg:211.26ms
step:1173/5100 lr:0.001 train_loss:3.9197 train_time:245663ms step_avg:211.23ms
step:1174/5100 lr:0.001 train_loss:3.9032 train_time:245837ms step_avg:211.20ms
step:1175/5100 lr:0.001 train_loss:3.9031 train_time:246012ms step_avg:211.17ms
step:1176/5100 lr:0.001 train_loss:4.1520 train_time:246186ms step_avg:211.14ms
step:1177/5100 lr:0.001 train_loss:3.6902 train_time:246361ms step_avg:211.11ms
step:1178/5100 lr:0.001 train_loss:3.9569 train_time:246535ms step_avg:211.07ms
step:1179/5100 lr:0.001 train_loss:4.0137 train_time:246709ms step_avg:211.04ms
step:1180/5100 lr:0.001 train_loss:3.8158 train_time:246884ms step_avg:211.01ms
step:1181/5100 lr:0.001 train_loss:4.0110 train_time:247058ms step_avg:210.98ms
step:1182/5100 lr:0.001 train_loss:3.9601 train_time:247232ms step_avg:210.95ms
step:1183/5100 lr:0.001 train_loss:4.0067 train_time:247407ms step_avg:210.92ms
step:1184/5100 lr:0.001 train_loss:3.6135 train_time:247581ms step_avg:210.89ms
step:1185/5100 lr:0.001 train_loss:3.9568 train_time:247755ms step_avg:210.86ms
step:1186/5100 lr:0.001 train_loss:3.8222 train_time:247929ms step_avg:210.82ms
step:1187/5100 lr:0.001 train_loss:4.2796 train_time:248104ms step_avg:210.79ms
step:1188/5100 lr:0.001 train_loss:4.1615 train_time:248278ms step_avg:210.76ms
step:1189/5100 lr:0.001 train_loss:3.8769 train_time:248452ms step_avg:210.73ms
step:1190/5100 lr:0.001 train_loss:3.8369 train_time:248627ms step_avg:210.70ms
step:1191/5100 lr:0.001 train_loss:4.0064 train_time:248801ms step_avg:210.67ms
step:1192/5100 lr:0.001 train_loss:3.7762 train_time:248975ms step_avg:210.64ms
step:1193/5100 lr:0.001 train_loss:4.0559 train_time:249150ms step_avg:210.61ms
step:1194/5100 lr:0.001 train_loss:4.2706 train_time:249324ms step_avg:210.58ms
step:1195/5100 lr:0.001 train_loss:3.9120 train_time:249498ms step_avg:210.55ms
step:1196/5100 lr:0.001 train_loss:3.8732 train_time:249673ms step_avg:210.52ms
step:1197/5100 lr:0.001 train_loss:4.1496 train_time:249847ms step_avg:210.49ms
step:1198/5100 lr:0.001 train_loss:3.9014 train_time:250021ms step_avg:210.46ms
step:1199/5100 lr:0.001 train_loss:3.7880 train_time:250196ms step_avg:210.43ms
step:1200/5100 lr:0.001 train_loss:3.7774 train_time:250370ms step_avg:210.39ms
step:1201/5100 lr:0.001 train_loss:3.7929 train_time:250783ms step_avg:210.57ms
step:1202/5100 lr:0.001 train_loss:3.9206 train_time:251182ms step_avg:210.72ms
step:1203/5100 lr:0.001 train_loss:3.9733 train_time:251582ms step_avg:210.88ms
step:1204/5100 lr:0.001 train_loss:4.1297 train_time:251981ms step_avg:211.04ms
step:1205/5100 lr:0.001 train_loss:3.9679 train_time:252380ms step_avg:211.20ms
step:1206/5100 lr:0.001 train_loss:3.9518 train_time:252778ms step_avg:211.35ms
step:1207/5100 lr:0.001 train_loss:3.8350 train_time:253177ms step_avg:211.51ms
step:1208/5100 lr:0.001 train_loss:3.8636 train_time:253576ms step_avg:211.67ms
step:1209/5100 lr:0.001 train_loss:3.9787 train_time:253975ms step_avg:211.82ms
step:1210/5100 lr:0.001 train_loss:4.0294 train_time:254374ms step_avg:211.98ms
step:1211/5100 lr:0.001 train_loss:3.7969 train_time:254773ms step_avg:212.13ms
step:1212/5100 lr:0.001 train_loss:3.6806 train_time:255172ms step_avg:212.29ms
step:1213/5100 lr:0.001 train_loss:3.6235 train_time:255571ms step_avg:212.44ms
step:1214/5100 lr:0.001 train_loss:3.9380 train_time:255970ms step_avg:212.60ms
step:1215/5100 lr:0.001 train_loss:3.9834 train_time:256369ms step_avg:212.75ms
step:1216/5100 lr:0.001 train_loss:3.8480 train_time:256767ms step_avg:212.91ms
step:1217/5100 lr:0.001 train_loss:3.7454 train_time:257166ms step_avg:213.06ms
step:1218/5100 lr:0.001 train_loss:4.0483 train_time:257565ms step_avg:213.22ms
step:1219/5100 lr:0.001 train_loss:3.7576 train_time:257964ms step_avg:213.37ms
step:1220/5100 lr:0.001 train_loss:3.8574 train_time:258363ms step_avg:213.52ms
step:1221/5100 lr:0.001 train_loss:3.8772 train_time:258763ms step_avg:213.68ms
step:1222/5100 lr:0.001 train_loss:3.8916 train_time:259162ms step_avg:213.83ms
step:1223/5100 lr:0.001 train_loss:3.8379 train_time:259561ms step_avg:213.98ms
step:1224/5100 lr:0.001 train_loss:4.0737 train_time:259959ms step_avg:214.13ms
step:1225/5100 lr:0.001 train_loss:3.8563 train_time:260358ms step_avg:214.29ms
step:1226/5100 lr:0.001 train_loss:3.7050 train_time:260757ms step_avg:214.44ms
step:1227/5100 lr:0.001 train_loss:3.6411 train_time:261158ms step_avg:214.59ms
step:1228/5100 lr:0.001 train_loss:3.7512 train_time:261557ms step_avg:214.74ms
step:1229/5100 lr:0.001 train_loss:3.7338 train_time:261956ms step_avg:214.89ms
step:1230/5100 lr:0.001 train_loss:3.7650 train_time:262356ms step_avg:215.05ms
step:1231/5100 lr:0.001 train_loss:3.8543 train_time:262755ms step_avg:215.20ms
step:1232/5100 lr:0.001 train_loss:3.7834 train_time:263154ms step_avg:215.35ms
step:1233/5100 lr:0.001 train_loss:4.0307 train_time:263553ms step_avg:215.50ms
step:1234/5100 lr:0.001 train_loss:4.1010 train_time:263952ms step_avg:215.65ms
step:1235/5100 lr:0.001 train_loss:4.0168 train_time:264351ms step_avg:215.80ms
step:1236/5100 lr:0.001 train_loss:3.9085 train_time:264750ms step_avg:215.95ms
step:1237/5100 lr:0.001 train_loss:4.0834 train_time:265148ms step_avg:216.09ms
step:1238/5100 lr:0.001 train_loss:3.8082 train_time:265547ms step_avg:216.24ms
step:1239/5100 lr:0.001 train_loss:3.7374 train_time:265946ms step_avg:216.39ms
step:1240/5100 lr:0.001 train_loss:3.6675 train_time:266345ms step_avg:216.54ms
step:1241/5100 lr:0.001 train_loss:3.6860 train_time:266744ms step_avg:216.69ms
step:1242/5100 lr:0.001 train_loss:3.7422 train_time:267143ms step_avg:216.84ms
step:1243/5100 lr:0.001 train_loss:3.6702 train_time:267543ms step_avg:216.99ms
step:1244/5100 lr:0.001 train_loss:3.8872 train_time:267942ms step_avg:217.13ms
step:1245/5100 lr:0.001 train_loss:3.7625 train_time:268341ms step_avg:217.28ms
step:1246/5100 lr:0.001 train_loss:3.8308 train_time:268740ms step_avg:217.43ms
step:1247/5100 lr:0.001 train_loss:3.9245 train_time:269139ms step_avg:217.57ms
step:1248/5100 lr:0.001 train_loss:3.6604 train_time:269537ms step_avg:217.72ms
step:1249/5100 lr:0.001 train_loss:3.7334 train_time:269937ms step_avg:217.87ms
step:1250/5100 lr:0.001 train_loss:3.8719 train_time:270395ms step_avg:218.06ms
step:1250/5100 val_loss:3.7949 train_time:270397ms step_avg:218.06ms
step:1251/5100 lr:0.001 train_loss:4.0013 train_time:274646ms step_avg:221.31ms
step:1252/5100 lr:0.001 train_loss:3.8579 train_time:275045ms step_avg:221.45ms
step:1253/5100 lr:0.001 train_loss:3.7428 train_time:275443ms step_avg:221.60ms
step:1254/5100 lr:0.001 train_loss:3.8180 train_time:275841ms step_avg:221.74ms
step:1255/5100 lr:0.001 train_loss:3.8128 train_time:276240ms step_avg:221.88ms
step:1256/5100 lr:0.001 train_loss:3.7916 train_time:276639ms step_avg:222.02ms
step:1257/5100 lr:0.001 train_loss:3.9727 train_time:277037ms step_avg:222.16ms
step:1258/5100 lr:0.001 train_loss:3.8785 train_time:277435ms step_avg:222.30ms
step:1259/5100 lr:0.001 train_loss:3.9039 train_time:277834ms step_avg:222.44ms
step:1260/5100 lr:0.001 train_loss:3.8563 train_time:278232ms step_avg:222.59ms
step:1261/5100 lr:0.001 train_loss:3.7812 train_time:278631ms step_avg:222.73ms
step:1262/5100 lr:0.001 train_loss:3.7764 train_time:279030ms step_avg:222.87ms
step:1263/5100 lr:0.001 train_loss:3.6337 train_time:279428ms step_avg:223.01ms
step:1264/5100 lr:0.001 train_loss:3.5441 train_time:279827ms step_avg:223.15ms
step:1265/5100 lr:0.001 train_loss:3.9123 train_time:280226ms step_avg:223.29ms
step:1266/5100 lr:0.001 train_loss:3.5842 train_time:280624ms step_avg:223.43ms
step:1267/5100 lr:0.001 train_loss:3.9675 train_time:281022ms step_avg:223.57ms
step:1268/5100 lr:0.001 train_loss:3.8328 train_time:281421ms step_avg:223.71ms
step:1269/5100 lr:0.001 train_loss:3.8328 train_time:281820ms step_avg:223.84ms
step:1270/5100 lr:0.001 train_loss:3.9223 train_time:282218ms step_avg:223.98ms
step:1271/5100 lr:0.001 train_loss:3.7208 train_time:282617ms step_avg:224.12ms
step:1272/5100 lr:0.001 train_loss:3.7588 train_time:283015ms step_avg:224.26ms
step:1273/5100 lr:0.001 train_loss:3.6693 train_time:283414ms step_avg:224.40ms
step:1274/5100 lr:0.001 train_loss:3.6789 train_time:283813ms step_avg:224.54ms
step:1275/5100 lr:0.001 train_loss:3.7020 train_time:284211ms step_avg:224.67ms
step:1276/5100 lr:0.001 train_loss:3.7713 train_time:284610ms step_avg:224.81ms
step:1277/5100 lr:0.001 train_loss:3.7379 train_time:285010ms step_avg:224.95ms
step:1278/5100 lr:0.001 train_loss:3.9067 train_time:285409ms step_avg:225.09ms
step:1279/5100 lr:0.001 train_loss:3.8798 train_time:285807ms step_avg:225.22ms
step:1280/5100 lr:0.001 train_loss:3.8602 train_time:286205ms step_avg:225.36ms
step:1281/5100 lr:0.001 train_loss:3.7412 train_time:286604ms step_avg:225.49ms
step:1282/5100 lr:0.001 train_loss:3.5709 train_time:287002ms step_avg:225.63ms
step:1283/5100 lr:0.001 train_loss:3.6629 train_time:287401ms step_avg:225.77ms
step:1284/5100 lr:0.001 train_loss:3.8795 train_time:287799ms step_avg:225.90ms
step:1285/5100 lr:0.001 train_loss:3.7923 train_time:288198ms step_avg:226.04ms
step:1286/5100 lr:0.001 train_loss:3.8711 train_time:288597ms step_avg:226.17ms
step:1287/5100 lr:0.001 train_loss:3.8336 train_time:288995ms step_avg:226.31ms
step:1288/5100 lr:0.001 train_loss:3.7831 train_time:289394ms step_avg:226.44ms
step:1289/5100 lr:0.001 train_loss:3.6443 train_time:289793ms step_avg:226.58ms
step:1290/5100 lr:0.001 train_loss:3.7055 train_time:290191ms step_avg:226.71ms
step:1291/5100 lr:0.001 train_loss:3.6981 train_time:290590ms step_avg:226.85ms
step:1292/5100 lr:0.001 train_loss:3.6486 train_time:290989ms step_avg:226.98ms
step:1293/5100 lr:0.001 train_loss:3.7914 train_time:291387ms step_avg:227.11ms
step:1294/5100 lr:0.001 train_loss:3.8159 train_time:291786ms step_avg:227.25ms
step:1295/5100 lr:0.001 train_loss:3.8381 train_time:292184ms step_avg:227.38ms
step:1296/5100 lr:0.001 train_loss:3.8644 train_time:292583ms step_avg:227.51ms
step:1297/5100 lr:0.001 train_loss:3.5338 train_time:292981ms step_avg:227.65ms
step:1298/5100 lr:0.001 train_loss:3.6550 train_time:293380ms step_avg:227.78ms
step:1299/5100 lr:0.001 train_loss:3.8566 train_time:293778ms step_avg:227.91ms
step:1300/5100 lr:0.001 train_loss:3.5903 train_time:294177ms step_avg:228.04ms
step:1301/5100 lr:0.001 train_loss:3.8719 train_time:294575ms step_avg:228.18ms
step:1302/5100 lr:0.001 train_loss:3.7609 train_time:294974ms step_avg:228.31ms
step:1303/5100 lr:0.001 train_loss:3.9209 train_time:295372ms step_avg:228.44ms
step:1304/5100 lr:0.001 train_loss:3.8647 train_time:295771ms step_avg:228.57ms
step:1305/5100 lr:0.001 train_loss:4.0021 train_time:296170ms step_avg:228.70ms
step:1306/5100 lr:0.001 train_loss:3.6598 train_time:296568ms step_avg:228.83ms
step:1307/5100 lr:0.001 train_loss:4.1525 train_time:296967ms step_avg:228.96ms
step:1308/5100 lr:0.001 train_loss:3.7355 train_time:297365ms step_avg:229.09ms
step:1309/5100 lr:0.001 train_loss:3.9005 train_time:297763ms step_avg:229.23ms
step:1310/5100 lr:0.001 train_loss:4.0812 train_time:298162ms step_avg:229.36ms
step:1311/5100 lr:0.001 train_loss:3.6963 train_time:298562ms step_avg:229.49ms
step:1312/5100 lr:0.001 train_loss:3.6117 train_time:298960ms step_avg:229.62ms
step:1313/5100 lr:0.001 train_loss:3.8110 train_time:299359ms step_avg:229.75ms
step:1314/5100 lr:0.001 train_loss:3.7474 train_time:299757ms step_avg:229.88ms
step:1315/5100 lr:0.001 train_loss:3.7569 train_time:300156ms step_avg:230.00ms
step:1316/5100 lr:0.001 train_loss:3.8296 train_time:300554ms step_avg:230.13ms
step:1317/5100 lr:0.001 train_loss:3.4676 train_time:300954ms step_avg:230.26ms
step:1318/5100 lr:0.001 train_loss:3.6612 train_time:301352ms step_avg:230.39ms
step:1319/5100 lr:0.001 train_loss:3.7705 train_time:301751ms step_avg:230.52ms
step:1320/5100 lr:0.001 train_loss:3.8714 train_time:302150ms step_avg:230.65ms
step:1321/5100 lr:0.001 train_loss:3.5192 train_time:302549ms step_avg:230.78ms
step:1322/5100 lr:0.001 train_loss:3.7315 train_time:302947ms step_avg:230.90ms
step:1323/5100 lr:0.001 train_loss:3.8866 train_time:303346ms step_avg:231.03ms
step:1324/5100 lr:0.001 train_loss:3.8388 train_time:303744ms step_avg:231.16ms
step:1325/5100 lr:0.001 train_loss:3.7301 train_time:304143ms step_avg:231.29ms
step:1326/5100 lr:0.001 train_loss:3.7688 train_time:304541ms step_avg:231.41ms
step:1327/5100 lr:0.001 train_loss:4.0027 train_time:304940ms step_avg:231.54ms
step:1328/5100 lr:0.001 train_loss:4.0641 train_time:305338ms step_avg:231.67ms
step:1329/5100 lr:0.001 train_loss:3.8078 train_time:305737ms step_avg:231.79ms
step:1330/5100 lr:0.001 train_loss:3.6078 train_time:306341ms step_avg:232.08ms
step:1331/5100 lr:0.001 train_loss:4.0140 train_time:306739ms step_avg:232.20ms
step:1332/5100 lr:0.001 train_loss:3.7839 train_time:307137ms step_avg:232.33ms
step:1333/5100 lr:0.001 train_loss:4.0102 train_time:307536ms step_avg:232.45ms
step:1334/5100 lr:0.001 train_loss:3.6661 train_time:308137ms step_avg:232.73ms
step:1335/5100 lr:0.001 train_loss:3.6920 train_time:308536ms step_avg:232.86ms
step:1336/5100 lr:0.001 train_loss:3.7301 train_time:308936ms step_avg:232.98ms
step:1337/5100 lr:0.001 train_loss:3.7990 train_time:309335ms step_avg:233.11ms
step:1338/5100 lr:0.001 train_loss:3.6607 train_time:309734ms step_avg:233.23ms
step:1339/5100 lr:0.001 train_loss:3.6422 train_time:310133ms step_avg:233.36ms
step:1340/5100 lr:0.001 train_loss:3.6633 train_time:310533ms step_avg:233.48ms
step:1341/5100 lr:0.001 train_loss:3.7291 train_time:310932ms step_avg:233.61ms
step:1342/5100 lr:0.001 train_loss:3.6102 train_time:311331ms step_avg:233.73ms
step:1343/5100 lr:0.001 train_loss:3.7666 train_time:311731ms step_avg:233.86ms
step:1344/5100 lr:0.001 train_loss:3.6934 train_time:312130ms step_avg:233.98ms
step:1345/5100 lr:0.001 train_loss:3.6982 train_time:312530ms step_avg:234.11ms
step:1346/5100 lr:0.001 train_loss:3.8367 train_time:312930ms step_avg:234.23ms
step:1347/5100 lr:0.001 train_loss:3.7568 train_time:313329ms step_avg:234.35ms
step:1348/5100 lr:0.001 train_loss:3.6663 train_time:313729ms step_avg:234.48ms
step:1349/5100 lr:0.001 train_loss:3.6301 train_time:314128ms step_avg:234.60ms
step:1350/5100 lr:0.001 train_loss:3.6744 train_time:314528ms step_avg:234.72ms
step:1351/5100 lr:0.001 train_loss:4.1671 train_time:314927ms step_avg:234.84ms
step:1352/5100 lr:0.001 train_loss:3.6867 train_time:315325ms step_avg:234.97ms
step:1353/5100 lr:0.001 train_loss:3.7951 train_time:315724ms step_avg:235.09ms
step:1354/5100 lr:0.001 train_loss:4.0009 train_time:316123ms step_avg:235.21ms
step:1355/5100 lr:0.001 train_loss:3.6590 train_time:316522ms step_avg:235.33ms
step:1356/5100 lr:0.001 train_loss:3.6968 train_time:316922ms step_avg:235.45ms
step:1357/5100 lr:0.001 train_loss:3.6282 train_time:317321ms step_avg:235.58ms
step:1358/5100 lr:0.001 train_loss:3.8283 train_time:317721ms step_avg:235.70ms
step:1359/5100 lr:0.001 train_loss:3.7041 train_time:318121ms step_avg:235.82ms
step:1360/5100 lr:0.001 train_loss:3.9922 train_time:318521ms step_avg:235.94ms
step:1361/5100 lr:0.001 train_loss:4.0931 train_time:318920ms step_avg:236.06ms
step:1362/5100 lr:0.001 train_loss:4.0327 train_time:319322ms step_avg:236.19ms
step:1363/5100 lr:0.001 train_loss:3.5773 train_time:319722ms step_avg:236.31ms
step:1364/5100 lr:0.001 train_loss:3.7938 train_time:320122ms step_avg:236.43ms
step:1365/5100 lr:0.001 train_loss:3.7167 train_time:320522ms step_avg:236.55ms
step:1366/5100 lr:0.001 train_loss:3.5288 train_time:320921ms step_avg:236.67ms
step:1367/5100 lr:0.001 train_loss:3.5475 train_time:321321ms step_avg:236.79ms
step:1368/5100 lr:0.001 train_loss:3.5434 train_time:321720ms step_avg:236.91ms
step:1369/5100 lr:0.001 train_loss:3.7368 train_time:322119ms step_avg:237.03ms
step:1370/5100 lr:0.001 train_loss:3.7429 train_time:322518ms step_avg:237.15ms
step:1371/5100 lr:0.001 train_loss:3.7833 train_time:322917ms step_avg:237.26ms
step:1372/5100 lr:0.001 train_loss:3.9485 train_time:323316ms step_avg:237.38ms
step:1373/5100 lr:0.001 train_loss:3.7884 train_time:323715ms step_avg:237.50ms
step:1374/5100 lr:0.001 train_loss:3.5772 train_time:324114ms step_avg:237.62ms
step:1375/5100 lr:0.001 train_loss:3.7649 train_time:324513ms step_avg:237.74ms
step:1375/5100 val_loss:3.7224 train_time:324515ms step_avg:237.74ms
step:1376/5100 lr:0.001 train_loss:3.6776 train_time:328701ms step_avg:240.63ms
step:1377/5100 lr:0.001 train_loss:3.7641 train_time:329100ms step_avg:240.75ms
step:1378/5100 lr:0.001 train_loss:3.9414 train_time:329499ms step_avg:240.86ms
step:1379/5100 lr:0.001 train_loss:3.6683 train_time:329898ms step_avg:240.98ms
step:1380/5100 lr:0.001 train_loss:3.6957 train_time:330297ms step_avg:241.09ms
step:1381/5100 lr:0.001 train_loss:3.6421 train_time:330696ms step_avg:241.21ms
step:1382/5100 lr:0.001 train_loss:3.7284 train_time:331096ms step_avg:241.32ms
step:1383/5100 lr:0.001 train_loss:3.8286 train_time:331495ms step_avg:241.44ms
step:1384/5100 lr:0.001 train_loss:3.6893 train_time:331895ms step_avg:241.55ms
step:1385/5100 lr:0.001 train_loss:3.5905 train_time:332294ms step_avg:241.67ms
step:1386/5100 lr:0.001 train_loss:3.7104 train_time:332693ms step_avg:241.78ms
step:1387/5100 lr:0.001 train_loss:3.6049 train_time:333091ms step_avg:241.90ms
step:1388/5100 lr:0.001 train_loss:3.7320 train_time:333489ms step_avg:242.01ms
step:1389/5100 lr:0.001 train_loss:3.4449 train_time:333888ms step_avg:242.12ms
step:1390/5100 lr:0.001 train_loss:3.6459 train_time:334287ms step_avg:242.24ms
step:1391/5100 lr:0.001 train_loss:3.8022 train_time:334687ms step_avg:242.35ms
step:1392/5100 lr:0.001 train_loss:3.8363 train_time:335087ms step_avg:242.47ms
step:1393/5100 lr:0.001 train_loss:4.0372 train_time:335486ms step_avg:242.58ms
step:1394/5100 lr:0.001 train_loss:3.7654 train_time:335885ms step_avg:242.69ms
step:1395/5100 lr:0.001 train_loss:3.8675 train_time:336285ms step_avg:242.81ms
step:1396/5100 lr:0.001 train_loss:3.7433 train_time:336684ms step_avg:242.92ms
step:1397/5100 lr:0.001 train_loss:3.5868 train_time:337083ms step_avg:243.03ms
step:1398/5100 lr:0.001 train_loss:3.8804 train_time:337482ms step_avg:243.14ms
step:1399/5100 lr:0.001 train_loss:3.6110 train_time:337881ms step_avg:243.25ms
step:1400/5100 lr:0.001 train_loss:3.6402 train_time:338280ms step_avg:243.37ms
step:1401/5100 lr:0.001 train_loss:3.6177 train_time:338679ms step_avg:243.48ms
step:1402/5100 lr:0.001 train_loss:3.6401 train_time:339077ms step_avg:243.59ms
step:1403/5100 lr:0.001 train_loss:3.9212 train_time:339477ms step_avg:243.70ms
step:1404/5100 lr:0.001 train_loss:4.3131 train_time:339876ms step_avg:243.81ms
step:1405/5100 lr:0.001 train_loss:3.7302 train_time:340275ms step_avg:243.93ms
step:1406/5100 lr:0.001 train_loss:3.7050 train_time:340675ms step_avg:244.04ms
step:1407/5100 lr:0.001 train_loss:3.7403 train_time:341074ms step_avg:244.15ms
step:1408/5100 lr:0.001 train_loss:3.5517 train_time:341472ms step_avg:244.26ms
step:1409/5100 lr:0.001 train_loss:3.5710 train_time:341871ms step_avg:244.37ms
step:1410/5100 lr:0.001 train_loss:3.7474 train_time:342270ms step_avg:244.48ms
step:1411/5100 lr:0.001 train_loss:3.8819 train_time:342669ms step_avg:244.59ms
step:1412/5100 lr:0.001 train_loss:4.2372 train_time:343068ms step_avg:244.70ms
step:1413/5100 lr:0.001 train_loss:3.9311 train_time:343468ms step_avg:244.81ms
step:1414/5100 lr:0.001 train_loss:3.8929 train_time:343867ms step_avg:244.92ms
step:1415/5100 lr:0.001 train_loss:3.7579 train_time:344266ms step_avg:245.03ms
step:1416/5100 lr:0.001 train_loss:3.7084 train_time:344666ms step_avg:245.14ms
step:1417/5100 lr:0.001 train_loss:3.6930 train_time:345066ms step_avg:245.25ms
step:1418/5100 lr:0.001 train_loss:3.3374 train_time:345465ms step_avg:245.36ms
step:1419/5100 lr:0.001 train_loss:3.1671 train_time:345864ms step_avg:245.47ms
step:1420/5100 lr:0.001 train_loss:3.8482 train_time:346263ms step_avg:245.58ms
step:1421/5100 lr:0.001 train_loss:3.8743 train_time:346662ms step_avg:245.69ms
step:1422/5100 lr:0.001 train_loss:3.6792 train_time:347061ms step_avg:245.79ms
step:1423/5100 lr:0.001 train_loss:3.5374 train_time:347460ms step_avg:245.90ms
step:1424/5100 lr:0.001 train_loss:3.8202 train_time:347859ms step_avg:246.01ms
step:1425/5100 lr:0.001 train_loss:3.4908 train_time:348258ms step_avg:246.12ms
step:1426/5100 lr:0.001 train_loss:3.6157 train_time:348657ms step_avg:246.23ms
step:1427/5100 lr:0.001 train_loss:4.0063 train_time:349056ms step_avg:246.33ms
step:1428/5100 lr:0.001 train_loss:3.5853 train_time:349456ms step_avg:246.44ms
step:1429/5100 lr:0.001 train_loss:3.7283 train_time:349856ms step_avg:246.55ms
step:1430/5100 lr:0.001 train_loss:3.6707 train_time:350255ms step_avg:246.66ms
step:1431/5100 lr:0.001 train_loss:3.7148 train_time:350654ms step_avg:246.77ms
step:1432/5100 lr:0.001 train_loss:3.6317 train_time:351054ms step_avg:246.87ms
step:1433/5100 lr:0.001 train_loss:3.6397 train_time:351453ms step_avg:246.98ms
step:1434/5100 lr:0.001 train_loss:3.7247 train_time:351852ms step_avg:247.09ms
step:1435/5100 lr:0.001 train_loss:3.5766 train_time:352250ms step_avg:247.19ms
step:1436/5100 lr:0.001 train_loss:4.1321 train_time:352649ms step_avg:247.30ms
step:1437/5100 lr:0.001 train_loss:3.6371 train_time:353048ms step_avg:247.41ms
step:1438/5100 lr:0.001 train_loss:3.6625 train_time:353447ms step_avg:247.51ms
step:1439/5100 lr:0.001 train_loss:3.6074 train_time:353847ms step_avg:247.62ms
step:1440/5100 lr:0.001 train_loss:3.6216 train_time:354246ms step_avg:247.72ms
step:1441/5100 lr:0.001 train_loss:3.4068 train_time:354646ms step_avg:247.83ms
step:1442/5100 lr:0.001 train_loss:3.8184 train_time:355045ms step_avg:247.94ms
step:1443/5100 lr:0.001 train_loss:3.6068 train_time:355508ms step_avg:248.09ms
step:1444/5100 lr:0.001 train_loss:3.8221 train_time:355907ms step_avg:248.19ms
step:1445/5100 lr:0.001 train_loss:3.7857 train_time:356307ms step_avg:248.30ms
step:1446/5100 lr:0.001 train_loss:3.6705 train_time:356707ms step_avg:248.40ms
step:1447/5100 lr:0.001 train_loss:4.1397 train_time:357106ms step_avg:248.51ms
step:1448/5100 lr:0.001 train_loss:3.6917 train_time:357505ms step_avg:248.61ms
step:1449/5100 lr:0.001 train_loss:3.3711 train_time:357905ms step_avg:248.72ms
step:1450/5100 lr:0.001 train_loss:3.6420 train_time:358305ms step_avg:248.82ms
step:1451/5100 lr:0.001 train_loss:3.6455 train_time:358704ms step_avg:248.93ms
step:1452/5100 lr:0.001 train_loss:3.7691 train_time:359103ms step_avg:249.03ms
step:1453/5100 lr:0.001 train_loss:3.6147 train_time:359502ms step_avg:249.13ms
step:1454/5100 lr:0.001 train_loss:3.4629 train_time:359901ms step_avg:249.24ms
step:1455/5100 lr:0.001 train_loss:3.6457 train_time:360299ms step_avg:249.34ms
step:1456/5100 lr:0.001 train_loss:3.6336 train_time:360698ms step_avg:249.45ms
step:1457/5100 lr:0.001 train_loss:3.5594 train_time:361097ms step_avg:249.55ms
step:1458/5100 lr:0.001 train_loss:3.7586 train_time:361497ms step_avg:249.65ms
step:1459/5100 lr:0.001 train_loss:3.7807 train_time:361896ms step_avg:249.76ms
step:1460/5100 lr:0.001 train_loss:3.6899 train_time:362296ms step_avg:249.86ms
step:1461/5100 lr:0.001 train_loss:3.6675 train_time:362695ms step_avg:249.96ms
step:1462/5100 lr:0.001 train_loss:3.7950 train_time:363095ms step_avg:250.07ms
step:1463/5100 lr:0.001 train_loss:3.6992 train_time:363495ms step_avg:250.17ms
step:1464/5100 lr:0.001 train_loss:3.6087 train_time:363894ms step_avg:250.27ms
step:1465/5100 lr:0.001 train_loss:3.6030 train_time:364293ms step_avg:250.37ms
step:1466/5100 lr:0.001 train_loss:3.6302 train_time:364692ms step_avg:250.48ms
step:1467/5100 lr:0.001 train_loss:3.8251 train_time:365091ms step_avg:250.58ms
step:1468/5100 lr:0.001 train_loss:3.7619 train_time:365489ms step_avg:250.68ms
step:1469/5100 lr:0.001 train_loss:3.6783 train_time:365888ms step_avg:250.78ms
step:1470/5100 lr:0.001 train_loss:3.7212 train_time:366288ms step_avg:250.88ms
step:1471/5100 lr:0.001 train_loss:3.7300 train_time:366688ms step_avg:250.98ms
step:1472/5100 lr:0.001 train_loss:3.6018 train_time:367088ms step_avg:251.09ms
step:1473/5100 lr:0.001 train_loss:3.5094 train_time:367487ms step_avg:251.19ms
step:1474/5100 lr:0.001 train_loss:3.7562 train_time:367886ms step_avg:251.29ms
step:1475/5100 lr:0.001 train_loss:3.7158 train_time:368287ms step_avg:251.39ms
step:1476/5100 lr:0.001 train_loss:3.8271 train_time:368686ms step_avg:251.49ms
step:1477/5100 lr:0.001 train_loss:3.6297 train_time:369086ms step_avg:251.59ms
step:1478/5100 lr:0.001 train_loss:3.7049 train_time:369485ms step_avg:251.69ms
step:1479/5100 lr:0.001 train_loss:3.8020 train_time:369884ms step_avg:251.79ms
step:1480/5100 lr:0.001 train_loss:3.6873 train_time:370284ms step_avg:251.89ms
step:1481/5100 lr:0.001 train_loss:3.6224 train_time:370683ms step_avg:251.99ms
step:1482/5100 lr:0.001 train_loss:3.5479 train_time:371083ms step_avg:252.09ms
step:1483/5100 lr:0.001 train_loss:3.6450 train_time:371481ms step_avg:252.19ms
step:1484/5100 lr:0.001 train_loss:3.7350 train_time:371880ms step_avg:252.29ms
step:1485/5100 lr:0.001 train_loss:3.6543 train_time:372279ms step_avg:252.39ms
step:1486/5100 lr:0.001 train_loss:3.6035 train_time:372678ms step_avg:252.49ms
step:1487/5100 lr:0.001 train_loss:3.8353 train_time:373077ms step_avg:252.59ms
step:1488/5100 lr:0.001 train_loss:3.6357 train_time:373476ms step_avg:252.69ms
step:1489/5100 lr:0.001 train_loss:3.6024 train_time:373876ms step_avg:252.79ms
step:1490/5100 lr:0.001 train_loss:3.5329 train_time:374275ms step_avg:252.89ms
step:1491/5100 lr:0.001 train_loss:3.4058 train_time:374675ms step_avg:252.99ms
step:1492/5100 lr:0.001 train_loss:3.5611 train_time:375074ms step_avg:253.09ms
step:1493/5100 lr:0.001 train_loss:3.4262 train_time:375473ms step_avg:253.18ms
step:1494/5100 lr:0.001 train_loss:3.7612 train_time:375872ms step_avg:253.28ms
step:1495/5100 lr:0.001 train_loss:3.8001 train_time:376272ms step_avg:253.38ms
step:1496/5100 lr:0.001 train_loss:3.5830 train_time:376671ms step_avg:253.48ms
step:1497/5100 lr:0.001 train_loss:3.8819 train_time:377070ms step_avg:253.58ms
step:1498/5100 lr:0.001 train_loss:3.5894 train_time:377469ms step_avg:253.68ms
step:1499/5100 lr:0.001 train_loss:3.6835 train_time:377868ms step_avg:253.77ms
step:1500/5100 lr:0.001 train_loss:3.5562 train_time:378267ms step_avg:253.87ms
step:1500/5100 val_loss:3.6696 train_time:378270ms step_avg:253.87ms
step:1501/5100 lr:0.001 train_loss:3.7518 train_time:382393ms step_avg:256.47ms
step:1502/5100 lr:0.001 train_loss:3.6123 train_time:382793ms step_avg:256.56ms
step:1503/5100 lr:0.001 train_loss:3.7156 train_time:383193ms step_avg:256.66ms
step:1504/5100 lr:0.001 train_loss:3.5874 train_time:383593ms step_avg:256.76ms
step:1505/5100 lr:0.001 train_loss:3.4868 train_time:383992ms step_avg:256.85ms
step:1506/5100 lr:0.001 train_loss:3.6864 train_time:384391ms step_avg:256.95ms
step:1507/5100 lr:0.001 train_loss:3.7417 train_time:384790ms step_avg:257.04ms
step:1508/5100 lr:0.001 train_loss:3.7572 train_time:385189ms step_avg:257.14ms
step:1509/5100 lr:0.001 train_loss:3.5752 train_time:385587ms step_avg:257.23ms
step:1510/5100 lr:0.001 train_loss:3.5134 train_time:385986ms step_avg:257.32ms
step:1511/5100 lr:0.001 train_loss:3.6565 train_time:386385ms step_avg:257.42ms
step:1512/5100 lr:0.001 train_loss:3.6002 train_time:386785ms step_avg:257.51ms
step:1513/5100 lr:0.001 train_loss:3.6967 train_time:387184ms step_avg:257.61ms
step:1514/5100 lr:0.001 train_loss:3.5375 train_time:387584ms step_avg:257.70ms
step:1515/5100 lr:0.001 train_loss:3.6376 train_time:387983ms step_avg:257.80ms
step:1516/5100 lr:0.001 train_loss:3.7049 train_time:388382ms step_avg:257.89ms
step:1517/5100 lr:0.001 train_loss:3.6717 train_time:388782ms step_avg:257.98ms
step:1518/5100 lr:0.001 train_loss:3.6689 train_time:389182ms step_avg:258.08ms
step:1519/5100 lr:0.001 train_loss:3.6579 train_time:389581ms step_avg:258.17ms
step:1520/5100 lr:0.001 train_loss:3.6763 train_time:390188ms step_avg:258.40ms
step:1521/5100 lr:0.001 train_loss:3.5980 train_time:390587ms step_avg:258.50ms
step:1522/5100 lr:0.001 train_loss:3.8686 train_time:390986ms step_avg:258.59ms
step:1523/5100 lr:0.001 train_loss:3.7557 train_time:391385ms step_avg:258.68ms
step:1524/5100 lr:0.001 train_loss:3.5339 train_time:391989ms step_avg:258.91ms
step:1525/5100 lr:0.001 train_loss:3.6399 train_time:392388ms step_avg:259.00ms
step:1526/5100 lr:0.001 train_loss:3.7383 train_time:392786ms step_avg:259.09ms
step:1527/5100 lr:0.001 train_loss:3.6748 train_time:393185ms step_avg:259.19ms
step:1528/5100 lr:0.001 train_loss:3.8120 train_time:393583ms step_avg:259.28ms
step:1529/5100 lr:0.001 train_loss:3.6477 train_time:393982ms step_avg:259.37ms
step:1530/5100 lr:0.001 train_loss:3.6807 train_time:394381ms step_avg:259.46ms
step:1531/5100 lr:0.001 train_loss:3.6777 train_time:394780ms step_avg:259.55ms
step:1532/5100 lr:0.001 train_loss:4.0621 train_time:395178ms step_avg:259.64ms
step:1533/5100 lr:0.001 train_loss:3.8603 train_time:395577ms step_avg:259.74ms
step:1534/5100 lr:0.001 train_loss:3.4900 train_time:395976ms step_avg:259.83ms
step:1535/5100 lr:0.001 train_loss:3.5999 train_time:396375ms step_avg:259.92ms
step:1536/5100 lr:0.001 train_loss:3.6851 train_time:396774ms step_avg:260.01ms
step:1537/5100 lr:0.001 train_loss:3.6176 train_time:397173ms step_avg:260.10ms
step:1538/5100 lr:0.001 train_loss:3.7254 train_time:397571ms step_avg:260.19ms
step:1539/5100 lr:0.001 train_loss:3.6617 train_time:397970ms step_avg:260.28ms
step:1540/5100 lr:0.001 train_loss:3.5648 train_time:398368ms step_avg:260.37ms
step:1541/5100 lr:0.001 train_loss:3.6199 train_time:398767ms step_avg:260.46ms
step:1542/5100 lr:0.001 train_loss:4.0038 train_time:399166ms step_avg:260.55ms
step:1543/5100 lr:0.001 train_loss:3.6221 train_time:399564ms step_avg:260.64ms
step:1544/5100 lr:0.001 train_loss:3.7032 train_time:399963ms step_avg:260.73ms
step:1545/5100 lr:0.001 train_loss:3.6307 train_time:400361ms step_avg:260.82ms
step:1546/5100 lr:0.001 train_loss:3.5734 train_time:400760ms step_avg:260.91ms
step:1547/5100 lr:0.001 train_loss:3.5264 train_time:401160ms step_avg:261.00ms
step:1548/5100 lr:0.001 train_loss:3.6683 train_time:401559ms step_avg:261.09ms
step:1549/5100 lr:0.001 train_loss:3.7618 train_time:401958ms step_avg:261.18ms
step:1550/5100 lr:0.001 train_loss:3.5429 train_time:402356ms step_avg:261.27ms
step:1551/5100 lr:0.001 train_loss:3.6267 train_time:402755ms step_avg:261.36ms
step:1552/5100 lr:0.001 train_loss:3.5767 train_time:403154ms step_avg:261.45ms
step:1553/5100 lr:0.001 train_loss:3.7245 train_time:403553ms step_avg:261.54ms
step:1554/5100 lr:0.001 train_loss:3.5760 train_time:403951ms step_avg:261.63ms
step:1555/5100 lr:0.001 train_loss:3.6000 train_time:404350ms step_avg:261.71ms
step:1556/5100 lr:0.001 train_loss:3.6823 train_time:404748ms step_avg:261.80ms
step:1557/5100 lr:0.001 train_loss:3.5529 train_time:405147ms step_avg:261.89ms
step:1558/5100 lr:0.001 train_loss:3.6387 train_time:405545ms step_avg:261.98ms
step:1559/5100 lr:0.001 train_loss:3.6085 train_time:405944ms step_avg:262.07ms
step:1560/5100 lr:0.001 train_loss:3.5915 train_time:406343ms step_avg:262.16ms
step:1561/5100 lr:0.001 train_loss:3.6743 train_time:406742ms step_avg:262.24ms
step:1562/5100 lr:0.001 train_loss:3.5100 train_time:407141ms step_avg:262.33ms
step:1563/5100 lr:0.001 train_loss:3.6142 train_time:407539ms step_avg:262.42ms
step:1564/5100 lr:0.001 train_loss:3.8140 train_time:407938ms step_avg:262.51ms
step:1565/5100 lr:0.001 train_loss:3.5418 train_time:408337ms step_avg:262.60ms
step:1566/5100 lr:0.001 train_loss:3.6363 train_time:408735ms step_avg:262.68ms
step:1567/5100 lr:0.001 train_loss:3.8652 train_time:409134ms step_avg:262.77ms
step:1568/5100 lr:0.001 train_loss:3.5006 train_time:409533ms step_avg:262.86ms
step:1569/5100 lr:0.001 train_loss:3.4988 train_time:409931ms step_avg:262.95ms
step:1570/5100 lr:0.001 train_loss:3.6116 train_time:410330ms step_avg:263.03ms
step:1571/5100 lr:0.001 train_loss:3.6182 train_time:410728ms step_avg:263.12ms
step:1572/5100 lr:0.001 train_loss:3.5217 train_time:411127ms step_avg:263.21ms
step:1573/5100 lr:0.001 train_loss:3.8061 train_time:411525ms step_avg:263.29ms
step:1574/5100 lr:0.001 train_loss:3.7304 train_time:411924ms step_avg:263.38ms
step:1575/5100 lr:0.001 train_loss:3.4508 train_time:412323ms step_avg:263.46ms
step:1576/5100 lr:0.001 train_loss:3.6540 train_time:412721ms step_avg:263.55ms
step:1577/5100 lr:0.001 train_loss:3.5906 train_time:413122ms step_avg:263.64ms
step:1578/5100 lr:0.001 train_loss:3.6194 train_time:413521ms step_avg:263.73ms
step:1579/5100 lr:0.001 train_loss:3.7331 train_time:413920ms step_avg:263.81ms
step:1580/5100 lr:0.001 train_loss:3.6160 train_time:414319ms step_avg:263.90ms
step:1581/5100 lr:0.001 train_loss:3.6437 train_time:414718ms step_avg:263.98ms
step:1582/5100 lr:0.001 train_loss:3.5822 train_time:415117ms step_avg:264.07ms
step:1583/5100 lr:0.001 train_loss:3.4885 train_time:415516ms step_avg:264.15ms
step:1584/5100 lr:0.001 train_loss:3.5753 train_time:415914ms step_avg:264.24ms
step:1585/5100 lr:0.001 train_loss:3.6363 train_time:416313ms step_avg:264.33ms
step:1586/5100 lr:0.001 train_loss:3.6066 train_time:416712ms step_avg:264.41ms
step:1587/5100 lr:0.001 train_loss:4.0807 train_time:417110ms step_avg:264.50ms
step:1588/5100 lr:0.001 train_loss:3.5980 train_time:417509ms step_avg:264.58ms
step:1589/5100 lr:0.001 train_loss:3.7035 train_time:417907ms step_avg:264.67ms
step:1590/5100 lr:0.001 train_loss:3.4162 train_time:418306ms step_avg:264.75ms
step:1591/5100 lr:0.001 train_loss:3.7736 train_time:418705ms step_avg:264.84ms
step:1592/5100 lr:0.001 train_loss:3.6243 train_time:419104ms step_avg:264.92ms
step:1593/5100 lr:0.001 train_loss:3.7470 train_time:419502ms step_avg:265.00ms
step:1594/5100 lr:0.001 train_loss:3.6115 train_time:419901ms step_avg:265.09ms
step:1595/5100 lr:0.001 train_loss:3.6277 train_time:420300ms step_avg:265.17ms
step:1596/5100 lr:0.001 train_loss:3.6700 train_time:420699ms step_avg:265.26ms
step:1597/5100 lr:0.001 train_loss:3.6323 train_time:421097ms step_avg:265.34ms
step:1598/5100 lr:0.001 train_loss:3.7151 train_time:421496ms step_avg:265.43ms
step:1599/5100 lr:0.001 train_loss:4.0045 train_time:421894ms step_avg:265.51ms
step:1600/5100 lr:0.001 train_loss:3.5800 train_time:422293ms step_avg:265.59ms
step:1601/5100 lr:0.001 train_loss:3.6242 train_time:422692ms step_avg:265.68ms
step:1602/5100 lr:0.001 train_loss:3.7210 train_time:423092ms step_avg:265.76ms
step:1603/5100 lr:0.001 train_loss:3.7629 train_time:423490ms step_avg:265.84ms
step:1604/5100 lr:0.001 train_loss:3.6110 train_time:423889ms step_avg:265.93ms
step:1605/5100 lr:0.001 train_loss:4.0320 train_time:424288ms step_avg:266.01ms
step:1606/5100 lr:0.001 train_loss:3.7755 train_time:424687ms step_avg:266.09ms
step:1607/5100 lr:0.001 train_loss:3.4855 train_time:425085ms step_avg:266.18ms
step:1608/5100 lr:0.001 train_loss:3.6514 train_time:425484ms step_avg:266.26ms
step:1609/5100 lr:0.001 train_loss:3.4720 train_time:425882ms step_avg:266.34ms
step:1610/5100 lr:0.001 train_loss:3.8360 train_time:426281ms step_avg:266.43ms
step:1611/5100 lr:0.001 train_loss:3.5806 train_time:426679ms step_avg:266.51ms
step:1612/5100 lr:0.001 train_loss:3.6698 train_time:427078ms step_avg:266.59ms
step:1613/5100 lr:0.001 train_loss:3.6558 train_time:427477ms step_avg:266.67ms
step:1614/5100 lr:0.001 train_loss:4.0425 train_time:427875ms step_avg:266.76ms
step:1615/5100 lr:0.001 train_loss:3.8438 train_time:428274ms step_avg:266.84ms
step:1616/5100 lr:0.001 train_loss:3.7605 train_time:428673ms step_avg:266.92ms
step:1617/5100 lr:0.001 train_loss:3.5981 train_time:429072ms step_avg:267.00ms
step:1618/5100 lr:0.001 train_loss:3.6715 train_time:429471ms step_avg:267.08ms
step:1619/5100 lr:0.001 train_loss:3.5393 train_time:429869ms step_avg:267.17ms
step:1620/5100 lr:0.001 train_loss:3.6292 train_time:430268ms step_avg:267.25ms
step:1621/5100 lr:0.001 train_loss:3.7978 train_time:430667ms step_avg:267.33ms
step:1622/5100 lr:0.001 train_loss:3.8344 train_time:431065ms step_avg:267.41ms
step:1623/5100 lr:0.001 train_loss:3.5446 train_time:431464ms step_avg:267.49ms
step:1624/5100 lr:0.001 train_loss:3.7426 train_time:431864ms step_avg:267.57ms
step:1625/5100 lr:0.001 train_loss:3.6836 train_time:432262ms step_avg:267.65ms
step:1625/5100 val_loss:3.6350 train_time:432265ms step_avg:267.66ms
step:1626/5100 lr:0.001 train_loss:3.5029 train_time:436413ms step_avg:270.06ms
step:1627/5100 lr:0.001 train_loss:3.6758 train_time:436812ms step_avg:270.14ms
step:1628/5100 lr:0.001 train_loss:3.5544 train_time:437211ms step_avg:270.22ms
step:1629/5100 lr:0.001 train_loss:3.6557 train_time:437609ms step_avg:270.30ms
step:1630/5100 lr:0.001 train_loss:3.6269 train_time:438008ms step_avg:270.38ms
step:1631/5100 lr:0.001 train_loss:3.5647 train_time:438408ms step_avg:270.46ms
step:1632/5100 lr:0.001 train_loss:3.6562 train_time:438806ms step_avg:270.53ms
step:1633/5100 lr:0.001 train_loss:3.6709 train_time:439204ms step_avg:270.61ms
step:1634/5100 lr:0.001 train_loss:3.6450 train_time:439605ms step_avg:270.69ms
step:1635/5100 lr:0.001 train_loss:3.5221 train_time:440002ms step_avg:270.77ms
step:1636/5100 lr:0.001 train_loss:3.4272 train_time:440401ms step_avg:270.85ms
step:1637/5100 lr:0.001 train_loss:3.5954 train_time:440799ms step_avg:270.93ms
step:1638/5100 lr:0.001 train_loss:3.6385 train_time:441198ms step_avg:271.01ms
step:1639/5100 lr:0.001 train_loss:3.4709 train_time:441597ms step_avg:271.08ms
step:1640/5100 lr:0.001 train_loss:3.6923 train_time:441996ms step_avg:271.16ms
step:1641/5100 lr:0.001 train_loss:3.8027 train_time:442397ms step_avg:271.24ms
step:1642/5100 lr:0.001 train_loss:3.8404 train_time:442795ms step_avg:271.32ms
step:1643/5100 lr:0.001 train_loss:4.2075 train_time:443194ms step_avg:271.40ms
step:1644/5100 lr:0.001 train_loss:3.7092 train_time:443592ms step_avg:271.48ms
step:1645/5100 lr:0.001 train_loss:3.6716 train_time:443991ms step_avg:271.55ms
step:1646/5100 lr:0.001 train_loss:3.8057 train_time:444390ms step_avg:271.63ms
step:1647/5100 lr:0.001 train_loss:3.7749 train_time:444789ms step_avg:271.71ms
step:1648/5100 lr:0.001 train_loss:3.5097 train_time:445187ms step_avg:271.79ms
step:1649/5100 lr:0.001 train_loss:3.6591 train_time:445587ms step_avg:271.86ms
step:1650/5100 lr:0.001 train_loss:3.2922 train_time:445986ms step_avg:271.94ms
step:1651/5100 lr:0.001 train_loss:3.6636 train_time:446385ms step_avg:272.02ms
step:1652/5100 lr:0.001 train_loss:3.6288 train_time:446784ms step_avg:272.10ms
step:1653/5100 lr:0.001 train_loss:3.5770 train_time:447182ms step_avg:272.17ms
step:1654/5100 lr:0.001 train_loss:3.5516 train_time:447581ms step_avg:272.25ms
step:1655/5100 lr:0.001 train_loss:3.6080 train_time:447979ms step_avg:272.33ms
step:1656/5100 lr:0.001 train_loss:3.6273 train_time:448378ms step_avg:272.40ms
step:1657/5100 lr:0.001 train_loss:3.8450 train_time:448777ms step_avg:272.48ms
step:1658/5100 lr:0.001 train_loss:3.5237 train_time:449176ms step_avg:272.56ms
step:1659/5100 lr:0.001 train_loss:3.5647 train_time:449575ms step_avg:272.63ms
step:1660/5100 lr:0.001 train_loss:3.6391 train_time:449974ms step_avg:272.71ms
step:1661/5100 lr:0.001 train_loss:3.5953 train_time:450372ms step_avg:272.79ms
step:1662/5100 lr:0.001 train_loss:3.5519 train_time:450771ms step_avg:272.86ms
step:1663/5100 lr:0.001 train_loss:3.5577 train_time:451170ms step_avg:272.94ms
step:1664/5100 lr:0.001 train_loss:3.5731 train_time:451568ms step_avg:273.02ms
step:1665/5100 lr:0.001 train_loss:3.6719 train_time:451966ms step_avg:273.09ms
step:1666/5100 lr:0.001 train_loss:3.5895 train_time:452365ms step_avg:273.17ms
step:1667/5100 lr:0.001 train_loss:3.6191 train_time:452764ms step_avg:273.24ms
step:1668/5100 lr:0.001 train_loss:3.6812 train_time:453163ms step_avg:273.32ms
step:1669/5100 lr:0.001 train_loss:3.6469 train_time:453561ms step_avg:273.39ms
step:1670/5100 lr:0.001 train_loss:3.9908 train_time:453960ms step_avg:273.47ms
step:1671/5100 lr:0.001 train_loss:3.4337 train_time:454359ms step_avg:273.55ms
step:1672/5100 lr:0.001 train_loss:3.6287 train_time:454757ms step_avg:273.62ms
step:1673/5100 lr:0.001 train_loss:3.4944 train_time:455157ms step_avg:273.70ms
step:1674/5100 lr:0.001 train_loss:3.4050 train_time:455555ms step_avg:273.77ms
step:1675/5100 lr:0.001 train_loss:3.7624 train_time:455954ms step_avg:273.85ms
step:1676/5100 lr:0.001 train_loss:3.9172 train_time:456353ms step_avg:273.92ms
step:1677/5100 lr:0.001 train_loss:3.5645 train_time:456751ms step_avg:274.00ms
step:1678/5100 lr:0.001 train_loss:3.5046 train_time:457150ms step_avg:274.07ms
step:1679/5100 lr:0.001 train_loss:3.5356 train_time:457549ms step_avg:274.15ms
step:1680/5100 lr:0.001 train_loss:3.7206 train_time:457948ms step_avg:274.22ms
step:1681/5100 lr:0.001 train_loss:3.5514 train_time:458347ms step_avg:274.30ms
step:1682/5100 lr:0.001 train_loss:3.6058 train_time:458747ms step_avg:274.37ms
step:1683/5100 lr:0.001 train_loss:3.6162 train_time:459146ms step_avg:274.44ms
step:1684/5100 lr:0.001 train_loss:3.1653 train_time:459544ms step_avg:274.52ms
step:1685/5100 lr:0.001 train_loss:3.6143 train_time:459943ms step_avg:274.59ms
step:1686/5100 lr:0.001 train_loss:3.7107 train_time:460341ms step_avg:274.67ms
step:1687/5100 lr:0.001 train_loss:3.7630 train_time:460740ms step_avg:274.74ms
step:1688/5100 lr:0.001 train_loss:3.6917 train_time:461138ms step_avg:274.81ms
step:1689/5100 lr:0.001 train_loss:3.5250 train_time:461537ms step_avg:274.89ms
step:1690/5100 lr:0.001 train_loss:3.6740 train_time:461936ms step_avg:274.96ms
step:1691/5100 lr:0.001 train_loss:3.5351 train_time:462335ms step_avg:275.04ms
step:1692/5100 lr:0.001 train_loss:3.5272 train_time:462733ms step_avg:275.11ms
step:1693/5100 lr:0.001 train_loss:3.5884 train_time:463131ms step_avg:275.18ms
step:1694/5100 lr:0.001 train_loss:3.4709 train_time:463530ms step_avg:275.26ms
step:1695/5100 lr:0.001 train_loss:3.6331 train_time:463929ms step_avg:275.33ms
step:1696/5100 lr:0.001 train_loss:3.5695 train_time:464328ms step_avg:275.40ms
step:1697/5100 lr:0.001 train_loss:3.5467 train_time:464726ms step_avg:275.48ms
step:1698/5100 lr:0.001 train_loss:4.1141 train_time:465126ms step_avg:275.55ms
step:1699/5100 lr:0.001 train_loss:3.7862 train_time:465524ms step_avg:275.62ms
step:1700/5100 lr:0.001 train_loss:3.6414 train_time:465924ms step_avg:275.69ms
step:1701/5100 lr:0.001 train_loss:3.5696 train_time:466322ms step_avg:275.77ms
step:1702/5100 lr:0.001 train_loss:3.3642 train_time:466721ms step_avg:275.84ms
step:1703/5100 lr:0.001 train_loss:3.6198 train_time:467119ms step_avg:275.91ms
step:1704/5100 lr:0.001 train_loss:3.6341 train_time:467518ms step_avg:275.98ms
step:1705/5100 lr:0.001 train_loss:3.6277 train_time:467916ms step_avg:276.06ms
step:1706/5100 lr:0.001 train_loss:3.4256 train_time:468315ms step_avg:276.13ms
step:1707/5100 lr:0.001 train_loss:3.8699 train_time:468714ms step_avg:276.20ms
step:1708/5100 lr:0.001 train_loss:3.5424 train_time:469112ms step_avg:276.27ms
step:1709/5100 lr:0.001 train_loss:4.0806 train_time:469511ms step_avg:276.35ms
step:1710/5100 lr:0.001 train_loss:3.5089 train_time:470118ms step_avg:276.54ms
step:1711/5100 lr:0.001 train_loss:3.3648 train_time:470516ms step_avg:276.61ms
step:1712/5100 lr:0.001 train_loss:3.7216 train_time:470915ms step_avg:276.68ms
step:1713/5100 lr:0.001 train_loss:3.5004 train_time:471314ms step_avg:276.76ms
step:1714/5100 lr:0.001 train_loss:3.5236 train_time:471713ms step_avg:276.83ms
step:1715/5100 lr:0.001 train_loss:3.5530 train_time:472320ms step_avg:277.02ms
step:1716/5100 lr:0.001 train_loss:3.8388 train_time:472719ms step_avg:277.09ms
step:1717/5100 lr:0.001 train_loss:3.5897 train_time:473118ms step_avg:277.16ms
step:1718/5100 lr:0.001 train_loss:3.5915 train_time:473517ms step_avg:277.23ms
step:1719/5100 lr:0.001 train_loss:3.7025 train_time:473917ms step_avg:277.31ms
step:1720/5100 lr:0.001 train_loss:3.5845 train_time:474316ms step_avg:277.38ms
step:1721/5100 lr:0.001 train_loss:3.7522 train_time:474716ms step_avg:277.45ms
step:1722/5100 lr:0.001 train_loss:3.5543 train_time:475115ms step_avg:277.52ms
step:1723/5100 lr:0.001 train_loss:3.5342 train_time:475514ms step_avg:277.59ms
step:1724/5100 lr:0.001 train_loss:3.6418 train_time:475914ms step_avg:277.66ms
step:1725/5100 lr:0.001 train_loss:3.2790 train_time:476313ms step_avg:277.73ms
step:1726/5100 lr:0.001 train_loss:3.4860 train_time:476712ms step_avg:277.80ms
step:1727/5100 lr:0.001 train_loss:3.5695 train_time:477111ms step_avg:277.87ms
step:1728/5100 lr:0.001 train_loss:3.6104 train_time:477510ms step_avg:277.95ms
step:1729/5100 lr:0.001 train_loss:3.6985 train_time:477909ms step_avg:278.02ms
step:1730/5100 lr:0.001 train_loss:3.7019 train_time:478308ms step_avg:278.09ms
step:1731/5100 lr:0.001 train_loss:3.6832 train_time:478708ms step_avg:278.16ms
step:1732/5100 lr:0.001 train_loss:3.5232 train_time:479108ms step_avg:278.23ms
step:1733/5100 lr:0.001 train_loss:3.5420 train_time:479507ms step_avg:278.30ms
step:1734/5100 lr:0.001 train_loss:3.4740 train_time:479906ms step_avg:278.37ms
step:1735/5100 lr:0.001 train_loss:3.5060 train_time:480306ms step_avg:278.44ms
step:1736/5100 lr:0.001 train_loss:3.5313 train_time:480705ms step_avg:278.51ms
step:1737/5100 lr:0.001 train_loss:3.5585 train_time:481105ms step_avg:278.58ms
step:1738/5100 lr:0.001 train_loss:3.5013 train_time:481504ms step_avg:278.65ms
step:1739/5100 lr:0.001 train_loss:3.8567 train_time:481904ms step_avg:278.72ms
step:1740/5100 lr:0.001 train_loss:3.7308 train_time:482302ms step_avg:278.79ms
step:1741/5100 lr:0.001 train_loss:3.7045 train_time:482701ms step_avg:278.86ms
step:1742/5100 lr:0.001 train_loss:3.5595 train_time:483101ms step_avg:278.93ms
step:1743/5100 lr:0.001 train_loss:3.8460 train_time:483500ms step_avg:279.00ms
step:1744/5100 lr:0.001 train_loss:3.5986 train_time:483900ms step_avg:279.07ms
step:1745/5100 lr:0.001 train_loss:3.6705 train_time:484298ms step_avg:279.13ms
step:1746/5100 lr:0.001 train_loss:3.7007 train_time:484697ms step_avg:279.20ms
step:1747/5100 lr:0.001 train_loss:3.5406 train_time:485096ms step_avg:279.27ms
step:1748/5100 lr:0.001 train_loss:3.4937 train_time:485495ms step_avg:279.34ms
step:1749/5100 lr:0.001 train_loss:3.5684 train_time:485893ms step_avg:279.41ms
step:1750/5100 lr:0.001 train_loss:3.6450 train_time:486292ms step_avg:279.48ms
step:1750/5100 val_loss:3.6003 train_time:486294ms step_avg:279.48ms
step:1751/5100 lr:0.001 train_loss:3.7401 train_time:490452ms step_avg:281.71ms
step:1752/5100 lr:0.001 train_loss:3.5948 train_time:490851ms step_avg:281.77ms
step:1753/5100 lr:0.001 train_loss:3.6253 train_time:491250ms step_avg:281.84ms
step:1754/5100 lr:0.001 train_loss:3.6203 train_time:491649ms step_avg:281.91ms
step:1755/5100 lr:0.001 train_loss:3.6500 train_time:492048ms step_avg:281.98ms
step:1756/5100 lr:0.001 train_loss:3.6880 train_time:492446ms step_avg:282.04ms
step:1757/5100 lr:0.001 train_loss:3.8172 train_time:492845ms step_avg:282.11ms
step:1758/5100 lr:0.001 train_loss:3.6284 train_time:493244ms step_avg:282.18ms
step:1759/5100 lr:0.001 train_loss:3.6729 train_time:493643ms step_avg:282.24ms
step:1760/5100 lr:0.001 train_loss:3.5937 train_time:494041ms step_avg:282.31ms
step:1761/5100 lr:0.001 train_loss:3.4679 train_time:494440ms step_avg:282.38ms
step:1762/5100 lr:0.001 train_loss:3.7074 train_time:494838ms step_avg:282.44ms
step:1763/5100 lr:0.001 train_loss:3.5228 train_time:495236ms step_avg:282.51ms
step:1764/5100 lr:0.001 train_loss:3.7056 train_time:495635ms step_avg:282.57ms
step:1765/5100 lr:0.001 train_loss:3.5345 train_time:496033ms step_avg:282.64ms
step:1766/5100 lr:0.001 train_loss:3.7486 train_time:496432ms step_avg:282.71ms
step:1767/5100 lr:0.001 train_loss:3.6101 train_time:496832ms step_avg:282.77ms
step:1768/5100 lr:0.001 train_loss:3.5787 train_time:497230ms step_avg:282.84ms
step:1769/5100 lr:0.001 train_loss:3.5764 train_time:497628ms step_avg:282.90ms
step:1770/5100 lr:0.001 train_loss:3.5434 train_time:498027ms step_avg:282.97ms
step:1771/5100 lr:0.001 train_loss:3.5944 train_time:498425ms step_avg:283.04ms
step:1772/5100 lr:0.001 train_loss:3.6395 train_time:498824ms step_avg:283.10ms
step:1773/5100 lr:0.001 train_loss:3.5795 train_time:499223ms step_avg:283.17ms
step:1774/5100 lr:0.001 train_loss:3.5726 train_time:499621ms step_avg:283.23ms
step:1775/5100 lr:0.001 train_loss:3.5555 train_time:500020ms step_avg:283.30ms
step:1776/5100 lr:0.001 train_loss:3.6818 train_time:500419ms step_avg:283.36ms
step:1777/5100 lr:0.001 train_loss:3.7814 train_time:500817ms step_avg:283.43ms
step:1778/5100 lr:0.001 train_loss:3.5532 train_time:501216ms step_avg:283.49ms
step:1779/5100 lr:0.001 train_loss:3.6383 train_time:501615ms step_avg:283.56ms
step:1780/5100 lr:0.001 train_loss:3.6808 train_time:502013ms step_avg:283.62ms
step:1781/5100 lr:0.001 train_loss:3.5519 train_time:502412ms step_avg:283.69ms
step:1782/5100 lr:0.001 train_loss:3.5350 train_time:502811ms step_avg:283.75ms
step:1783/5100 lr:0.001 train_loss:3.5878 train_time:503209ms step_avg:283.82ms
step:1784/5100 lr:0.001 train_loss:3.6889 train_time:503607ms step_avg:283.88ms
step:1785/5100 lr:0.001 train_loss:3.6686 train_time:504006ms step_avg:283.95ms
step:1786/5100 lr:0.001 train_loss:3.4847 train_time:504404ms step_avg:284.01ms
step:1787/5100 lr:0.001 train_loss:3.7451 train_time:504803ms step_avg:284.08ms
step:1788/5100 lr:0.001 train_loss:3.7878 train_time:505202ms step_avg:284.14ms
step:1789/5100 lr:0.001 train_loss:3.5629 train_time:505601ms step_avg:284.20ms
step:1790/5100 lr:0.001 train_loss:3.6915 train_time:505999ms step_avg:284.27ms
step:1791/5100 lr:0.001 train_loss:3.6494 train_time:506397ms step_avg:284.33ms
step:1792/5100 lr:0.001 train_loss:3.4779 train_time:506796ms step_avg:284.40ms
step:1793/5100 lr:0.001 train_loss:3.5866 train_time:507195ms step_avg:284.46ms
step:1794/5100 lr:0.001 train_loss:3.6749 train_time:507594ms step_avg:284.53ms
step:1795/5100 lr:0.001 train_loss:3.6776 train_time:507993ms step_avg:284.59ms
step:1796/5100 lr:0.001 train_loss:3.6215 train_time:508392ms step_avg:284.65ms
step:1797/5100 lr:0.001 train_loss:3.4644 train_time:508790ms step_avg:284.72ms
step:1798/5100 lr:0.001 train_loss:3.7335 train_time:509189ms step_avg:284.78ms
step:1799/5100 lr:0.001 train_loss:3.6519 train_time:509587ms step_avg:284.84ms
step:1800/5100 lr:0.001 train_loss:3.8116 train_time:509987ms step_avg:284.91ms
step:1801/5100 lr:0.001 train_loss:3.6192 train_time:510385ms step_avg:284.97ms
step:1802/5100 lr:0.001 train_loss:3.7561 train_time:510784ms step_avg:285.04ms
step:1803/5100 lr:0.001 train_loss:3.6757 train_time:511183ms step_avg:285.10ms
step:1804/5100 lr:0.001 train_loss:3.4245 train_time:511582ms step_avg:285.16ms
step:1805/5100 lr:0.001 train_loss:3.4753 train_time:511980ms step_avg:285.23ms
step:1806/5100 lr:0.001 train_loss:3.6055 train_time:512379ms step_avg:285.29ms
step:1807/5100 lr:0.001 train_loss:3.4248 train_time:512778ms step_avg:285.35ms
step:1808/5100 lr:0.001 train_loss:3.6650 train_time:513177ms step_avg:285.42ms
step:1809/5100 lr:0.001 train_loss:3.5314 train_time:513575ms step_avg:285.48ms
step:1810/5100 lr:0.001 train_loss:3.6386 train_time:513974ms step_avg:285.54ms
step:1811/5100 lr:0.001 train_loss:3.6106 train_time:514373ms step_avg:285.60ms
step:1812/5100 lr:0.001 train_loss:3.5273 train_time:514771ms step_avg:285.67ms
step:1813/5100 lr:0.001 train_loss:3.6352 train_time:515169ms step_avg:285.73ms
step:1814/5100 lr:0.001 train_loss:3.4306 train_time:515568ms step_avg:285.79ms
step:1815/5100 lr:0.001 train_loss:3.5758 train_time:515966ms step_avg:285.85ms
step:1816/5100 lr:0.001 train_loss:3.7608 train_time:516365ms step_avg:285.92ms
step:1817/5100 lr:0.001 train_loss:3.4915 train_time:516764ms step_avg:285.98ms
step:1818/5100 lr:0.001 train_loss:3.6992 train_time:517162ms step_avg:286.04ms
step:1819/5100 lr:0.001 train_loss:3.5088 train_time:517561ms step_avg:286.10ms
step:1820/5100 lr:0.001 train_loss:3.6414 train_time:517960ms step_avg:286.17ms
step:1821/5100 lr:0.001 train_loss:3.6353 train_time:518359ms step_avg:286.23ms
step:1822/5100 lr:0.001 train_loss:3.8402 train_time:518757ms step_avg:286.29ms
step:1823/5100 lr:0.001 train_loss:3.6438 train_time:519156ms step_avg:286.35ms
step:1824/5100 lr:0.001 train_loss:3.5167 train_time:519555ms step_avg:286.41ms
step:1825/5100 lr:0.001 train_loss:3.5482 train_time:519954ms step_avg:286.48ms
step:1826/5100 lr:0.001 train_loss:3.4420 train_time:520352ms step_avg:286.54ms
step:1827/5100 lr:0.001 train_loss:3.5529 train_time:520751ms step_avg:286.60ms
step:1828/5100 lr:0.001 train_loss:3.6665 train_time:521149ms step_avg:286.66ms
step:1829/5100 lr:0.001 train_loss:3.4601 train_time:521548ms step_avg:286.72ms
step:1830/5100 lr:0.001 train_loss:4.3980 train_time:521946ms step_avg:286.78ms
step:1831/5100 lr:0.001 train_loss:3.5433 train_time:522345ms step_avg:286.84ms
step:1832/5100 lr:0.001 train_loss:3.4330 train_time:522987ms step_avg:287.04ms
step:1833/5100 lr:0.001 train_loss:3.6044 train_time:523386ms step_avg:287.10ms
step:1834/5100 lr:0.001 train_loss:3.5258 train_time:523785ms step_avg:287.16ms
step:1835/5100 lr:0.001 train_loss:3.6449 train_time:524184ms step_avg:287.22ms
step:1836/5100 lr:0.001 train_loss:3.6706 train_time:524583ms step_avg:287.29ms
step:1837/5100 lr:0.001 train_loss:3.6047 train_time:524981ms step_avg:287.35ms
step:1838/5100 lr:0.001 train_loss:3.4689 train_time:525380ms step_avg:287.41ms
step:1839/5100 lr:0.001 train_loss:3.6621 train_time:525778ms step_avg:287.47ms
step:1840/5100 lr:0.001 train_loss:3.5272 train_time:526176ms step_avg:287.53ms
step:1841/5100 lr:0.001 train_loss:3.6661 train_time:526575ms step_avg:287.59ms
step:1842/5100 lr:0.001 train_loss:3.5922 train_time:526973ms step_avg:287.65ms
step:1843/5100 lr:0.001 train_loss:3.4290 train_time:527372ms step_avg:287.71ms
step:1844/5100 lr:0.001 train_loss:3.7364 train_time:527770ms step_avg:287.77ms
step:1845/5100 lr:0.001 train_loss:3.6072 train_time:528169ms step_avg:287.83ms
step:1846/5100 lr:0.001 train_loss:3.5786 train_time:528567ms step_avg:287.89ms
step:1847/5100 lr:0.001 train_loss:3.6446 train_time:528966ms step_avg:287.95ms
step:1848/5100 lr:0.001 train_loss:3.3988 train_time:529365ms step_avg:288.01ms
step:1849/5100 lr:0.001 train_loss:3.3820 train_time:529764ms step_avg:288.07ms
step:1850/5100 lr:0.001 train_loss:3.5349 train_time:530163ms step_avg:288.13ms
step:1851/5100 lr:0.001 train_loss:3.6105 train_time:530562ms step_avg:288.19ms
step:1852/5100 lr:0.001 train_loss:3.6937 train_time:530961ms step_avg:288.25ms
step:1853/5100 lr:0.001 train_loss:3.5652 train_time:531360ms step_avg:288.31ms
step:1854/5100 lr:0.001 train_loss:3.6537 train_time:531758ms step_avg:288.37ms
step:1855/5100 lr:0.001 train_loss:3.6763 train_time:532156ms step_avg:288.43ms
step:1856/5100 lr:0.001 train_loss:3.6281 train_time:532555ms step_avg:288.49ms
step:1857/5100 lr:0.001 train_loss:3.6286 train_time:532954ms step_avg:288.55ms
step:1858/5100 lr:0.001 train_loss:3.7383 train_time:533353ms step_avg:288.61ms
step:1859/5100 lr:0.001 train_loss:3.4184 train_time:533752ms step_avg:288.67ms
step:1860/5100 lr:0.001 train_loss:3.4738 train_time:534150ms step_avg:288.73ms
step:1861/5100 lr:0.001 train_loss:3.5057 train_time:534548ms step_avg:288.79ms
step:1862/5100 lr:0.001 train_loss:3.5260 train_time:534947ms step_avg:288.85ms
step:1863/5100 lr:0.001 train_loss:3.5469 train_time:535346ms step_avg:288.91ms
step:1864/5100 lr:0.001 train_loss:3.4942 train_time:535745ms step_avg:288.97ms
step:1865/5100 lr:0.001 train_loss:3.6267 train_time:536143ms step_avg:289.03ms
step:1866/5100 lr:0.001 train_loss:3.5610 train_time:536541ms step_avg:289.08ms
step:1867/5100 lr:0.001 train_loss:3.6029 train_time:536940ms step_avg:289.14ms
step:1868/5100 lr:0.001 train_loss:3.7508 train_time:537339ms step_avg:289.20ms
step:1869/5100 lr:0.001 train_loss:3.3955 train_time:537737ms step_avg:289.26ms
step:1870/5100 lr:0.001 train_loss:3.6262 train_time:538136ms step_avg:289.32ms
step:1871/5100 lr:0.001 train_loss:3.5653 train_time:538535ms step_avg:289.38ms
step:1872/5100 lr:0.001 train_loss:3.5055 train_time:538933ms step_avg:289.44ms
step:1873/5100 lr:0.001 train_loss:3.5231 train_time:539332ms step_avg:289.50ms
step:1874/5100 lr:0.001 train_loss:3.4717 train_time:539981ms step_avg:289.69ms
step:1875/5100 lr:0.001 train_loss:3.4883 train_time:540380ms step_avg:289.75ms
step:1875/5100 val_loss:3.5743 train_time:540383ms step_avg:289.75ms
step:1876/5100 lr:0.001 train_loss:3.5887 train_time:544494ms step_avg:291.80ms
step:1877/5100 lr:0.001 train_loss:3.3664 train_time:544893ms step_avg:291.85ms
step:1878/5100 lr:0.001 train_loss:3.5111 train_time:545292ms step_avg:291.91ms
step:1879/5100 lr:0.001 train_loss:3.5871 train_time:545692ms step_avg:291.97ms
step:1880/5100 lr:0.001 train_loss:4.0369 train_time:546091ms step_avg:292.03ms
step:1881/5100 lr:0.001 train_loss:3.5773 train_time:546490ms step_avg:292.08ms
step:1882/5100 lr:0.001 train_loss:3.5119 train_time:547049ms step_avg:292.23ms
step:1883/5100 lr:0.001 train_loss:3.6608 train_time:547448ms step_avg:292.28ms
step:1884/5100 lr:0.001 train_loss:3.5638 train_time:547846ms step_avg:292.34ms
step:1885/5100 lr:0.001 train_loss:3.5353 train_time:548245ms step_avg:292.40ms
step:1886/5100 lr:0.001 train_loss:3.5961 train_time:548643ms step_avg:292.45ms
step:1887/5100 lr:0.001 train_loss:3.4007 train_time:549042ms step_avg:292.51ms
step:1888/5100 lr:0.001 train_loss:3.5905 train_time:549441ms step_avg:292.57ms
step:1889/5100 lr:0.001 train_loss:3.9291 train_time:549839ms step_avg:292.62ms
step:1890/5100 lr:0.001 train_loss:3.6203 train_time:550238ms step_avg:292.68ms
step:1891/5100 lr:0.001 train_loss:3.5594 train_time:550639ms step_avg:292.74ms
step:1892/5100 lr:0.001 train_loss:3.5109 train_time:551038ms step_avg:292.79ms
step:1893/5100 lr:0.001 train_loss:3.3812 train_time:551436ms step_avg:292.85ms
step:1894/5100 lr:0.001 train_loss:3.4623 train_time:551835ms step_avg:292.91ms
step:1895/5100 lr:0.001 train_loss:3.5224 train_time:552265ms step_avg:292.98ms
step:1896/5100 lr:0.001 train_loss:3.6677 train_time:552664ms step_avg:293.04ms
step:1897/5100 lr:0.001 train_loss:3.5850 train_time:553063ms step_avg:293.09ms
step:1898/5100 lr:0.001 train_loss:3.8008 train_time:553702ms step_avg:293.27ms
step:1899/5100 lr:0.001 train_loss:3.6721 train_time:554100ms step_avg:293.33ms
step:1900/5100 lr:0.001 train_loss:3.6658 train_time:554704ms step_avg:293.49ms
step:1901/5100 lr:0.001 train_loss:3.8769 train_time:555103ms step_avg:293.55ms
step:1902/5100 lr:0.001 train_loss:3.6069 train_time:555502ms step_avg:293.61ms
step:1903/5100 lr:0.001 train_loss:3.5032 train_time:555901ms step_avg:293.66ms
step:1904/5100 lr:0.001 train_loss:3.5458 train_time:556300ms step_avg:293.72ms
step:1905/5100 lr:0.001 train_loss:3.5380 train_time:556903ms step_avg:293.88ms
step:1906/5100 lr:0.001 train_loss:3.5002 train_time:557303ms step_avg:293.94ms
step:1907/5100 lr:0.001 train_loss:3.6048 train_time:557702ms step_avg:293.99ms
step:1908/5100 lr:0.001 train_loss:3.5003 train_time:558101ms step_avg:294.05ms
step:1909/5100 lr:0.001 train_loss:3.7126 train_time:558500ms step_avg:294.10ms
step:1910/5100 lr:0.001 train_loss:3.5689 train_time:558899ms step_avg:294.16ms
step:1911/5100 lr:0.001 train_loss:3.5800 train_time:559297ms step_avg:294.21ms
step:1912/5100 lr:0.001 train_loss:3.6000 train_time:559696ms step_avg:294.27ms
step:1913/5100 lr:0.001 train_loss:3.3933 train_time:560095ms step_avg:294.32ms
step:1914/5100 lr:0.001 train_loss:3.5692 train_time:560494ms step_avg:294.38ms
step:1915/5100 lr:0.001 train_loss:3.6233 train_time:560894ms step_avg:294.43ms
step:1916/5100 lr:0.001 train_loss:3.5453 train_time:561293ms step_avg:294.49ms
step:1917/5100 lr:0.001 train_loss:3.4980 train_time:561692ms step_avg:294.54ms
step:1918/5100 lr:0.001 train_loss:3.0551 train_time:562090ms step_avg:294.60ms
step:1919/5100 lr:0.001 train_loss:3.4575 train_time:562489ms step_avg:294.65ms
step:1920/5100 lr:0.001 train_loss:3.7001 train_time:562888ms step_avg:294.71ms
step:1921/5100 lr:0.001 train_loss:3.7262 train_time:563287ms step_avg:294.76ms
step:1922/5100 lr:0.001 train_loss:3.5635 train_time:563686ms step_avg:294.81ms
step:1923/5100 lr:0.001 train_loss:3.5554 train_time:564085ms step_avg:294.87ms
step:1924/5100 lr:0.001 train_loss:3.7936 train_time:564484ms step_avg:294.92ms
step:1925/5100 lr:0.001 train_loss:3.5034 train_time:564883ms step_avg:294.98ms
step:1926/5100 lr:0.001 train_loss:3.5524 train_time:565283ms step_avg:295.03ms
step:1927/5100 lr:0.001 train_loss:3.5811 train_time:565682ms step_avg:295.09ms
step:1928/5100 lr:0.001 train_loss:3.6473 train_time:566081ms step_avg:295.14ms
step:1929/5100 lr:0.001 train_loss:3.2656 train_time:566481ms step_avg:295.20ms
step:1930/5100 lr:0.001 train_loss:3.4632 train_time:566880ms step_avg:295.25ms
step:1931/5100 lr:0.001 train_loss:3.4152 train_time:567278ms step_avg:295.30ms
step:1932/5100 lr:0.001 train_loss:3.4874 train_time:567677ms step_avg:295.36ms
step:1933/5100 lr:0.001 train_loss:3.2823 train_time:568076ms step_avg:295.41ms
step:1934/5100 lr:0.001 train_loss:3.4822 train_time:568475ms step_avg:295.47ms
step:1935/5100 lr:0.001 train_loss:3.7325 train_time:568874ms step_avg:295.52ms
step:1936/5100 lr:0.001 train_loss:3.5996 train_time:569273ms step_avg:295.57ms
step:1937/5100 lr:0.001 train_loss:3.6846 train_time:569672ms step_avg:295.63ms
step:1938/5100 lr:0.001 train_loss:3.5285 train_time:570072ms step_avg:295.68ms
step:1939/5100 lr:0.001 train_loss:3.5133 train_time:570471ms step_avg:295.73ms
step:1940/5100 lr:0.001 train_loss:3.6105 train_time:570870ms step_avg:295.79ms
step:1941/5100 lr:0.001 train_loss:3.5295 train_time:571270ms step_avg:295.84ms
step:1942/5100 lr:0.001 train_loss:3.6366 train_time:571669ms step_avg:295.90ms
step:1943/5100 lr:0.001 train_loss:3.4947 train_time:572069ms step_avg:295.95ms
step:1944/5100 lr:0.001 train_loss:3.6682 train_time:572468ms step_avg:296.00ms
step:1945/5100 lr:0.001 train_loss:3.8046 train_time:572866ms step_avg:296.05ms
step:1946/5100 lr:0.001 train_loss:3.5786 train_time:573264ms step_avg:296.11ms
step:1947/5100 lr:0.001 train_loss:3.5174 train_time:573663ms step_avg:296.16ms
step:1948/5100 lr:0.001 train_loss:3.7495 train_time:574063ms step_avg:296.21ms
step:1949/5100 lr:0.001 train_loss:3.4069 train_time:574462ms step_avg:296.27ms
step:1950/5100 lr:0.001 train_loss:3.5939 train_time:574862ms step_avg:296.32ms
step:1951/5100 lr:0.001 train_loss:3.5595 train_time:575261ms step_avg:296.37ms
step:1952/5100 lr:0.001 train_loss:3.4734 train_time:575660ms step_avg:296.43ms
step:1953/5100 lr:0.001 train_loss:3.5052 train_time:576060ms step_avg:296.48ms
step:1954/5100 lr:0.001 train_loss:3.4473 train_time:576459ms step_avg:296.53ms
step:1955/5100 lr:0.001 train_loss:3.4948 train_time:576858ms step_avg:296.58ms
step:1956/5100 lr:0.001 train_loss:3.4685 train_time:577257ms step_avg:296.64ms
step:1957/5100 lr:0.001 train_loss:3.7006 train_time:577655ms step_avg:296.69ms
step:1958/5100 lr:0.001 train_loss:3.6810 train_time:578054ms step_avg:296.74ms
step:1959/5100 lr:0.001 train_loss:3.5353 train_time:578454ms step_avg:296.80ms
step:1960/5100 lr:0.001 train_loss:3.4192 train_time:578853ms step_avg:296.85ms
step:1961/5100 lr:0.001 train_loss:3.3562 train_time:579252ms step_avg:296.90ms
step:1962/5100 lr:0.001 train_loss:3.7899 train_time:579651ms step_avg:296.95ms
step:1963/5100 lr:0.001 train_loss:3.5717 train_time:580049ms step_avg:297.00ms
step:1964/5100 lr:0.001 train_loss:3.6863 train_time:580448ms step_avg:297.06ms
step:1965/5100 lr:0.001 train_loss:3.4540 train_time:580846ms step_avg:297.11ms
step:1966/5100 lr:0.001 train_loss:3.6349 train_time:581244ms step_avg:297.16ms
step:1967/5100 lr:0.001 train_loss:3.6292 train_time:581642ms step_avg:297.21ms
step:1968/5100 lr:0.001 train_loss:3.5585 train_time:582041ms step_avg:297.26ms
step:1969/5100 lr:0.001 train_loss:3.4833 train_time:582440ms step_avg:297.31ms
step:1970/5100 lr:0.001 train_loss:3.7446 train_time:582838ms step_avg:297.37ms
step:1971/5100 lr:0.001 train_loss:3.4769 train_time:583236ms step_avg:297.42ms
step:1972/5100 lr:0.001 train_loss:3.5243 train_time:583634ms step_avg:297.47ms
step:1973/5100 lr:0.001 train_loss:3.5977 train_time:584032ms step_avg:297.52ms
step:1974/5100 lr:0.001 train_loss:3.3875 train_time:584431ms step_avg:297.57ms
step:1975/5100 lr:0.001 train_loss:3.1852 train_time:584829ms step_avg:297.62ms
step:1976/5100 lr:0.001 train_loss:3.2448 train_time:585228ms step_avg:297.67ms
step:1977/5100 lr:0.001 train_loss:3.5478 train_time:585626ms step_avg:297.73ms
step:1978/5100 lr:0.001 train_loss:3.4791 train_time:586025ms step_avg:297.78ms
step:1979/5100 lr:0.001 train_loss:3.3531 train_time:586423ms step_avg:297.83ms
step:1980/5100 lr:0.001 train_loss:3.6249 train_time:586822ms step_avg:297.88ms
step:1981/5100 lr:0.001 train_loss:3.4790 train_time:587221ms step_avg:297.93ms
step:1982/5100 lr:0.001 train_loss:4.0669 train_time:587619ms step_avg:297.98ms
step:1983/5100 lr:0.001 train_loss:3.5196 train_time:588017ms step_avg:298.03ms
step:1984/5100 lr:0.001 train_loss:3.5535 train_time:588415ms step_avg:298.08ms
step:1985/5100 lr:0.001 train_loss:3.5413 train_time:588814ms step_avg:298.13ms
step:1986/5100 lr:0.001 train_loss:3.5984 train_time:589211ms step_avg:298.18ms
step:1987/5100 lr:0.001 train_loss:3.5553 train_time:589609ms step_avg:298.23ms
step:1988/5100 lr:0.001 train_loss:3.4349 train_time:590008ms step_avg:298.28ms
step:1989/5100 lr:0.001 train_loss:3.6240 train_time:590406ms step_avg:298.34ms
step:1990/5100 lr:0.001 train_loss:3.6905 train_time:590805ms step_avg:298.39ms
step:1991/5100 lr:0.001 train_loss:3.4455 train_time:591203ms step_avg:298.44ms
step:1992/5100 lr:0.001 train_loss:3.5086 train_time:591601ms step_avg:298.49ms
step:1993/5100 lr:0.001 train_loss:3.5852 train_time:591999ms step_avg:298.54ms
step:1994/5100 lr:0.001 train_loss:3.6656 train_time:592397ms step_avg:298.59ms
step:1995/5100 lr:0.001 train_loss:3.4374 train_time:592795ms step_avg:298.64ms
step:1996/5100 lr:0.001 train_loss:3.4303 train_time:593193ms step_avg:298.69ms
step:1997/5100 lr:0.001 train_loss:3.7805 train_time:593591ms step_avg:298.74ms
step:1998/5100 lr:0.001 train_loss:3.4465 train_time:593990ms step_avg:298.79ms
step:1999/5100 lr:0.001 train_loss:3.4988 train_time:594388ms step_avg:298.84ms
step:2000/5100 lr:0.001 train_loss:3.5682 train_time:594786ms step_avg:298.89ms
step:2000/5100 val_loss:3.5495 train_time:594789ms step_avg:298.89ms
step:2001/5100 lr:0.001 train_loss:3.4941 train_time:598925ms step_avg:300.82ms
step:2002/5100 lr:0.001 train_loss:3.4630 train_time:599324ms step_avg:300.87ms
step:2003/5100 lr:0.001 train_loss:3.4687 train_time:599723ms step_avg:300.91ms
step:2004/5100 lr:0.001 train_loss:3.5378 train_time:600121ms step_avg:300.96ms
step:2005/5100 lr:0.001 train_loss:3.6538 train_time:600519ms step_avg:301.01ms
step:2006/5100 lr:0.001 train_loss:3.5762 train_time:600918ms step_avg:301.06ms
step:2007/5100 lr:0.001 train_loss:3.9236 train_time:601317ms step_avg:301.11ms
step:2008/5100 lr:0.001 train_loss:3.6259 train_time:601716ms step_avg:301.16ms
step:2009/5100 lr:0.001 train_loss:3.4656 train_time:602114ms step_avg:301.21ms
step:2010/5100 lr:0.001 train_loss:3.5224 train_time:602512ms step_avg:301.26ms
step:2011/5100 lr:0.001 train_loss:3.3671 train_time:602910ms step_avg:301.30ms
step:2012/5100 lr:0.001 train_loss:3.6410 train_time:603308ms step_avg:301.35ms
step:2013/5100 lr:0.001 train_loss:3.5607 train_time:603706ms step_avg:301.40ms
step:2014/5100 lr:0.001 train_loss:3.5358 train_time:604105ms step_avg:301.45ms
step:2015/5100 lr:0.001 train_loss:3.5930 train_time:604504ms step_avg:301.50ms
step:2016/5100 lr:0.001 train_loss:3.6141 train_time:604902ms step_avg:301.55ms
step:2017/5100 lr:0.001 train_loss:3.4581 train_time:605300ms step_avg:301.59ms
step:2018/5100 lr:0.001 train_loss:3.5556 train_time:605698ms step_avg:301.64ms
step:2019/5100 lr:0.001 train_loss:3.4963 train_time:606097ms step_avg:301.69ms
step:2020/5100 lr:0.001 train_loss:3.4918 train_time:606496ms step_avg:301.74ms
step:2021/5100 lr:0.001 train_loss:3.7901 train_time:606895ms step_avg:301.79ms
step:2022/5100 lr:0.001 train_loss:3.4655 train_time:607293ms step_avg:301.84ms
step:2023/5100 lr:0.001 train_loss:3.7499 train_time:607692ms step_avg:301.88ms
step:2024/5100 lr:0.001 train_loss:3.5146 train_time:608090ms step_avg:301.93ms
step:2025/5100 lr:0.001 train_loss:3.2329 train_time:608489ms step_avg:301.98ms
step:2026/5100 lr:0.001 train_loss:3.4978 train_time:608887ms step_avg:302.03ms
step:2027/5100 lr:0.001 train_loss:3.4878 train_time:609286ms step_avg:302.08ms
step:2028/5100 lr:0.001 train_loss:3.5680 train_time:609685ms step_avg:302.12ms
step:2029/5100 lr:0.001 train_loss:3.6904 train_time:610083ms step_avg:302.17ms
step:2030/5100 lr:0.001 train_loss:3.5046 train_time:610481ms step_avg:302.22ms
step:2031/5100 lr:0.001 train_loss:3.0038 train_time:610879ms step_avg:302.27ms
step:2032/5100 lr:0.001 train_loss:3.4489 train_time:611278ms step_avg:302.31ms
step:2033/5100 lr:0.001 train_loss:3.6192 train_time:611677ms step_avg:302.36ms
step:2034/5100 lr:0.001 train_loss:3.4899 train_time:612075ms step_avg:302.41ms
step:2035/5100 lr:0.001 train_loss:3.6017 train_time:612474ms step_avg:302.46ms
step:2036/5100 lr:0.001 train_loss:3.3733 train_time:612873ms step_avg:302.50ms
step:2037/5100 lr:0.001 train_loss:3.6008 train_time:613271ms step_avg:302.55ms
step:2038/5100 lr:0.001 train_loss:3.4206 train_time:613669ms step_avg:302.60ms
step:2039/5100 lr:0.001 train_loss:3.6049 train_time:614068ms step_avg:302.65ms
step:2040/5100 lr:0.001 train_loss:3.6132 train_time:614466ms step_avg:302.69ms
step:2041/5100 lr:0.001 train_loss:3.6318 train_time:614865ms step_avg:302.74ms
step:2042/5100 lr:0.001 train_loss:3.4249 train_time:615264ms step_avg:302.79ms
step:2043/5100 lr:0.001 train_loss:3.7731 train_time:615662ms step_avg:302.83ms
step:2044/5100 lr:0.001 train_loss:3.5881 train_time:616060ms step_avg:302.88ms
step:2045/5100 lr:0.001 train_loss:3.6423 train_time:616458ms step_avg:302.93ms
step:2046/5100 lr:0.001 train_loss:3.4476 train_time:616857ms step_avg:302.97ms
step:2047/5100 lr:0.001 train_loss:3.5220 train_time:617256ms step_avg:303.02ms
step:2048/5100 lr:0.001 train_loss:3.5940 train_time:617654ms step_avg:303.07ms
step:2049/5100 lr:0.001 train_loss:3.5839 train_time:618053ms step_avg:303.12ms
step:2050/5100 lr:0.001 train_loss:3.3262 train_time:618452ms step_avg:303.16ms
step:2051/5100 lr:0.001 train_loss:3.4177 train_time:618851ms step_avg:303.21ms
step:2052/5100 lr:0.001 train_loss:3.5470 train_time:619248ms step_avg:303.26ms
step:2053/5100 lr:0.001 train_loss:3.4708 train_time:619647ms step_avg:303.30ms
step:2054/5100 lr:0.001 train_loss:3.3610 train_time:620046ms step_avg:303.35ms
step:2055/5100 lr:0.001 train_loss:3.6562 train_time:620445ms step_avg:303.40ms
step:2056/5100 lr:0.001 train_loss:3.5781 train_time:620844ms step_avg:303.44ms
step:2057/5100 lr:0.001 train_loss:3.5162 train_time:621241ms step_avg:303.49ms
step:2058/5100 lr:0.001 train_loss:3.5203 train_time:621640ms step_avg:303.54ms
step:2059/5100 lr:0.001 train_loss:3.5740 train_time:622038ms step_avg:303.58ms
step:2060/5100 lr:0.001 train_loss:3.4836 train_time:622438ms step_avg:303.63ms
step:2061/5100 lr:0.001 train_loss:3.8319 train_time:622837ms step_avg:303.67ms
step:2062/5100 lr:0.001 train_loss:3.7394 train_time:623235ms step_avg:303.72ms
step:2063/5100 lr:0.001 train_loss:3.5144 train_time:623634ms step_avg:303.77ms
step:2064/5100 lr:0.001 train_loss:3.6503 train_time:624032ms step_avg:303.81ms
step:2065/5100 lr:0.001 train_loss:3.6124 train_time:624431ms step_avg:303.86ms
step:2066/5100 lr:0.001 train_loss:3.6207 train_time:625076ms step_avg:304.03ms
step:2067/5100 lr:0.001 train_loss:3.5590 train_time:625475ms step_avg:304.07ms
step:2068/5100 lr:0.001 train_loss:3.8443 train_time:625874ms step_avg:304.12ms
step:2069/5100 lr:0.001 train_loss:3.6029 train_time:626272ms step_avg:304.16ms
step:2070/5100 lr:0.001 train_loss:3.6536 train_time:626671ms step_avg:304.21ms
step:2071/5100 lr:0.001 train_loss:3.4940 train_time:627069ms step_avg:304.25ms
step:2072/5100 lr:0.001 train_loss:3.4364 train_time:627710ms step_avg:304.42ms
step:2073/5100 lr:0.001 train_loss:3.4936 train_time:628109ms step_avg:304.46ms
step:2074/5100 lr:0.001 train_loss:3.7401 train_time:628508ms step_avg:304.51ms
step:2075/5100 lr:0.001 train_loss:3.6864 train_time:628906ms step_avg:304.56ms
step:2076/5100 lr:0.001 train_loss:3.5862 train_time:629305ms step_avg:304.60ms
step:2077/5100 lr:0.001 train_loss:3.5535 train_time:629704ms step_avg:304.65ms
step:2078/5100 lr:0.001 train_loss:3.5821 train_time:630102ms step_avg:304.69ms
step:2079/5100 lr:0.001 train_loss:3.5589 train_time:630500ms step_avg:304.74ms
step:2080/5100 lr:0.001 train_loss:3.2792 train_time:630898ms step_avg:304.78ms
step:2081/5100 lr:0.001 train_loss:3.6930 train_time:631297ms step_avg:304.83ms
step:2082/5100 lr:0.001 train_loss:3.3803 train_time:631696ms step_avg:304.87ms
step:2083/5100 lr:0.001 train_loss:3.3779 train_time:632095ms step_avg:304.92ms
step:2084/5100 lr:0.001 train_loss:3.4500 train_time:632494ms step_avg:304.96ms
step:2085/5100 lr:0.001 train_loss:3.5287 train_time:632893ms step_avg:305.01ms
step:2086/5100 lr:0.001 train_loss:3.3960 train_time:633291ms step_avg:305.05ms
step:2087/5100 lr:0.001 train_loss:3.6430 train_time:633689ms step_avg:305.10ms
step:2088/5100 lr:0.001 train_loss:3.4540 train_time:634088ms step_avg:305.14ms
step:2089/5100 lr:0.001 train_loss:3.3870 train_time:634486ms step_avg:305.19ms
step:2090/5100 lr:0.001 train_loss:3.5615 train_time:635092ms step_avg:305.33ms
step:2091/5100 lr:0.001 train_loss:3.6247 train_time:635490ms step_avg:305.38ms
step:2092/5100 lr:0.001 train_loss:3.5464 train_time:635889ms step_avg:305.42ms
step:2093/5100 lr:0.001 train_loss:3.8066 train_time:636288ms step_avg:305.47ms
step:2094/5100 lr:0.001 train_loss:3.6364 train_time:636688ms step_avg:305.51ms
step:2095/5100 lr:0.001 train_loss:3.6551 train_time:637088ms step_avg:305.56ms
step:2096/5100 lr:0.001 train_loss:3.5640 train_time:637690ms step_avg:305.70ms
step:2097/5100 lr:0.001 train_loss:3.4887 train_time:638089ms step_avg:305.74ms
step:2098/5100 lr:0.001 train_loss:3.6530 train_time:638487ms step_avg:305.79ms
step:2099/5100 lr:0.001 train_loss:3.4994 train_time:638886ms step_avg:305.83ms
step:2100/5100 lr:0.001 train_loss:3.4573 train_time:639285ms step_avg:305.88ms
step:2101/5100 lr:0.001 train_loss:3.0816 train_time:639683ms step_avg:305.92ms
step:2102/5100 lr:0.001 train_loss:3.6170 train_time:640081ms step_avg:305.97ms
step:2103/5100 lr:0.001 train_loss:3.5444 train_time:640479ms step_avg:306.01ms
step:2104/5100 lr:0.001 train_loss:3.6336 train_time:640878ms step_avg:306.05ms
step:2105/5100 lr:0.001 train_loss:3.5453 train_time:641276ms step_avg:306.10ms
step:2106/5100 lr:0.001 train_loss:3.3051 train_time:641675ms step_avg:306.14ms
step:2107/5100 lr:0.001 train_loss:3.5004 train_time:642074ms step_avg:306.19ms
step:2108/5100 lr:0.001 train_loss:3.7930 train_time:642473ms step_avg:306.23ms
step:2109/5100 lr:0.001 train_loss:3.3352 train_time:642871ms step_avg:306.27ms
step:2110/5100 lr:0.001 train_loss:3.4561 train_time:643270ms step_avg:306.32ms
step:2111/5100 lr:0.001 train_loss:3.4773 train_time:643668ms step_avg:306.36ms
step:2112/5100 lr:0.001 train_loss:3.4670 train_time:644067ms step_avg:306.41ms
step:2113/5100 lr:0.001 train_loss:3.5790 train_time:644466ms step_avg:306.45ms
step:2114/5100 lr:0.001 train_loss:3.7876 train_time:644865ms step_avg:306.49ms
step:2115/5100 lr:0.001 train_loss:3.4637 train_time:645263ms step_avg:306.54ms
step:2116/5100 lr:0.001 train_loss:3.4797 train_time:645661ms step_avg:306.58ms
step:2117/5100 lr:0.001 train_loss:3.3874 train_time:646060ms step_avg:306.63ms
step:2118/5100 lr:0.001 train_loss:3.4607 train_time:646458ms step_avg:306.67ms
step:2119/5100 lr:0.001 train_loss:3.6092 train_time:646857ms step_avg:306.71ms
step:2120/5100 lr:0.001 train_loss:3.5763 train_time:647255ms step_avg:306.76ms
step:2121/5100 lr:0.001 train_loss:3.6324 train_time:647653ms step_avg:306.80ms
step:2122/5100 lr:0.001 train_loss:3.6398 train_time:648052ms step_avg:306.84ms
step:2123/5100 lr:0.001 train_loss:3.5768 train_time:648450ms step_avg:306.89ms
step:2124/5100 lr:0.001 train_loss:3.5967 train_time:648848ms step_avg:306.93ms
step:2125/5100 lr:0.001 train_loss:3.4983 train_time:649248ms step_avg:306.97ms
step:2125/5100 val_loss:3.5321 train_time:649250ms step_avg:306.97ms
step:2126/5100 lr:0.001 train_loss:3.3838 train_time:653416ms step_avg:308.80ms
step:2127/5100 lr:0.001 train_loss:3.6566 train_time:653814ms step_avg:308.84ms
step:2128/5100 lr:0.001 train_loss:3.5491 train_time:654213ms step_avg:308.88ms
step:2129/5100 lr:0.001 train_loss:3.5486 train_time:654611ms step_avg:308.92ms
step:2130/5100 lr:0.001 train_loss:3.5251 train_time:655011ms step_avg:308.97ms
step:2131/5100 lr:0.001 train_loss:3.6244 train_time:655409ms step_avg:309.01ms
step:2132/5100 lr:0.001 train_loss:3.5105 train_time:655808ms step_avg:309.05ms
step:2133/5100 lr:0.001 train_loss:3.3635 train_time:656207ms step_avg:309.09ms
step:2134/5100 lr:0.001 train_loss:3.4481 train_time:656606ms step_avg:309.14ms
step:2135/5100 lr:0.001 train_loss:3.5500 train_time:657003ms step_avg:309.18ms
step:2136/5100 lr:0.001 train_loss:3.3784 train_time:657402ms step_avg:309.22ms
step:2137/5100 lr:0.001 train_loss:3.4324 train_time:657800ms step_avg:309.26ms
step:2138/5100 lr:0.001 train_loss:3.5104 train_time:658199ms step_avg:309.30ms
step:2139/5100 lr:0.001 train_loss:3.5568 train_time:658598ms step_avg:309.35ms
step:2140/5100 lr:0.001 train_loss:3.6020 train_time:658996ms step_avg:309.39ms
step:2141/5100 lr:0.001 train_loss:3.6636 train_time:659395ms step_avg:309.43ms
step:2142/5100 lr:0.001 train_loss:3.5605 train_time:659793ms step_avg:309.47ms
step:2143/5100 lr:0.001 train_loss:3.7007 train_time:660192ms step_avg:309.51ms
step:2144/5100 lr:0.001 train_loss:3.7086 train_time:660591ms step_avg:309.56ms
step:2145/5100 lr:0.001 train_loss:3.4335 train_time:660990ms step_avg:309.60ms
step:2146/5100 lr:0.001 train_loss:4.0154 train_time:661402ms step_avg:309.65ms
step:2147/5100 lr:0.001 train_loss:3.4895 train_time:661801ms step_avg:309.69ms
step:2148/5100 lr:0.001 train_loss:3.5710 train_time:662199ms step_avg:309.73ms
step:2149/5100 lr:0.001 train_loss:3.4791 train_time:662598ms step_avg:309.77ms
step:2150/5100 lr:0.001 train_loss:3.6671 train_time:662996ms step_avg:309.81ms
step:2151/5100 lr:0.001 train_loss:3.2647 train_time:663395ms step_avg:309.85ms
step:2152/5100 lr:0.001 train_loss:3.4389 train_time:663793ms step_avg:309.89ms
step:2153/5100 lr:0.001 train_loss:3.9225 train_time:664191ms step_avg:309.94ms
step:2154/5100 lr:0.001 train_loss:3.6351 train_time:664590ms step_avg:309.98ms
step:2155/5100 lr:0.001 train_loss:3.5123 train_time:664989ms step_avg:310.02ms
step:2156/5100 lr:0.001 train_loss:3.4270 train_time:665388ms step_avg:310.06ms
step:2157/5100 lr:0.001 train_loss:3.6998 train_time:665786ms step_avg:310.10ms
step:2158/5100 lr:0.001 train_loss:3.7022 train_time:666185ms step_avg:310.14ms
step:2159/5100 lr:0.001 train_loss:3.7163 train_time:666584ms step_avg:310.18ms
step:2160/5100 lr:0.001 train_loss:3.4477 train_time:666982ms step_avg:310.22ms
step:2161/5100 lr:0.001 train_loss:3.6055 train_time:667381ms step_avg:310.27ms
step:2162/5100 lr:0.001 train_loss:3.4943 train_time:667779ms step_avg:310.31ms
step:2163/5100 lr:0.001 train_loss:3.4391 train_time:668178ms step_avg:310.35ms
step:2164/5100 lr:0.001 train_loss:3.2612 train_time:668577ms step_avg:310.39ms
step:2165/5100 lr:0.001 train_loss:3.5512 train_time:668975ms step_avg:310.43ms
step:2166/5100 lr:0.001 train_loss:3.5711 train_time:669373ms step_avg:310.47ms
step:2167/5100 lr:0.001 train_loss:3.5678 train_time:669772ms step_avg:310.51ms
step:2168/5100 lr:0.001 train_loss:3.6304 train_time:670171ms step_avg:310.55ms
step:2169/5100 lr:0.001 train_loss:3.5445 train_time:670569ms step_avg:310.59ms
step:2170/5100 lr:0.001 train_loss:3.4291 train_time:670969ms step_avg:310.63ms
step:2171/5100 lr:0.001 train_loss:3.3862 train_time:671367ms step_avg:310.67ms
step:2172/5100 lr:0.001 train_loss:3.6041 train_time:671766ms step_avg:310.72ms
step:2173/5100 lr:0.001 train_loss:3.5249 train_time:672165ms step_avg:310.76ms
step:2174/5100 lr:0.001 train_loss:3.2342 train_time:672563ms step_avg:310.80ms
step:2175/5100 lr:0.001 train_loss:3.7998 train_time:672961ms step_avg:310.84ms
step:2176/5100 lr:0.001 train_loss:3.4807 train_time:673360ms step_avg:310.88ms
step:2177/5100 lr:0.001 train_loss:3.5027 train_time:673758ms step_avg:310.92ms
step:2178/5100 lr:0.001 train_loss:3.5592 train_time:674157ms step_avg:310.96ms
step:2179/5100 lr:0.001 train_loss:3.5390 train_time:674555ms step_avg:311.00ms
step:2180/5100 lr:0.001 train_loss:3.6374 train_time:674954ms step_avg:311.04ms
step:2181/5100 lr:0.001 train_loss:3.5673 train_time:675353ms step_avg:311.08ms
step:2182/5100 lr:0.001 train_loss:3.4716 train_time:675751ms step_avg:311.12ms
step:2183/5100 lr:0.001 train_loss:3.7462 train_time:676150ms step_avg:311.16ms
step:2184/5100 lr:0.001 train_loss:3.4830 train_time:676549ms step_avg:311.20ms
step:2185/5100 lr:0.001 train_loss:3.4300 train_time:676948ms step_avg:311.24ms
step:2186/5100 lr:0.001 train_loss:4.3030 train_time:677585ms step_avg:311.39ms
step:2187/5100 lr:0.001 train_loss:3.7683 train_time:677984ms step_avg:311.43ms
step:2188/5100 lr:0.001 train_loss:3.5416 train_time:678383ms step_avg:311.47ms
step:2189/5100 lr:0.001 train_loss:3.3925 train_time:678781ms step_avg:311.51ms
step:2190/5100 lr:0.001 train_loss:3.5065 train_time:679180ms step_avg:311.55ms
step:2191/5100 lr:0.001 train_loss:3.5708 train_time:679580ms step_avg:311.59ms
step:2192/5100 lr:0.001 train_loss:3.4518 train_time:679979ms step_avg:311.63ms
step:2193/5100 lr:0.001 train_loss:3.4427 train_time:680379ms step_avg:311.67ms
step:2194/5100 lr:0.001 train_loss:3.5617 train_time:680778ms step_avg:311.71ms
step:2195/5100 lr:0.001 train_loss:3.3313 train_time:681178ms step_avg:311.75ms
step:2196/5100 lr:0.001 train_loss:3.7442 train_time:681577ms step_avg:311.79ms
step:2197/5100 lr:0.001 train_loss:3.5929 train_time:681976ms step_avg:311.83ms
step:2198/5100 lr:0.001 train_loss:3.6816 train_time:682620ms step_avg:311.98ms
step:2199/5100 lr:0.001 train_loss:3.6767 train_time:683019ms step_avg:312.02ms
step:2200/5100 lr:0.001 train_loss:3.7322 train_time:683418ms step_avg:312.06ms
step:2201/5100 lr:0.001 train_loss:3.6284 train_time:683817ms step_avg:312.10ms
step:2202/5100 lr:0.001 train_loss:3.5039 train_time:684215ms step_avg:312.14ms
step:2203/5100 lr:0.001 train_loss:3.6394 train_time:684614ms step_avg:312.18ms
step:2204/5100 lr:0.001 train_loss:3.6038 train_time:685012ms step_avg:312.22ms
step:2205/5100 lr:0.001 train_loss:3.6080 train_time:685411ms step_avg:312.26ms
step:2206/5100 lr:0.001 train_loss:3.6120 train_time:685810ms step_avg:312.30ms
step:2207/5100 lr:0.001 train_loss:3.3570 train_time:686209ms step_avg:312.34ms
step:2208/5100 lr:0.001 train_loss:3.8559 train_time:686607ms step_avg:312.38ms
step:2209/5100 lr:0.001 train_loss:3.4473 train_time:687006ms step_avg:312.42ms
step:2210/5100 lr:0.001 train_loss:3.4619 train_time:687404ms step_avg:312.46ms
step:2211/5100 lr:0.001 train_loss:3.7480 train_time:687802ms step_avg:312.50ms
step:2212/5100 lr:0.001 train_loss:3.4004 train_time:688201ms step_avg:312.53ms
step:2213/5100 lr:0.001 train_loss:3.5959 train_time:688599ms step_avg:312.57ms
step:2214/5100 lr:0.001 train_loss:3.5223 train_time:688998ms step_avg:312.61ms
step:2215/5100 lr:0.001 train_loss:3.5776 train_time:689397ms step_avg:312.65ms
step:2216/5100 lr:0.001 train_loss:3.4471 train_time:689795ms step_avg:312.69ms
step:2217/5100 lr:0.001 train_loss:3.4407 train_time:690194ms step_avg:312.73ms
step:2218/5100 lr:0.001 train_loss:3.8291 train_time:690592ms step_avg:312.77ms
step:2219/5100 lr:0.001 train_loss:3.6594 train_time:690990ms step_avg:312.81ms
step:2220/5100 lr:0.001 train_loss:3.5355 train_time:691389ms step_avg:312.85ms
step:2221/5100 lr:0.001 train_loss:3.7851 train_time:691787ms step_avg:312.88ms
step:2222/5100 lr:0.001 train_loss:3.8160 train_time:692186ms step_avg:312.92ms
step:2223/5100 lr:0.001 train_loss:3.5870 train_time:692585ms step_avg:312.96ms
step:2224/5100 lr:0.001 train_loss:3.5429 train_time:692983ms step_avg:313.00ms
step:2225/5100 lr:0.001 train_loss:3.5253 train_time:693381ms step_avg:313.04ms
step:2226/5100 lr:0.001 train_loss:3.5521 train_time:693780ms step_avg:313.08ms
step:2227/5100 lr:0.001 train_loss:3.6281 train_time:694179ms step_avg:313.12ms
step:2228/5100 lr:0.001 train_loss:3.5468 train_time:694577ms step_avg:313.15ms
step:2229/5100 lr:0.001 train_loss:3.6656 train_time:694976ms step_avg:313.19ms
step:2230/5100 lr:0.001 train_loss:3.4929 train_time:695374ms step_avg:313.23ms
step:2231/5100 lr:0.001 train_loss:3.5171 train_time:695772ms step_avg:313.27ms
step:2232/5100 lr:0.001 train_loss:3.4896 train_time:696170ms step_avg:313.31ms
step:2233/5100 lr:0.001 train_loss:3.8319 train_time:696568ms step_avg:313.35ms
step:2234/5100 lr:0.001 train_loss:3.3733 train_time:696967ms step_avg:313.38ms
step:2235/5100 lr:0.001 train_loss:3.6131 train_time:697365ms step_avg:313.42ms
step:2236/5100 lr:0.001 train_loss:3.3519 train_time:697764ms step_avg:313.46ms
step:2237/5100 lr:0.001 train_loss:3.3358 train_time:698162ms step_avg:313.50ms
step:2238/5100 lr:0.001 train_loss:3.4413 train_time:698560ms step_avg:313.54ms
step:2239/5100 lr:0.001 train_loss:3.6177 train_time:698959ms step_avg:313.58ms
step:2240/5100 lr:0.001 train_loss:3.4879 train_time:699358ms step_avg:313.61ms
step:2241/5100 lr:0.001 train_loss:3.5992 train_time:699756ms step_avg:313.65ms
step:2242/5100 lr:0.001 train_loss:3.5679 train_time:700155ms step_avg:313.69ms
step:2243/5100 lr:0.001 train_loss:3.5727 train_time:700553ms step_avg:313.73ms
step:2244/5100 lr:0.001 train_loss:3.6957 train_time:700951ms step_avg:313.77ms
step:2245/5100 lr:0.001 train_loss:3.5322 train_time:701350ms step_avg:313.80ms
step:2246/5100 lr:0.001 train_loss:3.3724 train_time:701749ms step_avg:313.84ms
step:2247/5100 lr:0.001 train_loss:3.4524 train_time:702148ms step_avg:313.88ms
step:2248/5100 lr:0.001 train_loss:3.5361 train_time:702546ms step_avg:313.92ms
step:2249/5100 lr:0.001 train_loss:3.5178 train_time:702945ms step_avg:313.95ms
step:2250/5100 lr:0.001 train_loss:3.4108 train_time:703344ms step_avg:313.99ms
step:2250/5100 val_loss:3.5129 train_time:703346ms step_avg:313.99ms
step:2251/5100 lr:0.001 train_loss:3.3430 train_time:707495ms step_avg:315.70ms
step:2252/5100 lr:0.001 train_loss:3.4187 train_time:707893ms step_avg:315.74ms
step:2253/5100 lr:0.001 train_loss:3.5956 train_time:708292ms step_avg:315.78ms
step:2254/5100 lr:0.001 train_loss:3.4670 train_time:708692ms step_avg:315.82ms
step:2255/5100 lr:0.001 train_loss:3.4748 train_time:709091ms step_avg:315.85ms
step:2256/5100 lr:0.001 train_loss:3.4818 train_time:709490ms step_avg:315.89ms
step:2257/5100 lr:0.001 train_loss:3.4929 train_time:709888ms step_avg:315.93ms
step:2258/5100 lr:0.001 train_loss:3.7204 train_time:710287ms step_avg:315.96ms
step:2259/5100 lr:0.001 train_loss:3.3012 train_time:710685ms step_avg:316.00ms
step:2260/5100 lr:0.001 train_loss:3.2606 train_time:711084ms step_avg:316.04ms
step:2261/5100 lr:0.001 train_loss:3.9425 train_time:711482ms step_avg:316.07ms
step:2262/5100 lr:0.001 train_loss:3.3794 train_time:711881ms step_avg:316.11ms
step:2263/5100 lr:0.001 train_loss:5.2848 train_time:712279ms step_avg:316.15ms
step:2264/5100 lr:0.001 train_loss:3.4923 train_time:712678ms step_avg:316.18ms
step:2265/5100 lr:0.001 train_loss:3.7567 train_time:713076ms step_avg:316.22ms
step:2266/5100 lr:0.001 train_loss:3.4712 train_time:713475ms step_avg:316.26ms
step:2267/5100 lr:0.001 train_loss:3.5273 train_time:713872ms step_avg:316.29ms
step:2268/5100 lr:0.001 train_loss:3.4750 train_time:714271ms step_avg:316.33ms
step:2269/5100 lr:0.001 train_loss:3.5156 train_time:714669ms step_avg:316.37ms
step:2270/5100 lr:0.001 train_loss:3.6426 train_time:715068ms step_avg:316.40ms
step:2271/5100 lr:0.001 train_loss:3.3695 train_time:715467ms step_avg:316.44ms
step:2272/5100 lr:0.001 train_loss:3.4281 train_time:715943ms step_avg:316.51ms
step:2273/5100 lr:0.001 train_loss:3.6412 train_time:716342ms step_avg:316.55ms
step:2274/5100 lr:0.001 train_loss:3.4412 train_time:716741ms step_avg:316.58ms
step:2275/5100 lr:0.001 train_loss:3.6379 train_time:717139ms step_avg:316.62ms
step:2276/5100 lr:0.001 train_loss:3.3845 train_time:717538ms step_avg:316.65ms
step:2277/5100 lr:0.001 train_loss:3.6902 train_time:717936ms step_avg:316.69ms
step:2278/5100 lr:0.001 train_loss:3.6233 train_time:718336ms step_avg:316.73ms
step:2279/5100 lr:0.001 train_loss:3.3988 train_time:718735ms step_avg:316.76ms
step:2280/5100 lr:0.001 train_loss:3.5156 train_time:719338ms step_avg:316.89ms
step:2281/5100 lr:0.001 train_loss:3.8613 train_time:719737ms step_avg:316.93ms
step:2282/5100 lr:0.001 train_loss:3.4553 train_time:720136ms step_avg:316.96ms
step:2283/5100 lr:0.001 train_loss:3.3326 train_time:720535ms step_avg:317.00ms
step:2284/5100 lr:0.001 train_loss:3.5298 train_time:720932ms step_avg:317.03ms
step:2285/5100 lr:0.001 train_loss:3.4363 train_time:721331ms step_avg:317.07ms
step:2286/5100 lr:0.001 train_loss:3.2982 train_time:721933ms step_avg:317.19ms
step:2287/5100 lr:0.001 train_loss:3.3636 train_time:722332ms step_avg:317.23ms
step:2288/5100 lr:0.001 train_loss:3.4934 train_time:722731ms step_avg:317.27ms
step:2289/5100 lr:0.001 train_loss:3.4041 train_time:723130ms step_avg:317.30ms
step:2290/5100 lr:0.001 train_loss:3.5457 train_time:723529ms step_avg:317.34ms
step:2291/5100 lr:0.001 train_loss:3.5317 train_time:723928ms step_avg:317.37ms
step:2292/5100 lr:0.001 train_loss:3.3540 train_time:724327ms step_avg:317.41ms
step:2293/5100 lr:0.001 train_loss:3.5334 train_time:724725ms step_avg:317.44ms
step:2294/5100 lr:0.001 train_loss:3.5386 train_time:725123ms step_avg:317.48ms
step:2295/5100 lr:0.001 train_loss:3.7422 train_time:725522ms step_avg:317.52ms
step:2296/5100 lr:0.001 train_loss:3.3407 train_time:725921ms step_avg:317.55ms
step:2297/5100 lr:0.001 train_loss:4.1525 train_time:726321ms step_avg:317.59ms
step:2298/5100 lr:0.001 train_loss:3.4511 train_time:726720ms step_avg:317.62ms
step:2299/5100 lr:0.001 train_loss:3.3744 train_time:727119ms step_avg:317.66ms
step:2300/5100 lr:0.001 train_loss:3.5516 train_time:727519ms step_avg:317.69ms
step:2301/5100 lr:0.001 train_loss:3.4707 train_time:727918ms step_avg:317.73ms
step:2302/5100 lr:0.001 train_loss:3.5137 train_time:728317ms step_avg:317.76ms
step:2303/5100 lr:0.001 train_loss:3.9390 train_time:728715ms step_avg:317.80ms
step:2304/5100 lr:0.001 train_loss:3.5424 train_time:729114ms step_avg:317.84ms
step:2305/5100 lr:0.001 train_loss:3.3341 train_time:729513ms step_avg:317.87ms
step:2306/5100 lr:0.001 train_loss:3.7314 train_time:729912ms step_avg:317.91ms
step:2307/5100 lr:0.001 train_loss:3.3575 train_time:730311ms step_avg:317.94ms
step:2308/5100 lr:0.001 train_loss:3.5170 train_time:730710ms step_avg:317.98ms
step:2309/5100 lr:0.001 train_loss:3.4780 train_time:731109ms step_avg:318.01ms
step:2310/5100 lr:0.001 train_loss:3.4141 train_time:731508ms step_avg:318.05ms
step:2311/5100 lr:0.001 train_loss:3.7281 train_time:731907ms step_avg:318.08ms
step:2312/5100 lr:0.001 train_loss:3.3455 train_time:732307ms step_avg:318.12ms
step:2313/5100 lr:0.001 train_loss:3.5611 train_time:732706ms step_avg:318.15ms
step:2314/5100 lr:0.001 train_loss:3.5187 train_time:733105ms step_avg:318.19ms
step:2315/5100 lr:0.001 train_loss:3.6371 train_time:733503ms step_avg:318.22ms
step:2316/5100 lr:0.001 train_loss:3.3359 train_time:733902ms step_avg:318.26ms
step:2317/5100 lr:0.001 train_loss:3.5385 train_time:734301ms step_avg:318.29ms
step:2318/5100 lr:0.001 train_loss:3.5892 train_time:734701ms step_avg:318.33ms
step:2319/5100 lr:0.001 train_loss:3.5459 train_time:735100ms step_avg:318.36ms
step:2320/5100 lr:0.001 train_loss:3.4183 train_time:735500ms step_avg:318.40ms
step:2321/5100 lr:0.001 train_loss:3.4904 train_time:735899ms step_avg:318.43ms
step:2322/5100 lr:0.001 train_loss:3.3387 train_time:736298ms step_avg:318.47ms
step:2323/5100 lr:0.001 train_loss:3.5375 train_time:736697ms step_avg:318.50ms
step:2324/5100 lr:0.001 train_loss:3.4844 train_time:737096ms step_avg:318.54ms
step:2325/5100 lr:0.001 train_loss:3.1529 train_time:737495ms step_avg:318.57ms
step:2326/5100 lr:0.001 train_loss:3.4508 train_time:737893ms step_avg:318.61ms
step:2327/5100 lr:0.001 train_loss:3.5970 train_time:738292ms step_avg:318.64ms
step:2328/5100 lr:0.001 train_loss:3.4857 train_time:738692ms step_avg:318.68ms
step:2329/5100 lr:0.001 train_loss:3.5291 train_time:739091ms step_avg:318.71ms
step:2330/5100 lr:0.001 train_loss:3.5324 train_time:739490ms step_avg:318.75ms
step:2331/5100 lr:0.001 train_loss:3.6162 train_time:739889ms step_avg:318.78ms
step:2332/5100 lr:0.001 train_loss:3.6281 train_time:740288ms step_avg:318.81ms
step:2333/5100 lr:0.001 train_loss:3.3478 train_time:740687ms step_avg:318.85ms
step:2334/5100 lr:0.001 train_loss:3.4475 train_time:741086ms step_avg:318.88ms
step:2335/5100 lr:0.001 train_loss:3.4264 train_time:741485ms step_avg:318.92ms
step:2336/5100 lr:0.001 train_loss:3.3819 train_time:741884ms step_avg:318.95ms
step:2337/5100 lr:0.001 train_loss:3.1724 train_time:742283ms step_avg:318.99ms
step:2338/5100 lr:0.001 train_loss:3.4839 train_time:742682ms step_avg:319.02ms
step:2339/5100 lr:0.001 train_loss:3.4866 train_time:743081ms step_avg:319.06ms
step:2340/5100 lr:0.001 train_loss:3.5664 train_time:743481ms step_avg:319.09ms
step:2341/5100 lr:0.001 train_loss:3.3596 train_time:743880ms step_avg:319.13ms
step:2342/5100 lr:0.001 train_loss:3.5229 train_time:744280ms step_avg:319.16ms
step:2343/5100 lr:0.001 train_loss:3.4687 train_time:744679ms step_avg:319.19ms
step:2344/5100 lr:0.001 train_loss:3.4060 train_time:745078ms step_avg:319.23ms
step:2345/5100 lr:0.001 train_loss:3.6180 train_time:745477ms step_avg:319.26ms
step:2346/5100 lr:0.001 train_loss:3.5066 train_time:745876ms step_avg:319.30ms
step:2347/5100 lr:0.001 train_loss:3.4663 train_time:746274ms step_avg:319.33ms
step:2348/5100 lr:0.001 train_loss:3.4702 train_time:746673ms step_avg:319.36ms
step:2349/5100 lr:0.001 train_loss:3.5614 train_time:747072ms step_avg:319.40ms
step:2350/5100 lr:0.001 train_loss:3.4660 train_time:747471ms step_avg:319.43ms
step:2351/5100 lr:0.001 train_loss:3.5481 train_time:747871ms step_avg:319.47ms
step:2352/5100 lr:0.001 train_loss:3.5463 train_time:748271ms step_avg:319.50ms
step:2353/5100 lr:0.001 train_loss:3.4906 train_time:748670ms step_avg:319.53ms
step:2354/5100 lr:0.001 train_loss:3.5410 train_time:749069ms step_avg:319.57ms
step:2355/5100 lr:0.001 train_loss:3.3361 train_time:749468ms step_avg:319.60ms
step:2356/5100 lr:0.001 train_loss:3.3185 train_time:749867ms step_avg:319.64ms
step:2357/5100 lr:0.001 train_loss:3.4504 train_time:750267ms step_avg:319.67ms
step:2358/5100 lr:0.001 train_loss:3.4818 train_time:750665ms step_avg:319.70ms
step:2359/5100 lr:0.001 train_loss:3.5629 train_time:751064ms step_avg:319.74ms
step:2360/5100 lr:0.001 train_loss:3.4606 train_time:751463ms step_avg:319.77ms
step:2361/5100 lr:0.001 train_loss:3.3059 train_time:751862ms step_avg:319.80ms
step:2362/5100 lr:0.001 train_loss:3.6291 train_time:752261ms step_avg:319.84ms
step:2363/5100 lr:0.001 train_loss:3.3159 train_time:752660ms step_avg:319.87ms
step:2364/5100 lr:0.001 train_loss:3.3910 train_time:753059ms step_avg:319.91ms
step:2365/5100 lr:0.001 train_loss:3.3334 train_time:753458ms step_avg:319.94ms
step:2366/5100 lr:0.001 train_loss:3.3445 train_time:753857ms step_avg:319.97ms
step:2367/5100 lr:0.001 train_loss:3.4616 train_time:754256ms step_avg:320.01ms
step:2368/5100 lr:0.001 train_loss:3.3225 train_time:754655ms step_avg:320.04ms
step:2369/5100 lr:0.001 train_loss:3.4864 train_time:755054ms step_avg:320.07ms
step:2370/5100 lr:0.001 train_loss:3.4263 train_time:755453ms step_avg:320.11ms
step:2371/5100 lr:0.001 train_loss:3.4949 train_time:755852ms step_avg:320.14ms
step:2372/5100 lr:0.001 train_loss:3.5698 train_time:756252ms step_avg:320.17ms
step:2373/5100 lr:0.001 train_loss:3.4803 train_time:756651ms step_avg:320.21ms
step:2374/5100 lr:0.001 train_loss:3.4957 train_time:757051ms step_avg:320.24ms
step:2375/5100 lr:0.001 train_loss:3.5908 train_time:757451ms step_avg:320.28ms
step:2375/5100 val_loss:3.4979 train_time:757452ms step_avg:320.28ms
step:2376/5100 lr:0.001 train_loss:3.4046 train_time:761597ms step_avg:321.89ms
step:2377/5100 lr:0.001 train_loss:3.6402 train_time:761996ms step_avg:321.92ms
step:2378/5100 lr:0.001 train_loss:3.4678 train_time:762394ms step_avg:321.96ms
step:2379/5100 lr:0.001 train_loss:4.1593 train_time:762792ms step_avg:321.99ms
step:2380/5100 lr:0.001 train_loss:3.4344 train_time:763191ms step_avg:322.02ms
step:2381/5100 lr:0.001 train_loss:3.3750 train_time:763589ms step_avg:322.05ms
step:2382/5100 lr:0.001 train_loss:3.7143 train_time:763988ms step_avg:322.09ms
step:2383/5100 lr:0.001 train_loss:3.5852 train_time:764388ms step_avg:322.12ms
step:2384/5100 lr:0.001 train_loss:3.6208 train_time:764787ms step_avg:322.15ms
step:2385/5100 lr:0.001 train_loss:3.5358 train_time:765185ms step_avg:322.18ms
step:2386/5100 lr:0.001 train_loss:3.4004 train_time:765583ms step_avg:322.22ms
step:2387/5100 lr:0.001 train_loss:3.5580 train_time:765982ms step_avg:322.25ms
step:2388/5100 lr:0.001 train_loss:3.5828 train_time:766381ms step_avg:322.28ms
step:2389/5100 lr:0.001 train_loss:3.4311 train_time:766780ms step_avg:322.31ms
step:2390/5100 lr:0.001 train_loss:3.3769 train_time:767178ms step_avg:322.34ms
step:2391/5100 lr:0.001 train_loss:3.5615 train_time:767576ms step_avg:322.38ms
step:2392/5100 lr:0.001 train_loss:3.5561 train_time:767974ms step_avg:322.41ms
step:2393/5100 lr:0.001 train_loss:3.6107 train_time:768379ms step_avg:322.44ms
step:2394/5100 lr:0.001 train_loss:3.5197 train_time:768778ms step_avg:322.47ms
step:2395/5100 lr:0.001 train_loss:3.6048 train_time:769176ms step_avg:322.51ms
step:2396/5100 lr:0.001 train_loss:3.4108 train_time:769574ms step_avg:322.54ms
step:2397/5100 lr:0.001 train_loss:3.3905 train_time:769972ms step_avg:322.57ms
step:2398/5100 lr:0.001 train_loss:3.6349 train_time:770371ms step_avg:322.60ms
step:2399/5100 lr:0.001 train_loss:3.4026 train_time:770769ms step_avg:322.63ms
step:2400/5100 lr:0.001 train_loss:3.6070 train_time:771167ms step_avg:322.66ms
step:2401/5100 lr:0.001 train_loss:3.6518 train_time:771565ms step_avg:322.70ms
step:2402/5100 lr:0.001 train_loss:3.8414 train_time:771963ms step_avg:322.73ms
step:2403/5100 lr:0.001 train_loss:3.7646 train_time:772362ms step_avg:322.76ms
step:2404/5100 lr:0.001 train_loss:3.5508 train_time:772760ms step_avg:322.79ms
step:2405/5100 lr:0.001 train_loss:3.3913 train_time:773158ms step_avg:322.82ms
step:2406/5100 lr:0.001 train_loss:3.4170 train_time:773557ms step_avg:322.85ms
step:2407/5100 lr:0.001 train_loss:3.5872 train_time:773955ms step_avg:322.88ms
step:2408/5100 lr:0.001 train_loss:3.3953 train_time:774353ms step_avg:322.92ms
step:2409/5100 lr:0.001 train_loss:3.4736 train_time:774753ms step_avg:322.95ms
step:2410/5100 lr:0.001 train_loss:3.7788 train_time:775152ms step_avg:322.98ms
step:2411/5100 lr:0.001 train_loss:3.4413 train_time:775551ms step_avg:323.01ms
step:2412/5100 lr:0.001 train_loss:3.5866 train_time:775949ms step_avg:323.04ms
step:2413/5100 lr:0.001 train_loss:3.4724 train_time:776348ms step_avg:323.07ms
step:2414/5100 lr:0.001 train_loss:3.5136 train_time:776800ms step_avg:323.13ms
step:2415/5100 lr:0.001 train_loss:3.5861 train_time:777200ms step_avg:323.16ms
step:2416/5100 lr:0.001 train_loss:3.4272 train_time:777598ms step_avg:323.19ms
step:2417/5100 lr:0.001 train_loss:3.6129 train_time:777997ms step_avg:323.22ms
step:2418/5100 lr:0.001 train_loss:3.5903 train_time:778395ms step_avg:323.25ms
step:2419/5100 lr:0.001 train_loss:3.4521 train_time:778793ms step_avg:323.28ms
step:2420/5100 lr:0.001 train_loss:3.4330 train_time:779191ms step_avg:323.32ms
step:2421/5100 lr:0.001 train_loss:3.5814 train_time:779590ms step_avg:323.35ms
step:2422/5100 lr:0.001 train_loss:3.3881 train_time:779989ms step_avg:323.38ms
step:2423/5100 lr:0.001 train_loss:3.3265 train_time:780388ms step_avg:323.41ms
step:2424/5100 lr:0.001 train_loss:3.6547 train_time:780786ms step_avg:323.44ms
step:2425/5100 lr:0.001 train_loss:3.4842 train_time:781184ms step_avg:323.47ms
step:2426/5100 lr:0.001 train_loss:3.4813 train_time:781583ms step_avg:323.50ms
step:2427/5100 lr:0.001 train_loss:3.5014 train_time:781982ms step_avg:323.53ms
step:2428/5100 lr:0.001 train_loss:3.7131 train_time:782380ms step_avg:323.57ms
step:2429/5100 lr:0.001 train_loss:3.5023 train_time:782779ms step_avg:323.60ms
step:2430/5100 lr:0.001 train_loss:3.7468 train_time:783177ms step_avg:323.63ms
step:2431/5100 lr:0.001 train_loss:3.6155 train_time:783575ms step_avg:323.66ms
step:2432/5100 lr:0.001 train_loss:3.5002 train_time:783973ms step_avg:323.69ms
step:2433/5100 lr:0.001 train_loss:3.5121 train_time:784372ms step_avg:323.72ms
step:2434/5100 lr:0.001 train_loss:3.4994 train_time:784771ms step_avg:323.75ms
step:2435/5100 lr:0.001 train_loss:3.5253 train_time:785170ms step_avg:323.78ms
step:2436/5100 lr:0.001 train_loss:3.4862 train_time:785568ms step_avg:323.81ms
step:2437/5100 lr:0.001 train_loss:3.4816 train_time:785967ms step_avg:323.84ms
step:2438/5100 lr:0.001 train_loss:3.5309 train_time:786365ms step_avg:323.87ms
step:2439/5100 lr:0.001 train_loss:3.3598 train_time:786764ms step_avg:323.90ms
step:2440/5100 lr:0.001 train_loss:3.3198 train_time:787162ms step_avg:323.94ms
step:2441/5100 lr:0.001 train_loss:3.5306 train_time:787561ms step_avg:323.97ms
step:2442/5100 lr:0.001 train_loss:3.2986 train_time:787960ms step_avg:324.00ms
step:2443/5100 lr:0.001 train_loss:3.4611 train_time:788359ms step_avg:324.03ms
step:2444/5100 lr:0.001 train_loss:3.5728 train_time:788757ms step_avg:324.06ms
step:2445/5100 lr:0.001 train_loss:3.5877 train_time:789154ms step_avg:324.09ms
step:2446/5100 lr:0.001 train_loss:3.4759 train_time:789552ms step_avg:324.12ms
step:2447/5100 lr:0.001 train_loss:3.4394 train_time:789951ms step_avg:324.15ms
step:2448/5100 lr:0.001 train_loss:3.5900 train_time:790350ms step_avg:324.18ms
step:2449/5100 lr:0.001 train_loss:3.3644 train_time:790748ms step_avg:324.21ms
step:2450/5100 lr:0.001 train_loss:3.4590 train_time:791147ms step_avg:324.24ms
step:2451/5100 lr:0.001 train_loss:3.4656 train_time:791545ms step_avg:324.27ms
step:2452/5100 lr:0.001 train_loss:3.4543 train_time:791943ms step_avg:324.30ms
step:2453/5100 lr:0.001 train_loss:3.4584 train_time:792341ms step_avg:324.33ms
step:2454/5100 lr:0.001 train_loss:3.8250 train_time:792740ms step_avg:324.36ms
step:2455/5100 lr:0.001 train_loss:3.5132 train_time:793138ms step_avg:324.39ms
step:2456/5100 lr:0.001 train_loss:3.4403 train_time:793536ms step_avg:324.42ms
step:2457/5100 lr:0.001 train_loss:3.3901 train_time:793934ms step_avg:324.45ms
step:2458/5100 lr:0.001 train_loss:3.7590 train_time:794333ms step_avg:324.48ms
step:2459/5100 lr:0.001 train_loss:3.4378 train_time:794732ms step_avg:324.51ms
step:2460/5100 lr:0.001 train_loss:3.6157 train_time:795130ms step_avg:324.54ms
step:2461/5100 lr:0.001 train_loss:3.5557 train_time:795529ms step_avg:324.57ms
step:2462/5100 lr:0.001 train_loss:3.4847 train_time:795928ms step_avg:324.60ms
step:2463/5100 lr:0.001 train_loss:3.2839 train_time:796326ms step_avg:324.63ms
step:2464/5100 lr:0.001 train_loss:3.4719 train_time:796725ms step_avg:324.66ms
step:2465/5100 lr:0.001 train_loss:3.4621 train_time:797123ms step_avg:324.69ms
step:2466/5100 lr:0.001 train_loss:3.5558 train_time:797522ms step_avg:324.72ms
step:2467/5100 lr:0.001 train_loss:3.3652 train_time:797921ms step_avg:324.75ms
step:2468/5100 lr:0.001 train_loss:3.7123 train_time:798319ms step_avg:324.78ms
step:2469/5100 lr:0.001 train_loss:3.4954 train_time:798717ms step_avg:324.81ms
step:2470/5100 lr:0.001 train_loss:3.6000 train_time:799320ms step_avg:324.93ms
step:2471/5100 lr:0.001 train_loss:3.7002 train_time:799719ms step_avg:324.96ms
step:2472/5100 lr:0.001 train_loss:3.4757 train_time:800118ms step_avg:324.99ms
step:2473/5100 lr:0.001 train_loss:3.4198 train_time:800517ms step_avg:325.02ms
step:2474/5100 lr:0.001 train_loss:3.4954 train_time:800915ms step_avg:325.05ms
step:2475/5100 lr:0.001 train_loss:3.5181 train_time:801313ms step_avg:325.08ms
step:2476/5100 lr:0.001 train_loss:3.4801 train_time:801712ms step_avg:325.11ms
step:2477/5100 lr:0.001 train_loss:3.5904 train_time:802314ms step_avg:325.22ms
step:2478/5100 lr:0.001 train_loss:3.4684 train_time:802713ms step_avg:325.25ms
step:2479/5100 lr:0.001 train_loss:3.3538 train_time:803112ms step_avg:325.28ms
step:2480/5100 lr:0.001 train_loss:3.4234 train_time:803511ms step_avg:325.31ms
step:2481/5100 lr:0.001 train_loss:3.4539 train_time:803909ms step_avg:325.34ms
step:2482/5100 lr:0.001 train_loss:3.4959 train_time:804308ms step_avg:325.37ms
step:2483/5100 lr:0.001 train_loss:3.5138 train_time:804706ms step_avg:325.40ms
step:2484/5100 lr:0.001 train_loss:3.4938 train_time:805104ms step_avg:325.43ms
step:2485/5100 lr:0.001 train_loss:3.6848 train_time:805503ms step_avg:325.46ms
step:2486/5100 lr:0.001 train_loss:3.5062 train_time:805902ms step_avg:325.49ms
step:2487/5100 lr:0.001 train_loss:3.5958 train_time:806302ms step_avg:325.52ms
step:2488/5100 lr:0.001 train_loss:3.7202 train_time:806700ms step_avg:325.54ms
step:2489/5100 lr:0.001 train_loss:3.1540 train_time:807099ms step_avg:325.57ms
step:2490/5100 lr:0.001 train_loss:3.4757 train_time:807498ms step_avg:325.60ms
step:2491/5100 lr:0.001 train_loss:3.4729 train_time:807897ms step_avg:325.63ms
step:2492/5100 lr:0.001 train_loss:3.5096 train_time:808296ms step_avg:325.66ms
step:2493/5100 lr:0.001 train_loss:3.4899 train_time:808694ms step_avg:325.69ms
step:2494/5100 lr:0.001 train_loss:3.5396 train_time:809093ms step_avg:325.72ms
step:2495/5100 lr:0.001 train_loss:3.5875 train_time:809492ms step_avg:325.75ms
step:2496/5100 lr:0.001 train_loss:3.6273 train_time:809891ms step_avg:325.78ms
step:2497/5100 lr:0.001 train_loss:3.6459 train_time:810289ms step_avg:325.81ms
step:2498/5100 lr:0.001 train_loss:3.5739 train_time:810688ms step_avg:325.84ms
step:2499/5100 lr:0.001 train_loss:3.3903 train_time:811087ms step_avg:325.87ms
step:2500/5100 lr:0.001 train_loss:3.5502 train_time:811486ms step_avg:325.90ms
step:2500/5100 val_loss:3.4841 train_time:811489ms step_avg:325.90ms
step:2501/5100 lr:0.001 train_loss:3.6092 train_time:815632ms step_avg:327.43ms
step:2502/5100 lr:0.001 train_loss:3.5738 train_time:816031ms step_avg:327.46ms
step:2503/5100 lr:0.001 train_loss:3.2180 train_time:816430ms step_avg:327.49ms
step:2504/5100 lr:0.001 train_loss:3.7214 train_time:816827ms step_avg:327.52ms
step:2505/5100 lr:0.001 train_loss:3.3270 train_time:817225ms step_avg:327.55ms
step:2506/5100 lr:0.001 train_loss:3.6165 train_time:817624ms step_avg:327.57ms
step:2507/5100 lr:0.001 train_loss:3.4279 train_time:818023ms step_avg:327.60ms
step:2508/5100 lr:0.001 train_loss:3.4602 train_time:818421ms step_avg:327.63ms
step:2509/5100 lr:0.001 train_loss:3.6393 train_time:818819ms step_avg:327.66ms
step:2510/5100 lr:0.001 train_loss:3.5427 train_time:819217ms step_avg:327.69ms
step:2511/5100 lr:0.001 train_loss:3.4913 train_time:819615ms step_avg:327.72ms
step:2512/5100 lr:0.001 train_loss:3.4935 train_time:820014ms step_avg:327.74ms
step:2513/5100 lr:0.001 train_loss:3.3794 train_time:820412ms step_avg:327.77ms
step:2514/5100 lr:0.001 train_loss:3.2820 train_time:820812ms step_avg:327.80ms
step:2515/5100 lr:0.001 train_loss:3.4854 train_time:821211ms step_avg:327.83ms
step:2516/5100 lr:0.001 train_loss:3.7629 train_time:821608ms step_avg:327.86ms
step:2517/5100 lr:0.001 train_loss:3.4500 train_time:822006ms step_avg:327.88ms
step:2518/5100 lr:0.001 train_loss:3.5858 train_time:822405ms step_avg:327.91ms
step:2519/5100 lr:0.001 train_loss:3.4794 train_time:822805ms step_avg:327.94ms
step:2520/5100 lr:0.001 train_loss:3.5862 train_time:823203ms step_avg:327.97ms
step:2521/5100 lr:0.001 train_loss:3.5332 train_time:823602ms step_avg:328.00ms
step:2522/5100 lr:0.001 train_loss:3.4583 train_time:824000ms step_avg:328.03ms
step:2523/5100 lr:0.001 train_loss:3.5197 train_time:824398ms step_avg:328.05ms
step:2524/5100 lr:0.001 train_loss:3.6618 train_time:824796ms step_avg:328.08ms
step:2525/5100 lr:0.001 train_loss:3.4754 train_time:825195ms step_avg:328.11ms
step:2526/5100 lr:0.001 train_loss:3.6806 train_time:825594ms step_avg:328.14ms
step:2527/5100 lr:0.001 train_loss:3.4610 train_time:825992ms step_avg:328.17ms
step:2528/5100 lr:0.001 train_loss:3.3919 train_time:826391ms step_avg:328.19ms
step:2529/5100 lr:0.001 train_loss:3.4775 train_time:826789ms step_avg:328.22ms
step:2530/5100 lr:0.001 train_loss:3.4946 train_time:827187ms step_avg:328.25ms
step:2531/5100 lr:0.001 train_loss:3.6136 train_time:827585ms step_avg:328.28ms
step:2532/5100 lr:0.001 train_loss:3.4294 train_time:827983ms step_avg:328.30ms
step:2533/5100 lr:0.001 train_loss:3.8088 train_time:828381ms step_avg:328.33ms
step:2534/5100 lr:0.001 train_loss:3.4969 train_time:828780ms step_avg:328.36ms
step:2535/5100 lr:0.001 train_loss:3.3358 train_time:829178ms step_avg:328.39ms
step:2536/5100 lr:0.001 train_loss:3.5670 train_time:829575ms step_avg:328.41ms
step:2537/5100 lr:0.001 train_loss:3.6099 train_time:829974ms step_avg:328.44ms
step:2538/5100 lr:0.001 train_loss:3.4275 train_time:830373ms step_avg:328.47ms
step:2539/5100 lr:0.001 train_loss:3.4724 train_time:830771ms step_avg:328.50ms
step:2540/5100 lr:0.001 train_loss:3.5505 train_time:831169ms step_avg:328.53ms
step:2541/5100 lr:0.001 train_loss:3.4415 train_time:831567ms step_avg:328.55ms
step:2542/5100 lr:0.001 train_loss:3.3536 train_time:831965ms step_avg:328.58ms
step:2543/5100 lr:0.001 train_loss:3.4975 train_time:832364ms step_avg:328.61ms
step:2544/5100 lr:0.001 train_loss:3.3212 train_time:832763ms step_avg:328.64ms
step:2545/5100 lr:0.001 train_loss:3.3360 train_time:833161ms step_avg:328.66ms
step:2546/5100 lr:0.001 train_loss:3.5498 train_time:833560ms step_avg:328.69ms
step:2547/5100 lr:0.001 train_loss:3.6638 train_time:833958ms step_avg:328.72ms
step:2548/5100 lr:0.001 train_loss:3.3740 train_time:834356ms step_avg:328.75ms
step:2549/5100 lr:0.001 train_loss:3.5266 train_time:834754ms step_avg:328.77ms
step:2550/5100 lr:0.001 train_loss:3.5184 train_time:835153ms step_avg:328.80ms
step:2551/5100 lr:0.001 train_loss:3.5682 train_time:835552ms step_avg:328.83ms
step:2552/5100 lr:0.001 train_loss:3.4854 train_time:835950ms step_avg:328.86ms
step:2553/5100 lr:0.001 train_loss:3.4401 train_time:836348ms step_avg:328.88ms
step:2554/5100 lr:0.001 train_loss:3.2962 train_time:836746ms step_avg:328.91ms
step:2555/5100 lr:0.001 train_loss:3.2312 train_time:837144ms step_avg:328.94ms
step:2556/5100 lr:0.001 train_loss:3.4610 train_time:837543ms step_avg:328.96ms
step:2557/5100 lr:0.001 train_loss:3.4544 train_time:837941ms step_avg:328.99ms
step:2558/5100 lr:0.001 train_loss:3.3332 train_time:838339ms step_avg:329.02ms
step:2559/5100 lr:0.001 train_loss:3.4762 train_time:838737ms step_avg:329.05ms
step:2560/5100 lr:0.001 train_loss:3.5292 train_time:839135ms step_avg:329.07ms
step:2561/5100 lr:0.001 train_loss:3.4980 train_time:839533ms step_avg:329.10ms
step:2562/5100 lr:0.001 train_loss:3.3165 train_time:839932ms step_avg:329.13ms
step:2563/5100 lr:0.001 train_loss:3.1350 train_time:840331ms step_avg:329.15ms
step:2564/5100 lr:0.001 train_loss:3.4668 train_time:840729ms step_avg:329.18ms
step:2565/5100 lr:0.001 train_loss:3.4984 train_time:841126ms step_avg:329.21ms
step:2566/5100 lr:0.001 train_loss:3.4815 train_time:841525ms step_avg:329.24ms
step:2567/5100 lr:0.001 train_loss:3.2589 train_time:841924ms step_avg:329.26ms
step:2568/5100 lr:0.001 train_loss:3.2511 train_time:842323ms step_avg:329.29ms
step:2569/5100 lr:0.001 train_loss:3.4196 train_time:842722ms step_avg:329.32ms
step:2570/5100 lr:0.001 train_loss:3.6109 train_time:843121ms step_avg:329.34ms
step:2571/5100 lr:0.001 train_loss:3.4855 train_time:843520ms step_avg:329.37ms
step:2572/5100 lr:0.001 train_loss:3.6216 train_time:843919ms step_avg:329.40ms
step:2573/5100 lr:0.001 train_loss:3.3767 train_time:844317ms step_avg:329.43ms
step:2574/5100 lr:0.001 train_loss:3.5642 train_time:844715ms step_avg:329.45ms
step:2575/5100 lr:0.001 train_loss:3.4346 train_time:845114ms step_avg:329.48ms
step:2576/5100 lr:0.001 train_loss:3.4694 train_time:845513ms step_avg:329.51ms
step:2577/5100 lr:0.001 train_loss:3.6939 train_time:845911ms step_avg:329.53ms
step:2578/5100 lr:0.001 train_loss:3.2632 train_time:846310ms step_avg:329.56ms
step:2579/5100 lr:0.001 train_loss:3.3293 train_time:846707ms step_avg:329.59ms
step:2580/5100 lr:0.001 train_loss:3.5070 train_time:847105ms step_avg:329.61ms
step:2581/5100 lr:0.001 train_loss:3.5066 train_time:847504ms step_avg:329.64ms
step:2582/5100 lr:0.001 train_loss:3.3318 train_time:847903ms step_avg:329.67ms
step:2583/5100 lr:0.001 train_loss:3.6393 train_time:848301ms step_avg:329.69ms
step:2584/5100 lr:0.001 train_loss:3.4659 train_time:848700ms step_avg:329.72ms
step:2585/5100 lr:0.001 train_loss:3.4964 train_time:849098ms step_avg:329.75ms
step:2586/5100 lr:0.001 train_loss:3.4367 train_time:849495ms step_avg:329.77ms
step:2587/5100 lr:0.001 train_loss:3.5750 train_time:849893ms step_avg:329.80ms
step:2588/5100 lr:0.001 train_loss:3.5177 train_time:850292ms step_avg:329.83ms
step:2589/5100 lr:0.001 train_loss:3.4534 train_time:850691ms step_avg:329.85ms
step:2590/5100 lr:0.001 train_loss:3.5661 train_time:851089ms step_avg:329.88ms
step:2591/5100 lr:0.001 train_loss:3.4534 train_time:851487ms step_avg:329.91ms
step:2592/5100 lr:0.001 train_loss:3.3464 train_time:851885ms step_avg:329.93ms
step:2593/5100 lr:0.001 train_loss:3.4726 train_time:852283ms step_avg:329.96ms
step:2594/5100 lr:0.001 train_loss:3.4486 train_time:852683ms step_avg:329.99ms
step:2595/5100 lr:0.001 train_loss:3.4098 train_time:853080ms step_avg:330.01ms
step:2596/5100 lr:0.001 train_loss:3.3220 train_time:853479ms step_avg:330.04ms
step:2597/5100 lr:0.001 train_loss:3.5114 train_time:853877ms step_avg:330.06ms
step:2598/5100 lr:0.001 train_loss:3.4352 train_time:854275ms step_avg:330.09ms
step:2599/5100 lr:0.001 train_loss:3.3160 train_time:854673ms step_avg:330.12ms
step:2600/5100 lr:0.001 train_loss:3.6676 train_time:855072ms step_avg:330.14ms
step:2601/5100 lr:0.001 train_loss:3.4802 train_time:855471ms step_avg:330.17ms
step:2602/5100 lr:0.001 train_loss:3.3563 train_time:855869ms step_avg:330.20ms
step:2603/5100 lr:0.001 train_loss:3.4643 train_time:856267ms step_avg:330.22ms
step:2604/5100 lr:0.001 train_loss:3.6406 train_time:856665ms step_avg:330.25ms
step:2605/5100 lr:0.001 train_loss:3.4676 train_time:857064ms step_avg:330.28ms
step:2606/5100 lr:0.001 train_loss:3.1843 train_time:857463ms step_avg:330.30ms
step:2607/5100 lr:0.001 train_loss:3.5047 train_time:857861ms step_avg:330.33ms
step:2608/5100 lr:0.001 train_loss:3.4393 train_time:858259ms step_avg:330.35ms
step:2609/5100 lr:0.001 train_loss:3.5158 train_time:858657ms step_avg:330.38ms
step:2610/5100 lr:0.001 train_loss:3.4171 train_time:859055ms step_avg:330.41ms
step:2611/5100 lr:0.001 train_loss:3.6380 train_time:859453ms step_avg:330.43ms
step:2612/5100 lr:0.001 train_loss:3.3642 train_time:859852ms step_avg:330.46ms
step:2613/5100 lr:0.001 train_loss:3.6136 train_time:860251ms step_avg:330.48ms
step:2614/5100 lr:0.001 train_loss:3.2989 train_time:860649ms step_avg:330.51ms
step:2615/5100 lr:0.001 train_loss:3.3951 train_time:861047ms step_avg:330.54ms
step:2616/5100 lr:0.001 train_loss:3.3962 train_time:861445ms step_avg:330.56ms
step:2617/5100 lr:0.001 train_loss:3.5018 train_time:861844ms step_avg:330.59ms
step:2618/5100 lr:0.001 train_loss:3.5473 train_time:862243ms step_avg:330.61ms
step:2619/5100 lr:0.001 train_loss:3.4582 train_time:862642ms step_avg:330.64ms
step:2620/5100 lr:0.001 train_loss:3.3090 train_time:863040ms step_avg:330.67ms
step:2621/5100 lr:0.001 train_loss:3.6183 train_time:863438ms step_avg:330.69ms
step:2622/5100 lr:0.001 train_loss:3.4371 train_time:863836ms step_avg:330.72ms
step:2623/5100 lr:0.001 train_loss:3.4446 train_time:864235ms step_avg:330.74ms
step:2624/5100 lr:0.001 train_loss:3.6939 train_time:864634ms step_avg:330.77ms
step:2625/5100 lr:0.001 train_loss:3.4720 train_time:865032ms step_avg:330.80ms
step:2625/5100 val_loss:3.4697 train_time:865035ms step_avg:330.80ms
step:2626/5100 lr:0.001 train_loss:3.5393 train_time:869172ms step_avg:332.25ms
step:2627/5100 lr:0.001 train_loss:3.6157 train_time:869571ms step_avg:332.28ms
step:2628/5100 lr:0.001 train_loss:3.3028 train_time:869970ms step_avg:332.30ms
step:2629/5100 lr:0.001 train_loss:3.3206 train_time:870369ms step_avg:332.33ms
step:2630/5100 lr:0.001 train_loss:3.4053 train_time:870767ms step_avg:332.35ms
step:2631/5100 lr:0.001 train_loss:3.4375 train_time:871165ms step_avg:332.38ms
step:2632/5100 lr:0.001 train_loss:3.6472 train_time:871563ms step_avg:332.40ms
step:2633/5100 lr:0.001 train_loss:3.6743 train_time:871962ms step_avg:332.43ms
step:2634/5100 lr:0.001 train_loss:3.6221 train_time:872360ms step_avg:332.45ms
step:2635/5100 lr:0.001 train_loss:3.5236 train_time:872759ms step_avg:332.48ms
step:2636/5100 lr:0.001 train_loss:3.4584 train_time:873158ms step_avg:332.50ms
step:2637/5100 lr:0.001 train_loss:3.4521 train_time:873555ms step_avg:332.53ms
step:2638/5100 lr:0.001 train_loss:3.6763 train_time:873954ms step_avg:332.55ms
step:2639/5100 lr:0.001 train_loss:3.4410 train_time:874352ms step_avg:332.58ms
step:2640/5100 lr:0.001 train_loss:3.4141 train_time:874751ms step_avg:332.60ms
step:2641/5100 lr:0.001 train_loss:3.4656 train_time:875150ms step_avg:332.63ms
step:2642/5100 lr:0.001 train_loss:3.6437 train_time:875548ms step_avg:332.66ms
step:2643/5100 lr:0.001 train_loss:3.6392 train_time:875946ms step_avg:332.68ms
step:2644/5100 lr:0.001 train_loss:3.3608 train_time:876344ms step_avg:332.70ms
step:2645/5100 lr:0.001 train_loss:3.6527 train_time:876743ms step_avg:332.73ms
step:2646/5100 lr:0.001 train_loss:3.4551 train_time:877142ms step_avg:332.75ms
step:2647/5100 lr:0.001 train_loss:3.5660 train_time:877540ms step_avg:332.78ms
step:2648/5100 lr:0.001 train_loss:3.4006 train_time:877939ms step_avg:332.80ms
step:2649/5100 lr:0.001 train_loss:3.3335 train_time:878338ms step_avg:332.83ms
step:2650/5100 lr:0.001 train_loss:3.4719 train_time:878735ms step_avg:332.85ms
step:2651/5100 lr:0.001 train_loss:3.3751 train_time:879134ms step_avg:332.88ms
step:2652/5100 lr:0.001 train_loss:3.4518 train_time:879533ms step_avg:332.90ms
step:2653/5100 lr:0.001 train_loss:3.7646 train_time:879931ms step_avg:332.93ms
step:2654/5100 lr:0.001 train_loss:3.5305 train_time:880330ms step_avg:332.95ms
step:2655/5100 lr:0.001 train_loss:3.4125 train_time:880728ms step_avg:332.98ms
step:2656/5100 lr:0.001 train_loss:3.4441 train_time:881127ms step_avg:333.00ms
step:2657/5100 lr:0.001 train_loss:3.5764 train_time:881525ms step_avg:333.03ms
step:2658/5100 lr:0.001 train_loss:3.4038 train_time:881923ms step_avg:333.05ms
step:2659/5100 lr:0.001 train_loss:3.4775 train_time:882321ms step_avg:333.08ms
step:2660/5100 lr:0.001 train_loss:3.4928 train_time:882924ms step_avg:333.18ms
step:2661/5100 lr:0.001 train_loss:3.5804 train_time:883322ms step_avg:333.20ms
step:2662/5100 lr:0.001 train_loss:3.5116 train_time:883720ms step_avg:333.23ms
step:2663/5100 lr:0.001 train_loss:3.4285 train_time:884120ms step_avg:333.25ms
step:2664/5100 lr:0.001 train_loss:3.5727 train_time:884519ms step_avg:333.28ms
step:2665/5100 lr:0.001 train_loss:3.4732 train_time:884917ms step_avg:333.30ms
step:2666/5100 lr:0.001 train_loss:3.4798 train_time:885315ms step_avg:333.33ms
step:2667/5100 lr:0.001 train_loss:3.6132 train_time:885923ms step_avg:333.43ms
step:2668/5100 lr:0.001 train_loss:3.4177 train_time:886321ms step_avg:333.45ms
step:2669/5100 lr:0.001 train_loss:3.5849 train_time:886720ms step_avg:333.48ms
step:2670/5100 lr:0.001 train_loss:3.4887 train_time:887118ms step_avg:333.50ms
step:2671/5100 lr:0.001 train_loss:3.3842 train_time:887517ms step_avg:333.53ms
step:2672/5100 lr:0.001 train_loss:3.4586 train_time:887915ms step_avg:333.55ms
step:2673/5100 lr:0.001 train_loss:3.3993 train_time:888314ms step_avg:333.58ms
step:2674/5100 lr:0.001 train_loss:3.5592 train_time:888713ms step_avg:333.60ms
step:2675/5100 lr:0.001 train_loss:3.3913 train_time:889111ms step_avg:333.63ms
step:2676/5100 lr:0.001 train_loss:3.5691 train_time:889510ms step_avg:333.65ms
step:2677/5100 lr:0.001 train_loss:3.3107 train_time:889909ms step_avg:333.67ms
step:2678/5100 lr:0.001 train_loss:3.3600 train_time:890307ms step_avg:333.70ms
step:2679/5100 lr:0.001 train_loss:3.4210 train_time:890706ms step_avg:333.72ms
step:2680/5100 lr:0.001 train_loss:3.5160 train_time:891104ms step_avg:333.75ms
step:2681/5100 lr:0.001 train_loss:3.4338 train_time:891503ms step_avg:333.77ms
step:2682/5100 lr:0.001 train_loss:3.4656 train_time:891902ms step_avg:333.80ms
step:2683/5100 lr:0.001 train_loss:3.4019 train_time:892300ms step_avg:333.82ms
step:2684/5100 lr:0.001 train_loss:3.5164 train_time:892699ms step_avg:333.84ms
step:2685/5100 lr:0.001 train_loss:3.5566 train_time:893096ms step_avg:333.87ms
step:2686/5100 lr:0.001 train_loss:3.3599 train_time:893494ms step_avg:333.89ms
step:2687/5100 lr:0.001 train_loss:3.2961 train_time:893893ms step_avg:333.92ms
step:2688/5100 lr:0.001 train_loss:3.3312 train_time:894291ms step_avg:333.94ms
step:2689/5100 lr:0.001 train_loss:3.4378 train_time:894690ms step_avg:333.96ms
step:2690/5100 lr:0.001 train_loss:3.5499 train_time:895088ms step_avg:333.99ms
step:2691/5100 lr:0.001 train_loss:3.6077 train_time:895486ms step_avg:334.01ms
step:2692/5100 lr:0.001 train_loss:3.4861 train_time:895884ms step_avg:334.04ms
step:2693/5100 lr:0.001 train_loss:3.4450 train_time:896283ms step_avg:334.06ms
step:2694/5100 lr:0.001 train_loss:3.7699 train_time:896681ms step_avg:334.08ms
step:2695/5100 lr:0.001 train_loss:3.4869 train_time:897080ms step_avg:334.11ms
step:2696/5100 lr:0.001 train_loss:3.4359 train_time:897478ms step_avg:334.13ms
step:2697/5100 lr:0.001 train_loss:3.3847 train_time:897876ms step_avg:334.16ms
step:2698/5100 lr:0.001 train_loss:3.4685 train_time:898274ms step_avg:334.18ms
step:2699/5100 lr:0.001 train_loss:3.3057 train_time:898673ms step_avg:334.20ms
step:2700/5100 lr:0.001 train_loss:3.9336 train_time:899071ms step_avg:334.23ms
step:2701/5100 lr:0.001 train_loss:3.5332 train_time:899470ms step_avg:334.25ms
step:2702/5100 lr:0.001 train_loss:3.4207 train_time:899869ms step_avg:334.28ms
step:2703/5100 lr:0.001 train_loss:3.5207 train_time:900268ms step_avg:334.30ms
step:2704/5100 lr:0.001 train_loss:3.4160 train_time:900666ms step_avg:334.32ms
step:2705/5100 lr:0.001 train_loss:3.5558 train_time:901064ms step_avg:334.35ms
step:2706/5100 lr:0.001 train_loss:3.6591 train_time:901463ms step_avg:334.37ms
step:2707/5100 lr:0.001 train_loss:3.4453 train_time:901862ms step_avg:334.39ms
step:2708/5100 lr:0.001 train_loss:3.3757 train_time:902261ms step_avg:334.42ms
step:2709/5100 lr:0.001 train_loss:3.3646 train_time:902660ms step_avg:334.44ms
step:2710/5100 lr:0.001 train_loss:3.3856 train_time:903059ms step_avg:334.47ms
step:2711/5100 lr:0.001 train_loss:3.3885 train_time:903457ms step_avg:334.49ms
step:2712/5100 lr:0.001 train_loss:3.6643 train_time:903855ms step_avg:334.51ms
step:2713/5100 lr:0.001 train_loss:3.5089 train_time:904253ms step_avg:334.54ms
step:2714/5100 lr:0.001 train_loss:3.5044 train_time:904652ms step_avg:334.56ms
step:2715/5100 lr:0.001 train_loss:3.5398 train_time:905051ms step_avg:334.58ms
step:2716/5100 lr:0.001 train_loss:3.6427 train_time:905450ms step_avg:334.61ms
step:2717/5100 lr:0.001 train_loss:3.4818 train_time:905847ms step_avg:334.63ms
step:2718/5100 lr:0.001 train_loss:3.5067 train_time:906246ms step_avg:334.66ms
step:2719/5100 lr:0.001 train_loss:3.2937 train_time:906644ms step_avg:334.68ms
step:2720/5100 lr:0.001 train_loss:3.5798 train_time:907043ms step_avg:334.70ms
step:2721/5100 lr:0.001 train_loss:3.3060 train_time:907441ms step_avg:334.73ms
step:2722/5100 lr:0.001 train_loss:3.2959 train_time:907840ms step_avg:334.75ms
step:2723/5100 lr:0.001 train_loss:3.6933 train_time:908238ms step_avg:334.77ms
step:2724/5100 lr:0.001 train_loss:3.4239 train_time:908636ms step_avg:334.80ms
step:2725/5100 lr:0.001 train_loss:3.4765 train_time:909034ms step_avg:334.82ms
step:2726/5100 lr:0.001 train_loss:3.3308 train_time:909434ms step_avg:334.84ms
step:2727/5100 lr:0.001 train_loss:3.5406 train_time:909833ms step_avg:334.87ms
step:2728/5100 lr:0.001 train_loss:3.6615 train_time:910232ms step_avg:334.89ms
step:2729/5100 lr:0.001 train_loss:3.3641 train_time:910631ms step_avg:334.91ms
step:2730/5100 lr:0.001 train_loss:3.4467 train_time:911029ms step_avg:334.94ms
step:2731/5100 lr:0.001 train_loss:3.5727 train_time:911429ms step_avg:334.96ms
step:2732/5100 lr:0.001 train_loss:3.4269 train_time:911827ms step_avg:334.98ms
step:2733/5100 lr:0.001 train_loss:3.4651 train_time:912226ms step_avg:335.01ms
step:2734/5100 lr:0.001 train_loss:3.6395 train_time:912625ms step_avg:335.03ms
step:2735/5100 lr:0.001 train_loss:3.5551 train_time:913023ms step_avg:335.05ms
step:2736/5100 lr:0.001 train_loss:3.3648 train_time:913422ms step_avg:335.08ms
step:2737/5100 lr:0.001 train_loss:3.4335 train_time:913821ms step_avg:335.10ms
step:2738/5100 lr:0.001 train_loss:3.3419 train_time:914219ms step_avg:335.12ms
step:2739/5100 lr:0.001 train_loss:3.3619 train_time:914618ms step_avg:335.15ms
step:2740/5100 lr:0.001 train_loss:3.3699 train_time:915016ms step_avg:335.17ms
step:2741/5100 lr:0.001 train_loss:3.3884 train_time:915414ms step_avg:335.19ms
step:2742/5100 lr:0.001 train_loss:3.2555 train_time:915813ms step_avg:335.22ms
step:2743/5100 lr:0.001 train_loss:3.5076 train_time:916211ms step_avg:335.24ms
step:2744/5100 lr:0.001 train_loss:3.4430 train_time:916610ms step_avg:335.26ms
step:2745/5100 lr:0.001 train_loss:3.7847 train_time:917008ms step_avg:335.29ms
step:2746/5100 lr:0.001 train_loss:3.5016 train_time:917406ms step_avg:335.31ms
step:2747/5100 lr:0.001 train_loss:3.4491 train_time:917804ms step_avg:335.33ms
step:2748/5100 lr:0.001 train_loss:3.4071 train_time:918203ms step_avg:335.36ms
step:2749/5100 lr:0.001 train_loss:3.4363 train_time:918601ms step_avg:335.38ms
step:2750/5100 lr:0.001 train_loss:3.3650 train_time:919001ms step_avg:335.40ms
step:2750/5100 val_loss:3.4597 train_time:919004ms step_avg:335.40ms
step:2751/5100 lr:0.001 train_loss:3.4125 train_time:923151ms step_avg:336.79ms
step:2752/5100 lr:0.001 train_loss:3.2642 train_time:923550ms step_avg:336.82ms
step:2753/5100 lr:0.001 train_loss:3.3612 train_time:923948ms step_avg:336.84ms
step:2754/5100 lr:0.001 train_loss:3.5201 train_time:924347ms step_avg:336.86ms
step:2755/5100 lr:0.001 train_loss:3.4626 train_time:924745ms step_avg:336.88ms
step:2756/5100 lr:0.001 train_loss:3.5519 train_time:925144ms step_avg:336.91ms
step:2757/5100 lr:0.001 train_loss:3.5598 train_time:925542ms step_avg:336.93ms
step:2758/5100 lr:0.001 train_loss:3.5438 train_time:925940ms step_avg:336.95ms
step:2759/5100 lr:0.001 train_loss:3.6224 train_time:926338ms step_avg:336.97ms
step:2760/5100 lr:0.001 train_loss:3.3668 train_time:926737ms step_avg:337.00ms
step:2761/5100 lr:0.001 train_loss:3.4417 train_time:927135ms step_avg:337.02ms
step:2762/5100 lr:0.001 train_loss:3.5593 train_time:927534ms step_avg:337.04ms
step:2763/5100 lr:0.001 train_loss:3.4734 train_time:927933ms step_avg:337.06ms
step:2764/5100 lr:0.001 train_loss:3.1267 train_time:928331ms step_avg:337.08ms
step:2765/5100 lr:0.001 train_loss:3.4412 train_time:928729ms step_avg:337.11ms
step:2766/5100 lr:0.001 train_loss:3.4854 train_time:929128ms step_avg:337.13ms
step:2767/5100 lr:0.001 train_loss:3.5428 train_time:929526ms step_avg:337.15ms
step:2768/5100 lr:0.001 train_loss:3.4884 train_time:929925ms step_avg:337.17ms
step:2769/5100 lr:0.001 train_loss:3.3694 train_time:930323ms step_avg:337.20ms
step:2770/5100 lr:0.001 train_loss:3.4407 train_time:930722ms step_avg:337.22ms
step:2771/5100 lr:0.001 train_loss:3.5147 train_time:931120ms step_avg:337.24ms
step:2772/5100 lr:0.001 train_loss:3.2706 train_time:931518ms step_avg:337.26ms
step:2773/5100 lr:0.001 train_loss:3.4587 train_time:931917ms step_avg:337.28ms
step:2774/5100 lr:0.001 train_loss:3.5647 train_time:932316ms step_avg:337.31ms
step:2775/5100 lr:0.001 train_loss:3.3115 train_time:932715ms step_avg:337.33ms
step:2776/5100 lr:0.001 train_loss:3.5490 train_time:933114ms step_avg:337.35ms
step:2777/5100 lr:0.001 train_loss:3.5675 train_time:933512ms step_avg:337.37ms
step:2778/5100 lr:0.001 train_loss:3.4169 train_time:933910ms step_avg:337.40ms
step:2779/5100 lr:0.001 train_loss:3.2484 train_time:934308ms step_avg:337.42ms
step:2780/5100 lr:0.001 train_loss:3.4088 train_time:934707ms step_avg:337.44ms
step:2781/5100 lr:0.001 train_loss:3.6446 train_time:935105ms step_avg:337.46ms
step:2782/5100 lr:0.001 train_loss:3.4560 train_time:935504ms step_avg:337.48ms
step:2783/5100 lr:0.001 train_loss:3.5969 train_time:935902ms step_avg:337.51ms
step:2784/5100 lr:0.001 train_loss:3.4835 train_time:936301ms step_avg:337.53ms
step:2785/5100 lr:0.001 train_loss:3.3656 train_time:936699ms step_avg:337.55ms
step:2786/5100 lr:0.001 train_loss:3.3082 train_time:937097ms step_avg:337.57ms
step:2787/5100 lr:0.001 train_loss:3.4021 train_time:937496ms step_avg:337.59ms
step:2788/5100 lr:0.001 train_loss:3.4497 train_time:937895ms step_avg:337.62ms
step:2789/5100 lr:0.001 train_loss:3.4753 train_time:938294ms step_avg:337.64ms
step:2790/5100 lr:0.001 train_loss:3.4800 train_time:938691ms step_avg:337.66ms
step:2791/5100 lr:0.001 train_loss:3.4600 train_time:939089ms step_avg:337.68ms
step:2792/5100 lr:0.001 train_loss:3.4358 train_time:939488ms step_avg:337.70ms
step:2793/5100 lr:0.001 train_loss:3.3673 train_time:939886ms step_avg:337.72ms
step:2794/5100 lr:0.001 train_loss:3.5701 train_time:940285ms step_avg:337.75ms
step:2795/5100 lr:0.001 train_loss:3.4859 train_time:940683ms step_avg:337.77ms
step:2796/5100 lr:0.001 train_loss:3.4346 train_time:941082ms step_avg:337.79ms
step:2797/5100 lr:0.001 train_loss:3.4432 train_time:941480ms step_avg:337.81ms
step:2798/5100 lr:0.001 train_loss:3.3731 train_time:941878ms step_avg:337.83ms
step:2799/5100 lr:0.001 train_loss:3.3975 train_time:942277ms step_avg:337.85ms
step:2800/5100 lr:0.001 train_loss:3.5306 train_time:942676ms step_avg:337.88ms
step:2801/5100 lr:0.001 train_loss:3.3396 train_time:943074ms step_avg:337.90ms
step:2802/5100 lr:0.001 train_loss:3.5424 train_time:943473ms step_avg:337.92ms
step:2803/5100 lr:0.001 train_loss:3.4181 train_time:943871ms step_avg:337.94ms
step:2804/5100 lr:0.001 train_loss:3.4430 train_time:944269ms step_avg:337.96ms
step:2805/5100 lr:0.001 train_loss:3.2731 train_time:944668ms step_avg:337.98ms
step:2806/5100 lr:0.001 train_loss:3.6907 train_time:945067ms step_avg:338.01ms
step:2807/5100 lr:0.001 train_loss:3.5786 train_time:945466ms step_avg:338.03ms
step:2808/5100 lr:0.001 train_loss:3.6718 train_time:945864ms step_avg:338.05ms
step:2809/5100 lr:0.001 train_loss:3.3799 train_time:946263ms step_avg:338.07ms
step:2810/5100 lr:0.001 train_loss:3.5369 train_time:946662ms step_avg:338.09ms
step:2811/5100 lr:0.001 train_loss:3.5096 train_time:947060ms step_avg:338.11ms
step:2812/5100 lr:0.001 train_loss:3.2526 train_time:947457ms step_avg:338.14ms
step:2813/5100 lr:0.001 train_loss:3.7109 train_time:947857ms step_avg:338.16ms
step:2814/5100 lr:0.001 train_loss:3.4346 train_time:948256ms step_avg:338.18ms
step:2815/5100 lr:0.001 train_loss:3.3994 train_time:948655ms step_avg:338.20ms
step:2816/5100 lr:0.001 train_loss:3.7118 train_time:949053ms step_avg:338.22ms
step:2817/5100 lr:0.001 train_loss:3.4182 train_time:949451ms step_avg:338.24ms
step:2818/5100 lr:0.001 train_loss:3.4995 train_time:949849ms step_avg:338.27ms
step:2819/5100 lr:0.001 train_loss:3.3174 train_time:950248ms step_avg:338.29ms
step:2820/5100 lr:0.001 train_loss:3.5351 train_time:950647ms step_avg:338.31ms
step:2821/5100 lr:0.001 train_loss:3.4692 train_time:951045ms step_avg:338.33ms
step:2822/5100 lr:0.001 train_loss:3.4616 train_time:951443ms step_avg:338.35ms
step:2823/5100 lr:0.001 train_loss:2.8913 train_time:951842ms step_avg:338.37ms
step:2824/5100 lr:0.001 train_loss:3.4371 train_time:952241ms step_avg:338.39ms
step:2825/5100 lr:0.001 train_loss:3.3476 train_time:952638ms step_avg:338.42ms
step:2826/5100 lr:0.001 train_loss:3.6177 train_time:953037ms step_avg:338.44ms
step:2827/5100 lr:0.001 train_loss:3.5115 train_time:953435ms step_avg:338.46ms
step:2828/5100 lr:0.001 train_loss:3.4950 train_time:953834ms step_avg:338.48ms
step:2829/5100 lr:0.001 train_loss:3.5969 train_time:954233ms step_avg:338.50ms
step:2830/5100 lr:0.001 train_loss:3.5282 train_time:954631ms step_avg:338.52ms
step:2831/5100 lr:0.001 train_loss:3.1887 train_time:955029ms step_avg:338.54ms
step:2832/5100 lr:0.001 train_loss:3.5227 train_time:955427ms step_avg:338.56ms
step:2833/5100 lr:0.001 train_loss:3.6022 train_time:955826ms step_avg:338.59ms
step:2834/5100 lr:0.001 train_loss:3.1735 train_time:956225ms step_avg:338.61ms
step:2835/5100 lr:0.001 train_loss:3.4330 train_time:956624ms step_avg:338.63ms
step:2836/5100 lr:0.001 train_loss:3.4863 train_time:957023ms step_avg:338.65ms
step:2837/5100 lr:0.001 train_loss:3.3991 train_time:957421ms step_avg:338.67ms
step:2838/5100 lr:0.001 train_loss:3.5283 train_time:957819ms step_avg:338.69ms
step:2839/5100 lr:0.001 train_loss:3.4118 train_time:958218ms step_avg:338.71ms
step:2840/5100 lr:0.001 train_loss:3.3998 train_time:958616ms step_avg:338.73ms
step:2841/5100 lr:0.001 train_loss:3.1683 train_time:959015ms step_avg:338.75ms
step:2842/5100 lr:0.001 train_loss:3.6327 train_time:959414ms step_avg:338.78ms
step:2843/5100 lr:0.001 train_loss:3.5180 train_time:959813ms step_avg:338.80ms
step:2844/5100 lr:0.001 train_loss:3.4398 train_time:960211ms step_avg:338.82ms
step:2845/5100 lr:0.001 train_loss:3.3650 train_time:960609ms step_avg:338.84ms
step:2846/5100 lr:0.001 train_loss:3.3847 train_time:961008ms step_avg:338.86ms
step:2847/5100 lr:0.001 train_loss:3.5150 train_time:961406ms step_avg:338.88ms
step:2848/5100 lr:0.001 train_loss:3.3719 train_time:961805ms step_avg:338.90ms
step:2849/5100 lr:0.001 train_loss:3.4747 train_time:962203ms step_avg:338.92ms
step:2850/5100 lr:0.001 train_loss:3.5577 train_time:962805ms step_avg:339.02ms
step:2851/5100 lr:0.001 train_loss:3.4315 train_time:963204ms step_avg:339.04ms
step:2852/5100 lr:0.001 train_loss:3.3890 train_time:963603ms step_avg:339.06ms
step:2853/5100 lr:0.001 train_loss:3.4027 train_time:964001ms step_avg:339.08ms
step:2854/5100 lr:0.001 train_loss:3.8849 train_time:964400ms step_avg:339.10ms
step:2855/5100 lr:0.001 train_loss:3.4140 train_time:964798ms step_avg:339.12ms
step:2856/5100 lr:0.001 train_loss:3.4012 train_time:965196ms step_avg:339.14ms
step:2857/5100 lr:0.001 train_loss:3.5286 train_time:965594ms step_avg:339.16ms
step:2858/5100 lr:0.001 train_loss:3.4137 train_time:966192ms step_avg:339.25ms
step:2859/5100 lr:0.001 train_loss:3.4836 train_time:966590ms step_avg:339.27ms
step:2860/5100 lr:0.001 train_loss:3.4860 train_time:966989ms step_avg:339.29ms
step:2861/5100 lr:0.001 train_loss:3.4602 train_time:967388ms step_avg:339.32ms
step:2862/5100 lr:0.001 train_loss:3.5336 train_time:967787ms step_avg:339.34ms
step:2863/5100 lr:0.001 train_loss:3.5236 train_time:968186ms step_avg:339.36ms
step:2864/5100 lr:0.001 train_loss:3.4534 train_time:968585ms step_avg:339.38ms
step:2865/5100 lr:0.001 train_loss:3.5606 train_time:968983ms step_avg:339.40ms
step:2866/5100 lr:0.001 train_loss:3.3596 train_time:969382ms step_avg:339.42ms
step:2867/5100 lr:0.001 train_loss:3.3898 train_time:969780ms step_avg:339.44ms
step:2868/5100 lr:0.001 train_loss:3.3233 train_time:970178ms step_avg:339.46ms
step:2869/5100 lr:0.001 train_loss:3.5231 train_time:970576ms step_avg:339.48ms
step:2870/5100 lr:0.001 train_loss:3.4035 train_time:970975ms step_avg:339.50ms
step:2871/5100 lr:0.001 train_loss:3.4483 train_time:971374ms step_avg:339.52ms
step:2872/5100 lr:0.001 train_loss:3.5343 train_time:971773ms step_avg:339.54ms
step:2873/5100 lr:0.001 train_loss:3.4382 train_time:972171ms step_avg:339.56ms
step:2874/5100 lr:0.001 train_loss:3.3836 train_time:972569ms step_avg:339.58ms
step:2875/5100 lr:0.001 train_loss:3.5336 train_time:972967ms step_avg:339.60ms
step:2875/5100 val_loss:3.4489 train_time:972970ms step_avg:339.61ms
step:2876/5100 lr:0.001 train_loss:3.2308 train_time:977121ms step_avg:340.94ms
step:2877/5100 lr:0.001 train_loss:3.4312 train_time:977520ms step_avg:340.96ms
step:2878/5100 lr:0.001 train_loss:3.3317 train_time:977919ms step_avg:340.98ms
step:2879/5100 lr:0.001 train_loss:3.4651 train_time:978318ms step_avg:341.00ms
step:2880/5100 lr:0.001 train_loss:3.4626 train_time:978717ms step_avg:341.02ms
step:2881/5100 lr:0.001 train_loss:3.6782 train_time:979115ms step_avg:341.04ms
step:2882/5100 lr:0.001 train_loss:3.5197 train_time:979514ms step_avg:341.06ms
step:2883/5100 lr:0.001 train_loss:3.5114 train_time:979912ms step_avg:341.08ms
step:2884/5100 lr:0.001 train_loss:3.4904 train_time:980310ms step_avg:341.10ms
step:2885/5100 lr:0.001 train_loss:3.3099 train_time:980708ms step_avg:341.12ms
step:2886/5100 lr:0.001 train_loss:3.8800 train_time:981107ms step_avg:341.14ms
step:2887/5100 lr:0.001 train_loss:3.5364 train_time:981505ms step_avg:341.16ms
step:2888/5100 lr:0.001 train_loss:3.4604 train_time:981904ms step_avg:341.18ms
step:2889/5100 lr:0.001 train_loss:3.3191 train_time:982302ms step_avg:341.20ms
step:2890/5100 lr:0.001 train_loss:3.4486 train_time:982701ms step_avg:341.22ms
step:2891/5100 lr:0.001 train_loss:3.5310 train_time:983099ms step_avg:341.24ms
step:2892/5100 lr:0.001 train_loss:3.3190 train_time:983497ms step_avg:341.26ms
step:2893/5100 lr:0.001 train_loss:3.5592 train_time:983896ms step_avg:341.27ms
step:2894/5100 lr:0.001 train_loss:3.4813 train_time:984294ms step_avg:341.29ms
step:2895/5100 lr:0.001 train_loss:3.4950 train_time:984693ms step_avg:341.31ms
step:2896/5100 lr:0.001 train_loss:3.4277 train_time:985090ms step_avg:341.33ms
step:2897/5100 lr:0.001 train_loss:3.5426 train_time:985488ms step_avg:341.35ms
step:2898/5100 lr:0.001 train_loss:3.3346 train_time:985887ms step_avg:341.37ms
step:2899/5100 lr:0.001 train_loss:3.5927 train_time:986285ms step_avg:341.39ms
step:2900/5100 lr:0.001 train_loss:3.2724 train_time:986684ms step_avg:341.41ms
step:2901/5100 lr:0.001 train_loss:3.3662 train_time:987083ms step_avg:341.43ms
step:2902/5100 lr:0.001 train_loss:3.2624 train_time:987481ms step_avg:341.45ms
step:2903/5100 lr:0.001 train_loss:3.4849 train_time:987878ms step_avg:341.47ms
step:2904/5100 lr:0.001 train_loss:3.3016 train_time:988277ms step_avg:341.49ms
step:2905/5100 lr:0.001 train_loss:3.3049 train_time:988675ms step_avg:341.51ms
step:2906/5100 lr:0.001 train_loss:4.8608 train_time:989074ms step_avg:341.53ms
step:2907/5100 lr:0.001 train_loss:3.4507 train_time:989472ms step_avg:341.55ms
step:2908/5100 lr:0.001 train_loss:3.2527 train_time:989870ms step_avg:341.57ms
step:2909/5100 lr:0.001 train_loss:3.3399 train_time:990269ms step_avg:341.59ms
step:2910/5100 lr:0.001 train_loss:3.4989 train_time:990667ms step_avg:341.61ms
step:2911/5100 lr:0.001 train_loss:3.3617 train_time:991067ms step_avg:341.63ms
step:2912/5100 lr:0.001 train_loss:3.5324 train_time:991465ms step_avg:341.65ms
step:2913/5100 lr:0.001 train_loss:3.4262 train_time:991864ms step_avg:341.67ms
step:2914/5100 lr:0.001 train_loss:3.3481 train_time:992262ms step_avg:341.69ms
step:2915/5100 lr:0.001 train_loss:3.5535 train_time:992660ms step_avg:341.71ms
step:2916/5100 lr:0.001 train_loss:3.4658 train_time:993058ms step_avg:341.73ms
step:2917/5100 lr:0.001 train_loss:3.4421 train_time:993457ms step_avg:341.75ms
step:2918/5100 lr:0.001 train_loss:3.3863 train_time:993856ms step_avg:341.77ms
step:2919/5100 lr:0.001 train_loss:3.5533 train_time:994255ms step_avg:341.79ms
step:2920/5100 lr:0.001 train_loss:3.5303 train_time:994654ms step_avg:341.81ms
step:2921/5100 lr:0.001 train_loss:3.4062 train_time:995053ms step_avg:341.83ms
step:2922/5100 lr:0.001 train_loss:3.6594 train_time:995450ms step_avg:341.84ms
step:2923/5100 lr:0.001 train_loss:3.5799 train_time:995848ms step_avg:341.86ms
step:2924/5100 lr:0.001 train_loss:3.4438 train_time:996247ms step_avg:341.88ms
step:2925/5100 lr:0.001 train_loss:3.5268 train_time:996646ms step_avg:341.90ms
step:2926/5100 lr:0.001 train_loss:3.3498 train_time:997045ms step_avg:341.92ms
step:2927/5100 lr:0.001 train_loss:3.4128 train_time:997443ms step_avg:341.94ms
step:2928/5100 lr:0.001 train_loss:3.3595 train_time:997842ms step_avg:341.96ms
step:2929/5100 lr:0.001 train_loss:3.4279 train_time:998240ms step_avg:341.98ms
step:2930/5100 lr:0.001 train_loss:3.6328 train_time:998638ms step_avg:342.00ms
step:2931/5100 lr:0.001 train_loss:3.4196 train_time:999037ms step_avg:342.02ms
step:2932/5100 lr:0.001 train_loss:3.4231 train_time:999436ms step_avg:342.04ms
step:2933/5100 lr:0.001 train_loss:4.0279 train_time:999836ms step_avg:342.06ms
step:2934/5100 lr:0.001 train_loss:3.4882 train_time:1000235ms step_avg:342.08ms
step:2935/5100 lr:0.001 train_loss:3.4281 train_time:1000634ms step_avg:342.10ms
step:2936/5100 lr:0.001 train_loss:3.4621 train_time:1001032ms step_avg:342.12ms
step:2937/5100 lr:0.001 train_loss:3.3377 train_time:1001430ms step_avg:342.14ms
step:2938/5100 lr:0.001 train_loss:3.4402 train_time:1001829ms step_avg:342.15ms
step:2939/5100 lr:0.001 train_loss:3.7236 train_time:1002227ms step_avg:342.17ms
step:2940/5100 lr:0.001 train_loss:3.3659 train_time:1002626ms step_avg:342.19ms
step:2941/5100 lr:0.001 train_loss:3.4260 train_time:1003024ms step_avg:342.21ms
step:2942/5100 lr:0.001 train_loss:3.5640 train_time:1003423ms step_avg:342.23ms
step:2943/5100 lr:0.001 train_loss:3.6472 train_time:1003821ms step_avg:342.25ms
step:2944/5100 lr:0.001 train_loss:3.4103 train_time:1004219ms step_avg:342.27ms
step:2945/5100 lr:0.001 train_loss:3.4690 train_time:1004618ms step_avg:342.29ms
step:2946/5100 lr:0.001 train_loss:3.4704 train_time:1005017ms step_avg:342.31ms
step:2947/5100 lr:0.001 train_loss:3.4731 train_time:1005415ms step_avg:342.33ms
step:2948/5100 lr:0.001 train_loss:3.3183 train_time:1005814ms step_avg:342.35ms
step:2949/5100 lr:0.001 train_loss:3.7294 train_time:1006213ms step_avg:342.37ms
step:2950/5100 lr:0.001 train_loss:3.3231 train_time:1006611ms step_avg:342.38ms
step:2951/5100 lr:0.001 train_loss:3.6398 train_time:1007009ms step_avg:342.40ms
step:2952/5100 lr:0.001 train_loss:3.3455 train_time:1007408ms step_avg:342.42ms
step:2953/5100 lr:0.001 train_loss:3.3438 train_time:1007806ms step_avg:342.44ms
step:2954/5100 lr:0.001 train_loss:3.1707 train_time:1008205ms step_avg:342.46ms
step:2955/5100 lr:0.001 train_loss:3.4627 train_time:1008604ms step_avg:342.48ms
step:2956/5100 lr:0.001 train_loss:3.4085 train_time:1009003ms step_avg:342.50ms
step:2957/5100 lr:0.001 train_loss:3.5340 train_time:1009401ms step_avg:342.52ms
step:2958/5100 lr:0.001 train_loss:3.2755 train_time:1009800ms step_avg:342.54ms
step:2959/5100 lr:0.001 train_loss:3.3783 train_time:1010198ms step_avg:342.56ms
step:2960/5100 lr:0.001 train_loss:3.3658 train_time:1010596ms step_avg:342.57ms
step:2961/5100 lr:0.001 train_loss:3.4643 train_time:1010995ms step_avg:342.59ms
step:2962/5100 lr:0.001 train_loss:3.4645 train_time:1011394ms step_avg:342.61ms
step:2963/5100 lr:0.001 train_loss:3.3579 train_time:1011793ms step_avg:342.63ms
step:2964/5100 lr:0.001 train_loss:3.4915 train_time:1012191ms step_avg:342.65ms
step:2965/5100 lr:0.001 train_loss:3.4370 train_time:1012588ms step_avg:342.67ms
step:2966/5100 lr:0.001 train_loss:3.6106 train_time:1012987ms step_avg:342.69ms
step:2967/5100 lr:0.001 train_loss:3.3909 train_time:1013385ms step_avg:342.71ms
step:2968/5100 lr:0.001 train_loss:3.3334 train_time:1013784ms step_avg:342.73ms
step:2969/5100 lr:0.001 train_loss:3.1981 train_time:1014183ms step_avg:342.75ms
step:2970/5100 lr:0.001 train_loss:3.4388 train_time:1014582ms step_avg:342.76ms
step:2971/5100 lr:0.001 train_loss:3.6250 train_time:1014980ms step_avg:342.78ms
step:2972/5100 lr:0.001 train_loss:3.3460 train_time:1015378ms step_avg:342.80ms
step:2973/5100 lr:0.001 train_loss:3.5132 train_time:1015777ms step_avg:342.82ms
step:2974/5100 lr:0.001 train_loss:3.4033 train_time:1016176ms step_avg:342.84ms
step:2975/5100 lr:0.001 train_loss:3.3753 train_time:1016575ms step_avg:342.86ms
step:2976/5100 lr:0.001 train_loss:3.3210 train_time:1016973ms step_avg:342.88ms
step:2977/5100 lr:0.001 train_loss:3.3801 train_time:1017371ms step_avg:342.90ms
step:2978/5100 lr:0.001 train_loss:3.2522 train_time:1017769ms step_avg:342.91ms
step:2979/5100 lr:0.001 train_loss:3.4047 train_time:1018168ms step_avg:342.93ms
step:2980/5100 lr:0.001 train_loss:3.3407 train_time:1018566ms step_avg:342.95ms
step:2981/5100 lr:0.001 train_loss:3.5602 train_time:1018965ms step_avg:342.97ms
step:2982/5100 lr:0.001 train_loss:3.3329 train_time:1019364ms step_avg:342.99ms
step:2983/5100 lr:0.001 train_loss:3.3647 train_time:1019762ms step_avg:343.01ms
step:2984/5100 lr:0.001 train_loss:3.4390 train_time:1020161ms step_avg:343.03ms
step:2985/5100 lr:0.001 train_loss:3.4551 train_time:1020558ms step_avg:343.04ms
step:2986/5100 lr:0.001 train_loss:3.4806 train_time:1020957ms step_avg:343.06ms
step:2987/5100 lr:0.001 train_loss:3.5366 train_time:1021356ms step_avg:343.08ms
step:2988/5100 lr:0.001 train_loss:3.3712 train_time:1021755ms step_avg:343.10ms
step:2989/5100 lr:0.001 train_loss:3.3848 train_time:1022153ms step_avg:343.12ms
step:2990/5100 lr:0.001 train_loss:3.5475 train_time:1022551ms step_avg:343.14ms
step:2991/5100 lr:0.001 train_loss:3.6895 train_time:1022949ms step_avg:343.16ms
step:2992/5100 lr:0.001 train_loss:3.6027 train_time:1023348ms step_avg:343.17ms
step:2993/5100 lr:0.001 train_loss:3.5398 train_time:1023747ms step_avg:343.19ms
step:2994/5100 lr:0.001 train_loss:3.4096 train_time:1024146ms step_avg:343.21ms
step:2995/5100 lr:0.001 train_loss:3.3182 train_time:1024545ms step_avg:343.23ms
step:2996/5100 lr:0.001 train_loss:3.3191 train_time:1024944ms step_avg:343.25ms
step:2997/5100 lr:0.001 train_loss:3.5051 train_time:1025343ms step_avg:343.27ms
step:2998/5100 lr:0.001 train_loss:3.3977 train_time:1025742ms step_avg:343.29ms
step:2999/5100 lr:0.001 train_loss:3.5490 train_time:1026141ms step_avg:343.31ms
step:3000/5100 lr:0.001 train_loss:3.3505 train_time:1026539ms step_avg:343.32ms
step:3000/5100 val_loss:3.4388 train_time:1026541ms step_avg:343.32ms
step:3001/5100 lr:0.001 train_loss:3.3160 train_time:1030686ms step_avg:344.60ms
step:3002/5100 lr:0.001 train_loss:3.4196 train_time:1031084ms step_avg:344.61ms
step:3003/5100 lr:0.001 train_loss:3.3876 train_time:1031483ms step_avg:344.63ms
step:3004/5100 lr:0.001 train_loss:3.2353 train_time:1031882ms step_avg:344.65ms
step:3005/5100 lr:0.001 train_loss:3.3189 train_time:1032280ms step_avg:344.67ms
step:3006/5100 lr:0.001 train_loss:3.5051 train_time:1032679ms step_avg:344.69ms
step:3007/5100 lr:0.001 train_loss:3.7902 train_time:1033077ms step_avg:344.70ms
step:3008/5100 lr:0.001 train_loss:3.4537 train_time:1033475ms step_avg:344.72ms
step:3009/5100 lr:0.001 train_loss:3.3874 train_time:1033873ms step_avg:344.74ms
step:3010/5100 lr:0.001 train_loss:3.3761 train_time:1034271ms step_avg:344.76ms
step:3011/5100 lr:0.001 train_loss:3.5039 train_time:1034670ms step_avg:344.78ms
step:3012/5100 lr:0.001 train_loss:3.4172 train_time:1035069ms step_avg:344.79ms
step:3013/5100 lr:0.001 train_loss:3.2982 train_time:1035467ms step_avg:344.81ms
step:3014/5100 lr:0.001 train_loss:3.4187 train_time:1035865ms step_avg:344.83ms
step:3015/5100 lr:0.001 train_loss:3.5711 train_time:1036263ms step_avg:344.85ms
step:3016/5100 lr:0.001 train_loss:3.2770 train_time:1036662ms step_avg:344.86ms
step:3017/5100 lr:0.001 train_loss:3.4151 train_time:1037060ms step_avg:344.88ms
step:3018/5100 lr:0.001 train_loss:3.4180 train_time:1037461ms step_avg:344.90ms
step:3019/5100 lr:0.001 train_loss:3.4436 train_time:1037859ms step_avg:344.92ms
step:3020/5100 lr:0.001 train_loss:3.5686 train_time:1038258ms step_avg:344.94ms
step:3021/5100 lr:0.001 train_loss:3.3317 train_time:1038658ms step_avg:344.95ms
step:3022/5100 lr:0.001 train_loss:3.5271 train_time:1039056ms step_avg:344.97ms
step:3023/5100 lr:0.001 train_loss:3.4303 train_time:1039454ms step_avg:344.99ms
step:3024/5100 lr:0.001 train_loss:3.3967 train_time:1039853ms step_avg:345.01ms
step:3025/5100 lr:0.001 train_loss:3.4445 train_time:1040251ms step_avg:345.03ms
step:3026/5100 lr:0.001 train_loss:2.9948 train_time:1040650ms step_avg:345.04ms
step:3027/5100 lr:0.001 train_loss:4.3197 train_time:1041048ms step_avg:345.06ms
step:3028/5100 lr:0.001 train_loss:3.4721 train_time:1041447ms step_avg:345.08ms
step:3029/5100 lr:0.001 train_loss:3.3919 train_time:1041844ms step_avg:345.10ms
step:3030/5100 lr:0.001 train_loss:3.4186 train_time:1042243ms step_avg:345.11ms
step:3031/5100 lr:0.001 train_loss:3.3803 train_time:1042641ms step_avg:345.13ms
step:3032/5100 lr:0.001 train_loss:3.4405 train_time:1043040ms step_avg:345.15ms
step:3033/5100 lr:0.001 train_loss:3.4537 train_time:1043535ms step_avg:345.20ms
step:3034/5100 lr:0.001 train_loss:3.4958 train_time:1043933ms step_avg:345.22ms
step:3035/5100 lr:0.001 train_loss:3.3063 train_time:1044331ms step_avg:345.23ms
step:3036/5100 lr:0.001 train_loss:3.4030 train_time:1044730ms step_avg:345.25ms
step:3037/5100 lr:0.001 train_loss:3.5395 train_time:1045129ms step_avg:345.27ms
step:3038/5100 lr:0.001 train_loss:3.3737 train_time:1045527ms step_avg:345.29ms
step:3039/5100 lr:0.001 train_loss:3.3313 train_time:1045926ms step_avg:345.30ms
step:3040/5100 lr:0.001 train_loss:3.5223 train_time:1046533ms step_avg:345.39ms
step:3041/5100 lr:0.001 train_loss:3.5758 train_time:1046932ms step_avg:345.41ms
step:3042/5100 lr:0.001 train_loss:3.3540 train_time:1047331ms step_avg:345.43ms
step:3043/5100 lr:0.001 train_loss:3.3055 train_time:1047729ms step_avg:345.44ms
step:3044/5100 lr:0.001 train_loss:3.3471 train_time:1048127ms step_avg:345.46ms
step:3045/5100 lr:0.001 train_loss:3.2697 train_time:1048525ms step_avg:345.48ms
step:3046/5100 lr:0.001 train_loss:3.4400 train_time:1048923ms step_avg:345.49ms
step:3047/5100 lr:0.001 train_loss:3.3425 train_time:1049321ms step_avg:345.51ms
step:3048/5100 lr:0.001 train_loss:3.8720 train_time:1049924ms step_avg:345.60ms
step:3049/5100 lr:0.001 train_loss:3.0784 train_time:1050322ms step_avg:345.61ms
step:3050/5100 lr:0.001 train_loss:3.4385 train_time:1050721ms step_avg:345.63ms
step:3051/5100 lr:0.001 train_loss:3.4115 train_time:1051120ms step_avg:345.65ms
step:3052/5100 lr:0.001 train_loss:3.4634 train_time:1051518ms step_avg:345.67ms
step:3053/5100 lr:0.001 train_loss:3.6116 train_time:1051916ms step_avg:345.68ms
step:3054/5100 lr:0.001 train_loss:3.3745 train_time:1052314ms step_avg:345.70ms
step:3055/5100 lr:0.001 train_loss:3.4489 train_time:1052712ms step_avg:345.72ms
step:3056/5100 lr:0.001 train_loss:3.4850 train_time:1053111ms step_avg:345.74ms
step:3057/5100 lr:0.001 train_loss:3.4324 train_time:1053510ms step_avg:345.75ms
step:3058/5100 lr:0.001 train_loss:3.4679 train_time:1053909ms step_avg:345.77ms
step:3059/5100 lr:0.001 train_loss:3.3377 train_time:1054308ms step_avg:345.79ms
step:3060/5100 lr:0.001 train_loss:3.3735 train_time:1054706ms step_avg:345.81ms
step:3061/5100 lr:0.001 train_loss:3.6097 train_time:1055104ms step_avg:345.82ms
step:3062/5100 lr:0.001 train_loss:3.5468 train_time:1055502ms step_avg:345.84ms
step:3063/5100 lr:0.001 train_loss:3.5178 train_time:1055901ms step_avg:345.86ms
step:3064/5100 lr:0.001 train_loss:3.3602 train_time:1056299ms step_avg:345.87ms
step:3065/5100 lr:0.001 train_loss:3.3647 train_time:1056697ms step_avg:345.89ms
step:3066/5100 lr:0.001 train_loss:3.5766 train_time:1057095ms step_avg:345.91ms
step:3067/5100 lr:0.001 train_loss:3.3542 train_time:1057493ms step_avg:345.93ms
step:3068/5100 lr:0.001 train_loss:3.4843 train_time:1057892ms step_avg:345.94ms
step:3069/5100 lr:0.001 train_loss:3.4941 train_time:1058290ms step_avg:345.96ms
step:3070/5100 lr:0.001 train_loss:3.3996 train_time:1058689ms step_avg:345.98ms
step:3071/5100 lr:0.001 train_loss:3.4443 train_time:1059087ms step_avg:345.99ms
step:3072/5100 lr:0.001 train_loss:3.4651 train_time:1059485ms step_avg:346.01ms
step:3073/5100 lr:0.001 train_loss:3.3931 train_time:1059883ms step_avg:346.03ms
step:3074/5100 lr:0.001 train_loss:3.2726 train_time:1060281ms step_avg:346.04ms
step:3075/5100 lr:0.001 train_loss:3.4086 train_time:1060680ms step_avg:346.06ms
step:3076/5100 lr:0.001 train_loss:3.3501 train_time:1061079ms step_avg:346.08ms
step:3077/5100 lr:0.001 train_loss:3.3219 train_time:1061476ms step_avg:346.10ms
step:3078/5100 lr:0.001 train_loss:3.4555 train_time:1061874ms step_avg:346.11ms
step:3079/5100 lr:0.001 train_loss:3.4733 train_time:1062272ms step_avg:346.13ms
step:3080/5100 lr:0.001 train_loss:3.3499 train_time:1062671ms step_avg:346.15ms
step:3081/5100 lr:0.001 train_loss:3.3877 train_time:1063070ms step_avg:346.16ms
step:3082/5100 lr:0.001 train_loss:3.3657 train_time:1063468ms step_avg:346.18ms
step:3083/5100 lr:0.001 train_loss:3.3698 train_time:1063867ms step_avg:346.20ms
step:3084/5100 lr:0.001 train_loss:3.5876 train_time:1064265ms step_avg:346.21ms
step:3085/5100 lr:0.001 train_loss:3.2673 train_time:1064663ms step_avg:346.23ms
step:3086/5100 lr:0.001 train_loss:4.2689 train_time:1065062ms step_avg:346.25ms
step:3087/5100 lr:0.001 train_loss:3.3642 train_time:1065460ms step_avg:346.27ms
step:3088/5100 lr:0.001 train_loss:3.4724 train_time:1065858ms step_avg:346.28ms
step:3089/5100 lr:0.001 train_loss:3.5891 train_time:1066256ms step_avg:346.30ms
step:3090/5100 lr:0.001 train_loss:3.3131 train_time:1066654ms step_avg:346.32ms
step:3091/5100 lr:0.001 train_loss:3.3923 train_time:1067052ms step_avg:346.33ms
step:3092/5100 lr:0.001 train_loss:3.3875 train_time:1067451ms step_avg:346.35ms
step:3093/5100 lr:0.001 train_loss:3.4291 train_time:1067850ms step_avg:346.37ms
step:3094/5100 lr:0.001 train_loss:3.4248 train_time:1068249ms step_avg:346.38ms
step:3095/5100 lr:0.001 train_loss:3.2494 train_time:1068647ms step_avg:346.40ms
step:3096/5100 lr:0.001 train_loss:3.4963 train_time:1069045ms step_avg:346.42ms
step:3097/5100 lr:0.001 train_loss:3.3781 train_time:1069443ms step_avg:346.43ms
step:3098/5100 lr:0.001 train_loss:3.6554 train_time:1069842ms step_avg:346.45ms
step:3099/5100 lr:0.001 train_loss:3.4293 train_time:1070240ms step_avg:346.47ms
step:3100/5100 lr:0.001 train_loss:3.3706 train_time:1070639ms step_avg:346.49ms
step:3101/5100 lr:0.0009995000000000002 train_loss:3.4289 train_time:1071037ms step_avg:346.50ms
step:3102/5100 lr:0.000999 train_loss:3.3808 train_time:1071435ms step_avg:346.52ms
step:3103/5100 lr:0.0009985 train_loss:3.3674 train_time:1071833ms step_avg:346.54ms
step:3104/5100 lr:0.000998 train_loss:3.8303 train_time:1072232ms step_avg:346.55ms
step:3105/5100 lr:0.0009975000000000001 train_loss:3.3824 train_time:1072631ms step_avg:346.57ms
step:3106/5100 lr:0.000997 train_loss:3.4485 train_time:1073029ms step_avg:346.59ms
step:3107/5100 lr:0.0009965 train_loss:3.5324 train_time:1073428ms step_avg:346.60ms
step:3108/5100 lr:0.000996 train_loss:3.4400 train_time:1073826ms step_avg:346.62ms
step:3109/5100 lr:0.0009955 train_loss:3.5205 train_time:1074226ms step_avg:346.64ms
step:3110/5100 lr:0.000995 train_loss:3.3755 train_time:1074624ms step_avg:346.65ms
step:3111/5100 lr:0.0009945000000000002 train_loss:3.9240 train_time:1075022ms step_avg:346.67ms
step:3112/5100 lr:0.000994 train_loss:3.5658 train_time:1075421ms step_avg:346.69ms
step:3113/5100 lr:0.0009935 train_loss:3.0686 train_time:1075820ms step_avg:346.70ms
step:3114/5100 lr:0.000993 train_loss:3.3377 train_time:1076218ms step_avg:346.72ms
step:3115/5100 lr:0.0009925000000000001 train_loss:3.1786 train_time:1076616ms step_avg:346.74ms
step:3116/5100 lr:0.000992 train_loss:3.6171 train_time:1077014ms step_avg:346.75ms
step:3117/5100 lr:0.0009915 train_loss:3.4345 train_time:1077412ms step_avg:346.77ms
step:3118/5100 lr:0.000991 train_loss:3.6037 train_time:1077811ms step_avg:346.79ms
step:3119/5100 lr:0.0009905 train_loss:3.4370 train_time:1078210ms step_avg:346.80ms
step:3120/5100 lr:0.00099 train_loss:3.5352 train_time:1078608ms step_avg:346.82ms
step:3121/5100 lr:0.0009895000000000001 train_loss:3.5335 train_time:1079006ms step_avg:346.84ms
step:3122/5100 lr:0.000989 train_loss:3.4603 train_time:1079405ms step_avg:346.85ms
step:3123/5100 lr:0.0009885 train_loss:3.3281 train_time:1079803ms step_avg:346.87ms
step:3124/5100 lr:0.000988 train_loss:3.3371 train_time:1080202ms step_avg:346.89ms
step:3125/5100 lr:0.0009875 train_loss:3.4297 train_time:1080601ms step_avg:346.90ms
step:3125/5100 val_loss:3.4268 train_time:1080603ms step_avg:346.90ms
step:3126/5100 lr:0.000987 train_loss:3.8568 train_time:1084748ms step_avg:348.12ms
step:3127/5100 lr:0.0009865 train_loss:3.4425 train_time:1085147ms step_avg:348.14ms
step:3128/5100 lr:0.0009860000000000001 train_loss:3.3581 train_time:1085546ms step_avg:348.15ms
step:3129/5100 lr:0.0009855 train_loss:3.5303 train_time:1085944ms step_avg:348.17ms
step:3130/5100 lr:0.000985 train_loss:3.5601 train_time:1086342ms step_avg:348.19ms
step:3131/5100 lr:0.0009845000000000001 train_loss:3.5497 train_time:1086741ms step_avg:348.20ms
step:3132/5100 lr:0.000984 train_loss:3.2700 train_time:1087139ms step_avg:348.22ms
step:3133/5100 lr:0.0009835 train_loss:3.4225 train_time:1087537ms step_avg:348.23ms
step:3134/5100 lr:0.000983 train_loss:3.4140 train_time:1087935ms step_avg:348.25ms
step:3135/5100 lr:0.0009825 train_loss:3.5189 train_time:1088334ms step_avg:348.27ms
step:3136/5100 lr:0.000982 train_loss:3.4564 train_time:1088732ms step_avg:348.28ms
step:3137/5100 lr:0.0009815000000000002 train_loss:3.2241 train_time:1089129ms step_avg:348.30ms
step:3138/5100 lr:0.000981 train_loss:3.2988 train_time:1089527ms step_avg:348.31ms
step:3139/5100 lr:0.0009805 train_loss:3.4532 train_time:1089926ms step_avg:348.33ms
step:3140/5100 lr:0.00098 train_loss:3.4706 train_time:1090325ms step_avg:348.35ms
step:3141/5100 lr:0.0009795000000000001 train_loss:3.2755 train_time:1090723ms step_avg:348.36ms
step:3142/5100 lr:0.000979 train_loss:3.4651 train_time:1091122ms step_avg:348.38ms
step:3143/5100 lr:0.0009785 train_loss:3.2714 train_time:1091520ms step_avg:348.39ms
step:3144/5100 lr:0.000978 train_loss:3.6322 train_time:1091917ms step_avg:348.41ms
step:3145/5100 lr:0.0009775 train_loss:3.8774 train_time:1092316ms step_avg:348.43ms
step:3146/5100 lr:0.000977 train_loss:3.6961 train_time:1092715ms step_avg:348.44ms
step:3147/5100 lr:0.0009765 train_loss:3.3869 train_time:1093114ms step_avg:348.46ms
step:3148/5100 lr:0.000976 train_loss:3.4317 train_time:1093513ms step_avg:348.47ms
step:3149/5100 lr:0.0009755 train_loss:3.3508 train_time:1093911ms step_avg:348.49ms
step:3150/5100 lr:0.000975 train_loss:3.5395 train_time:1094308ms step_avg:348.51ms
step:3151/5100 lr:0.0009745000000000001 train_loss:3.2513 train_time:1094707ms step_avg:348.52ms
step:3152/5100 lr:0.000974 train_loss:3.4798 train_time:1095106ms step_avg:348.54ms
step:3153/5100 lr:0.0009735000000000001 train_loss:3.5816 train_time:1095504ms step_avg:348.55ms
step:3154/5100 lr:0.000973 train_loss:3.3964 train_time:1095902ms step_avg:348.57ms
step:3155/5100 lr:0.0009725000000000001 train_loss:3.6036 train_time:1096301ms step_avg:348.59ms
step:3156/5100 lr:0.000972 train_loss:4.0170 train_time:1096698ms step_avg:348.60ms
step:3157/5100 lr:0.0009715 train_loss:3.3389 train_time:1097096ms step_avg:348.62ms
step:3158/5100 lr:0.000971 train_loss:3.4236 train_time:1097495ms step_avg:348.63ms
step:3159/5100 lr:0.0009705 train_loss:3.5499 train_time:1097893ms step_avg:348.65ms
step:3160/5100 lr:0.0009699999999999999 train_loss:3.3554 train_time:1098291ms step_avg:348.66ms
step:3161/5100 lr:0.0009695000000000001 train_loss:3.4813 train_time:1098689ms step_avg:348.68ms
step:3162/5100 lr:0.000969 train_loss:3.2543 train_time:1099088ms step_avg:348.70ms
step:3163/5100 lr:0.0009685000000000001 train_loss:3.3617 train_time:1099485ms step_avg:348.71ms
step:3164/5100 lr:0.000968 train_loss:3.4638 train_time:1099884ms step_avg:348.73ms
step:3165/5100 lr:0.0009675 train_loss:3.5081 train_time:1100282ms step_avg:348.74ms
step:3166/5100 lr:0.000967 train_loss:3.4149 train_time:1100681ms step_avg:348.76ms
step:3167/5100 lr:0.0009665 train_loss:3.3657 train_time:1101079ms step_avg:348.77ms
step:3168/5100 lr:0.000966 train_loss:3.4828 train_time:1101477ms step_avg:348.79ms
step:3169/5100 lr:0.0009655 train_loss:3.7064 train_time:1101876ms step_avg:348.81ms
step:3170/5100 lr:0.000965 train_loss:3.6276 train_time:1102274ms step_avg:348.82ms
step:3171/5100 lr:0.0009645000000000001 train_loss:3.5094 train_time:1102673ms step_avg:348.84ms
step:3172/5100 lr:0.000964 train_loss:3.4747 train_time:1103071ms step_avg:348.85ms
step:3173/5100 lr:0.0009635000000000001 train_loss:3.4321 train_time:1103468ms step_avg:348.87ms
step:3174/5100 lr:0.000963 train_loss:3.2880 train_time:1103866ms step_avg:348.88ms
step:3175/5100 lr:0.0009625 train_loss:3.2289 train_time:1104265ms step_avg:348.90ms
step:3176/5100 lr:0.000962 train_loss:3.2427 train_time:1104663ms step_avg:348.91ms
step:3177/5100 lr:0.0009615 train_loss:3.4358 train_time:1105062ms step_avg:348.93ms
step:3178/5100 lr:0.0009609999999999999 train_loss:3.2368 train_time:1105460ms step_avg:348.95ms
step:3179/5100 lr:0.0009605000000000001 train_loss:3.3977 train_time:1105857ms step_avg:348.96ms
step:3180/5100 lr:0.00096 train_loss:3.5433 train_time:1106256ms step_avg:348.98ms
step:3181/5100 lr:0.0009595000000000001 train_loss:3.4324 train_time:1106654ms step_avg:348.99ms
step:3182/5100 lr:0.000959 train_loss:3.4630 train_time:1107053ms step_avg:349.01ms
step:3183/5100 lr:0.0009585 train_loss:3.4856 train_time:1107452ms step_avg:349.02ms
step:3184/5100 lr:0.000958 train_loss:3.2932 train_time:1107849ms step_avg:349.04ms
step:3185/5100 lr:0.0009575 train_loss:3.4081 train_time:1108247ms step_avg:349.05ms
step:3186/5100 lr:0.000957 train_loss:3.6412 train_time:1108645ms step_avg:349.07ms
step:3187/5100 lr:0.0009565 train_loss:3.4138 train_time:1109044ms step_avg:349.09ms
step:3188/5100 lr:0.0009559999999999999 train_loss:3.3911 train_time:1109446ms step_avg:349.10ms
step:3189/5100 lr:0.0009555000000000001 train_loss:3.3648 train_time:1109844ms step_avg:349.12ms
step:3190/5100 lr:0.000955 train_loss:3.5485 train_time:1110243ms step_avg:349.13ms
step:3191/5100 lr:0.0009545 train_loss:3.4907 train_time:1110641ms step_avg:349.15ms
step:3192/5100 lr:0.000954 train_loss:3.3848 train_time:1111039ms step_avg:349.16ms
step:3193/5100 lr:0.0009535 train_loss:3.6009 train_time:1111437ms step_avg:349.18ms
step:3194/5100 lr:0.000953 train_loss:3.5205 train_time:1111836ms step_avg:349.19ms
step:3195/5100 lr:0.0009525 train_loss:3.3322 train_time:1112234ms step_avg:349.21ms
step:3196/5100 lr:0.0009519999999999999 train_loss:3.6281 train_time:1112633ms step_avg:349.23ms
step:3197/5100 lr:0.0009515 train_loss:3.4018 train_time:1113031ms step_avg:349.24ms
step:3198/5100 lr:0.000951 train_loss:3.3340 train_time:1113429ms step_avg:349.26ms
step:3199/5100 lr:0.0009505000000000001 train_loss:3.3658 train_time:1113827ms step_avg:349.27ms
step:3200/5100 lr:0.00095 train_loss:3.3219 train_time:1114226ms step_avg:349.29ms
step:3201/5100 lr:0.0009495 train_loss:4.0514 train_time:1114624ms step_avg:349.30ms
step:3202/5100 lr:0.000949 train_loss:3.4322 train_time:1115023ms step_avg:349.32ms
step:3203/5100 lr:0.0009485 train_loss:3.2191 train_time:1115421ms step_avg:349.33ms
step:3204/5100 lr:0.000948 train_loss:3.4115 train_time:1115819ms step_avg:349.35ms
step:3205/5100 lr:0.0009475 train_loss:3.2210 train_time:1116217ms step_avg:349.36ms
step:3206/5100 lr:0.0009469999999999999 train_loss:3.2559 train_time:1116615ms step_avg:349.38ms
step:3207/5100 lr:0.0009465000000000001 train_loss:3.2106 train_time:1117013ms step_avg:349.39ms
step:3208/5100 lr:0.000946 train_loss:3.3772 train_time:1117412ms step_avg:349.41ms
step:3209/5100 lr:0.0009455 train_loss:3.4268 train_time:1117811ms step_avg:349.43ms
step:3210/5100 lr:0.000945 train_loss:3.3250 train_time:1118208ms step_avg:349.44ms
step:3211/5100 lr:0.0009445 train_loss:3.3556 train_time:1118606ms step_avg:349.46ms
step:3212/5100 lr:0.000944 train_loss:3.4202 train_time:1119005ms step_avg:349.47ms
step:3213/5100 lr:0.0009435 train_loss:3.6633 train_time:1119404ms step_avg:349.49ms
step:3214/5100 lr:0.0009429999999999999 train_loss:3.1674 train_time:1119803ms step_avg:349.50ms
step:3215/5100 lr:0.0009425 train_loss:3.5763 train_time:1120201ms step_avg:349.52ms
step:3216/5100 lr:0.000942 train_loss:3.5155 train_time:1120599ms step_avg:349.53ms
step:3217/5100 lr:0.0009415000000000001 train_loss:3.5723 train_time:1120998ms step_avg:349.55ms
step:3218/5100 lr:0.000941 train_loss:3.2813 train_time:1121396ms step_avg:349.56ms
step:3219/5100 lr:0.0009405 train_loss:3.2448 train_time:1121795ms step_avg:349.58ms
step:3220/5100 lr:0.00094 train_loss:3.2990 train_time:1122194ms step_avg:349.59ms
step:3221/5100 lr:0.0009395 train_loss:3.7131 train_time:1122593ms step_avg:349.61ms
step:3222/5100 lr:0.000939 train_loss:3.2112 train_time:1122991ms step_avg:349.62ms
step:3223/5100 lr:0.0009385 train_loss:3.3910 train_time:1123388ms step_avg:349.64ms
step:3224/5100 lr:0.0009379999999999999 train_loss:3.3118 train_time:1123786ms step_avg:349.65ms
step:3225/5100 lr:0.0009375 train_loss:3.3748 train_time:1124185ms step_avg:349.67ms
step:3226/5100 lr:0.0009370000000000001 train_loss:3.3902 train_time:1124584ms step_avg:349.68ms
step:3227/5100 lr:0.0009365 train_loss:3.5720 train_time:1124983ms step_avg:349.70ms
step:3228/5100 lr:0.0009360000000000001 train_loss:3.4897 train_time:1125381ms step_avg:349.71ms
step:3229/5100 lr:0.0009355 train_loss:3.3921 train_time:1125779ms step_avg:349.73ms
step:3230/5100 lr:0.0009350000000000001 train_loss:3.3225 train_time:1126383ms step_avg:349.81ms
step:3231/5100 lr:0.0009345 train_loss:3.3009 train_time:1126781ms step_avg:349.82ms
step:3232/5100 lr:0.000934 train_loss:3.2671 train_time:1127179ms step_avg:349.84ms
step:3233/5100 lr:0.0009335 train_loss:3.3986 train_time:1127577ms step_avg:349.85ms
step:3234/5100 lr:0.000933 train_loss:3.2444 train_time:1127975ms step_avg:349.87ms
step:3235/5100 lr:0.0009325000000000001 train_loss:3.3210 train_time:1128374ms step_avg:349.88ms
step:3236/5100 lr:0.0009320000000000001 train_loss:3.4398 train_time:1128772ms step_avg:349.90ms
step:3237/5100 lr:0.0009315 train_loss:3.2425 train_time:1129170ms step_avg:349.91ms
step:3238/5100 lr:0.0009310000000000001 train_loss:3.1657 train_time:1129568ms step_avg:349.93ms
step:3239/5100 lr:0.0009305 train_loss:3.4763 train_time:1130173ms step_avg:350.01ms
step:3240/5100 lr:0.00093 train_loss:4.0738 train_time:1130573ms step_avg:350.02ms
step:3241/5100 lr:0.0009295 train_loss:3.4559 train_time:1130972ms step_avg:350.04ms
step:3242/5100 lr:0.000929 train_loss:3.2873 train_time:1131370ms step_avg:350.05ms
step:3243/5100 lr:0.0009285 train_loss:3.4024 train_time:1131768ms step_avg:350.07ms
step:3244/5100 lr:0.0009280000000000001 train_loss:3.4227 train_time:1132167ms step_avg:350.08ms
step:3245/5100 lr:0.0009275 train_loss:3.4673 train_time:1132565ms step_avg:350.10ms
step:3246/5100 lr:0.0009270000000000001 train_loss:3.4725 train_time:1132964ms step_avg:350.11ms
step:3247/5100 lr:0.0009265 train_loss:3.2437 train_time:1133363ms step_avg:350.13ms
step:3248/5100 lr:0.0009260000000000001 train_loss:2.9624 train_time:1133761ms step_avg:350.14ms
step:3249/5100 lr:0.0009255 train_loss:3.5014 train_time:1134160ms step_avg:350.16ms
step:3250/5100 lr:0.000925 train_loss:3.2516 train_time:1134558ms step_avg:350.17ms
step:3250/5100 val_loss:3.4095 train_time:1134561ms step_avg:350.17ms
step:3251/5100 lr:0.0009245 train_loss:3.4360 train_time:1138712ms step_avg:351.35ms
step:3252/5100 lr:0.000924 train_loss:3.4181 train_time:1139111ms step_avg:351.36ms
step:3253/5100 lr:0.0009235000000000001 train_loss:3.4925 train_time:1139509ms step_avg:351.38ms
step:3254/5100 lr:0.0009230000000000001 train_loss:3.3674 train_time:1140150ms step_avg:351.46ms
step:3255/5100 lr:0.0009225 train_loss:3.5455 train_time:1140548ms step_avg:351.48ms
step:3256/5100 lr:0.0009220000000000001 train_loss:3.2820 train_time:1140947ms step_avg:351.49ms
step:3257/5100 lr:0.0009215 train_loss:3.4728 train_time:1141345ms step_avg:351.51ms
step:3258/5100 lr:0.000921 train_loss:3.5588 train_time:1141744ms step_avg:351.52ms
step:3259/5100 lr:0.0009205 train_loss:3.4577 train_time:1142143ms step_avg:351.54ms
step:3260/5100 lr:0.00092 train_loss:3.4214 train_time:1142542ms step_avg:351.55ms
step:3261/5100 lr:0.0009195 train_loss:3.4199 train_time:1142941ms step_avg:351.57ms
step:3262/5100 lr:0.0009190000000000001 train_loss:3.4063 train_time:1143340ms step_avg:351.58ms
step:3263/5100 lr:0.0009185 train_loss:3.5783 train_time:1143738ms step_avg:351.59ms
step:3264/5100 lr:0.0009180000000000001 train_loss:3.3715 train_time:1144136ms step_avg:351.61ms
step:3265/5100 lr:0.0009175 train_loss:3.4097 train_time:1144535ms step_avg:351.62ms
step:3266/5100 lr:0.0009170000000000001 train_loss:3.4122 train_time:1144934ms step_avg:351.64ms
step:3267/5100 lr:0.0009165 train_loss:3.3215 train_time:1145333ms step_avg:351.65ms
step:3268/5100 lr:0.000916 train_loss:3.3292 train_time:1145732ms step_avg:351.67ms
step:3269/5100 lr:0.0009155 train_loss:3.4987 train_time:1146132ms step_avg:351.68ms
step:3270/5100 lr:0.000915 train_loss:3.4845 train_time:1146531ms step_avg:351.70ms
step:3271/5100 lr:0.0009145 train_loss:3.2524 train_time:1146929ms step_avg:351.71ms
step:3272/5100 lr:0.0009140000000000001 train_loss:3.4462 train_time:1147327ms step_avg:351.73ms
step:3273/5100 lr:0.0009135 train_loss:3.4880 train_time:1147726ms step_avg:351.74ms
step:3274/5100 lr:0.0009130000000000001 train_loss:3.5525 train_time:1148375ms step_avg:351.83ms
step:3275/5100 lr:0.0009125 train_loss:3.1670 train_time:1148774ms step_avg:351.85ms
step:3276/5100 lr:0.000912 train_loss:3.3230 train_time:1149173ms step_avg:351.86ms
step:3277/5100 lr:0.0009115 train_loss:3.5266 train_time:1149571ms step_avg:351.87ms
step:3278/5100 lr:0.000911 train_loss:3.3987 train_time:1149969ms step_avg:351.89ms
step:3279/5100 lr:0.0009105 train_loss:3.3335 train_time:1150367ms step_avg:351.90ms
step:3280/5100 lr:0.00091 train_loss:3.6226 train_time:1150766ms step_avg:351.92ms
step:3281/5100 lr:0.0009095 train_loss:3.4157 train_time:1151164ms step_avg:351.93ms
step:3282/5100 lr:0.0009090000000000001 train_loss:3.5766 train_time:1151563ms step_avg:351.94ms
step:3283/5100 lr:0.0009085 train_loss:3.2326 train_time:1151961ms step_avg:351.96ms
step:3284/5100 lr:0.0009080000000000001 train_loss:3.3161 train_time:1152360ms step_avg:351.97ms
step:3285/5100 lr:0.0009075 train_loss:3.2618 train_time:1152758ms step_avg:351.99ms
step:3286/5100 lr:0.000907 train_loss:3.3130 train_time:1153156ms step_avg:352.00ms
step:3287/5100 lr:0.0009065 train_loss:3.3100 train_time:1153581ms step_avg:352.02ms
step:3288/5100 lr:0.000906 train_loss:3.5401 train_time:1153980ms step_avg:352.04ms
step:3289/5100 lr:0.0009055 train_loss:3.1644 train_time:1154378ms step_avg:352.05ms
step:3290/5100 lr:0.0009050000000000001 train_loss:3.3144 train_time:1154775ms step_avg:352.07ms
step:3291/5100 lr:0.0009045 train_loss:3.3729 train_time:1155175ms step_avg:352.08ms
step:3292/5100 lr:0.0009040000000000001 train_loss:3.7016 train_time:1155573ms step_avg:352.09ms
step:3293/5100 lr:0.0009035 train_loss:2.9908 train_time:1155972ms step_avg:352.11ms
step:3294/5100 lr:0.000903 train_loss:3.7086 train_time:1156370ms step_avg:352.12ms
step:3295/5100 lr:0.0009025 train_loss:3.3230 train_time:1156768ms step_avg:352.14ms
step:3296/5100 lr:0.000902 train_loss:3.1880 train_time:1157411ms step_avg:352.22ms
step:3297/5100 lr:0.0009015 train_loss:3.5752 train_time:1157809ms step_avg:352.24ms
step:3298/5100 lr:0.000901 train_loss:3.5723 train_time:1158208ms step_avg:352.25ms
step:3299/5100 lr:0.0009004999999999999 train_loss:3.3475 train_time:1158606ms step_avg:352.27ms
step:3300/5100 lr:0.0009000000000000001 train_loss:3.5146 train_time:1159005ms step_avg:352.28ms
step:3301/5100 lr:0.0008995 train_loss:3.3606 train_time:1159404ms step_avg:352.30ms
step:3302/5100 lr:0.0008990000000000001 train_loss:3.4022 train_time:1159804ms step_avg:352.31ms
step:3303/5100 lr:0.0008985 train_loss:3.3722 train_time:1160203ms step_avg:352.32ms
step:3304/5100 lr:0.000898 train_loss:3.2844 train_time:1160602ms step_avg:352.34ms
step:3305/5100 lr:0.0008975 train_loss:3.3864 train_time:1161001ms step_avg:352.35ms
step:3306/5100 lr:0.000897 train_loss:3.5591 train_time:1161401ms step_avg:352.37ms
step:3307/5100 lr:0.0008964999999999999 train_loss:3.4507 train_time:1161800ms step_avg:352.38ms
step:3308/5100 lr:0.000896 train_loss:3.4228 train_time:1162199ms step_avg:352.40ms
step:3309/5100 lr:0.0008955 train_loss:3.3349 train_time:1162598ms step_avg:352.41ms
step:3310/5100 lr:0.0008950000000000001 train_loss:3.4337 train_time:1162996ms step_avg:352.42ms
step:3311/5100 lr:0.0008945 train_loss:3.3381 train_time:1163395ms step_avg:352.44ms
step:3312/5100 lr:0.000894 train_loss:3.4795 train_time:1163794ms step_avg:352.45ms
step:3313/5100 lr:0.0008935 train_loss:3.5423 train_time:1164193ms step_avg:352.47ms
step:3314/5100 lr:0.000893 train_loss:3.4620 train_time:1164592ms step_avg:352.48ms
step:3315/5100 lr:0.0008925 train_loss:3.3231 train_time:1164991ms step_avg:352.49ms
step:3316/5100 lr:0.000892 train_loss:3.3715 train_time:1165389ms step_avg:352.51ms
step:3317/5100 lr:0.0008914999999999999 train_loss:3.3831 train_time:1165787ms step_avg:352.52ms
step:3318/5100 lr:0.0008910000000000001 train_loss:3.3614 train_time:1166186ms step_avg:352.53ms
step:3319/5100 lr:0.0008905 train_loss:3.2896 train_time:1166585ms step_avg:352.55ms
step:3320/5100 lr:0.0008900000000000001 train_loss:3.9436 train_time:1167224ms step_avg:352.64ms
step:3321/5100 lr:0.0008895 train_loss:3.3683 train_time:1167623ms step_avg:352.65ms
step:3322/5100 lr:0.000889 train_loss:3.4484 train_time:1168023ms step_avg:352.66ms
step:3323/5100 lr:0.0008885 train_loss:3.1463 train_time:1168424ms step_avg:352.68ms
step:3324/5100 lr:0.000888 train_loss:3.3269 train_time:1168822ms step_avg:352.69ms
step:3325/5100 lr:0.0008874999999999999 train_loss:3.6257 train_time:1169221ms step_avg:352.71ms
step:3326/5100 lr:0.000887 train_loss:3.1981 train_time:1169620ms step_avg:352.72ms
step:3327/5100 lr:0.0008865 train_loss:3.6418 train_time:1170018ms step_avg:352.73ms
step:3328/5100 lr:0.0008860000000000001 train_loss:3.4194 train_time:1170417ms step_avg:352.75ms
step:3329/5100 lr:0.0008855 train_loss:3.3519 train_time:1170815ms step_avg:352.76ms
step:3330/5100 lr:0.000885 train_loss:3.4938 train_time:1171215ms step_avg:352.78ms
step:3331/5100 lr:0.0008845 train_loss:3.2899 train_time:1171614ms step_avg:352.79ms
step:3332/5100 lr:0.000884 train_loss:3.2509 train_time:1172013ms step_avg:352.80ms
step:3333/5100 lr:0.0008835 train_loss:3.3754 train_time:1172412ms step_avg:352.82ms
step:3334/5100 lr:0.000883 train_loss:3.4050 train_time:1172811ms step_avg:352.83ms
step:3335/5100 lr:0.0008824999999999999 train_loss:3.4998 train_time:1173210ms step_avg:352.84ms
step:3336/5100 lr:0.000882 train_loss:3.5024 train_time:1173608ms step_avg:352.86ms
step:3337/5100 lr:0.0008815 train_loss:3.8193 train_time:1174007ms step_avg:352.87ms
step:3338/5100 lr:0.0008810000000000001 train_loss:3.3378 train_time:1174407ms step_avg:352.89ms
step:3339/5100 lr:0.0008805 train_loss:3.3331 train_time:1174807ms step_avg:352.90ms
step:3340/5100 lr:0.00088 train_loss:3.4533 train_time:1175206ms step_avg:352.91ms
step:3341/5100 lr:0.0008795 train_loss:3.4021 train_time:1175605ms step_avg:352.93ms
step:3342/5100 lr:0.000879 train_loss:3.2754 train_time:1176004ms step_avg:352.94ms
step:3343/5100 lr:0.0008784999999999999 train_loss:3.2998 train_time:1176403ms step_avg:352.96ms
step:3344/5100 lr:0.000878 train_loss:3.5186 train_time:1176803ms step_avg:352.97ms
step:3345/5100 lr:0.0008774999999999999 train_loss:3.3481 train_time:1177202ms step_avg:352.98ms
step:3346/5100 lr:0.0008770000000000001 train_loss:3.5789 train_time:1177601ms step_avg:353.00ms
step:3347/5100 lr:0.0008765 train_loss:3.4123 train_time:1178000ms step_avg:353.01ms
step:3348/5100 lr:0.000876 train_loss:3.4618 train_time:1178399ms step_avg:353.03ms
step:3349/5100 lr:0.0008755 train_loss:3.4454 train_time:1178798ms step_avg:353.04ms
step:3350/5100 lr:0.000875 train_loss:3.3004 train_time:1179196ms step_avg:353.05ms
step:3351/5100 lr:0.0008745000000000001 train_loss:3.3688 train_time:1179596ms step_avg:353.07ms
step:3352/5100 lr:0.000874 train_loss:3.3805 train_time:1179995ms step_avg:353.08ms
step:3353/5100 lr:0.0008735 train_loss:3.3585 train_time:1180394ms step_avg:353.09ms
step:3354/5100 lr:0.000873 train_loss:3.5501 train_time:1180793ms step_avg:353.11ms
step:3355/5100 lr:0.0008725000000000001 train_loss:3.3958 train_time:1181192ms step_avg:353.12ms
step:3356/5100 lr:0.000872 train_loss:3.4844 train_time:1181591ms step_avg:353.14ms
step:3357/5100 lr:0.0008715000000000001 train_loss:3.4184 train_time:1181990ms step_avg:353.15ms
step:3358/5100 lr:0.000871 train_loss:3.2751 train_time:1182389ms step_avg:353.16ms
step:3359/5100 lr:0.0008705000000000001 train_loss:3.3976 train_time:1182787ms step_avg:353.18ms
step:3360/5100 lr:0.00087 train_loss:3.4249 train_time:1183185ms step_avg:353.19ms
step:3361/5100 lr:0.0008695 train_loss:3.6136 train_time:1183585ms step_avg:353.20ms
step:3362/5100 lr:0.000869 train_loss:3.4110 train_time:1183984ms step_avg:353.22ms
step:3363/5100 lr:0.0008685 train_loss:3.3056 train_time:1184384ms step_avg:353.23ms
step:3364/5100 lr:0.0008680000000000001 train_loss:3.3388 train_time:1184783ms step_avg:353.24ms
step:3365/5100 lr:0.0008675000000000001 train_loss:3.3547 train_time:1185183ms step_avg:353.26ms
step:3366/5100 lr:0.000867 train_loss:3.4149 train_time:1185582ms step_avg:353.27ms
step:3367/5100 lr:0.0008665000000000001 train_loss:3.5606 train_time:1185981ms step_avg:353.29ms
step:3368/5100 lr:0.000866 train_loss:3.1275 train_time:1186380ms step_avg:353.30ms
step:3369/5100 lr:0.0008655000000000001 train_loss:3.4503 train_time:1186779ms step_avg:353.31ms
step:3370/5100 lr:0.000865 train_loss:3.3191 train_time:1187178ms step_avg:353.33ms
step:3371/5100 lr:0.0008645 train_loss:3.3655 train_time:1187576ms step_avg:353.34ms
step:3372/5100 lr:0.000864 train_loss:3.3973 train_time:1187975ms step_avg:353.35ms
step:3373/5100 lr:0.0008635 train_loss:4.0286 train_time:1188374ms step_avg:353.37ms
step:3374/5100 lr:0.000863 train_loss:3.6094 train_time:1188774ms step_avg:353.38ms
step:3375/5100 lr:0.0008625000000000001 train_loss:3.5062 train_time:1189173ms step_avg:353.39ms
step:3375/5100 val_loss:3.3975 train_time:1189176ms step_avg:353.40ms
step:3376/5100 lr:0.000862 train_loss:3.3324 train_time:1193308ms step_avg:354.52ms
step:3377/5100 lr:0.0008615000000000001 train_loss:3.4736 train_time:1193707ms step_avg:354.53ms
step:3378/5100 lr:0.000861 train_loss:3.4853 train_time:1194105ms step_avg:354.54ms
step:3379/5100 lr:0.0008605 train_loss:3.4190 train_time:1194504ms step_avg:354.56ms
step:3380/5100 lr:0.00086 train_loss:3.4483 train_time:1194903ms step_avg:354.57ms
step:3381/5100 lr:0.0008595 train_loss:3.4176 train_time:1195301ms step_avg:354.58ms
step:3382/5100 lr:0.000859 train_loss:3.2908 train_time:1195700ms step_avg:354.60ms
step:3383/5100 lr:0.0008585000000000001 train_loss:3.4184 train_time:1196098ms step_avg:354.61ms
step:3384/5100 lr:0.000858 train_loss:3.3927 train_time:1196496ms step_avg:354.62ms
step:3385/5100 lr:0.0008575000000000001 train_loss:3.4441 train_time:1196895ms step_avg:354.64ms
step:3386/5100 lr:0.000857 train_loss:3.4328 train_time:1197293ms step_avg:354.65ms
step:3387/5100 lr:0.0008565000000000001 train_loss:3.2653 train_time:1197692ms step_avg:354.66ms
step:3388/5100 lr:0.000856 train_loss:3.4171 train_time:1198090ms step_avg:354.67ms
step:3389/5100 lr:0.0008555 train_loss:3.3530 train_time:1198488ms step_avg:354.69ms
step:3390/5100 lr:0.000855 train_loss:3.3796 train_time:1198886ms step_avg:354.70ms
step:3391/5100 lr:0.0008545 train_loss:3.2998 train_time:1199284ms step_avg:354.71ms
step:3392/5100 lr:0.000854 train_loss:3.4678 train_time:1199683ms step_avg:354.73ms
step:3393/5100 lr:0.0008535000000000001 train_loss:3.3052 train_time:1200081ms step_avg:354.74ms
step:3394/5100 lr:0.000853 train_loss:3.2592 train_time:1200479ms step_avg:354.75ms
step:3395/5100 lr:0.0008525000000000001 train_loss:3.3972 train_time:1200878ms step_avg:354.76ms
step:3396/5100 lr:0.000852 train_loss:3.4375 train_time:1201276ms step_avg:354.78ms
step:3397/5100 lr:0.0008515 train_loss:3.4714 train_time:1201676ms step_avg:354.79ms
step:3398/5100 lr:0.000851 train_loss:3.4433 train_time:1202074ms step_avg:354.80ms
step:3399/5100 lr:0.0008505 train_loss:3.3169 train_time:1202472ms step_avg:354.82ms
step:3400/5100 lr:0.00085 train_loss:3.3839 train_time:1202871ms step_avg:354.83ms
step:3401/5100 lr:0.0008495000000000001 train_loss:3.6030 train_time:1203269ms step_avg:354.84ms
step:3402/5100 lr:0.000849 train_loss:4.0192 train_time:1203667ms step_avg:354.85ms
step:3403/5100 lr:0.0008485000000000001 train_loss:3.5444 train_time:1204066ms step_avg:354.87ms
step:3404/5100 lr:0.000848 train_loss:3.2104 train_time:1204464ms step_avg:354.88ms
step:3405/5100 lr:0.0008475000000000001 train_loss:3.6329 train_time:1204863ms step_avg:354.89ms
step:3406/5100 lr:0.000847 train_loss:3.2676 train_time:1205262ms step_avg:354.91ms
step:3407/5100 lr:0.0008465 train_loss:3.4403 train_time:1205660ms step_avg:354.92ms
step:3408/5100 lr:0.000846 train_loss:3.2850 train_time:1206058ms step_avg:354.93ms
step:3409/5100 lr:0.0008455 train_loss:3.3439 train_time:1206456ms step_avg:354.94ms
step:3410/5100 lr:0.0008449999999999999 train_loss:3.2789 train_time:1206855ms step_avg:354.96ms
step:3411/5100 lr:0.0008445000000000001 train_loss:3.4837 train_time:1207254ms step_avg:354.97ms
step:3412/5100 lr:0.000844 train_loss:3.3058 train_time:1207652ms step_avg:354.98ms
step:3413/5100 lr:0.0008435000000000001 train_loss:3.5105 train_time:1208050ms step_avg:355.00ms
step:3414/5100 lr:0.000843 train_loss:3.3185 train_time:1208448ms step_avg:355.01ms
step:3415/5100 lr:0.0008425 train_loss:3.4103 train_time:1208846ms step_avg:355.02ms
step:3416/5100 lr:0.000842 train_loss:3.3248 train_time:1209244ms step_avg:355.03ms
step:3417/5100 lr:0.0008415 train_loss:3.4898 train_time:1209643ms step_avg:355.05ms
step:3418/5100 lr:0.000841 train_loss:3.3456 train_time:1210041ms step_avg:355.06ms
step:3419/5100 lr:0.0008405 train_loss:3.1135 train_time:1210440ms step_avg:355.07ms
step:3420/5100 lr:0.00084 train_loss:3.2884 train_time:1211049ms step_avg:355.15ms
step:3421/5100 lr:0.0008395000000000001 train_loss:3.4411 train_time:1211447ms step_avg:355.16ms
step:3422/5100 lr:0.000839 train_loss:3.3224 train_time:1211845ms step_avg:355.17ms
step:3423/5100 lr:0.0008385 train_loss:3.3938 train_time:1212244ms step_avg:355.18ms
step:3424/5100 lr:0.000838 train_loss:3.4107 train_time:1212642ms step_avg:355.20ms
step:3425/5100 lr:0.0008375 train_loss:3.5783 train_time:1213041ms step_avg:355.21ms
step:3426/5100 lr:0.000837 train_loss:3.3387 train_time:1213440ms step_avg:355.22ms
step:3427/5100 lr:0.0008365 train_loss:3.3860 train_time:1213839ms step_avg:355.24ms
step:3428/5100 lr:0.0008359999999999999 train_loss:3.3199 train_time:1214237ms step_avg:355.25ms
step:3429/5100 lr:0.0008355000000000001 train_loss:3.4228 train_time:1214839ms step_avg:355.32ms
step:3430/5100 lr:0.000835 train_loss:3.3672 train_time:1215237ms step_avg:355.33ms
step:3431/5100 lr:0.0008345000000000001 train_loss:3.2714 train_time:1215635ms step_avg:355.34ms
step:3432/5100 lr:0.000834 train_loss:3.5543 train_time:1216034ms step_avg:355.36ms
step:3433/5100 lr:0.0008335 train_loss:3.6886 train_time:1216432ms step_avg:355.37ms
step:3434/5100 lr:0.000833 train_loss:3.4115 train_time:1216831ms step_avg:355.38ms
step:3435/5100 lr:0.0008325 train_loss:3.3938 train_time:1217229ms step_avg:355.40ms
step:3436/5100 lr:0.000832 train_loss:3.3797 train_time:1217627ms step_avg:355.41ms
step:3437/5100 lr:0.0008315 train_loss:3.2868 train_time:1218025ms step_avg:355.42ms
step:3438/5100 lr:0.0008309999999999999 train_loss:3.3393 train_time:1218424ms step_avg:355.43ms
step:3439/5100 lr:0.0008305000000000001 train_loss:3.4585 train_time:1218823ms step_avg:355.45ms
step:3440/5100 lr:0.00083 train_loss:3.5914 train_time:1219222ms step_avg:355.46ms
step:3441/5100 lr:0.0008295 train_loss:3.3000 train_time:1219620ms step_avg:355.47ms
step:3442/5100 lr:0.000829 train_loss:3.6558 train_time:1220019ms step_avg:355.48ms
step:3443/5100 lr:0.0008285 train_loss:3.4595 train_time:1220417ms step_avg:355.50ms
step:3444/5100 lr:0.000828 train_loss:3.2827 train_time:1220815ms step_avg:355.51ms
step:3445/5100 lr:0.0008275 train_loss:3.3106 train_time:1221213ms step_avg:355.52ms
step:3446/5100 lr:0.0008269999999999999 train_loss:3.3722 train_time:1221612ms step_avg:355.53ms
step:3447/5100 lr:0.0008265 train_loss:3.5111 train_time:1222011ms step_avg:355.55ms
step:3448/5100 lr:0.000826 train_loss:3.2663 train_time:1222410ms step_avg:355.56ms
step:3449/5100 lr:0.0008255000000000001 train_loss:3.4997 train_time:1222809ms step_avg:355.57ms
step:3450/5100 lr:0.000825 train_loss:3.3755 train_time:1223207ms step_avg:355.58ms
step:3451/5100 lr:0.0008245 train_loss:3.5397 train_time:1223605ms step_avg:355.60ms
step:3452/5100 lr:0.000824 train_loss:3.4864 train_time:1224004ms step_avg:355.61ms
step:3453/5100 lr:0.0008235 train_loss:3.3833 train_time:1224403ms step_avg:355.62ms
step:3454/5100 lr:0.000823 train_loss:3.2783 train_time:1224801ms step_avg:355.63ms
step:3455/5100 lr:0.0008225 train_loss:3.6542 train_time:1225200ms step_avg:355.65ms
step:3456/5100 lr:0.0008219999999999999 train_loss:3.4218 train_time:1225599ms step_avg:355.66ms
step:3457/5100 lr:0.0008215000000000001 train_loss:3.2673 train_time:1225997ms step_avg:355.67ms
step:3458/5100 lr:0.000821 train_loss:3.5767 train_time:1226395ms step_avg:355.68ms
step:3459/5100 lr:0.0008205 train_loss:3.5427 train_time:1226794ms step_avg:355.70ms
step:3460/5100 lr:0.00082 train_loss:3.4768 train_time:1227193ms step_avg:355.71ms
step:3461/5100 lr:0.0008195 train_loss:3.2948 train_time:1227591ms step_avg:355.72ms
step:3462/5100 lr:0.000819 train_loss:3.6188 train_time:1227990ms step_avg:355.73ms
step:3463/5100 lr:0.0008185 train_loss:3.1870 train_time:1228388ms step_avg:355.75ms
step:3464/5100 lr:0.0008179999999999999 train_loss:3.5485 train_time:1228785ms step_avg:355.76ms
step:3465/5100 lr:0.0008175 train_loss:3.3369 train_time:1229184ms step_avg:355.77ms
step:3466/5100 lr:0.000817 train_loss:3.4321 train_time:1229583ms step_avg:355.78ms
step:3467/5100 lr:0.0008165000000000001 train_loss:3.4701 train_time:1229981ms step_avg:355.79ms
step:3468/5100 lr:0.000816 train_loss:3.3128 train_time:1230380ms step_avg:355.81ms
step:3469/5100 lr:0.0008155 train_loss:3.4004 train_time:1230778ms step_avg:355.82ms
step:3470/5100 lr:0.000815 train_loss:3.3911 train_time:1231176ms step_avg:355.83ms
step:3471/5100 lr:0.0008145 train_loss:3.3489 train_time:1231574ms step_avg:355.84ms
step:3472/5100 lr:0.0008139999999999999 train_loss:3.3486 train_time:1231973ms step_avg:355.86ms
step:3473/5100 lr:0.0008135 train_loss:3.2734 train_time:1232371ms step_avg:355.87ms
step:3474/5100 lr:0.0008129999999999999 train_loss:3.3629 train_time:1232770ms step_avg:355.88ms
step:3475/5100 lr:0.0008125000000000001 train_loss:3.4545 train_time:1233168ms step_avg:355.89ms
step:3476/5100 lr:0.0008120000000000001 train_loss:3.4220 train_time:1233566ms step_avg:355.90ms
step:3477/5100 lr:0.0008115 train_loss:3.4255 train_time:1233964ms step_avg:355.92ms
step:3478/5100 lr:0.0008110000000000001 train_loss:3.4563 train_time:1234363ms step_avg:355.93ms
step:3479/5100 lr:0.0008105 train_loss:3.3081 train_time:1234762ms step_avg:355.94ms
step:3480/5100 lr:0.0008100000000000001 train_loss:3.5918 train_time:1235160ms step_avg:355.95ms
step:3481/5100 lr:0.0008095 train_loss:4.2386 train_time:1235559ms step_avg:355.97ms
step:3482/5100 lr:0.000809 train_loss:3.4356 train_time:1235958ms step_avg:355.98ms
step:3483/5100 lr:0.0008085 train_loss:3.4380 train_time:1236356ms step_avg:355.99ms
step:3484/5100 lr:0.000808 train_loss:3.3910 train_time:1236755ms step_avg:356.00ms
step:3485/5100 lr:0.0008075000000000001 train_loss:3.4024 train_time:1237153ms step_avg:356.02ms
step:3486/5100 lr:0.0008070000000000001 train_loss:3.2371 train_time:1237552ms step_avg:356.03ms
step:3487/5100 lr:0.0008065 train_loss:3.3694 train_time:1237951ms step_avg:356.04ms
step:3488/5100 lr:0.0008060000000000001 train_loss:3.1289 train_time:1238591ms step_avg:356.12ms
step:3489/5100 lr:0.0008055 train_loss:3.5764 train_time:1238989ms step_avg:356.13ms
step:3490/5100 lr:0.000805 train_loss:3.3690 train_time:1239387ms step_avg:356.15ms
step:3491/5100 lr:0.0008045 train_loss:3.3886 train_time:1239785ms step_avg:356.16ms
step:3492/5100 lr:0.000804 train_loss:3.4172 train_time:1240184ms step_avg:356.17ms
step:3493/5100 lr:0.0008035 train_loss:3.3895 train_time:1240583ms step_avg:356.18ms
step:3494/5100 lr:0.0008030000000000001 train_loss:3.4104 train_time:1240982ms step_avg:356.19ms
step:3495/5100 lr:0.0008025 train_loss:3.6563 train_time:1241380ms step_avg:356.21ms
step:3496/5100 lr:0.0008020000000000001 train_loss:3.3764 train_time:1241779ms step_avg:356.22ms
step:3497/5100 lr:0.0008015 train_loss:3.3230 train_time:1242177ms step_avg:356.23ms
step:3498/5100 lr:0.0008010000000000001 train_loss:3.5852 train_time:1242575ms step_avg:356.24ms
step:3499/5100 lr:0.0008005 train_loss:3.4601 train_time:1242974ms step_avg:356.25ms
step:3500/5100 lr:0.0008 train_loss:3.3640 train_time:1243620ms step_avg:356.34ms
step:3500/5100 val_loss:3.3801 train_time:1243622ms step_avg:356.34ms
step:3501/5100 lr:0.0007995 train_loss:3.1868 train_time:1247767ms step_avg:357.42ms
step:3502/5100 lr:0.000799 train_loss:3.5842 train_time:1248166ms step_avg:357.44ms
step:3503/5100 lr:0.0007985000000000001 train_loss:3.3856 train_time:1248565ms step_avg:357.45ms
step:3504/5100 lr:0.0007980000000000001 train_loss:3.4675 train_time:1248964ms step_avg:357.46ms
step:3505/5100 lr:0.0007975 train_loss:3.4990 train_time:1249362ms step_avg:357.47ms
step:3506/5100 lr:0.0007970000000000001 train_loss:3.3149 train_time:1249761ms step_avg:357.48ms
step:3507/5100 lr:0.0007965 train_loss:3.5019 train_time:1250160ms step_avg:357.49ms
step:3508/5100 lr:0.000796 train_loss:3.3797 train_time:1250558ms step_avg:357.51ms
step:3509/5100 lr:0.0007955 train_loss:3.3557 train_time:1250957ms step_avg:357.52ms
step:3510/5100 lr:0.000795 train_loss:3.5627 train_time:1251356ms step_avg:357.53ms
step:3511/5100 lr:0.0007945 train_loss:3.2976 train_time:1251755ms step_avg:357.54ms
step:3512/5100 lr:0.0007940000000000001 train_loss:3.3529 train_time:1252154ms step_avg:357.55ms
step:3513/5100 lr:0.0007935 train_loss:3.4477 train_time:1252552ms step_avg:357.57ms
step:3514/5100 lr:0.0007930000000000001 train_loss:3.5242 train_time:1252951ms step_avg:357.58ms
step:3515/5100 lr:0.0007925 train_loss:3.2306 train_time:1253349ms step_avg:357.59ms
step:3516/5100 lr:0.0007920000000000001 train_loss:3.3919 train_time:1253747ms step_avg:357.60ms
step:3517/5100 lr:0.0007915 train_loss:3.2565 train_time:1254145ms step_avg:357.61ms
step:3518/5100 lr:0.000791 train_loss:3.6970 train_time:1254544ms step_avg:357.62ms
step:3519/5100 lr:0.0007905 train_loss:3.3233 train_time:1254942ms step_avg:357.64ms
step:3520/5100 lr:0.00079 train_loss:3.2255 train_time:1255341ms step_avg:357.65ms
step:3521/5100 lr:0.0007894999999999999 train_loss:3.4008 train_time:1255739ms step_avg:357.66ms
step:3522/5100 lr:0.0007890000000000001 train_loss:3.2535 train_time:1256137ms step_avg:357.67ms
step:3523/5100 lr:0.0007885 train_loss:3.2854 train_time:1256536ms step_avg:357.68ms
step:3524/5100 lr:0.0007880000000000001 train_loss:3.3820 train_time:1256935ms step_avg:357.69ms
step:3525/5100 lr:0.0007875 train_loss:3.3398 train_time:1257333ms step_avg:357.71ms
step:3526/5100 lr:0.000787 train_loss:3.4523 train_time:1257732ms step_avg:357.72ms
step:3527/5100 lr:0.0007865 train_loss:3.3101 train_time:1258131ms step_avg:357.73ms
step:3528/5100 lr:0.000786 train_loss:3.2391 train_time:1258529ms step_avg:357.74ms
step:3529/5100 lr:0.0007855 train_loss:3.5908 train_time:1258927ms step_avg:357.75ms
step:3530/5100 lr:0.000785 train_loss:3.5053 train_time:1259325ms step_avg:357.76ms
step:3531/5100 lr:0.0007845 train_loss:3.3644 train_time:1259724ms step_avg:357.77ms
step:3532/5100 lr:0.0007840000000000001 train_loss:3.2727 train_time:1260122ms step_avg:357.79ms
step:3533/5100 lr:0.0007835 train_loss:3.4437 train_time:1260521ms step_avg:357.80ms
step:3534/5100 lr:0.0007830000000000001 train_loss:3.2943 train_time:1260919ms step_avg:357.81ms
step:3535/5100 lr:0.0007825 train_loss:3.5196 train_time:1261318ms step_avg:357.82ms
step:3536/5100 lr:0.000782 train_loss:3.3876 train_time:1261716ms step_avg:357.83ms
step:3537/5100 lr:0.0007815 train_loss:3.0977 train_time:1262114ms step_avg:357.84ms
step:3538/5100 lr:0.000781 train_loss:3.5403 train_time:1262513ms step_avg:357.86ms
step:3539/5100 lr:0.0007804999999999999 train_loss:3.3325 train_time:1262911ms step_avg:357.87ms
step:3540/5100 lr:0.0007800000000000001 train_loss:3.1855 train_time:1263310ms step_avg:357.88ms
step:3541/5100 lr:0.0007795 train_loss:3.2372 train_time:1263708ms step_avg:357.89ms
step:3542/5100 lr:0.0007790000000000001 train_loss:3.2981 train_time:1264106ms step_avg:357.90ms
step:3543/5100 lr:0.0007785 train_loss:3.2661 train_time:1264504ms step_avg:357.91ms
step:3544/5100 lr:0.000778 train_loss:3.2185 train_time:1264903ms step_avg:357.92ms
step:3545/5100 lr:0.0007775 train_loss:3.4909 train_time:1265301ms step_avg:357.94ms
step:3546/5100 lr:0.000777 train_loss:3.4135 train_time:1265700ms step_avg:357.95ms
step:3547/5100 lr:0.0007765 train_loss:3.3083 train_time:1266098ms step_avg:357.96ms
step:3548/5100 lr:0.000776 train_loss:3.3177 train_time:1266496ms step_avg:357.97ms
step:3549/5100 lr:0.0007754999999999999 train_loss:3.5798 train_time:1266895ms step_avg:357.98ms
step:3550/5100 lr:0.0007750000000000001 train_loss:3.3150 train_time:1267293ms step_avg:357.99ms
step:3551/5100 lr:0.0007745 train_loss:3.4700 train_time:1267692ms step_avg:358.00ms
step:3552/5100 lr:0.0007740000000000001 train_loss:3.5631 train_time:1268090ms step_avg:358.02ms
step:3553/5100 lr:0.0007735 train_loss:3.5244 train_time:1268488ms step_avg:358.03ms
step:3554/5100 lr:0.000773 train_loss:3.4728 train_time:1268887ms step_avg:358.04ms
step:3555/5100 lr:0.0007725 train_loss:3.2850 train_time:1269284ms step_avg:358.05ms
step:3556/5100 lr:0.000772 train_loss:3.2906 train_time:1269683ms step_avg:358.06ms
step:3557/5100 lr:0.0007714999999999999 train_loss:3.4044 train_time:1270081ms step_avg:358.07ms
step:3558/5100 lr:0.000771 train_loss:3.5116 train_time:1270480ms step_avg:358.08ms
step:3559/5100 lr:0.0007705 train_loss:3.2897 train_time:1270878ms step_avg:358.09ms
step:3560/5100 lr:0.0007700000000000001 train_loss:3.2069 train_time:1271275ms step_avg:358.11ms
step:3561/5100 lr:0.0007695 train_loss:3.3864 train_time:1271674ms step_avg:358.12ms
step:3562/5100 lr:0.000769 train_loss:3.4811 train_time:1272073ms step_avg:358.13ms
step:3563/5100 lr:0.0007685 train_loss:3.4065 train_time:1272471ms step_avg:358.14ms
step:3564/5100 lr:0.000768 train_loss:3.3324 train_time:1272870ms step_avg:358.15ms
step:3565/5100 lr:0.0007675 train_loss:3.1795 train_time:1273267ms step_avg:358.16ms
step:3566/5100 lr:0.000767 train_loss:3.2514 train_time:1273667ms step_avg:358.17ms
step:3567/5100 lr:0.0007664999999999999 train_loss:3.4333 train_time:1274065ms step_avg:358.19ms
step:3568/5100 lr:0.0007660000000000001 train_loss:3.9266 train_time:1274464ms step_avg:358.20ms
step:3569/5100 lr:0.0007655 train_loss:3.4358 train_time:1274862ms step_avg:358.21ms
step:3570/5100 lr:0.0007650000000000001 train_loss:3.4045 train_time:1275261ms step_avg:358.22ms
step:3571/5100 lr:0.0007645 train_loss:3.2313 train_time:1275659ms step_avg:358.23ms
step:3572/5100 lr:0.000764 train_loss:3.6439 train_time:1276057ms step_avg:358.24ms
step:3573/5100 lr:0.0007635 train_loss:3.2766 train_time:1276456ms step_avg:358.25ms
step:3574/5100 lr:0.000763 train_loss:3.1409 train_time:1276855ms step_avg:358.26ms
step:3575/5100 lr:0.0007624999999999999 train_loss:3.3702 train_time:1277254ms step_avg:358.28ms
step:3576/5100 lr:0.000762 train_loss:3.5515 train_time:1277653ms step_avg:358.29ms
step:3577/5100 lr:0.0007615 train_loss:3.3849 train_time:1278051ms step_avg:358.30ms
step:3578/5100 lr:0.0007610000000000001 train_loss:3.3891 train_time:1278450ms step_avg:358.31ms
step:3579/5100 lr:0.0007605 train_loss:3.5031 train_time:1278848ms step_avg:358.32ms
step:3580/5100 lr:0.00076 train_loss:3.6906 train_time:1279245ms step_avg:358.33ms
step:3581/5100 lr:0.0007595 train_loss:3.1948 train_time:1279644ms step_avg:358.34ms
step:3582/5100 lr:0.000759 train_loss:3.3973 train_time:1280042ms step_avg:358.35ms
step:3583/5100 lr:0.0007585 train_loss:3.5686 train_time:1280441ms step_avg:358.37ms
step:3584/5100 lr:0.000758 train_loss:3.5636 train_time:1280839ms step_avg:358.38ms
step:3585/5100 lr:0.0007574999999999999 train_loss:3.3251 train_time:1281237ms step_avg:358.39ms
step:3586/5100 lr:0.000757 train_loss:3.3203 train_time:1281636ms step_avg:358.40ms
step:3587/5100 lr:0.0007565 train_loss:3.4490 train_time:1282035ms step_avg:358.41ms
step:3588/5100 lr:0.000756 train_loss:3.3919 train_time:1282433ms step_avg:358.42ms
step:3589/5100 lr:0.0007555 train_loss:3.3207 train_time:1282832ms step_avg:358.43ms
step:3590/5100 lr:0.000755 train_loss:3.3000 train_time:1283231ms step_avg:358.44ms
step:3591/5100 lr:0.0007545 train_loss:3.2430 train_time:1283629ms step_avg:358.46ms
step:3592/5100 lr:0.000754 train_loss:3.3188 train_time:1284027ms step_avg:358.47ms
step:3593/5100 lr:0.0007534999999999999 train_loss:3.4420 train_time:1284426ms step_avg:358.48ms
step:3594/5100 lr:0.000753 train_loss:3.3397 train_time:1284824ms step_avg:358.49ms
step:3595/5100 lr:0.0007524999999999999 train_loss:3.3148 train_time:1285223ms step_avg:358.50ms
step:3596/5100 lr:0.0007520000000000001 train_loss:3.3208 train_time:1285622ms step_avg:358.51ms
step:3597/5100 lr:0.0007515 train_loss:3.3059 train_time:1286021ms step_avg:358.52ms
step:3598/5100 lr:0.000751 train_loss:3.4700 train_time:1286419ms step_avg:358.53ms
step:3599/5100 lr:0.0007505 train_loss:3.6610 train_time:1286816ms step_avg:358.54ms
step:3600/5100 lr:0.00075 train_loss:3.4226 train_time:1287215ms step_avg:358.56ms
step:3601/5100 lr:0.0007495000000000001 train_loss:3.4817 train_time:1287614ms step_avg:358.57ms
step:3602/5100 lr:0.000749 train_loss:3.3815 train_time:1288012ms step_avg:358.58ms
step:3603/5100 lr:0.0007485 train_loss:3.4234 train_time:1288411ms step_avg:358.59ms
step:3604/5100 lr:0.000748 train_loss:3.1540 train_time:1288809ms step_avg:358.60ms
step:3605/5100 lr:0.0007475000000000001 train_loss:3.3245 train_time:1289207ms step_avg:358.61ms
step:3606/5100 lr:0.000747 train_loss:3.6765 train_time:1289605ms step_avg:358.62ms
step:3607/5100 lr:0.0007465000000000001 train_loss:3.3941 train_time:1290004ms step_avg:358.63ms
step:3608/5100 lr:0.000746 train_loss:3.1979 train_time:1290645ms step_avg:358.71ms
step:3609/5100 lr:0.0007455000000000001 train_loss:3.3781 train_time:1291043ms step_avg:358.72ms
step:3610/5100 lr:0.000745 train_loss:3.5009 train_time:1291648ms step_avg:358.79ms
step:3611/5100 lr:0.0007445 train_loss:3.4089 train_time:1292046ms step_avg:358.80ms
step:3612/5100 lr:0.000744 train_loss:3.3856 train_time:1292444ms step_avg:358.81ms
step:3613/5100 lr:0.0007435 train_loss:3.6591 train_time:1292843ms step_avg:358.82ms
step:3614/5100 lr:0.0007430000000000001 train_loss:3.2742 train_time:1293242ms step_avg:358.84ms
step:3615/5100 lr:0.0007425000000000001 train_loss:3.2544 train_time:1293641ms step_avg:358.85ms
step:3616/5100 lr:0.000742 train_loss:3.7791 train_time:1294039ms step_avg:358.86ms
step:3617/5100 lr:0.0007415000000000001 train_loss:3.3024 train_time:1294437ms step_avg:358.87ms
step:3618/5100 lr:0.000741 train_loss:3.2876 train_time:1294836ms step_avg:358.88ms
step:3619/5100 lr:0.0007405000000000001 train_loss:3.2112 train_time:1295235ms step_avg:358.89ms
step:3620/5100 lr:0.00074 train_loss:3.3704 train_time:1296069ms step_avg:359.02ms
step:3621/5100 lr:0.0007395 train_loss:3.2510 train_time:1296468ms step_avg:359.03ms
step:3622/5100 lr:0.000739 train_loss:3.4967 train_time:1296866ms step_avg:359.04ms
step:3623/5100 lr:0.0007385 train_loss:3.2244 train_time:1297264ms step_avg:359.05ms
step:3624/5100 lr:0.000738 train_loss:3.3288 train_time:1297663ms step_avg:359.07ms
step:3625/5100 lr:0.0007375000000000001 train_loss:3.6563 train_time:1298062ms step_avg:359.08ms
step:3625/5100 val_loss:3.3644 train_time:1298065ms step_avg:359.08ms
step:3626/5100 lr:0.000737 train_loss:3.4838 train_time:1302222ms step_avg:360.13ms
step:3627/5100 lr:0.0007365000000000001 train_loss:3.2314 train_time:1302620ms step_avg:360.14ms
step:3628/5100 lr:0.000736 train_loss:3.3828 train_time:1303019ms step_avg:360.15ms
step:3629/5100 lr:0.0007355 train_loss:3.9684 train_time:1303417ms step_avg:360.16ms
step:3630/5100 lr:0.000735 train_loss:3.5678 train_time:1303816ms step_avg:360.17ms
step:3631/5100 lr:0.0007345 train_loss:3.2359 train_time:1304215ms step_avg:360.18ms
step:3632/5100 lr:0.000734 train_loss:3.3804 train_time:1304614ms step_avg:360.19ms
step:3633/5100 lr:0.0007335000000000001 train_loss:3.6415 train_time:1305012ms step_avg:360.20ms
step:3634/5100 lr:0.000733 train_loss:3.3643 train_time:1305411ms step_avg:360.21ms
step:3635/5100 lr:0.0007325000000000001 train_loss:3.3516 train_time:1305809ms step_avg:360.22ms
step:3636/5100 lr:0.000732 train_loss:3.3795 train_time:1306207ms step_avg:360.23ms
step:3637/5100 lr:0.0007315 train_loss:3.0808 train_time:1306606ms step_avg:360.24ms
step:3638/5100 lr:0.000731 train_loss:3.4361 train_time:1307005ms step_avg:360.25ms
step:3639/5100 lr:0.0007305 train_loss:3.5108 train_time:1307403ms step_avg:360.27ms
step:3640/5100 lr:0.00073 train_loss:3.4772 train_time:1307802ms step_avg:360.28ms
step:3641/5100 lr:0.0007295 train_loss:3.4597 train_time:1308200ms step_avg:360.29ms
step:3642/5100 lr:0.000729 train_loss:3.2896 train_time:1308598ms step_avg:360.30ms
step:3643/5100 lr:0.0007285000000000001 train_loss:3.2492 train_time:1308996ms step_avg:360.31ms
step:3644/5100 lr:0.000728 train_loss:3.3411 train_time:1309395ms step_avg:360.32ms
step:3645/5100 lr:0.0007275000000000001 train_loss:3.5495 train_time:1309794ms step_avg:360.33ms
step:3646/5100 lr:0.000727 train_loss:3.3464 train_time:1310192ms step_avg:360.34ms
step:3647/5100 lr:0.0007265 train_loss:3.3130 train_time:1310591ms step_avg:360.35ms
step:3648/5100 lr:0.000726 train_loss:3.4683 train_time:1310989ms step_avg:360.36ms
step:3649/5100 lr:0.0007255 train_loss:3.3308 train_time:1311387ms step_avg:360.37ms
step:3650/5100 lr:0.000725 train_loss:3.3397 train_time:1311786ms step_avg:360.38ms
step:3651/5100 lr:0.0007245000000000001 train_loss:3.3571 train_time:1312184ms step_avg:360.39ms
step:3652/5100 lr:0.000724 train_loss:3.2993 train_time:1312583ms step_avg:360.40ms
step:3653/5100 lr:0.0007235000000000001 train_loss:3.1087 train_time:1312982ms step_avg:360.41ms
step:3654/5100 lr:0.000723 train_loss:3.3819 train_time:1313380ms step_avg:360.42ms
step:3655/5100 lr:0.0007225 train_loss:3.2908 train_time:1313779ms step_avg:360.43ms
step:3656/5100 lr:0.000722 train_loss:3.4006 train_time:1314177ms step_avg:360.44ms
step:3657/5100 lr:0.0007215 train_loss:3.1875 train_time:1314575ms step_avg:360.45ms
step:3658/5100 lr:0.000721 train_loss:3.4786 train_time:1314974ms step_avg:360.46ms
step:3659/5100 lr:0.0007205 train_loss:3.2965 train_time:1315372ms step_avg:360.47ms
step:3660/5100 lr:0.0007199999999999999 train_loss:3.0694 train_time:1315771ms step_avg:360.49ms
step:3661/5100 lr:0.0007195000000000001 train_loss:3.4589 train_time:1316169ms step_avg:360.50ms
step:3662/5100 lr:0.000719 train_loss:3.2755 train_time:1316566ms step_avg:360.51ms
step:3663/5100 lr:0.0007185000000000001 train_loss:3.5271 train_time:1316965ms step_avg:360.52ms
step:3664/5100 lr:0.000718 train_loss:3.4186 train_time:1317364ms step_avg:360.53ms
step:3665/5100 lr:0.0007175 train_loss:3.3742 train_time:1317762ms step_avg:360.54ms
step:3666/5100 lr:0.000717 train_loss:3.2970 train_time:1318161ms step_avg:360.55ms
step:3667/5100 lr:0.0007165 train_loss:3.3620 train_time:1318560ms step_avg:360.56ms
step:3668/5100 lr:0.000716 train_loss:3.4474 train_time:1318958ms step_avg:360.57ms
step:3669/5100 lr:0.0007155 train_loss:3.3823 train_time:1319356ms step_avg:360.58ms
step:3670/5100 lr:0.000715 train_loss:3.2361 train_time:1319754ms step_avg:360.59ms
step:3671/5100 lr:0.0007145000000000001 train_loss:3.3495 train_time:1320153ms step_avg:360.60ms
step:3672/5100 lr:0.000714 train_loss:3.3309 train_time:1320552ms step_avg:360.61ms
step:3673/5100 lr:0.0007135 train_loss:3.5162 train_time:1320950ms step_avg:360.62ms
step:3674/5100 lr:0.000713 train_loss:3.3516 train_time:1321348ms step_avg:360.63ms
step:3675/5100 lr:0.0007125 train_loss:3.2828 train_time:1321746ms step_avg:360.64ms
step:3676/5100 lr:0.000712 train_loss:3.3239 train_time:1322145ms step_avg:360.65ms
step:3677/5100 lr:0.0007115 train_loss:3.3829 train_time:1322544ms step_avg:360.66ms
step:3678/5100 lr:0.0007109999999999999 train_loss:3.5581 train_time:1322943ms step_avg:360.67ms
step:3679/5100 lr:0.0007105000000000001 train_loss:3.3961 train_time:1323342ms step_avg:360.68ms
step:3680/5100 lr:0.00071 train_loss:3.4119 train_time:1323740ms step_avg:360.69ms
step:3681/5100 lr:0.0007095000000000001 train_loss:3.6622 train_time:1324139ms step_avg:360.70ms
step:3682/5100 lr:0.000709 train_loss:3.3586 train_time:1324536ms step_avg:360.71ms
step:3683/5100 lr:0.0007085 train_loss:3.4624 train_time:1324934ms step_avg:360.72ms
step:3684/5100 lr:0.000708 train_loss:3.2767 train_time:1325333ms step_avg:360.73ms
step:3685/5100 lr:0.0007075 train_loss:3.3527 train_time:1325732ms step_avg:360.74ms
step:3686/5100 lr:0.000707 train_loss:3.2762 train_time:1326130ms step_avg:360.75ms
step:3687/5100 lr:0.0007065 train_loss:3.3921 train_time:1326529ms step_avg:360.76ms
step:3688/5100 lr:0.0007059999999999999 train_loss:3.4642 train_time:1326926ms step_avg:360.77ms
step:3689/5100 lr:0.0007055000000000001 train_loss:3.2884 train_time:1327325ms step_avg:360.78ms
step:3690/5100 lr:0.000705 train_loss:3.3466 train_time:1327724ms step_avg:360.79ms
step:3691/5100 lr:0.0007045 train_loss:3.3428 train_time:1328123ms step_avg:360.80ms
step:3692/5100 lr:0.000704 train_loss:3.2688 train_time:1328522ms step_avg:360.82ms
step:3693/5100 lr:0.0007035 train_loss:3.5799 train_time:1328921ms step_avg:360.83ms
step:3694/5100 lr:0.000703 train_loss:3.3311 train_time:1329318ms step_avg:360.84ms
step:3695/5100 lr:0.0007025 train_loss:3.3427 train_time:1329717ms step_avg:360.85ms
step:3696/5100 lr:0.0007019999999999999 train_loss:3.3359 train_time:1330115ms step_avg:360.86ms
step:3697/5100 lr:0.0007015 train_loss:3.2826 train_time:1330514ms step_avg:360.87ms
step:3698/5100 lr:0.000701 train_loss:3.4268 train_time:1330913ms step_avg:360.88ms
step:3699/5100 lr:0.0007005000000000001 train_loss:3.4969 train_time:1331312ms step_avg:360.89ms
step:3700/5100 lr:0.0007 train_loss:3.3615 train_time:1331711ms step_avg:360.90ms
step:3701/5100 lr:0.0006995 train_loss:3.3134 train_time:1332108ms step_avg:360.91ms
step:3702/5100 lr:0.000699 train_loss:3.3446 train_time:1332506ms step_avg:360.92ms
step:3703/5100 lr:0.0006985 train_loss:3.3451 train_time:1332905ms step_avg:360.93ms
step:3704/5100 lr:0.0006979999999999999 train_loss:3.1932 train_time:1333304ms step_avg:360.94ms
step:3705/5100 lr:0.0006975 train_loss:3.4803 train_time:1333702ms step_avg:360.95ms
step:3706/5100 lr:0.0006969999999999999 train_loss:3.5079 train_time:1334100ms step_avg:360.96ms
step:3707/5100 lr:0.0006965000000000001 train_loss:3.2167 train_time:1334499ms step_avg:360.97ms
step:3708/5100 lr:0.000696 train_loss:3.4503 train_time:1334896ms step_avg:360.98ms
step:3709/5100 lr:0.0006955 train_loss:3.3234 train_time:1335295ms step_avg:360.99ms
step:3710/5100 lr:0.000695 train_loss:3.6040 train_time:1335694ms step_avg:361.00ms
step:3711/5100 lr:0.0006945 train_loss:3.3806 train_time:1336093ms step_avg:361.01ms
step:3712/5100 lr:0.000694 train_loss:3.1822 train_time:1336491ms step_avg:361.02ms
step:3713/5100 lr:0.0006935 train_loss:3.4025 train_time:1336890ms step_avg:361.03ms
step:3714/5100 lr:0.0006929999999999999 train_loss:3.3026 train_time:1337288ms step_avg:361.04ms
step:3715/5100 lr:0.0006925 train_loss:3.6153 train_time:1337686ms step_avg:361.05ms
step:3716/5100 lr:0.000692 train_loss:3.2466 train_time:1338085ms step_avg:361.06ms
step:3717/5100 lr:0.0006915000000000001 train_loss:3.1417 train_time:1338484ms step_avg:361.07ms
step:3718/5100 lr:0.000691 train_loss:3.1713 train_time:1338883ms step_avg:361.08ms
step:3719/5100 lr:0.0006905 train_loss:3.4467 train_time:1339281ms step_avg:361.09ms
step:3720/5100 lr:0.00069 train_loss:3.4112 train_time:1339681ms step_avg:361.10ms
step:3721/5100 lr:0.0006895 train_loss:3.2637 train_time:1340079ms step_avg:361.11ms
step:3722/5100 lr:0.0006889999999999999 train_loss:3.4452 train_time:1340477ms step_avg:361.12ms
step:3723/5100 lr:0.0006885 train_loss:3.1694 train_time:1340876ms step_avg:361.13ms
step:3724/5100 lr:0.0006879999999999999 train_loss:3.2554 train_time:1341274ms step_avg:361.14ms
step:3725/5100 lr:0.0006875 train_loss:3.3958 train_time:1341673ms step_avg:361.15ms
step:3726/5100 lr:0.0006870000000000001 train_loss:3.3400 train_time:1342072ms step_avg:361.16ms
step:3727/5100 lr:0.0006865 train_loss:3.3831 train_time:1342471ms step_avg:361.17ms
step:3728/5100 lr:0.0006860000000000001 train_loss:3.2565 train_time:1342870ms step_avg:361.18ms
step:3729/5100 lr:0.0006855 train_loss:3.3783 train_time:1343269ms step_avg:361.19ms
step:3730/5100 lr:0.0006850000000000001 train_loss:3.5512 train_time:1343667ms step_avg:361.20ms
step:3731/5100 lr:0.0006845 train_loss:3.3242 train_time:1344065ms step_avg:361.21ms
step:3732/5100 lr:0.000684 train_loss:3.5604 train_time:1344464ms step_avg:361.22ms
step:3733/5100 lr:0.0006835 train_loss:3.1177 train_time:1344865ms step_avg:361.23ms
step:3734/5100 lr:0.000683 train_loss:3.2302 train_time:1345263ms step_avg:361.24ms
step:3735/5100 lr:0.0006825000000000001 train_loss:3.4046 train_time:1345662ms step_avg:361.25ms
step:3736/5100 lr:0.0006820000000000001 train_loss:3.3822 train_time:1346061ms step_avg:361.26ms
step:3737/5100 lr:0.0006815 train_loss:3.4145 train_time:1346459ms step_avg:361.27ms
step:3738/5100 lr:0.0006810000000000001 train_loss:3.4032 train_time:1346857ms step_avg:361.28ms
step:3739/5100 lr:0.0006805 train_loss:3.3013 train_time:1347258ms step_avg:361.29ms
step:3740/5100 lr:0.00068 train_loss:3.3188 train_time:1347656ms step_avg:361.30ms
step:3741/5100 lr:0.0006795 train_loss:3.4993 train_time:1348054ms step_avg:361.31ms
step:3742/5100 lr:0.000679 train_loss:3.6739 train_time:1348453ms step_avg:361.32ms
step:3743/5100 lr:0.0006785 train_loss:3.2452 train_time:1348852ms step_avg:361.33ms
step:3744/5100 lr:0.0006780000000000001 train_loss:3.0958 train_time:1349251ms step_avg:361.34ms
step:3745/5100 lr:0.0006775 train_loss:3.2425 train_time:1349650ms step_avg:361.35ms
step:3746/5100 lr:0.0006770000000000001 train_loss:3.3772 train_time:1350049ms step_avg:361.36ms
step:3747/5100 lr:0.0006765 train_loss:3.3825 train_time:1350446ms step_avg:361.37ms
step:3748/5100 lr:0.0006760000000000001 train_loss:3.3563 train_time:1350845ms step_avg:361.38ms
step:3749/5100 lr:0.0006755 train_loss:3.3461 train_time:1351244ms step_avg:361.39ms
step:3750/5100 lr:0.000675 train_loss:3.4490 train_time:1351643ms step_avg:361.40ms
step:3750/5100 val_loss:3.3509 train_time:1351645ms step_avg:361.40ms
step:3751/5100 lr:0.0006745 train_loss:3.3802 train_time:1355782ms step_avg:362.41ms
step:3752/5100 lr:0.000674 train_loss:3.4703 train_time:1356181ms step_avg:362.42ms
step:3753/5100 lr:0.0006735 train_loss:3.4734 train_time:1356580ms step_avg:362.43ms
step:3754/5100 lr:0.0006730000000000001 train_loss:3.4890 train_time:1356978ms step_avg:362.44ms
step:3755/5100 lr:0.0006725 train_loss:3.3033 train_time:1357377ms step_avg:362.45ms
step:3756/5100 lr:0.0006720000000000001 train_loss:3.5057 train_time:1357775ms step_avg:362.46ms
step:3757/5100 lr:0.0006715 train_loss:3.3360 train_time:1358173ms step_avg:362.47ms
step:3758/5100 lr:0.000671 train_loss:3.3951 train_time:1358571ms step_avg:362.48ms
step:3759/5100 lr:0.0006705 train_loss:3.4740 train_time:1358969ms step_avg:362.49ms
step:3760/5100 lr:0.00067 train_loss:3.2835 train_time:1359368ms step_avg:362.50ms
step:3761/5100 lr:0.0006695 train_loss:3.3650 train_time:1359766ms step_avg:362.51ms
step:3762/5100 lr:0.0006690000000000001 train_loss:3.4594 train_time:1360164ms step_avg:362.52ms
step:3763/5100 lr:0.0006685 train_loss:3.3473 train_time:1360562ms step_avg:362.53ms
step:3764/5100 lr:0.0006680000000000001 train_loss:3.3107 train_time:1360960ms step_avg:362.54ms
step:3765/5100 lr:0.0006675 train_loss:3.3060 train_time:1361361ms step_avg:362.55ms
step:3766/5100 lr:0.0006670000000000001 train_loss:3.5262 train_time:1361759ms step_avg:362.56ms
step:3767/5100 lr:0.0006665 train_loss:3.4927 train_time:1362158ms step_avg:362.57ms
step:3768/5100 lr:0.000666 train_loss:3.1746 train_time:1362556ms step_avg:362.57ms
step:3769/5100 lr:0.0006655 train_loss:3.5788 train_time:1362954ms step_avg:362.58ms
step:3770/5100 lr:0.000665 train_loss:3.3053 train_time:1363352ms step_avg:362.59ms
step:3771/5100 lr:0.0006644999999999999 train_loss:3.5528 train_time:1363750ms step_avg:362.60ms
step:3772/5100 lr:0.0006640000000000001 train_loss:3.3365 train_time:1364148ms step_avg:362.61ms
step:3773/5100 lr:0.0006635 train_loss:3.3510 train_time:1364547ms step_avg:362.62ms
step:3774/5100 lr:0.0006630000000000001 train_loss:3.3366 train_time:1364946ms step_avg:362.63ms
step:3775/5100 lr:0.0006625 train_loss:3.1965 train_time:1365343ms step_avg:362.64ms
step:3776/5100 lr:0.000662 train_loss:3.4001 train_time:1365741ms step_avg:362.65ms
step:3777/5100 lr:0.0006615 train_loss:3.3178 train_time:1366140ms step_avg:362.66ms
step:3778/5100 lr:0.000661 train_loss:3.3079 train_time:1366538ms step_avg:362.67ms
step:3779/5100 lr:0.0006605 train_loss:3.4023 train_time:1366937ms step_avg:362.68ms
step:3780/5100 lr:0.00066 train_loss:3.3614 train_time:1367336ms step_avg:362.69ms
step:3781/5100 lr:0.0006595 train_loss:3.2521 train_time:1367733ms step_avg:362.70ms
step:3782/5100 lr:0.0006590000000000001 train_loss:3.5989 train_time:1368132ms step_avg:362.71ms
step:3783/5100 lr:0.0006585 train_loss:3.5179 train_time:1368530ms step_avg:362.72ms
step:3784/5100 lr:0.0006580000000000001 train_loss:3.5696 train_time:1368929ms step_avg:362.73ms
step:3785/5100 lr:0.0006575 train_loss:3.4970 train_time:1369327ms step_avg:362.74ms
step:3786/5100 lr:0.000657 train_loss:3.4193 train_time:1369726ms step_avg:362.75ms
step:3787/5100 lr:0.0006565 train_loss:3.0546 train_time:1370124ms step_avg:362.75ms
step:3788/5100 lr:0.000656 train_loss:3.3333 train_time:1370522ms step_avg:362.76ms
step:3789/5100 lr:0.0006554999999999999 train_loss:3.5085 train_time:1370920ms step_avg:362.77ms
step:3790/5100 lr:0.0006550000000000001 train_loss:3.3661 train_time:1371319ms step_avg:362.78ms
step:3791/5100 lr:0.0006545 train_loss:3.4000 train_time:1371717ms step_avg:362.79ms
step:3792/5100 lr:0.0006540000000000001 train_loss:3.3879 train_time:1372116ms step_avg:362.80ms
step:3793/5100 lr:0.0006535 train_loss:3.4846 train_time:1372514ms step_avg:362.81ms
step:3794/5100 lr:0.000653 train_loss:3.4016 train_time:1372911ms step_avg:362.82ms
step:3795/5100 lr:0.0006525 train_loss:3.2822 train_time:1373310ms step_avg:362.83ms
step:3796/5100 lr:0.000652 train_loss:3.3806 train_time:1373709ms step_avg:362.84ms
step:3797/5100 lr:0.0006515 train_loss:3.4032 train_time:1374108ms step_avg:362.85ms
step:3798/5100 lr:0.000651 train_loss:3.3078 train_time:1374507ms step_avg:362.86ms
step:3799/5100 lr:0.0006504999999999999 train_loss:3.2732 train_time:1374905ms step_avg:362.87ms
step:3800/5100 lr:0.0006500000000000001 train_loss:3.4869 train_time:1375506ms step_avg:362.93ms
step:3801/5100 lr:0.0006495 train_loss:3.3049 train_time:1375904ms step_avg:362.94ms
step:3802/5100 lr:0.0006490000000000001 train_loss:3.3155 train_time:1376303ms step_avg:362.95ms
step:3803/5100 lr:0.0006485 train_loss:3.4275 train_time:1376701ms step_avg:362.96ms
step:3804/5100 lr:0.000648 train_loss:3.4281 train_time:1377100ms step_avg:362.97ms
step:3805/5100 lr:0.0006475 train_loss:3.6578 train_time:1377499ms step_avg:362.98ms
step:3806/5100 lr:0.000647 train_loss:3.3343 train_time:1377897ms step_avg:362.99ms
step:3807/5100 lr:0.0006464999999999999 train_loss:3.3803 train_time:1378296ms step_avg:363.00ms
step:3808/5100 lr:0.000646 train_loss:3.4164 train_time:1378694ms step_avg:363.01ms
step:3809/5100 lr:0.0006455 train_loss:3.2738 train_time:1379092ms step_avg:363.01ms
step:3810/5100 lr:0.0006450000000000001 train_loss:3.3661 train_time:1379696ms step_avg:363.08ms
step:3811/5100 lr:0.0006445 train_loss:3.2368 train_time:1380094ms step_avg:363.09ms
step:3812/5100 lr:0.000644 train_loss:3.4594 train_time:1380493ms step_avg:363.10ms
step:3813/5100 lr:0.0006435 train_loss:3.4598 train_time:1380891ms step_avg:363.11ms
step:3814/5100 lr:0.000643 train_loss:3.2860 train_time:1381289ms step_avg:363.11ms
step:3815/5100 lr:0.0006425 train_loss:3.4688 train_time:1381688ms step_avg:363.12ms
step:3816/5100 lr:0.000642 train_loss:3.5008 train_time:1382087ms step_avg:363.13ms
step:3817/5100 lr:0.0006414999999999999 train_loss:3.3571 train_time:1382485ms step_avg:363.14ms
step:3818/5100 lr:0.0006410000000000001 train_loss:3.2359 train_time:1382883ms step_avg:363.15ms
step:3819/5100 lr:0.0006405 train_loss:3.3250 train_time:1383282ms step_avg:363.16ms
step:3820/5100 lr:0.00064 train_loss:3.4168 train_time:1383680ms step_avg:363.17ms
step:3821/5100 lr:0.0006395 train_loss:3.2176 train_time:1384079ms step_avg:363.18ms
step:3822/5100 lr:0.000639 train_loss:3.5470 train_time:1384477ms step_avg:363.19ms
step:3823/5100 lr:0.0006385 train_loss:3.3725 train_time:1384876ms step_avg:363.20ms
step:3824/5100 lr:0.000638 train_loss:3.4296 train_time:1385274ms step_avg:363.21ms
step:3825/5100 lr:0.0006374999999999999 train_loss:3.6209 train_time:1385672ms step_avg:363.22ms
step:3826/5100 lr:0.000637 train_loss:3.4259 train_time:1386071ms step_avg:363.23ms
step:3827/5100 lr:0.0006365 train_loss:3.4363 train_time:1386469ms step_avg:363.24ms
step:3828/5100 lr:0.0006360000000000001 train_loss:3.2458 train_time:1386868ms step_avg:363.24ms
step:3829/5100 lr:0.0006355 train_loss:3.3154 train_time:1387267ms step_avg:363.25ms
step:3830/5100 lr:0.000635 train_loss:3.2973 train_time:1387665ms step_avg:363.26ms
step:3831/5100 lr:0.0006345 train_loss:3.3957 train_time:1388063ms step_avg:363.27ms
step:3832/5100 lr:0.000634 train_loss:3.1945 train_time:1388461ms step_avg:363.28ms
step:3833/5100 lr:0.0006335 train_loss:3.3216 train_time:1388860ms step_avg:363.29ms
step:3834/5100 lr:0.000633 train_loss:3.3150 train_time:1389258ms step_avg:363.30ms
step:3835/5100 lr:0.0006324999999999999 train_loss:3.5310 train_time:1389657ms step_avg:363.31ms
step:3836/5100 lr:0.000632 train_loss:3.3910 train_time:1390055ms step_avg:363.32ms
step:3837/5100 lr:0.0006315 train_loss:3.9539 train_time:1390453ms step_avg:363.33ms
step:3838/5100 lr:0.000631 train_loss:3.4171 train_time:1390851ms step_avg:363.34ms
step:3839/5100 lr:0.0006305 train_loss:3.2878 train_time:1391250ms step_avg:363.35ms
step:3840/5100 lr:0.00063 train_loss:3.3279 train_time:1391649ms step_avg:363.35ms
step:3841/5100 lr:0.0006295 train_loss:3.5828 train_time:1392048ms step_avg:363.36ms
step:3842/5100 lr:0.000629 train_loss:3.2596 train_time:1392446ms step_avg:363.37ms
step:3843/5100 lr:0.0006284999999999999 train_loss:3.3934 train_time:1392844ms step_avg:363.38ms
step:3844/5100 lr:0.000628 train_loss:3.2981 train_time:1393242ms step_avg:363.39ms
step:3845/5100 lr:0.0006274999999999999 train_loss:3.0755 train_time:1393641ms step_avg:363.40ms
step:3846/5100 lr:0.0006270000000000001 train_loss:3.5396 train_time:1394039ms step_avg:363.41ms
step:3847/5100 lr:0.0006265 train_loss:3.4322 train_time:1394438ms step_avg:363.42ms
step:3848/5100 lr:0.000626 train_loss:3.3304 train_time:1394836ms step_avg:363.43ms
step:3849/5100 lr:0.0006255 train_loss:3.4263 train_time:1395235ms step_avg:363.44ms
step:3850/5100 lr:0.000625 train_loss:3.4549 train_time:1395633ms step_avg:363.45ms
step:3851/5100 lr:0.0006245000000000001 train_loss:3.2999 train_time:1396031ms step_avg:363.46ms
step:3852/5100 lr:0.000624 train_loss:3.2591 train_time:1396430ms step_avg:363.46ms
step:3853/5100 lr:0.0006235 train_loss:3.5479 train_time:1396828ms step_avg:363.47ms
step:3854/5100 lr:0.000623 train_loss:3.3065 train_time:1397227ms step_avg:363.48ms
step:3855/5100 lr:0.0006225000000000001 train_loss:3.1192 train_time:1397626ms step_avg:363.49ms
step:3856/5100 lr:0.000622 train_loss:3.4836 train_time:1398025ms step_avg:363.50ms
step:3857/5100 lr:0.0006215000000000001 train_loss:3.2818 train_time:1398423ms step_avg:363.51ms
step:3858/5100 lr:0.000621 train_loss:3.3583 train_time:1398821ms step_avg:363.52ms
step:3859/5100 lr:0.0006205000000000001 train_loss:3.3504 train_time:1399220ms step_avg:363.53ms
step:3860/5100 lr:0.00062 train_loss:3.2824 train_time:1399619ms step_avg:363.54ms
step:3861/5100 lr:0.0006195 train_loss:3.4114 train_time:1400017ms step_avg:363.55ms
step:3862/5100 lr:0.000619 train_loss:3.1596 train_time:1400416ms step_avg:363.56ms
step:3863/5100 lr:0.0006185 train_loss:3.1530 train_time:1400814ms step_avg:363.56ms
step:3864/5100 lr:0.0006180000000000001 train_loss:3.3432 train_time:1401212ms step_avg:363.57ms
step:3865/5100 lr:0.0006175000000000001 train_loss:3.3446 train_time:1401611ms step_avg:363.58ms
step:3866/5100 lr:0.000617 train_loss:3.2819 train_time:1402009ms step_avg:363.59ms
step:3867/5100 lr:0.0006165000000000001 train_loss:3.3648 train_time:1402408ms step_avg:363.60ms
step:3868/5100 lr:0.000616 train_loss:3.3075 train_time:1402807ms step_avg:363.61ms
step:3869/5100 lr:0.0006155 train_loss:3.4580 train_time:1403206ms step_avg:363.62ms
step:3870/5100 lr:0.000615 train_loss:3.6057 train_time:1403604ms step_avg:363.63ms
step:3871/5100 lr:0.0006145 train_loss:3.4164 train_time:1404002ms step_avg:363.64ms
step:3872/5100 lr:0.000614 train_loss:3.4149 train_time:1404400ms step_avg:363.65ms
step:3873/5100 lr:0.0006135 train_loss:3.4163 train_time:1404799ms step_avg:363.65ms
step:3874/5100 lr:0.000613 train_loss:3.3807 train_time:1405198ms step_avg:363.66ms
step:3875/5100 lr:0.0006125000000000001 train_loss:3.4601 train_time:1405596ms step_avg:363.67ms
step:3875/5100 val_loss:3.3393 train_time:1405599ms step_avg:363.67ms
step:3876/5100 lr:0.000612 train_loss:3.2929 train_time:1409753ms step_avg:364.65ms
step:3877/5100 lr:0.0006115000000000001 train_loss:3.4542 train_time:1410152ms step_avg:364.66ms
step:3878/5100 lr:0.000611 train_loss:3.6779 train_time:1410551ms step_avg:364.67ms
step:3879/5100 lr:0.0006105 train_loss:3.4644 train_time:1410949ms step_avg:364.68ms
step:3880/5100 lr:0.00061 train_loss:3.3360 train_time:1411348ms step_avg:364.69ms
step:3881/5100 lr:0.0006095 train_loss:3.4367 train_time:1411746ms step_avg:364.70ms
step:3882/5100 lr:0.000609 train_loss:3.3593 train_time:1412144ms step_avg:364.71ms
step:3883/5100 lr:0.0006085000000000001 train_loss:3.4949 train_time:1412542ms step_avg:364.72ms
step:3884/5100 lr:0.000608 train_loss:3.3645 train_time:1412940ms step_avg:364.72ms
step:3885/5100 lr:0.0006075000000000001 train_loss:3.4161 train_time:1413340ms step_avg:364.73ms
step:3886/5100 lr:0.000607 train_loss:3.3665 train_time:1413738ms step_avg:364.74ms
step:3887/5100 lr:0.0006065 train_loss:3.4020 train_time:1414137ms step_avg:364.75ms
step:3888/5100 lr:0.000606 train_loss:3.3322 train_time:1414535ms step_avg:364.76ms
step:3889/5100 lr:0.0006055 train_loss:3.2767 train_time:1414933ms step_avg:364.77ms
step:3890/5100 lr:0.000605 train_loss:3.3089 train_time:1415331ms step_avg:364.78ms
step:3891/5100 lr:0.0006045 train_loss:3.2837 train_time:1415730ms step_avg:364.78ms
step:3892/5100 lr:0.000604 train_loss:3.2626 train_time:1416128ms step_avg:364.79ms
step:3893/5100 lr:0.0006035000000000001 train_loss:3.2601 train_time:1416527ms step_avg:364.80ms
step:3894/5100 lr:0.000603 train_loss:3.2497 train_time:1416926ms step_avg:364.81ms
step:3895/5100 lr:0.0006025000000000001 train_loss:3.2241 train_time:1417324ms step_avg:364.82ms
step:3896/5100 lr:0.000602 train_loss:3.3180 train_time:1417722ms step_avg:364.83ms
step:3897/5100 lr:0.0006015 train_loss:3.3339 train_time:1418120ms step_avg:364.84ms
step:3898/5100 lr:0.000601 train_loss:3.3692 train_time:1418519ms step_avg:364.85ms
step:3899/5100 lr:0.0006005 train_loss:3.1815 train_time:1418918ms step_avg:364.85ms
step:3900/5100 lr:0.0006 train_loss:3.4335 train_time:1419317ms step_avg:364.86ms
step:3901/5100 lr:0.0005995000000000001 train_loss:3.3649 train_time:1419715ms step_avg:364.87ms
step:3902/5100 lr:0.000599 train_loss:3.7656 train_time:1420113ms step_avg:364.88ms
step:3903/5100 lr:0.0005985000000000001 train_loss:3.2551 train_time:1420512ms step_avg:364.89ms
step:3904/5100 lr:0.000598 train_loss:3.3665 train_time:1420910ms step_avg:364.90ms
step:3905/5100 lr:0.0005975 train_loss:3.5120 train_time:1421308ms step_avg:364.91ms
step:3906/5100 lr:0.000597 train_loss:3.8937 train_time:1421708ms step_avg:364.91ms
step:3907/5100 lr:0.0005965 train_loss:3.1231 train_time:1422106ms step_avg:364.92ms
step:3908/5100 lr:0.000596 train_loss:3.3933 train_time:1422504ms step_avg:364.93ms
step:3909/5100 lr:0.0005955 train_loss:3.5310 train_time:1422902ms step_avg:364.94ms
step:3910/5100 lr:0.0005949999999999999 train_loss:3.4250 train_time:1423300ms step_avg:364.95ms
step:3911/5100 lr:0.0005945000000000001 train_loss:3.5240 train_time:1423699ms step_avg:364.96ms
step:3912/5100 lr:0.000594 train_loss:3.3269 train_time:1424098ms step_avg:364.97ms
step:3913/5100 lr:0.0005935000000000001 train_loss:3.3128 train_time:1424497ms step_avg:364.97ms
step:3914/5100 lr:0.000593 train_loss:3.2666 train_time:1424895ms step_avg:364.98ms
step:3915/5100 lr:0.0005925 train_loss:3.3080 train_time:1425294ms step_avg:364.99ms
step:3916/5100 lr:0.000592 train_loss:3.4442 train_time:1425692ms step_avg:365.00ms
step:3917/5100 lr:0.0005915 train_loss:3.4061 train_time:1426091ms step_avg:365.01ms
step:3918/5100 lr:0.0005909999999999999 train_loss:3.3910 train_time:1426489ms step_avg:365.02ms
step:3919/5100 lr:0.0005905 train_loss:3.3456 train_time:1426888ms step_avg:365.03ms
step:3920/5100 lr:0.00059 train_loss:3.2611 train_time:1427287ms step_avg:365.03ms
step:3921/5100 lr:0.0005895000000000001 train_loss:3.2767 train_time:1427685ms step_avg:365.04ms
step:3922/5100 lr:0.000589 train_loss:3.3028 train_time:1428083ms step_avg:365.05ms
step:3923/5100 lr:0.0005885 train_loss:3.5713 train_time:1428481ms step_avg:365.06ms
step:3924/5100 lr:0.000588 train_loss:3.2901 train_time:1428879ms step_avg:365.07ms
step:3925/5100 lr:0.0005875 train_loss:3.2066 train_time:1429278ms step_avg:365.08ms
step:3926/5100 lr:0.000587 train_loss:3.2290 train_time:1429677ms step_avg:365.09ms
step:3927/5100 lr:0.0005865 train_loss:3.3764 train_time:1430075ms step_avg:365.09ms
step:3928/5100 lr:0.0005859999999999999 train_loss:3.6378 train_time:1430474ms step_avg:365.10ms
step:3929/5100 lr:0.0005855000000000001 train_loss:3.2722 train_time:1430871ms step_avg:365.11ms
step:3930/5100 lr:0.000585 train_loss:3.2199 train_time:1431269ms step_avg:365.12ms
step:3931/5100 lr:0.0005845000000000001 train_loss:3.4072 train_time:1431668ms step_avg:365.13ms
step:3932/5100 lr:0.000584 train_loss:3.2942 train_time:1432066ms step_avg:365.14ms
step:3933/5100 lr:0.0005835 train_loss:3.3680 train_time:1432464ms step_avg:365.15ms
step:3934/5100 lr:0.000583 train_loss:3.4273 train_time:1432862ms step_avg:365.15ms
step:3935/5100 lr:0.0005825 train_loss:3.4510 train_time:1433260ms step_avg:365.16ms
step:3936/5100 lr:0.0005819999999999999 train_loss:3.3166 train_time:1433659ms step_avg:365.17ms
step:3937/5100 lr:0.0005815 train_loss:3.3947 train_time:1434058ms step_avg:365.18ms
step:3938/5100 lr:0.0005809999999999999 train_loss:3.3060 train_time:1434457ms step_avg:365.19ms
step:3939/5100 lr:0.0005805000000000001 train_loss:3.6228 train_time:1434855ms step_avg:365.20ms
step:3940/5100 lr:0.00058 train_loss:3.3783 train_time:1435254ms step_avg:365.20ms
step:3941/5100 lr:0.0005795 train_loss:3.4341 train_time:1435652ms step_avg:365.21ms
step:3942/5100 lr:0.000579 train_loss:3.3548 train_time:1436051ms step_avg:365.22ms
step:3943/5100 lr:0.0005785 train_loss:3.3676 train_time:1436450ms step_avg:365.23ms
step:3944/5100 lr:0.000578 train_loss:3.4175 train_time:1436849ms step_avg:365.24ms
step:3945/5100 lr:0.0005775 train_loss:3.4661 train_time:1437247ms step_avg:365.25ms
step:3946/5100 lr:0.0005769999999999999 train_loss:3.4062 train_time:1437646ms step_avg:365.26ms
step:3947/5100 lr:0.0005765 train_loss:3.4439 train_time:1438045ms step_avg:365.26ms
step:3948/5100 lr:0.000576 train_loss:3.3436 train_time:1438443ms step_avg:365.27ms
step:3949/5100 lr:0.0005755000000000001 train_loss:3.2906 train_time:1438842ms step_avg:365.28ms
step:3950/5100 lr:0.000575 train_loss:3.2757 train_time:1439240ms step_avg:365.29ms
step:3951/5100 lr:0.0005745 train_loss:3.4099 train_time:1439639ms step_avg:365.30ms
step:3952/5100 lr:0.000574 train_loss:3.5969 train_time:1440038ms step_avg:365.31ms
step:3953/5100 lr:0.0005735 train_loss:3.4062 train_time:1440437ms step_avg:365.31ms
step:3954/5100 lr:0.0005729999999999999 train_loss:3.0970 train_time:1440835ms step_avg:365.32ms
step:3955/5100 lr:0.0005725 train_loss:3.3714 train_time:1441234ms step_avg:365.33ms
step:3956/5100 lr:0.0005719999999999999 train_loss:3.1980 train_time:1441632ms step_avg:365.34ms
step:3957/5100 lr:0.0005715000000000001 train_loss:3.2780 train_time:1442031ms step_avg:365.35ms
step:3958/5100 lr:0.000571 train_loss:3.1970 train_time:1442429ms step_avg:365.36ms
step:3959/5100 lr:0.0005705 train_loss:3.4113 train_time:1442828ms step_avg:365.37ms
step:3960/5100 lr:0.00057 train_loss:3.3546 train_time:1443227ms step_avg:365.37ms
step:3961/5100 lr:0.0005695 train_loss:3.0477 train_time:1443626ms step_avg:365.38ms
step:3962/5100 lr:0.000569 train_loss:3.2103 train_time:1444023ms step_avg:365.39ms
step:3963/5100 lr:0.0005685 train_loss:3.4136 train_time:1444422ms step_avg:365.40ms
step:3964/5100 lr:0.0005679999999999999 train_loss:3.3075 train_time:1444819ms step_avg:365.41ms
step:3965/5100 lr:0.0005675 train_loss:3.2435 train_time:1445218ms step_avg:365.42ms
step:3966/5100 lr:0.000567 train_loss:3.2905 train_time:1445617ms step_avg:365.42ms
step:3967/5100 lr:0.0005665000000000001 train_loss:3.0341 train_time:1446016ms step_avg:365.43ms
step:3968/5100 lr:0.000566 train_loss:3.3458 train_time:1446414ms step_avg:365.44ms
step:3969/5100 lr:0.0005655 train_loss:3.4295 train_time:1446812ms step_avg:365.45ms
step:3970/5100 lr:0.000565 train_loss:3.2814 train_time:1447211ms step_avg:365.46ms
step:3971/5100 lr:0.0005645 train_loss:3.3980 train_time:1447609ms step_avg:365.47ms
step:3972/5100 lr:0.0005639999999999999 train_loss:3.4633 train_time:1448008ms step_avg:365.47ms
step:3973/5100 lr:0.0005635 train_loss:3.3866 train_time:1448406ms step_avg:365.48ms
step:3974/5100 lr:0.0005629999999999999 train_loss:3.2240 train_time:1448805ms step_avg:365.49ms
step:3975/5100 lr:0.0005625000000000001 train_loss:3.4072 train_time:1449203ms step_avg:365.50ms
step:3976/5100 lr:0.0005620000000000001 train_loss:3.4199 train_time:1449601ms step_avg:365.51ms
step:3977/5100 lr:0.0005615 train_loss:3.2500 train_time:1449999ms step_avg:365.52ms
step:3978/5100 lr:0.0005610000000000001 train_loss:3.3649 train_time:1450398ms step_avg:365.52ms
step:3979/5100 lr:0.0005605 train_loss:3.3153 train_time:1450797ms step_avg:365.53ms
step:3980/5100 lr:0.0005600000000000001 train_loss:3.5469 train_time:1451195ms step_avg:365.54ms
step:3981/5100 lr:0.0005595 train_loss:3.3628 train_time:1451594ms step_avg:365.55ms
step:3982/5100 lr:0.000559 train_loss:3.4320 train_time:1451992ms step_avg:365.56ms
step:3983/5100 lr:0.0005585 train_loss:3.4059 train_time:1452390ms step_avg:365.57ms
step:3984/5100 lr:0.000558 train_loss:3.3343 train_time:1452789ms step_avg:365.57ms
step:3985/5100 lr:0.0005575 train_loss:3.4592 train_time:1453188ms step_avg:365.58ms
step:3986/5100 lr:0.0005570000000000001 train_loss:3.2362 train_time:1453586ms step_avg:365.59ms
step:3987/5100 lr:0.0005565 train_loss:3.3741 train_time:1453985ms step_avg:365.60ms
step:3988/5100 lr:0.0005560000000000001 train_loss:3.4602 train_time:1454383ms step_avg:365.61ms
step:3989/5100 lr:0.0005555 train_loss:3.3615 train_time:1454781ms step_avg:365.61ms
step:3990/5100 lr:0.000555 train_loss:3.3752 train_time:1455382ms step_avg:365.67ms
step:3991/5100 lr:0.0005545 train_loss:3.7830 train_time:1455780ms step_avg:365.68ms
step:3992/5100 lr:0.000554 train_loss:3.2678 train_time:1456179ms step_avg:365.69ms
step:3993/5100 lr:0.0005535 train_loss:3.3771 train_time:1456578ms step_avg:365.70ms
step:3994/5100 lr:0.0005530000000000001 train_loss:3.3197 train_time:1456977ms step_avg:365.71ms
step:3995/5100 lr:0.0005525 train_loss:3.4333 train_time:1457375ms step_avg:365.72ms
step:3996/5100 lr:0.0005520000000000001 train_loss:3.2910 train_time:1457774ms step_avg:365.72ms
step:3997/5100 lr:0.0005515 train_loss:3.3789 train_time:1458172ms step_avg:365.73ms
step:3998/5100 lr:0.0005510000000000001 train_loss:2.5532 train_time:1458571ms step_avg:365.74ms
step:3999/5100 lr:0.0005505 train_loss:3.3062 train_time:1458969ms step_avg:365.75ms
step:4000/5100 lr:0.00055 train_loss:3.3388 train_time:1459368ms step_avg:365.76ms
step:4000/5100 val_loss:3.3277 train_time:1459371ms step_avg:365.76ms
step:4001/5100 lr:0.0005495 train_loss:3.2021 train_time:1463735ms step_avg:366.76ms
step:4002/5100 lr:0.000549 train_loss:3.4016 train_time:1464133ms step_avg:366.77ms
step:4003/5100 lr:0.0005485 train_loss:3.2552 train_time:1464532ms step_avg:366.77ms
step:4004/5100 lr:0.0005480000000000001 train_loss:3.3453 train_time:1464930ms step_avg:366.78ms
step:4005/5100 lr:0.0005475 train_loss:3.3265 train_time:1465329ms step_avg:366.79ms
step:4006/5100 lr:0.0005470000000000001 train_loss:3.0730 train_time:1465726ms step_avg:366.80ms
step:4007/5100 lr:0.0005465 train_loss:3.3779 train_time:1466124ms step_avg:366.81ms
step:4008/5100 lr:0.000546 train_loss:3.3904 train_time:1466522ms step_avg:366.81ms
step:4009/5100 lr:0.0005455 train_loss:3.1920 train_time:1466920ms step_avg:366.82ms
step:4010/5100 lr:0.000545 train_loss:3.3949 train_time:1467319ms step_avg:366.83ms
step:4011/5100 lr:0.0005445 train_loss:3.3089 train_time:1467718ms step_avg:366.84ms
step:4012/5100 lr:0.0005440000000000001 train_loss:3.2990 train_time:1468116ms step_avg:366.85ms
step:4013/5100 lr:0.0005435 train_loss:3.3790 train_time:1468514ms step_avg:366.85ms
step:4014/5100 lr:0.0005430000000000001 train_loss:3.1237 train_time:1468912ms step_avg:366.86ms
step:4015/5100 lr:0.0005425 train_loss:3.3627 train_time:1469310ms step_avg:366.87ms
step:4016/5100 lr:0.0005420000000000001 train_loss:2.4952 train_time:1469709ms step_avg:366.88ms
step:4017/5100 lr:0.0005415 train_loss:3.3184 train_time:1470108ms step_avg:366.88ms
step:4018/5100 lr:0.000541 train_loss:3.3991 train_time:1470506ms step_avg:366.89ms
step:4019/5100 lr:0.0005405 train_loss:3.3691 train_time:1470904ms step_avg:366.90ms
step:4020/5100 lr:0.00054 train_loss:3.1951 train_time:1471302ms step_avg:366.91ms
step:4021/5100 lr:0.0005394999999999999 train_loss:3.1969 train_time:1471701ms step_avg:366.92ms
step:4022/5100 lr:0.0005390000000000001 train_loss:3.2483 train_time:1472100ms step_avg:366.92ms
step:4023/5100 lr:0.0005385 train_loss:3.6118 train_time:1472498ms step_avg:366.93ms
step:4024/5100 lr:0.0005380000000000001 train_loss:3.3653 train_time:1472897ms step_avg:366.94ms
step:4025/5100 lr:0.0005375 train_loss:3.3359 train_time:1473294ms step_avg:366.95ms
step:4026/5100 lr:0.000537 train_loss:3.3921 train_time:1473693ms step_avg:366.96ms
step:4027/5100 lr:0.0005365 train_loss:3.3450 train_time:1474091ms step_avg:366.96ms
step:4028/5100 lr:0.000536 train_loss:3.3504 train_time:1474489ms step_avg:366.97ms
step:4029/5100 lr:0.0005355 train_loss:3.2652 train_time:1474888ms step_avg:366.98ms
step:4030/5100 lr:0.000535 train_loss:3.4156 train_time:1475286ms step_avg:366.99ms
step:4031/5100 lr:0.0005345 train_loss:3.4707 train_time:1475684ms step_avg:366.99ms
step:4032/5100 lr:0.0005340000000000001 train_loss:3.5981 train_time:1476082ms step_avg:367.00ms
step:4033/5100 lr:0.0005335 train_loss:3.3972 train_time:1476481ms step_avg:367.01ms
step:4034/5100 lr:0.000533 train_loss:3.1192 train_time:1476879ms step_avg:367.02ms
step:4035/5100 lr:0.0005325 train_loss:3.3777 train_time:1477278ms step_avg:367.03ms
step:4036/5100 lr:0.000532 train_loss:3.4017 train_time:1477676ms step_avg:367.03ms
step:4037/5100 lr:0.0005315 train_loss:3.3710 train_time:1478074ms step_avg:367.04ms
step:4038/5100 lr:0.000531 train_loss:3.4362 train_time:1478472ms step_avg:367.05ms
step:4039/5100 lr:0.0005304999999999999 train_loss:3.3543 train_time:1478870ms step_avg:367.06ms
step:4040/5100 lr:0.0005300000000000001 train_loss:3.2950 train_time:1479269ms step_avg:367.06ms
step:4041/5100 lr:0.0005295 train_loss:3.3248 train_time:1479667ms step_avg:367.07ms
step:4042/5100 lr:0.0005290000000000001 train_loss:3.3154 train_time:1480065ms step_avg:367.08ms
step:4043/5100 lr:0.0005285 train_loss:3.2120 train_time:1480464ms step_avg:367.09ms
step:4044/5100 lr:0.000528 train_loss:3.3690 train_time:1480862ms step_avg:367.10ms
step:4045/5100 lr:0.0005275 train_loss:3.2292 train_time:1481260ms step_avg:367.10ms
step:4046/5100 lr:0.000527 train_loss:3.3885 train_time:1481659ms step_avg:367.11ms
step:4047/5100 lr:0.0005265 train_loss:3.1170 train_time:1482059ms step_avg:367.12ms
step:4048/5100 lr:0.000526 train_loss:3.3794 train_time:1482458ms step_avg:367.13ms
step:4049/5100 lr:0.0005254999999999999 train_loss:3.1951 train_time:1482855ms step_avg:367.13ms
step:4050/5100 lr:0.0005250000000000001 train_loss:3.3573 train_time:1483253ms step_avg:367.14ms
step:4051/5100 lr:0.0005245 train_loss:3.2934 train_time:1483652ms step_avg:367.15ms
step:4052/5100 lr:0.000524 train_loss:3.0961 train_time:1484050ms step_avg:367.16ms
step:4053/5100 lr:0.0005235 train_loss:3.3328 train_time:1484449ms step_avg:367.17ms
step:4054/5100 lr:0.000523 train_loss:3.4406 train_time:1484848ms step_avg:367.17ms
step:4055/5100 lr:0.0005225 train_loss:3.4264 train_time:1485246ms step_avg:367.18ms
step:4056/5100 lr:0.000522 train_loss:3.4784 train_time:1485644ms step_avg:367.19ms
step:4057/5100 lr:0.0005214999999999999 train_loss:3.4850 train_time:1486042ms step_avg:367.20ms
step:4058/5100 lr:0.000521 train_loss:3.3986 train_time:1486441ms step_avg:367.20ms
step:4059/5100 lr:0.0005205 train_loss:3.3110 train_time:1486840ms step_avg:367.21ms
step:4060/5100 lr:0.0005200000000000001 train_loss:3.2139 train_time:1487238ms step_avg:367.22ms
step:4061/5100 lr:0.0005195 train_loss:3.2093 train_time:1487637ms step_avg:367.23ms
step:4062/5100 lr:0.000519 train_loss:3.3487 train_time:1488035ms step_avg:367.23ms
step:4063/5100 lr:0.0005185 train_loss:3.2349 train_time:1488433ms step_avg:367.24ms
step:4064/5100 lr:0.000518 train_loss:3.4457 train_time:1488831ms step_avg:367.25ms
step:4065/5100 lr:0.0005175 train_loss:3.4119 train_time:1489230ms step_avg:367.26ms
step:4066/5100 lr:0.000517 train_loss:3.3486 train_time:1489628ms step_avg:367.27ms
step:4067/5100 lr:0.0005164999999999999 train_loss:3.2803 train_time:1490027ms step_avg:367.27ms
step:4068/5100 lr:0.0005160000000000001 train_loss:3.3440 train_time:1490425ms step_avg:367.28ms
step:4069/5100 lr:0.0005155 train_loss:3.2540 train_time:1490823ms step_avg:367.29ms
step:4070/5100 lr:0.000515 train_loss:3.2755 train_time:1491223ms step_avg:367.30ms
step:4071/5100 lr:0.0005145 train_loss:3.2055 train_time:1491623ms step_avg:367.30ms
step:4072/5100 lr:0.000514 train_loss:3.4548 train_time:1492021ms step_avg:367.31ms
step:4073/5100 lr:0.0005135 train_loss:3.3069 train_time:1492423ms step_avg:367.32ms
step:4074/5100 lr:0.000513 train_loss:3.3268 train_time:1492821ms step_avg:367.33ms
step:4075/5100 lr:0.0005124999999999999 train_loss:3.2895 train_time:1493220ms step_avg:367.34ms
step:4076/5100 lr:0.000512 train_loss:3.6821 train_time:1493619ms step_avg:367.34ms
step:4077/5100 lr:0.0005115 train_loss:3.1749 train_time:1494017ms step_avg:367.35ms
step:4078/5100 lr:0.0005110000000000001 train_loss:3.3358 train_time:1494416ms step_avg:367.36ms
step:4079/5100 lr:0.0005105 train_loss:3.2029 train_time:1494814ms step_avg:367.37ms
step:4080/5100 lr:0.00051 train_loss:3.3028 train_time:1495213ms step_avg:367.37ms
step:4081/5100 lr:0.0005095 train_loss:3.2209 train_time:1495612ms step_avg:367.38ms
step:4082/5100 lr:0.000509 train_loss:3.3300 train_time:1496010ms step_avg:367.39ms
step:4083/5100 lr:0.0005085 train_loss:3.2590 train_time:1496409ms step_avg:367.40ms
step:4084/5100 lr:0.000508 train_loss:3.4909 train_time:1496807ms step_avg:367.40ms
step:4085/5100 lr:0.0005074999999999999 train_loss:3.4965 train_time:1497205ms step_avg:367.41ms
step:4086/5100 lr:0.000507 train_loss:3.4126 train_time:1497603ms step_avg:367.42ms
step:4087/5100 lr:0.0005065 train_loss:3.3535 train_time:1498001ms step_avg:367.43ms
step:4088/5100 lr:0.000506 train_loss:3.2050 train_time:1498400ms step_avg:367.44ms
step:4089/5100 lr:0.0005055 train_loss:3.2677 train_time:1498799ms step_avg:367.44ms
step:4090/5100 lr:0.000505 train_loss:3.3101 train_time:1499197ms step_avg:367.45ms
step:4091/5100 lr:0.0005045 train_loss:3.6330 train_time:1499596ms step_avg:367.46ms
step:4092/5100 lr:0.000504 train_loss:3.1735 train_time:1499993ms step_avg:367.47ms
step:4093/5100 lr:0.0005034999999999999 train_loss:3.4909 train_time:1500392ms step_avg:367.47ms
step:4094/5100 lr:0.000503 train_loss:3.2863 train_time:1500791ms step_avg:367.48ms
step:4095/5100 lr:0.0005024999999999999 train_loss:3.3786 train_time:1501189ms step_avg:367.49ms
step:4096/5100 lr:0.0005020000000000001 train_loss:3.4605 train_time:1501588ms step_avg:367.50ms
step:4097/5100 lr:0.0005015 train_loss:3.3379 train_time:1501986ms step_avg:367.50ms
step:4098/5100 lr:0.000501 train_loss:3.2816 train_time:1502384ms step_avg:367.51ms
step:4099/5100 lr:0.0005005 train_loss:3.2319 train_time:1502782ms step_avg:367.52ms
step:4100/5100 lr:0.0005 train_loss:3.3326 train_time:1503181ms step_avg:367.53ms
step:4101/5100 lr:0.0004995 train_loss:3.3006 train_time:1503580ms step_avg:367.53ms
step:4102/5100 lr:0.000499 train_loss:3.3429 train_time:1503979ms step_avg:367.54ms
step:4103/5100 lr:0.0004985 train_loss:3.3341 train_time:1504377ms step_avg:367.55ms
step:4104/5100 lr:0.000498 train_loss:3.4237 train_time:1504776ms step_avg:367.56ms
step:4105/5100 lr:0.0004975 train_loss:3.4648 train_time:1505174ms step_avg:367.56ms
step:4106/5100 lr:0.000497 train_loss:3.2108 train_time:1505572ms step_avg:367.57ms
step:4107/5100 lr:0.0004965 train_loss:3.3559 train_time:1505972ms step_avg:367.58ms
step:4108/5100 lr:0.000496 train_loss:3.4973 train_time:1506370ms step_avg:367.59ms
step:4109/5100 lr:0.0004955 train_loss:3.4202 train_time:1506768ms step_avg:367.59ms
step:4110/5100 lr:0.000495 train_loss:3.3209 train_time:1507166ms step_avg:367.60ms
step:4111/5100 lr:0.0004945 train_loss:3.3817 train_time:1507564ms step_avg:367.61ms
step:4112/5100 lr:0.000494 train_loss:2.8211 train_time:1507962ms step_avg:367.62ms
step:4113/5100 lr:0.0004935 train_loss:3.3706 train_time:1508361ms step_avg:367.62ms
step:4114/5100 lr:0.0004930000000000001 train_loss:3.2781 train_time:1508760ms step_avg:367.63ms
step:4115/5100 lr:0.0004925 train_loss:3.3717 train_time:1509158ms step_avg:367.64ms
step:4116/5100 lr:0.000492 train_loss:3.2947 train_time:1509557ms step_avg:367.65ms
step:4117/5100 lr:0.0004915 train_loss:3.3209 train_time:1509955ms step_avg:367.65ms
step:4118/5100 lr:0.000491 train_loss:3.4136 train_time:1510354ms step_avg:367.66ms
step:4119/5100 lr:0.0004905 train_loss:3.3034 train_time:1510752ms step_avg:367.67ms
step:4120/5100 lr:0.00049 train_loss:4.0072 train_time:1511151ms step_avg:367.68ms
step:4121/5100 lr:0.0004895 train_loss:3.2536 train_time:1511550ms step_avg:367.68ms
step:4122/5100 lr:0.000489 train_loss:3.2734 train_time:1511948ms step_avg:367.69ms
step:4123/5100 lr:0.0004885 train_loss:3.4580 train_time:1512347ms step_avg:367.70ms
step:4124/5100 lr:0.000488 train_loss:3.2624 train_time:1512745ms step_avg:367.71ms
step:4125/5100 lr:0.0004875 train_loss:3.3680 train_time:1513143ms step_avg:367.71ms
step:4125/5100 val_loss:3.3135 train_time:1513145ms step_avg:367.71ms
step:4126/5100 lr:0.000487 train_loss:3.4779 train_time:1517282ms step_avg:368.63ms
step:4127/5100 lr:0.0004865 train_loss:3.2465 train_time:1517681ms step_avg:368.64ms
step:4128/5100 lr:0.000486 train_loss:3.2162 train_time:1518080ms step_avg:368.65ms
step:4129/5100 lr:0.0004855 train_loss:3.3262 train_time:1518479ms step_avg:368.65ms
step:4130/5100 lr:0.00048499999999999997 train_loss:3.5656 train_time:1518877ms step_avg:368.66ms
step:4131/5100 lr:0.0004845 train_loss:3.4483 train_time:1519275ms step_avg:368.67ms
step:4132/5100 lr:0.000484 train_loss:3.3982 train_time:1519673ms step_avg:368.67ms
step:4133/5100 lr:0.0004835 train_loss:3.3369 train_time:1520072ms step_avg:368.68ms
step:4134/5100 lr:0.000483 train_loss:3.3160 train_time:1520470ms step_avg:368.69ms
step:4135/5100 lr:0.0004825 train_loss:3.3822 train_time:1520869ms step_avg:368.70ms
step:4136/5100 lr:0.000482 train_loss:3.3756 train_time:1521268ms step_avg:368.70ms
step:4137/5100 lr:0.0004815 train_loss:3.4503 train_time:1521666ms step_avg:368.71ms
step:4138/5100 lr:0.000481 train_loss:3.2689 train_time:1522064ms step_avg:368.72ms
step:4139/5100 lr:0.00048049999999999997 train_loss:3.3068 train_time:1522463ms step_avg:368.72ms
step:4140/5100 lr:0.00048 train_loss:3.3117 train_time:1522861ms step_avg:368.73ms
step:4141/5100 lr:0.0004795 train_loss:3.3285 train_time:1523260ms step_avg:368.74ms
step:4142/5100 lr:0.000479 train_loss:3.3166 train_time:1523658ms step_avg:368.75ms
step:4143/5100 lr:0.0004785 train_loss:3.2943 train_time:1524056ms step_avg:368.75ms
step:4144/5100 lr:0.00047799999999999996 train_loss:3.2334 train_time:1524455ms step_avg:368.76ms
step:4145/5100 lr:0.0004775 train_loss:3.5706 train_time:1524853ms step_avg:368.77ms
step:4146/5100 lr:0.000477 train_loss:3.4608 train_time:1525251ms step_avg:368.77ms
step:4147/5100 lr:0.0004765 train_loss:3.2651 train_time:1525650ms step_avg:368.78ms
step:4148/5100 lr:0.00047599999999999997 train_loss:3.3848 train_time:1526049ms step_avg:368.79ms
step:4149/5100 lr:0.0004755 train_loss:3.4327 train_time:1526447ms step_avg:368.80ms
step:4150/5100 lr:0.000475 train_loss:3.4346 train_time:1526845ms step_avg:368.80ms
step:4151/5100 lr:0.0004745 train_loss:3.3466 train_time:1527243ms step_avg:368.81ms
step:4152/5100 lr:0.000474 train_loss:3.6000 train_time:1527642ms step_avg:368.82ms
step:4153/5100 lr:0.00047349999999999996 train_loss:3.8053 train_time:1528042ms step_avg:368.82ms
step:4154/5100 lr:0.000473 train_loss:3.2987 train_time:1528440ms step_avg:368.83ms
step:4155/5100 lr:0.0004725 train_loss:3.1799 train_time:1528839ms step_avg:368.84ms
step:4156/5100 lr:0.000472 train_loss:3.3269 train_time:1529237ms step_avg:368.85ms
step:4157/5100 lr:0.00047149999999999997 train_loss:3.5372 train_time:1529636ms step_avg:368.85ms
step:4158/5100 lr:0.000471 train_loss:3.2214 train_time:1530034ms step_avg:368.86ms
step:4159/5100 lr:0.0004705 train_loss:3.1064 train_time:1530434ms step_avg:368.87ms
step:4160/5100 lr:0.00047 train_loss:3.4480 train_time:1530833ms step_avg:368.88ms
step:4161/5100 lr:0.0004695 train_loss:3.3869 train_time:1531232ms step_avg:368.88ms
step:4162/5100 lr:0.00046899999999999996 train_loss:3.4513 train_time:1531631ms step_avg:368.89ms
step:4163/5100 lr:0.00046850000000000006 train_loss:3.0070 train_time:1532029ms step_avg:368.90ms
step:4164/5100 lr:0.00046800000000000005 train_loss:3.4252 train_time:1532428ms step_avg:368.90ms
step:4165/5100 lr:0.00046750000000000003 train_loss:3.3269 train_time:1532826ms step_avg:368.91ms
step:4166/5100 lr:0.000467 train_loss:3.2365 train_time:1533225ms step_avg:368.92ms
step:4167/5100 lr:0.0004665 train_loss:3.2027 train_time:1533624ms step_avg:368.93ms
step:4168/5100 lr:0.00046600000000000005 train_loss:3.4679 train_time:1534022ms step_avg:368.93ms
step:4169/5100 lr:0.00046550000000000004 train_loss:3.3247 train_time:1534421ms step_avg:368.94ms
step:4170/5100 lr:0.000465 train_loss:3.3494 train_time:1534819ms step_avg:368.95ms
step:4171/5100 lr:0.0004645 train_loss:3.4271 train_time:1535218ms step_avg:368.95ms
step:4172/5100 lr:0.00046400000000000006 train_loss:3.5438 train_time:1535616ms step_avg:368.96ms
step:4173/5100 lr:0.00046350000000000004 train_loss:3.0572 train_time:1536014ms step_avg:368.97ms
step:4174/5100 lr:0.00046300000000000003 train_loss:3.2477 train_time:1536413ms step_avg:368.98ms
step:4175/5100 lr:0.0004625 train_loss:3.3586 train_time:1536811ms step_avg:368.98ms
step:4176/5100 lr:0.000462 train_loss:3.4156 train_time:1537210ms step_avg:368.99ms
step:4177/5100 lr:0.00046150000000000005 train_loss:3.3630 train_time:1537609ms step_avg:369.00ms
step:4178/5100 lr:0.00046100000000000004 train_loss:3.2486 train_time:1538007ms step_avg:369.00ms
step:4179/5100 lr:0.0004605 train_loss:3.2570 train_time:1538406ms step_avg:369.01ms
step:4180/5100 lr:0.00046 train_loss:3.2832 train_time:1539005ms step_avg:369.07ms
step:4181/5100 lr:0.00045950000000000006 train_loss:3.1712 train_time:1539403ms step_avg:369.07ms
step:4182/5100 lr:0.00045900000000000004 train_loss:3.6368 train_time:1539802ms step_avg:369.08ms
step:4183/5100 lr:0.00045850000000000003 train_loss:3.2563 train_time:1540201ms step_avg:369.09ms
step:4184/5100 lr:0.000458 train_loss:3.3779 train_time:1540600ms step_avg:369.09ms
step:4185/5100 lr:0.0004575 train_loss:3.4385 train_time:1540998ms step_avg:369.10ms
step:4186/5100 lr:0.00045700000000000005 train_loss:3.6583 train_time:1541395ms step_avg:369.11ms
step:4187/5100 lr:0.00045650000000000004 train_loss:3.3232 train_time:1541793ms step_avg:369.12ms
step:4188/5100 lr:0.000456 train_loss:3.3324 train_time:1542192ms step_avg:369.12ms
step:4189/5100 lr:0.0004555 train_loss:3.2064 train_time:1542591ms step_avg:369.13ms
step:4190/5100 lr:0.000455 train_loss:3.2083 train_time:1542989ms step_avg:369.14ms
step:4191/5100 lr:0.00045450000000000004 train_loss:3.2608 train_time:1543587ms step_avg:369.19ms
step:4192/5100 lr:0.00045400000000000003 train_loss:3.3350 train_time:1543986ms step_avg:369.20ms
step:4193/5100 lr:0.0004535 train_loss:3.3707 train_time:1544384ms step_avg:369.20ms
step:4194/5100 lr:0.000453 train_loss:3.6402 train_time:1544783ms step_avg:369.21ms
step:4195/5100 lr:0.00045250000000000005 train_loss:3.3513 train_time:1545182ms step_avg:369.22ms
step:4196/5100 lr:0.00045200000000000004 train_loss:3.1936 train_time:1545581ms step_avg:369.23ms
step:4197/5100 lr:0.0004515 train_loss:3.3640 train_time:1545980ms step_avg:369.23ms
step:4198/5100 lr:0.000451 train_loss:3.3648 train_time:1546379ms step_avg:369.24ms
step:4199/5100 lr:0.0004505 train_loss:3.3151 train_time:1546778ms step_avg:369.25ms
step:4200/5100 lr:0.00045000000000000004 train_loss:3.1803 train_time:1547177ms step_avg:369.25ms
step:4201/5100 lr:0.00044950000000000003 train_loss:3.4334 train_time:1547575ms step_avg:369.26ms
step:4202/5100 lr:0.000449 train_loss:3.2979 train_time:1547974ms step_avg:369.27ms
step:4203/5100 lr:0.0004485 train_loss:3.3248 train_time:1548373ms step_avg:369.28ms
step:4204/5100 lr:0.000448 train_loss:3.4468 train_time:1548772ms step_avg:369.28ms
step:4205/5100 lr:0.00044750000000000004 train_loss:3.2305 train_time:1549172ms step_avg:369.29ms
step:4206/5100 lr:0.000447 train_loss:3.3309 train_time:1549571ms step_avg:369.30ms
step:4207/5100 lr:0.0004465 train_loss:3.7714 train_time:1549970ms step_avg:369.30ms
step:4208/5100 lr:0.000446 train_loss:2.8088 train_time:1550369ms step_avg:369.31ms
step:4209/5100 lr:0.00044550000000000004 train_loss:3.5455 train_time:1550768ms step_avg:369.32ms
step:4210/5100 lr:0.00044500000000000003 train_loss:3.4587 train_time:1551167ms step_avg:369.33ms
step:4211/5100 lr:0.0004445 train_loss:3.1732 train_time:1551566ms step_avg:369.33ms
step:4212/5100 lr:0.000444 train_loss:3.3174 train_time:1551964ms step_avg:369.34ms
step:4213/5100 lr:0.0004435 train_loss:3.3296 train_time:1552363ms step_avg:369.35ms
step:4214/5100 lr:0.00044300000000000003 train_loss:3.1676 train_time:1552762ms step_avg:369.35ms
step:4215/5100 lr:0.0004425 train_loss:3.2327 train_time:1553161ms step_avg:369.36ms
step:4216/5100 lr:0.000442 train_loss:3.2709 train_time:1553561ms step_avg:369.37ms
step:4217/5100 lr:0.0004415 train_loss:4.0707 train_time:1553960ms step_avg:369.37ms
step:4218/5100 lr:0.000441 train_loss:3.3948 train_time:1554358ms step_avg:369.38ms
step:4219/5100 lr:0.00044050000000000003 train_loss:3.4832 train_time:1554758ms step_avg:369.39ms
step:4220/5100 lr:0.00044 train_loss:3.3345 train_time:1555156ms step_avg:369.40ms
step:4221/5100 lr:0.0004395 train_loss:3.6074 train_time:1555555ms step_avg:369.40ms
step:4222/5100 lr:0.000439 train_loss:3.3726 train_time:1555953ms step_avg:369.41ms
step:4223/5100 lr:0.00043850000000000003 train_loss:3.4238 train_time:1556352ms step_avg:369.42ms
step:4224/5100 lr:0.000438 train_loss:3.1659 train_time:1556751ms step_avg:369.42ms
step:4225/5100 lr:0.0004375 train_loss:3.2460 train_time:1557151ms step_avg:369.43ms
step:4226/5100 lr:0.000437 train_loss:3.4163 train_time:1557550ms step_avg:369.44ms
step:4227/5100 lr:0.0004365 train_loss:3.2117 train_time:1557949ms step_avg:369.44ms
step:4228/5100 lr:0.000436 train_loss:3.3203 train_time:1558348ms step_avg:369.45ms
step:4229/5100 lr:0.0004355 train_loss:3.4149 train_time:1558747ms step_avg:369.46ms
step:4230/5100 lr:0.000435 train_loss:3.1515 train_time:1559145ms step_avg:369.47ms
step:4231/5100 lr:0.0004345 train_loss:3.2691 train_time:1559544ms step_avg:369.47ms
step:4232/5100 lr:0.00043400000000000003 train_loss:3.4042 train_time:1559943ms step_avg:369.48ms
step:4233/5100 lr:0.0004335 train_loss:3.3457 train_time:1560342ms step_avg:369.49ms
step:4234/5100 lr:0.000433 train_loss:3.5683 train_time:1560741ms step_avg:369.49ms
step:4235/5100 lr:0.0004325 train_loss:3.2846 train_time:1561141ms step_avg:369.50ms
step:4236/5100 lr:0.000432 train_loss:3.7127 train_time:1561540ms step_avg:369.51ms
step:4237/5100 lr:0.0004315 train_loss:3.4100 train_time:1561939ms step_avg:369.51ms
step:4238/5100 lr:0.000431 train_loss:3.3426 train_time:1562338ms step_avg:369.52ms
step:4239/5100 lr:0.0004305 train_loss:3.2906 train_time:1562736ms step_avg:369.53ms
step:4240/5100 lr:0.00043 train_loss:3.2497 train_time:1563135ms step_avg:369.54ms
step:4241/5100 lr:0.0004295 train_loss:3.4086 train_time:1563533ms step_avg:369.54ms
step:4242/5100 lr:0.000429 train_loss:3.2610 train_time:1563931ms step_avg:369.55ms
step:4243/5100 lr:0.0004285 train_loss:3.3983 train_time:1564330ms step_avg:369.56ms
step:4244/5100 lr:0.000428 train_loss:3.4844 train_time:1564729ms step_avg:369.56ms
step:4245/5100 lr:0.0004275 train_loss:3.3923 train_time:1565127ms step_avg:369.57ms
step:4246/5100 lr:0.000427 train_loss:3.2687 train_time:1565525ms step_avg:369.58ms
step:4247/5100 lr:0.0004265 train_loss:3.3834 train_time:1565923ms step_avg:369.58ms
step:4248/5100 lr:0.000426 train_loss:3.2714 train_time:1566321ms step_avg:369.59ms
step:4249/5100 lr:0.0004255 train_loss:3.3030 train_time:1566720ms step_avg:369.60ms
step:4250/5100 lr:0.000425 train_loss:3.3399 train_time:1567118ms step_avg:369.60ms
step:4250/5100 val_loss:3.3018 train_time:1567121ms step_avg:369.60ms
step:4251/5100 lr:0.0004245 train_loss:3.3876 train_time:1571273ms step_avg:370.50ms
step:4252/5100 lr:0.000424 train_loss:3.2659 train_time:1571672ms step_avg:370.50ms
step:4253/5100 lr:0.0004235 train_loss:3.4432 train_time:1572071ms step_avg:370.51ms
step:4254/5100 lr:0.000423 train_loss:3.2585 train_time:1572470ms step_avg:370.52ms
step:4255/5100 lr:0.00042249999999999997 train_loss:3.2064 train_time:1572868ms step_avg:370.52ms
step:4256/5100 lr:0.000422 train_loss:3.5680 train_time:1573266ms step_avg:370.53ms
step:4257/5100 lr:0.0004215 train_loss:3.0810 train_time:1573664ms step_avg:370.54ms
step:4258/5100 lr:0.000421 train_loss:3.0818 train_time:1574063ms step_avg:370.54ms
step:4259/5100 lr:0.0004205 train_loss:3.3352 train_time:1574461ms step_avg:370.55ms
step:4260/5100 lr:0.00042 train_loss:3.8452 train_time:1574860ms step_avg:370.56ms
step:4261/5100 lr:0.0004195 train_loss:3.2300 train_time:1575258ms step_avg:370.56ms
step:4262/5100 lr:0.000419 train_loss:3.6141 train_time:1575656ms step_avg:370.57ms
step:4263/5100 lr:0.0004185 train_loss:3.3471 train_time:1576054ms step_avg:370.57ms
step:4264/5100 lr:0.00041799999999999997 train_loss:3.1808 train_time:1576453ms step_avg:370.58ms
step:4265/5100 lr:0.0004175 train_loss:3.2567 train_time:1576852ms step_avg:370.59ms
step:4266/5100 lr:0.000417 train_loss:3.1543 train_time:1577250ms step_avg:370.59ms
step:4267/5100 lr:0.0004165 train_loss:3.4462 train_time:1577649ms step_avg:370.60ms
step:4268/5100 lr:0.000416 train_loss:3.4098 train_time:1578046ms step_avg:370.61ms
step:4269/5100 lr:0.00041549999999999996 train_loss:3.3469 train_time:1578445ms step_avg:370.61ms
step:4270/5100 lr:0.000415 train_loss:3.4101 train_time:1578843ms step_avg:370.62ms
step:4271/5100 lr:0.0004145 train_loss:3.3594 train_time:1579242ms step_avg:370.63ms
step:4272/5100 lr:0.000414 train_loss:3.3096 train_time:1579641ms step_avg:370.63ms
step:4273/5100 lr:0.00041349999999999997 train_loss:3.3076 train_time:1580039ms step_avg:370.64ms
step:4274/5100 lr:0.000413 train_loss:3.4763 train_time:1580437ms step_avg:370.65ms
step:4275/5100 lr:0.0004125 train_loss:3.1661 train_time:1580835ms step_avg:370.65ms
step:4276/5100 lr:0.000412 train_loss:3.2613 train_time:1581234ms step_avg:370.66ms
step:4277/5100 lr:0.0004115 train_loss:3.2593 train_time:1581632ms step_avg:370.67ms
step:4278/5100 lr:0.00041099999999999996 train_loss:3.2456 train_time:1582031ms step_avg:370.67ms
step:4279/5100 lr:0.0004105 train_loss:3.9947 train_time:1582430ms step_avg:370.68ms
step:4280/5100 lr:0.00041 train_loss:3.2311 train_time:1582828ms step_avg:370.69ms
step:4281/5100 lr:0.0004095 train_loss:3.3197 train_time:1583226ms step_avg:370.69ms
step:4282/5100 lr:0.00040899999999999997 train_loss:3.3562 train_time:1583624ms step_avg:370.70ms
step:4283/5100 lr:0.0004085 train_loss:3.4602 train_time:1584023ms step_avg:370.71ms
step:4284/5100 lr:0.000408 train_loss:3.4777 train_time:1584422ms step_avg:370.71ms
step:4285/5100 lr:0.0004075 train_loss:3.3252 train_time:1584820ms step_avg:370.72ms
step:4286/5100 lr:0.00040699999999999997 train_loss:3.5010 train_time:1585219ms step_avg:370.72ms
step:4287/5100 lr:0.00040649999999999996 train_loss:3.2079 train_time:1585617ms step_avg:370.73ms
step:4288/5100 lr:0.00040600000000000006 train_loss:3.2297 train_time:1586015ms step_avg:370.74ms
step:4289/5100 lr:0.00040550000000000004 train_loss:3.1712 train_time:1586413ms step_avg:370.74ms
step:4290/5100 lr:0.00040500000000000003 train_loss:3.2700 train_time:1586813ms step_avg:370.75ms
step:4291/5100 lr:0.0004045 train_loss:3.4193 train_time:1587211ms step_avg:370.76ms
step:4292/5100 lr:0.000404 train_loss:3.4086 train_time:1587610ms step_avg:370.76ms
step:4293/5100 lr:0.00040350000000000005 train_loss:3.3134 train_time:1588009ms step_avg:370.77ms
step:4294/5100 lr:0.00040300000000000004 train_loss:3.4084 train_time:1588407ms step_avg:370.78ms
step:4295/5100 lr:0.0004025 train_loss:3.3620 train_time:1588804ms step_avg:370.78ms
step:4296/5100 lr:0.000402 train_loss:3.3367 train_time:1589203ms step_avg:370.79ms
step:4297/5100 lr:0.00040150000000000006 train_loss:3.1934 train_time:1589602ms step_avg:370.80ms
step:4298/5100 lr:0.00040100000000000004 train_loss:3.3916 train_time:1590000ms step_avg:370.80ms
step:4299/5100 lr:0.00040050000000000003 train_loss:3.3363 train_time:1590399ms step_avg:370.81ms
step:4300/5100 lr:0.0004 train_loss:3.3599 train_time:1590797ms step_avg:370.82ms
step:4301/5100 lr:0.0003995 train_loss:3.2600 train_time:1591196ms step_avg:370.82ms
step:4302/5100 lr:0.00039900000000000005 train_loss:3.3603 train_time:1591594ms step_avg:370.83ms
step:4303/5100 lr:0.00039850000000000004 train_loss:3.3122 train_time:1591993ms step_avg:370.83ms
step:4304/5100 lr:0.000398 train_loss:3.1949 train_time:1592391ms step_avg:370.84ms
step:4305/5100 lr:0.0003975 train_loss:3.4749 train_time:1592790ms step_avg:370.85ms
step:4306/5100 lr:0.00039700000000000005 train_loss:3.3510 train_time:1593188ms step_avg:370.85ms
step:4307/5100 lr:0.00039650000000000004 train_loss:3.2814 train_time:1593585ms step_avg:370.86ms
step:4308/5100 lr:0.00039600000000000003 train_loss:3.3487 train_time:1593983ms step_avg:370.87ms
step:4309/5100 lr:0.0003955 train_loss:3.4748 train_time:1594383ms step_avg:370.87ms
step:4310/5100 lr:0.000395 train_loss:3.2019 train_time:1594781ms step_avg:370.88ms
step:4311/5100 lr:0.00039450000000000005 train_loss:3.1913 train_time:1595180ms step_avg:370.89ms
step:4312/5100 lr:0.00039400000000000004 train_loss:3.2978 train_time:1595578ms step_avg:370.89ms
step:4313/5100 lr:0.0003935 train_loss:3.2576 train_time:1595977ms step_avg:370.90ms
step:4314/5100 lr:0.000393 train_loss:3.2727 train_time:1596375ms step_avg:370.90ms
step:4315/5100 lr:0.0003925 train_loss:3.3930 train_time:1596773ms step_avg:370.91ms
step:4316/5100 lr:0.00039200000000000004 train_loss:3.2160 train_time:1597172ms step_avg:370.92ms
step:4317/5100 lr:0.00039150000000000003 train_loss:4.1866 train_time:1597571ms step_avg:370.92ms
step:4318/5100 lr:0.000391 train_loss:3.3238 train_time:1597969ms step_avg:370.93ms
step:4319/5100 lr:0.0003905 train_loss:3.3220 train_time:1598367ms step_avg:370.94ms
step:4320/5100 lr:0.00039000000000000005 train_loss:3.4240 train_time:1598765ms step_avg:370.94ms
step:4321/5100 lr:0.00038950000000000003 train_loss:3.6054 train_time:1599164ms step_avg:370.95ms
step:4322/5100 lr:0.000389 train_loss:3.2540 train_time:1599562ms step_avg:370.96ms
step:4323/5100 lr:0.0003885 train_loss:3.1484 train_time:1599961ms step_avg:370.96ms
step:4324/5100 lr:0.000388 train_loss:3.4512 train_time:1600360ms step_avg:370.97ms
step:4325/5100 lr:0.00038750000000000004 train_loss:3.2863 train_time:1600758ms step_avg:370.98ms
step:4326/5100 lr:0.00038700000000000003 train_loss:3.3354 train_time:1601156ms step_avg:370.98ms
step:4327/5100 lr:0.0003865 train_loss:3.2329 train_time:1601554ms step_avg:370.99ms
step:4328/5100 lr:0.000386 train_loss:3.2128 train_time:1601953ms step_avg:370.99ms
step:4329/5100 lr:0.0003855 train_loss:3.4563 train_time:1602351ms step_avg:371.00ms
step:4330/5100 lr:0.00038500000000000003 train_loss:3.4622 train_time:1602750ms step_avg:371.01ms
step:4331/5100 lr:0.0003845 train_loss:3.2637 train_time:1603148ms step_avg:371.01ms
step:4332/5100 lr:0.000384 train_loss:3.3660 train_time:1603547ms step_avg:371.02ms
step:4333/5100 lr:0.0003835 train_loss:3.3536 train_time:1603945ms step_avg:371.03ms
step:4334/5100 lr:0.00038300000000000004 train_loss:3.1873 train_time:1604342ms step_avg:371.03ms
step:4335/5100 lr:0.00038250000000000003 train_loss:3.0477 train_time:1604741ms step_avg:371.04ms
step:4336/5100 lr:0.000382 train_loss:3.1614 train_time:1605140ms step_avg:371.04ms
step:4337/5100 lr:0.0003815 train_loss:3.1357 train_time:1605538ms step_avg:371.05ms
step:4338/5100 lr:0.000381 train_loss:3.2570 train_time:1605936ms step_avg:371.06ms
step:4339/5100 lr:0.00038050000000000003 train_loss:3.1990 train_time:1606334ms step_avg:371.06ms
step:4340/5100 lr:0.00038 train_loss:3.1359 train_time:1606733ms step_avg:371.07ms
step:4341/5100 lr:0.0003795 train_loss:3.4029 train_time:1607132ms step_avg:371.08ms
step:4342/5100 lr:0.000379 train_loss:3.2635 train_time:1607531ms step_avg:371.08ms
step:4343/5100 lr:0.0003785 train_loss:3.4634 train_time:1607929ms step_avg:371.09ms
step:4344/5100 lr:0.000378 train_loss:4.0812 train_time:1608328ms step_avg:371.10ms
step:4345/5100 lr:0.0003775 train_loss:3.2733 train_time:1608726ms step_avg:371.10ms
step:4346/5100 lr:0.000377 train_loss:3.4013 train_time:1609127ms step_avg:371.11ms
step:4347/5100 lr:0.0003765 train_loss:3.4926 train_time:1609527ms step_avg:371.12ms
step:4348/5100 lr:0.00037600000000000003 train_loss:3.2029 train_time:1609926ms step_avg:371.12ms
step:4349/5100 lr:0.0003755 train_loss:3.3000 train_time:1610324ms step_avg:371.13ms
step:4350/5100 lr:0.000375 train_loss:3.0727 train_time:1610723ms step_avg:371.13ms
step:4351/5100 lr:0.0003745 train_loss:3.2508 train_time:1611122ms step_avg:371.14ms
step:4352/5100 lr:0.000374 train_loss:3.3825 train_time:1611521ms step_avg:371.15ms
step:4353/5100 lr:0.0003735 train_loss:3.4225 train_time:1611920ms step_avg:371.15ms
step:4354/5100 lr:0.000373 train_loss:3.3500 train_time:1612318ms step_avg:371.16ms
step:4355/5100 lr:0.0003725 train_loss:3.3710 train_time:1612716ms step_avg:371.17ms
step:4356/5100 lr:0.000372 train_loss:3.3838 train_time:1613114ms step_avg:371.17ms
step:4357/5100 lr:0.00037150000000000003 train_loss:3.1300 train_time:1613513ms step_avg:371.18ms
step:4358/5100 lr:0.000371 train_loss:3.2103 train_time:1613911ms step_avg:371.18ms
step:4359/5100 lr:0.0003705 train_loss:3.0188 train_time:1614309ms step_avg:371.19ms
step:4360/5100 lr:0.00037 train_loss:3.2731 train_time:1614707ms step_avg:371.20ms
step:4361/5100 lr:0.0003695 train_loss:3.3183 train_time:1615105ms step_avg:371.20ms
step:4362/5100 lr:0.000369 train_loss:3.2308 train_time:1615503ms step_avg:371.21ms
step:4363/5100 lr:0.0003685 train_loss:3.4678 train_time:1615902ms step_avg:371.22ms
step:4364/5100 lr:0.000368 train_loss:3.4069 train_time:1616301ms step_avg:371.22ms
step:4365/5100 lr:0.0003675 train_loss:3.1106 train_time:1616699ms step_avg:371.23ms
step:4366/5100 lr:0.000367 train_loss:3.0727 train_time:1617098ms step_avg:371.23ms
step:4367/5100 lr:0.0003665 train_loss:3.1860 train_time:1617496ms step_avg:371.24ms
step:4368/5100 lr:0.000366 train_loss:3.3005 train_time:1617894ms step_avg:371.25ms
step:4369/5100 lr:0.0003655 train_loss:3.4170 train_time:1618293ms step_avg:371.25ms
step:4370/5100 lr:0.000365 train_loss:3.4184 train_time:1618893ms step_avg:371.31ms
step:4371/5100 lr:0.0003645 train_loss:3.4298 train_time:1619292ms step_avg:371.31ms
step:4372/5100 lr:0.000364 train_loss:3.6754 train_time:1619690ms step_avg:371.32ms
step:4373/5100 lr:0.0003635 train_loss:3.3817 train_time:1620089ms step_avg:371.32ms
step:4374/5100 lr:0.000363 train_loss:3.3774 train_time:1620487ms step_avg:371.33ms
step:4375/5100 lr:0.0003625 train_loss:3.4141 train_time:1620885ms step_avg:371.34ms
step:4375/5100 val_loss:3.2904 train_time:1620888ms step_avg:371.34ms
step:4376/5100 lr:0.000362 train_loss:3.2777 train_time:1625039ms step_avg:372.20ms
step:4377/5100 lr:0.0003615 train_loss:3.2879 train_time:1625439ms step_avg:372.21ms
step:4378/5100 lr:0.000361 train_loss:3.2810 train_time:1625838ms step_avg:372.22ms
step:4379/5100 lr:0.0003605 train_loss:3.4520 train_time:1626237ms step_avg:372.22ms
step:4380/5100 lr:0.00035999999999999997 train_loss:3.3859 train_time:1626636ms step_avg:372.23ms
step:4381/5100 lr:0.0003595 train_loss:3.5409 train_time:1627035ms step_avg:372.23ms
step:4382/5100 lr:0.000359 train_loss:3.2251 train_time:1627633ms step_avg:372.29ms
step:4383/5100 lr:0.0003585 train_loss:3.2562 train_time:1628031ms step_avg:372.29ms
step:4384/5100 lr:0.000358 train_loss:3.2085 train_time:1628430ms step_avg:372.30ms
step:4385/5100 lr:0.0003575 train_loss:2.9985 train_time:1628829ms step_avg:372.30ms
step:4386/5100 lr:0.000357 train_loss:3.0583 train_time:1629228ms step_avg:372.31ms
step:4387/5100 lr:0.0003565 train_loss:3.2688 train_time:1629627ms step_avg:372.32ms
step:4388/5100 lr:0.000356 train_loss:3.4020 train_time:1630027ms step_avg:372.32ms
step:4389/5100 lr:0.00035549999999999997 train_loss:3.8894 train_time:1630426ms step_avg:372.33ms
step:4390/5100 lr:0.000355 train_loss:3.2407 train_time:1630825ms step_avg:372.33ms
step:4391/5100 lr:0.0003545 train_loss:3.3041 train_time:1631223ms step_avg:372.34ms
step:4392/5100 lr:0.000354 train_loss:3.2702 train_time:1631622ms step_avg:372.35ms
step:4393/5100 lr:0.0003535 train_loss:3.1535 train_time:1632021ms step_avg:372.35ms
step:4394/5100 lr:0.00035299999999999996 train_loss:3.3440 train_time:1632419ms step_avg:372.36ms
step:4395/5100 lr:0.0003525 train_loss:3.3144 train_time:1632818ms step_avg:372.36ms
step:4396/5100 lr:0.000352 train_loss:3.3047 train_time:1633217ms step_avg:372.37ms
step:4397/5100 lr:0.0003515 train_loss:3.1960 train_time:1633616ms step_avg:372.38ms
step:4398/5100 lr:0.00035099999999999997 train_loss:3.4924 train_time:1634015ms step_avg:372.38ms
step:4399/5100 lr:0.0003505 train_loss:3.3394 train_time:1634414ms step_avg:372.39ms
step:4400/5100 lr:0.00035 train_loss:3.2334 train_time:1634813ms step_avg:372.39ms
step:4401/5100 lr:0.0003495 train_loss:3.3320 train_time:1635212ms step_avg:372.40ms
step:4402/5100 lr:0.00034899999999999997 train_loss:3.1757 train_time:1635610ms step_avg:372.41ms
step:4403/5100 lr:0.00034849999999999996 train_loss:3.2795 train_time:1636009ms step_avg:372.41ms
step:4404/5100 lr:0.000348 train_loss:3.2801 train_time:1636408ms step_avg:372.42ms
step:4405/5100 lr:0.0003475 train_loss:3.2021 train_time:1636807ms step_avg:372.42ms
step:4406/5100 lr:0.000347 train_loss:3.2238 train_time:1637206ms step_avg:372.43ms
step:4407/5100 lr:0.00034649999999999997 train_loss:3.1025 train_time:1637605ms step_avg:372.44ms
step:4408/5100 lr:0.000346 train_loss:3.1914 train_time:1638004ms step_avg:372.44ms
step:4409/5100 lr:0.0003455 train_loss:3.6845 train_time:1638403ms step_avg:372.45ms
step:4410/5100 lr:0.000345 train_loss:3.1949 train_time:1638802ms step_avg:372.45ms
step:4411/5100 lr:0.00034449999999999997 train_loss:3.3104 train_time:1639200ms step_avg:372.46ms
step:4412/5100 lr:0.00034399999999999996 train_loss:3.2337 train_time:1639599ms step_avg:372.47ms
step:4413/5100 lr:0.00034350000000000006 train_loss:3.2156 train_time:1639998ms step_avg:372.47ms
step:4414/5100 lr:0.00034300000000000004 train_loss:3.4314 train_time:1640397ms step_avg:372.48ms
step:4415/5100 lr:0.00034250000000000003 train_loss:3.3924 train_time:1640797ms step_avg:372.49ms
step:4416/5100 lr:0.000342 train_loss:3.3179 train_time:1641196ms step_avg:372.49ms
step:4417/5100 lr:0.0003415 train_loss:3.5949 train_time:1641595ms step_avg:372.50ms
step:4418/5100 lr:0.00034100000000000005 train_loss:3.3994 train_time:1641994ms step_avg:372.50ms
step:4419/5100 lr:0.00034050000000000004 train_loss:3.3934 train_time:1642393ms step_avg:372.51ms
step:4420/5100 lr:0.00034 train_loss:3.5954 train_time:1642792ms step_avg:372.52ms
step:4421/5100 lr:0.0003395 train_loss:3.3066 train_time:1643191ms step_avg:372.52ms
step:4422/5100 lr:0.00033900000000000005 train_loss:3.2767 train_time:1643589ms step_avg:372.53ms
step:4423/5100 lr:0.00033850000000000004 train_loss:3.3326 train_time:1643988ms step_avg:372.53ms
step:4424/5100 lr:0.00033800000000000003 train_loss:3.3870 train_time:1644387ms step_avg:372.54ms
step:4425/5100 lr:0.0003375 train_loss:3.2010 train_time:1644787ms step_avg:372.55ms
step:4426/5100 lr:0.000337 train_loss:3.1079 train_time:1645186ms step_avg:372.55ms
step:4427/5100 lr:0.00033650000000000005 train_loss:3.3120 train_time:1645584ms step_avg:372.56ms
step:4428/5100 lr:0.00033600000000000004 train_loss:3.6337 train_time:1645982ms step_avg:372.56ms
step:4429/5100 lr:0.0003355 train_loss:3.2542 train_time:1646381ms step_avg:372.57ms
step:4430/5100 lr:0.000335 train_loss:3.1971 train_time:1646779ms step_avg:372.57ms
step:4431/5100 lr:0.00033450000000000005 train_loss:3.2112 train_time:1647177ms step_avg:372.58ms
step:4432/5100 lr:0.00033400000000000004 train_loss:3.3613 train_time:1647575ms step_avg:372.59ms
step:4433/5100 lr:0.00033350000000000003 train_loss:3.2995 train_time:1647974ms step_avg:372.59ms
step:4434/5100 lr:0.000333 train_loss:3.4010 train_time:1648372ms step_avg:372.60ms
step:4435/5100 lr:0.0003325 train_loss:3.3055 train_time:1648770ms step_avg:372.60ms
step:4436/5100 lr:0.00033200000000000005 train_loss:3.2086 train_time:1649168ms step_avg:372.61ms
step:4437/5100 lr:0.00033150000000000003 train_loss:3.2734 train_time:1649566ms step_avg:372.61ms
step:4438/5100 lr:0.000331 train_loss:3.1499 train_time:1649965ms step_avg:372.62ms
step:4439/5100 lr:0.0003305 train_loss:3.1469 train_time:1650363ms step_avg:372.63ms
step:4440/5100 lr:0.00033 train_loss:3.3237 train_time:1650761ms step_avg:372.63ms
step:4441/5100 lr:0.00032950000000000004 train_loss:3.4488 train_time:1651160ms step_avg:372.64ms
step:4442/5100 lr:0.00032900000000000003 train_loss:3.2666 train_time:1651558ms step_avg:372.64ms
step:4443/5100 lr:0.0003285 train_loss:3.1429 train_time:1651957ms step_avg:372.65ms
step:4444/5100 lr:0.000328 train_loss:3.3090 train_time:1652355ms step_avg:372.66ms
step:4445/5100 lr:0.00032750000000000005 train_loss:3.1204 train_time:1652753ms step_avg:372.66ms
step:4446/5100 lr:0.00032700000000000003 train_loss:3.2940 train_time:1653152ms step_avg:372.67ms
step:4447/5100 lr:0.0003265 train_loss:3.2193 train_time:1653549ms step_avg:372.67ms
step:4448/5100 lr:0.000326 train_loss:3.2928 train_time:1653947ms step_avg:372.68ms
step:4449/5100 lr:0.0003255 train_loss:3.0897 train_time:1654346ms step_avg:372.68ms
step:4450/5100 lr:0.00032500000000000004 train_loss:3.2005 train_time:1654744ms step_avg:372.69ms
step:4451/5100 lr:0.00032450000000000003 train_loss:3.1182 train_time:1655142ms step_avg:372.70ms
step:4452/5100 lr:0.000324 train_loss:3.1979 train_time:1655540ms step_avg:372.70ms
step:4453/5100 lr:0.0003235 train_loss:3.1971 train_time:1655939ms step_avg:372.71ms
step:4454/5100 lr:0.000323 train_loss:3.2774 train_time:1656338ms step_avg:372.71ms
step:4455/5100 lr:0.00032250000000000003 train_loss:3.4819 train_time:1656737ms step_avg:372.72ms
step:4456/5100 lr:0.000322 train_loss:3.2884 train_time:1657135ms step_avg:372.73ms
step:4457/5100 lr:0.0003215 train_loss:3.3687 train_time:1657533ms step_avg:372.73ms
step:4458/5100 lr:0.000321 train_loss:3.2334 train_time:1657931ms step_avg:372.74ms
step:4459/5100 lr:0.00032050000000000004 train_loss:3.2088 train_time:1658328ms step_avg:372.74ms
step:4460/5100 lr:0.00032 train_loss:3.1831 train_time:1658726ms step_avg:372.75ms
step:4461/5100 lr:0.0003195 train_loss:3.0088 train_time:1659125ms step_avg:372.75ms
step:4462/5100 lr:0.000319 train_loss:3.3662 train_time:1659523ms step_avg:372.76ms
step:4463/5100 lr:0.0003185 train_loss:3.3799 train_time:1659921ms step_avg:372.76ms
step:4464/5100 lr:0.00031800000000000003 train_loss:3.2075 train_time:1660318ms step_avg:372.77ms
step:4465/5100 lr:0.0003175 train_loss:3.2814 train_time:1660716ms step_avg:372.78ms
step:4466/5100 lr:0.000317 train_loss:3.2894 train_time:1661115ms step_avg:372.78ms
step:4467/5100 lr:0.0003165 train_loss:3.2451 train_time:1661515ms step_avg:372.79ms
step:4468/5100 lr:0.000316 train_loss:3.2396 train_time:1661913ms step_avg:372.79ms
step:4469/5100 lr:0.0003155 train_loss:3.2999 train_time:1662311ms step_avg:372.80ms
step:4470/5100 lr:0.000315 train_loss:3.3029 train_time:1662709ms step_avg:372.80ms
step:4471/5100 lr:0.0003145 train_loss:3.5964 train_time:1663107ms step_avg:372.81ms
step:4472/5100 lr:0.000314 train_loss:3.2858 train_time:1663506ms step_avg:372.82ms
step:4473/5100 lr:0.00031350000000000003 train_loss:3.2529 train_time:1663904ms step_avg:372.82ms
step:4474/5100 lr:0.000313 train_loss:3.0154 train_time:1664302ms step_avg:372.83ms
step:4475/5100 lr:0.0003125 train_loss:3.4331 train_time:1664700ms step_avg:372.83ms
step:4476/5100 lr:0.000312 train_loss:3.0962 train_time:1665098ms step_avg:372.84ms
step:4477/5100 lr:0.0003115 train_loss:3.0396 train_time:1665497ms step_avg:372.84ms
step:4478/5100 lr:0.000311 train_loss:3.3268 train_time:1665896ms step_avg:372.85ms
step:4479/5100 lr:0.0003105 train_loss:2.8203 train_time:1666294ms step_avg:372.86ms
step:4480/5100 lr:0.00031 train_loss:3.2728 train_time:1666692ms step_avg:372.86ms
step:4481/5100 lr:0.0003095 train_loss:3.3451 train_time:1667090ms step_avg:372.87ms
step:4482/5100 lr:0.00030900000000000003 train_loss:3.2492 train_time:1667488ms step_avg:372.87ms
step:4483/5100 lr:0.0003085 train_loss:3.2754 train_time:1667886ms step_avg:372.88ms
step:4484/5100 lr:0.000308 train_loss:3.3122 train_time:1668285ms step_avg:372.88ms
step:4485/5100 lr:0.0003075 train_loss:3.3504 train_time:1668683ms step_avg:372.89ms
step:4486/5100 lr:0.000307 train_loss:3.1855 train_time:1669081ms step_avg:372.90ms
step:4487/5100 lr:0.0003065 train_loss:3.4994 train_time:1669479ms step_avg:372.90ms
step:4488/5100 lr:0.000306 train_loss:3.3631 train_time:1669878ms step_avg:372.91ms
step:4489/5100 lr:0.0003055 train_loss:3.3448 train_time:1670277ms step_avg:372.91ms
step:4490/5100 lr:0.000305 train_loss:3.1205 train_time:1670675ms step_avg:372.92ms
step:4491/5100 lr:0.0003045 train_loss:3.2560 train_time:1671073ms step_avg:372.92ms
step:4492/5100 lr:0.000304 train_loss:3.3284 train_time:1671471ms step_avg:372.93ms
step:4493/5100 lr:0.0003035 train_loss:3.1358 train_time:1671869ms step_avg:372.94ms
step:4494/5100 lr:0.000303 train_loss:3.1555 train_time:1672267ms step_avg:372.94ms
step:4495/5100 lr:0.0003025 train_loss:3.0659 train_time:1672666ms step_avg:372.95ms
step:4496/5100 lr:0.000302 train_loss:3.2586 train_time:1673064ms step_avg:372.95ms
step:4497/5100 lr:0.0003015 train_loss:2.8990 train_time:1673463ms step_avg:372.96ms
step:4498/5100 lr:0.000301 train_loss:3.5038 train_time:1673861ms step_avg:372.96ms
step:4499/5100 lr:0.0003005 train_loss:3.2738 train_time:1674259ms step_avg:372.97ms
step:4500/5100 lr:0.0003 train_loss:3.3320 train_time:1674657ms step_avg:372.97ms
step:4500/5100 val_loss:3.2796 train_time:1674661ms step_avg:372.98ms
step:4501/5100 lr:0.0002995 train_loss:3.6673 train_time:1678794ms step_avg:373.81ms
step:4502/5100 lr:0.000299 train_loss:3.0238 train_time:1679192ms step_avg:373.82ms
step:4503/5100 lr:0.0002985 train_loss:3.4557 train_time:1679591ms step_avg:373.82ms
step:4504/5100 lr:0.000298 train_loss:3.1071 train_time:1679990ms step_avg:373.83ms
step:4505/5100 lr:0.00029749999999999997 train_loss:3.4560 train_time:1680389ms step_avg:373.84ms
step:4506/5100 lr:0.000297 train_loss:3.2515 train_time:1680788ms step_avg:373.84ms
step:4507/5100 lr:0.0002965 train_loss:3.2936 train_time:1681187ms step_avg:373.85ms
step:4508/5100 lr:0.000296 train_loss:3.3221 train_time:1681585ms step_avg:373.85ms
step:4509/5100 lr:0.00029549999999999997 train_loss:3.4481 train_time:1681984ms step_avg:373.86ms
step:4510/5100 lr:0.000295 train_loss:3.2165 train_time:1682383ms step_avg:373.86ms
step:4511/5100 lr:0.0002945 train_loss:3.2439 train_time:1682781ms step_avg:373.87ms
step:4512/5100 lr:0.000294 train_loss:3.6004 train_time:1683179ms step_avg:373.87ms
step:4513/5100 lr:0.0002935 train_loss:3.5983 train_time:1683578ms step_avg:373.88ms
step:4514/5100 lr:0.00029299999999999997 train_loss:3.3211 train_time:1683976ms step_avg:373.88ms
step:4515/5100 lr:0.0002925 train_loss:3.1799 train_time:1684375ms step_avg:373.89ms
step:4516/5100 lr:0.000292 train_loss:3.3411 train_time:1684773ms step_avg:373.90ms
step:4517/5100 lr:0.0002915 train_loss:3.3491 train_time:1685171ms step_avg:373.90ms
step:4518/5100 lr:0.00029099999999999997 train_loss:3.3504 train_time:1685569ms step_avg:373.91ms
step:4519/5100 lr:0.00029049999999999996 train_loss:3.3700 train_time:1685969ms step_avg:373.91ms
step:4520/5100 lr:0.00029 train_loss:3.3312 train_time:1686367ms step_avg:373.92ms
step:4521/5100 lr:0.0002895 train_loss:3.3402 train_time:1686766ms step_avg:373.92ms
step:4522/5100 lr:0.000289 train_loss:3.2085 train_time:1687164ms step_avg:373.93ms
step:4523/5100 lr:0.00028849999999999997 train_loss:3.3888 train_time:1687562ms step_avg:373.93ms
step:4524/5100 lr:0.000288 train_loss:3.2462 train_time:1687960ms step_avg:373.94ms
step:4525/5100 lr:0.0002875 train_loss:3.3505 train_time:1688358ms step_avg:373.94ms
step:4526/5100 lr:0.000287 train_loss:3.3132 train_time:1688756ms step_avg:373.95ms
step:4527/5100 lr:0.00028649999999999997 train_loss:3.1214 train_time:1689154ms step_avg:373.95ms
step:4528/5100 lr:0.00028599999999999996 train_loss:3.2285 train_time:1689552ms step_avg:373.96ms
step:4529/5100 lr:0.0002855 train_loss:3.5117 train_time:1689950ms step_avg:373.97ms
step:4530/5100 lr:0.000285 train_loss:3.3698 train_time:1690349ms step_avg:373.97ms
step:4531/5100 lr:0.0002845 train_loss:3.4083 train_time:1690748ms step_avg:373.98ms
step:4532/5100 lr:0.00028399999999999996 train_loss:3.1957 train_time:1691147ms step_avg:373.98ms
step:4533/5100 lr:0.0002835 train_loss:3.2799 train_time:1691546ms step_avg:373.99ms
step:4534/5100 lr:0.000283 train_loss:3.3233 train_time:1691944ms step_avg:373.99ms
step:4535/5100 lr:0.0002825 train_loss:3.2206 train_time:1692343ms step_avg:374.00ms
step:4536/5100 lr:0.00028199999999999997 train_loss:3.1832 train_time:1692741ms step_avg:374.00ms
step:4537/5100 lr:0.00028149999999999996 train_loss:3.2314 train_time:1693140ms step_avg:374.01ms
step:4538/5100 lr:0.00028100000000000005 train_loss:3.4424 train_time:1693539ms step_avg:374.01ms
step:4539/5100 lr:0.00028050000000000004 train_loss:3.1422 train_time:1693938ms step_avg:374.02ms
step:4540/5100 lr:0.00028000000000000003 train_loss:3.2991 train_time:1694336ms step_avg:374.03ms
step:4541/5100 lr:0.0002795 train_loss:3.3404 train_time:1694734ms step_avg:374.03ms
step:4542/5100 lr:0.000279 train_loss:3.4127 train_time:1695131ms step_avg:374.04ms
step:4543/5100 lr:0.00027850000000000005 train_loss:3.3941 train_time:1695530ms step_avg:374.04ms
step:4544/5100 lr:0.00027800000000000004 train_loss:3.2149 train_time:1695928ms step_avg:374.05ms
step:4545/5100 lr:0.0002775 train_loss:3.2946 train_time:1696327ms step_avg:374.05ms
step:4546/5100 lr:0.000277 train_loss:3.1117 train_time:1696727ms step_avg:374.06ms
step:4547/5100 lr:0.00027650000000000005 train_loss:3.1374 train_time:1697125ms step_avg:374.06ms
step:4548/5100 lr:0.00027600000000000004 train_loss:3.3849 train_time:1697523ms step_avg:374.07ms
step:4549/5100 lr:0.00027550000000000003 train_loss:3.2074 train_time:1697920ms step_avg:374.07ms
step:4550/5100 lr:0.000275 train_loss:3.1499 train_time:1698319ms step_avg:374.08ms
step:4551/5100 lr:0.0002745 train_loss:3.1288 train_time:1698718ms step_avg:374.08ms
step:4552/5100 lr:0.00027400000000000005 train_loss:3.1112 train_time:1699116ms step_avg:374.09ms
step:4553/5100 lr:0.00027350000000000003 train_loss:3.3093 train_time:1699514ms step_avg:374.10ms
step:4554/5100 lr:0.000273 train_loss:3.2016 train_time:1699912ms step_avg:374.10ms
step:4555/5100 lr:0.0002725 train_loss:3.2681 train_time:1700310ms step_avg:374.11ms
step:4556/5100 lr:0.00027200000000000005 train_loss:3.0129 train_time:1700709ms step_avg:374.11ms
step:4557/5100 lr:0.00027150000000000004 train_loss:3.3300 train_time:1701107ms step_avg:374.12ms
step:4558/5100 lr:0.00027100000000000003 train_loss:3.1068 train_time:1701506ms step_avg:374.12ms
step:4559/5100 lr:0.0002705 train_loss:3.2657 train_time:1701904ms step_avg:374.13ms
step:4560/5100 lr:0.00027 train_loss:3.3199 train_time:1702502ms step_avg:374.18ms
step:4561/5100 lr:0.00026950000000000005 train_loss:3.4107 train_time:1702900ms step_avg:374.18ms
step:4562/5100 lr:0.00026900000000000003 train_loss:3.3045 train_time:1703299ms step_avg:374.19ms
step:4563/5100 lr:0.0002685 train_loss:3.2195 train_time:1703698ms step_avg:374.19ms
step:4564/5100 lr:0.000268 train_loss:3.5541 train_time:1704096ms step_avg:374.20ms
step:4565/5100 lr:0.0002675 train_loss:3.4688 train_time:1704494ms step_avg:374.20ms
step:4566/5100 lr:0.00026700000000000004 train_loss:3.4979 train_time:1704892ms step_avg:374.21ms
step:4567/5100 lr:0.0002665 train_loss:3.4247 train_time:1705290ms step_avg:374.21ms
step:4568/5100 lr:0.000266 train_loss:3.1951 train_time:1705689ms step_avg:374.22ms
step:4569/5100 lr:0.0002655 train_loss:3.3160 train_time:1706088ms step_avg:374.22ms
step:4570/5100 lr:0.00026500000000000004 train_loss:3.3058 train_time:1706487ms step_avg:374.23ms
step:4571/5100 lr:0.00026450000000000003 train_loss:3.2259 train_time:1706885ms step_avg:374.23ms
step:4572/5100 lr:0.000264 train_loss:3.3510 train_time:1707482ms step_avg:374.28ms
step:4573/5100 lr:0.0002635 train_loss:3.3629 train_time:1707880ms step_avg:374.29ms
step:4574/5100 lr:0.000263 train_loss:3.2287 train_time:1708278ms step_avg:374.29ms
step:4575/5100 lr:0.00026250000000000004 train_loss:3.2723 train_time:1708677ms step_avg:374.30ms
step:4576/5100 lr:0.000262 train_loss:3.3979 train_time:1709076ms step_avg:374.30ms
step:4577/5100 lr:0.0002615 train_loss:3.5091 train_time:1709475ms step_avg:374.31ms
step:4578/5100 lr:0.000261 train_loss:3.3288 train_time:1709873ms step_avg:374.32ms
step:4579/5100 lr:0.0002605 train_loss:3.2634 train_time:1710271ms step_avg:374.32ms
step:4580/5100 lr:0.00026000000000000003 train_loss:3.4540 train_time:1710669ms step_avg:374.33ms
step:4581/5100 lr:0.0002595 train_loss:3.1738 train_time:1711067ms step_avg:374.33ms
step:4582/5100 lr:0.000259 train_loss:3.1402 train_time:1711466ms step_avg:374.34ms
step:4583/5100 lr:0.0002585 train_loss:3.4746 train_time:1711864ms step_avg:374.34ms
step:4584/5100 lr:0.00025800000000000004 train_loss:3.1162 train_time:1712262ms step_avg:374.35ms
step:4585/5100 lr:0.0002575 train_loss:3.2062 train_time:1712660ms step_avg:374.35ms
step:4586/5100 lr:0.000257 train_loss:3.3362 train_time:1713059ms step_avg:374.36ms
step:4587/5100 lr:0.0002565 train_loss:3.3450 train_time:1713458ms step_avg:374.36ms
step:4588/5100 lr:0.000256 train_loss:3.2999 train_time:1713857ms step_avg:374.37ms
step:4589/5100 lr:0.00025550000000000003 train_loss:3.2253 train_time:1714255ms step_avg:374.37ms
step:4590/5100 lr:0.000255 train_loss:3.2888 train_time:1714653ms step_avg:374.38ms
step:4591/5100 lr:0.0002545 train_loss:3.2823 train_time:1715051ms step_avg:374.38ms
step:4592/5100 lr:0.000254 train_loss:3.2192 train_time:1715448ms step_avg:374.39ms
step:4593/5100 lr:0.0002535 train_loss:3.2910 train_time:1715847ms step_avg:374.39ms
step:4594/5100 lr:0.000253 train_loss:3.1698 train_time:1716245ms step_avg:374.40ms
step:4595/5100 lr:0.0002525 train_loss:3.1956 train_time:1716644ms step_avg:374.40ms
step:4596/5100 lr:0.000252 train_loss:3.3682 train_time:1717042ms step_avg:374.41ms
step:4597/5100 lr:0.0002515 train_loss:3.4189 train_time:1717440ms step_avg:374.41ms
step:4598/5100 lr:0.00025100000000000003 train_loss:3.1904 train_time:1717838ms step_avg:374.42ms
step:4599/5100 lr:0.0002505 train_loss:3.1319 train_time:1718236ms step_avg:374.43ms
step:4600/5100 lr:0.00025 train_loss:3.2275 train_time:1718635ms step_avg:374.43ms
step:4601/5100 lr:0.0002495 train_loss:3.4070 train_time:1719033ms step_avg:374.44ms
step:4602/5100 lr:0.000249 train_loss:3.4198 train_time:1719431ms step_avg:374.44ms
step:4603/5100 lr:0.0002485 train_loss:3.3320 train_time:1719829ms step_avg:374.45ms
step:4604/5100 lr:0.000248 train_loss:3.2919 train_time:1720228ms step_avg:374.45ms
step:4605/5100 lr:0.0002475 train_loss:3.4772 train_time:1720627ms step_avg:374.46ms
step:4606/5100 lr:0.000247 train_loss:3.2920 train_time:1721025ms step_avg:374.46ms
step:4607/5100 lr:0.00024650000000000003 train_loss:3.0448 train_time:1721423ms step_avg:374.47ms
step:4608/5100 lr:0.000246 train_loss:3.3649 train_time:1721823ms step_avg:374.47ms
step:4609/5100 lr:0.0002455 train_loss:3.2328 train_time:1722224ms step_avg:374.48ms
step:4610/5100 lr:0.000245 train_loss:3.3545 train_time:1722623ms step_avg:374.48ms
step:4611/5100 lr:0.0002445 train_loss:3.3719 train_time:1723021ms step_avg:374.49ms
step:4612/5100 lr:0.000244 train_loss:3.2586 train_time:1723420ms step_avg:374.49ms
step:4613/5100 lr:0.0002435 train_loss:3.2047 train_time:1723819ms step_avg:374.50ms
step:4614/5100 lr:0.000243 train_loss:3.2245 train_time:1724217ms step_avg:374.50ms
step:4615/5100 lr:0.00024249999999999999 train_loss:3.1789 train_time:1724616ms step_avg:374.51ms
step:4616/5100 lr:0.000242 train_loss:3.3220 train_time:1725014ms step_avg:374.51ms
step:4617/5100 lr:0.0002415 train_loss:3.2759 train_time:1725412ms step_avg:374.52ms
step:4618/5100 lr:0.000241 train_loss:3.3414 train_time:1725810ms step_avg:374.52ms
step:4619/5100 lr:0.0002405 train_loss:3.3318 train_time:1726209ms step_avg:374.53ms
step:4620/5100 lr:0.00024 train_loss:3.3821 train_time:1726608ms step_avg:374.54ms
step:4621/5100 lr:0.0002395 train_loss:3.2018 train_time:1727007ms step_avg:374.54ms
step:4622/5100 lr:0.00023899999999999998 train_loss:3.2916 train_time:1727406ms step_avg:374.55ms
step:4623/5100 lr:0.0002385 train_loss:3.5190 train_time:1727804ms step_avg:374.55ms
step:4624/5100 lr:0.00023799999999999998 train_loss:3.2430 train_time:1728202ms step_avg:374.56ms
step:4625/5100 lr:0.0002375 train_loss:3.0139 train_time:1728600ms step_avg:374.56ms
step:4625/5100 val_loss:3.2691 train_time:1728602ms step_avg:374.56ms
step:4626/5100 lr:0.000237 train_loss:3.2723 train_time:1732762ms step_avg:375.38ms
step:4627/5100 lr:0.0002365 train_loss:3.1500 train_time:1733161ms step_avg:375.39ms
step:4628/5100 lr:0.000236 train_loss:3.3717 train_time:1733560ms step_avg:375.39ms
step:4629/5100 lr:0.0002355 train_loss:3.1632 train_time:1733958ms step_avg:375.40ms
step:4630/5100 lr:0.000235 train_loss:3.3577 train_time:1734356ms step_avg:375.40ms
step:4631/5100 lr:0.00023449999999999998 train_loss:3.4210 train_time:1734755ms step_avg:375.41ms
step:4632/5100 lr:0.00023400000000000002 train_loss:3.4728 train_time:1735153ms step_avg:375.41ms
step:4633/5100 lr:0.0002335 train_loss:3.0094 train_time:1735552ms step_avg:375.42ms
step:4634/5100 lr:0.00023300000000000003 train_loss:3.2805 train_time:1735950ms step_avg:375.42ms
step:4635/5100 lr:0.0002325 train_loss:3.2743 train_time:1736349ms step_avg:375.43ms
step:4636/5100 lr:0.00023200000000000003 train_loss:3.1128 train_time:1736747ms step_avg:375.43ms
step:4637/5100 lr:0.00023150000000000002 train_loss:3.3538 train_time:1737145ms step_avg:375.44ms
step:4638/5100 lr:0.000231 train_loss:3.2746 train_time:1737543ms step_avg:375.44ms
step:4639/5100 lr:0.00023050000000000002 train_loss:3.0811 train_time:1737943ms step_avg:375.45ms
step:4640/5100 lr:0.00023 train_loss:3.2282 train_time:1738342ms step_avg:375.45ms
step:4641/5100 lr:0.00022950000000000002 train_loss:3.3433 train_time:1738740ms step_avg:375.46ms
step:4642/5100 lr:0.000229 train_loss:3.5235 train_time:1739139ms step_avg:375.46ms
step:4643/5100 lr:0.00022850000000000002 train_loss:3.1291 train_time:1739536ms step_avg:375.47ms
step:4644/5100 lr:0.000228 train_loss:3.4344 train_time:1739934ms step_avg:375.47ms
step:4645/5100 lr:0.0002275 train_loss:3.2420 train_time:1740333ms step_avg:375.48ms
step:4646/5100 lr:0.00022700000000000002 train_loss:3.2052 train_time:1740732ms step_avg:375.48ms
step:4647/5100 lr:0.0002265 train_loss:3.3558 train_time:1741131ms step_avg:375.49ms
step:4648/5100 lr:0.00022600000000000002 train_loss:3.1384 train_time:1741529ms step_avg:375.49ms
step:4649/5100 lr:0.0002255 train_loss:3.3679 train_time:1741928ms step_avg:375.50ms
step:4650/5100 lr:0.00022500000000000002 train_loss:3.2651 train_time:1742327ms step_avg:375.50ms
step:4651/5100 lr:0.0002245 train_loss:3.2562 train_time:1742724ms step_avg:375.51ms
step:4652/5100 lr:0.000224 train_loss:3.1191 train_time:1743123ms step_avg:375.51ms
step:4653/5100 lr:0.0002235 train_loss:3.2273 train_time:1743522ms step_avg:375.52ms
step:4654/5100 lr:0.000223 train_loss:3.2259 train_time:1743920ms step_avg:375.52ms
step:4655/5100 lr:0.00022250000000000001 train_loss:3.5715 train_time:1744318ms step_avg:375.53ms
step:4656/5100 lr:0.000222 train_loss:3.2813 train_time:1744716ms step_avg:375.53ms
step:4657/5100 lr:0.00022150000000000002 train_loss:3.2410 train_time:1745113ms step_avg:375.54ms
step:4658/5100 lr:0.000221 train_loss:3.2330 train_time:1745512ms step_avg:375.54ms
step:4659/5100 lr:0.0002205 train_loss:3.3959 train_time:1745910ms step_avg:375.55ms
step:4660/5100 lr:0.00022 train_loss:3.3819 train_time:1746309ms step_avg:375.55ms
step:4661/5100 lr:0.0002195 train_loss:3.3147 train_time:1746707ms step_avg:375.56ms
step:4662/5100 lr:0.000219 train_loss:3.1827 train_time:1747104ms step_avg:375.56ms
step:4663/5100 lr:0.0002185 train_loss:3.4369 train_time:1747503ms step_avg:375.56ms
step:4664/5100 lr:0.000218 train_loss:3.4932 train_time:1747902ms step_avg:375.57ms
step:4665/5100 lr:0.0002175 train_loss:3.2888 train_time:1748301ms step_avg:375.57ms
step:4666/5100 lr:0.00021700000000000002 train_loss:3.2191 train_time:1748699ms step_avg:375.58ms
step:4667/5100 lr:0.0002165 train_loss:3.3896 train_time:1749096ms step_avg:375.58ms
step:4668/5100 lr:0.000216 train_loss:3.1804 train_time:1749495ms step_avg:375.59ms
step:4669/5100 lr:0.0002155 train_loss:3.0989 train_time:1749892ms step_avg:375.59ms
step:4670/5100 lr:0.000215 train_loss:3.2069 train_time:1750291ms step_avg:375.60ms
step:4671/5100 lr:0.0002145 train_loss:3.1440 train_time:1750690ms step_avg:375.60ms
step:4672/5100 lr:0.000214 train_loss:3.1820 train_time:1751088ms step_avg:375.61ms
step:4673/5100 lr:0.0002135 train_loss:3.1514 train_time:1751486ms step_avg:375.61ms
step:4674/5100 lr:0.000213 train_loss:3.3520 train_time:1751884ms step_avg:375.62ms
step:4675/5100 lr:0.0002125 train_loss:3.2056 train_time:1752283ms step_avg:375.62ms
step:4676/5100 lr:0.000212 train_loss:3.1635 train_time:1752682ms step_avg:375.63ms
step:4677/5100 lr:0.0002115 train_loss:3.3864 train_time:1753236ms step_avg:375.67ms
step:4678/5100 lr:0.000211 train_loss:3.2553 train_time:1753635ms step_avg:375.67ms
step:4679/5100 lr:0.0002105 train_loss:3.2657 train_time:1754033ms step_avg:375.68ms
step:4680/5100 lr:0.00021 train_loss:3.2783 train_time:1754432ms step_avg:375.68ms
step:4681/5100 lr:0.0002095 train_loss:3.3373 train_time:1754830ms step_avg:375.69ms
step:4682/5100 lr:0.00020899999999999998 train_loss:3.3955 train_time:1755382ms step_avg:375.72ms
step:4683/5100 lr:0.0002085 train_loss:3.2901 train_time:1755780ms step_avg:375.73ms
step:4684/5100 lr:0.000208 train_loss:3.3266 train_time:1756179ms step_avg:375.73ms
step:4685/5100 lr:0.0002075 train_loss:3.3388 train_time:1756577ms step_avg:375.74ms
step:4686/5100 lr:0.000207 train_loss:3.2136 train_time:1756975ms step_avg:375.74ms
step:4687/5100 lr:0.0002065 train_loss:3.4562 train_time:1757373ms step_avg:375.75ms
step:4688/5100 lr:0.000206 train_loss:3.0781 train_time:1757774ms step_avg:375.75ms
step:4689/5100 lr:0.00020549999999999998 train_loss:3.1315 train_time:1758174ms step_avg:375.76ms
step:4690/5100 lr:0.000205 train_loss:3.3209 train_time:1758573ms step_avg:375.76ms
step:4691/5100 lr:0.00020449999999999998 train_loss:3.1602 train_time:1758972ms step_avg:375.77ms
step:4692/5100 lr:0.000204 train_loss:3.1746 train_time:1759372ms step_avg:375.77ms
step:4693/5100 lr:0.00020349999999999999 train_loss:3.2166 train_time:1759771ms step_avg:375.78ms
step:4694/5100 lr:0.00020300000000000003 train_loss:3.1121 train_time:1760169ms step_avg:375.78ms
step:4695/5100 lr:0.00020250000000000002 train_loss:3.2171 train_time:1760568ms step_avg:375.79ms
step:4696/5100 lr:0.000202 train_loss:3.4724 train_time:1760966ms step_avg:375.79ms
step:4697/5100 lr:0.00020150000000000002 train_loss:3.5249 train_time:1761364ms step_avg:375.80ms
step:4698/5100 lr:0.000201 train_loss:3.2289 train_time:1761762ms step_avg:375.80ms
step:4699/5100 lr:0.00020050000000000002 train_loss:3.1324 train_time:1762161ms step_avg:375.81ms
step:4700/5100 lr:0.0002 train_loss:3.4904 train_time:1762560ms step_avg:375.81ms
step:4701/5100 lr:0.00019950000000000002 train_loss:3.1500 train_time:1762959ms step_avg:375.82ms
step:4702/5100 lr:0.000199 train_loss:3.0276 train_time:1763358ms step_avg:375.82ms
step:4703/5100 lr:0.00019850000000000003 train_loss:3.2291 train_time:1763756ms step_avg:375.83ms
step:4704/5100 lr:0.00019800000000000002 train_loss:3.1563 train_time:1764154ms step_avg:375.83ms
step:4705/5100 lr:0.0001975 train_loss:3.2046 train_time:1764553ms step_avg:375.84ms
step:4706/5100 lr:0.00019700000000000002 train_loss:3.2229 train_time:1764952ms step_avg:375.84ms
step:4707/5100 lr:0.0001965 train_loss:3.2809 train_time:1765351ms step_avg:375.85ms
step:4708/5100 lr:0.00019600000000000002 train_loss:3.4117 train_time:1765749ms step_avg:375.85ms
step:4709/5100 lr:0.0001955 train_loss:3.2000 train_time:1766148ms step_avg:375.86ms
step:4710/5100 lr:0.00019500000000000002 train_loss:3.3444 train_time:1766549ms step_avg:375.86ms
step:4711/5100 lr:0.0001945 train_loss:3.3117 train_time:1766948ms step_avg:375.87ms
step:4712/5100 lr:0.000194 train_loss:3.2711 train_time:1767347ms step_avg:375.87ms
step:4713/5100 lr:0.00019350000000000001 train_loss:3.2836 train_time:1767745ms step_avg:375.88ms
step:4714/5100 lr:0.000193 train_loss:3.2736 train_time:1768143ms step_avg:375.88ms
step:4715/5100 lr:0.00019250000000000002 train_loss:3.3348 train_time:1768542ms step_avg:375.89ms
step:4716/5100 lr:0.000192 train_loss:3.2187 train_time:1768941ms step_avg:375.89ms
step:4717/5100 lr:0.00019150000000000002 train_loss:3.1511 train_time:1769340ms step_avg:375.90ms
step:4718/5100 lr:0.000191 train_loss:3.3354 train_time:1769984ms step_avg:375.95ms
step:4719/5100 lr:0.0001905 train_loss:3.2582 train_time:1770383ms step_avg:375.96ms
step:4720/5100 lr:0.00019 train_loss:3.2727 train_time:1770783ms step_avg:375.96ms
step:4721/5100 lr:0.0001895 train_loss:3.2248 train_time:1771182ms step_avg:375.97ms
step:4722/5100 lr:0.000189 train_loss:3.1786 train_time:1771580ms step_avg:375.97ms
step:4723/5100 lr:0.0001885 train_loss:3.3133 train_time:1771979ms step_avg:375.98ms
step:4724/5100 lr:0.00018800000000000002 train_loss:3.3001 train_time:1772378ms step_avg:375.98ms
step:4725/5100 lr:0.0001875 train_loss:3.2021 train_time:1772776ms step_avg:375.99ms
step:4726/5100 lr:0.000187 train_loss:3.3714 train_time:1773175ms step_avg:375.99ms
step:4727/5100 lr:0.0001865 train_loss:3.3625 train_time:1773574ms step_avg:376.00ms
step:4728/5100 lr:0.000186 train_loss:3.2889 train_time:1773972ms step_avg:376.00ms
step:4729/5100 lr:0.0001855 train_loss:3.1540 train_time:1774372ms step_avg:376.01ms
step:4730/5100 lr:0.000185 train_loss:3.1281 train_time:1774771ms step_avg:376.01ms
step:4731/5100 lr:0.0001845 train_loss:3.2389 train_time:1775169ms step_avg:376.02ms
step:4732/5100 lr:0.000184 train_loss:3.3372 train_time:1775568ms step_avg:376.02ms
step:4733/5100 lr:0.0001835 train_loss:3.2383 train_time:1775967ms step_avg:376.03ms
step:4734/5100 lr:0.000183 train_loss:3.1482 train_time:1776365ms step_avg:376.03ms
step:4735/5100 lr:0.0001825 train_loss:3.2681 train_time:1776764ms step_avg:376.03ms
step:4736/5100 lr:0.000182 train_loss:3.2121 train_time:1777163ms step_avg:376.04ms
step:4737/5100 lr:0.0001815 train_loss:3.6401 train_time:1777562ms step_avg:376.04ms
step:4738/5100 lr:0.000181 train_loss:3.2271 train_time:1777961ms step_avg:376.05ms
step:4739/5100 lr:0.0001805 train_loss:3.3489 train_time:1778360ms step_avg:376.05ms
step:4740/5100 lr:0.00017999999999999998 train_loss:3.0378 train_time:1778759ms step_avg:376.06ms
step:4741/5100 lr:0.0001795 train_loss:3.3009 train_time:1779158ms step_avg:376.06ms
step:4742/5100 lr:0.000179 train_loss:3.1255 train_time:1779813ms step_avg:376.12ms
step:4743/5100 lr:0.0001785 train_loss:3.2377 train_time:1780212ms step_avg:376.13ms
step:4744/5100 lr:0.000178 train_loss:3.1666 train_time:1780611ms step_avg:376.13ms
step:4745/5100 lr:0.0001775 train_loss:3.1837 train_time:1781011ms step_avg:376.14ms
step:4746/5100 lr:0.000177 train_loss:3.3768 train_time:1781409ms step_avg:376.14ms
step:4747/5100 lr:0.00017649999999999998 train_loss:3.2801 train_time:1781808ms step_avg:376.15ms
step:4748/5100 lr:0.000176 train_loss:3.4571 train_time:1782206ms step_avg:376.15ms
step:4749/5100 lr:0.00017549999999999998 train_loss:3.3744 train_time:1782604ms step_avg:376.16ms
step:4750/5100 lr:0.000175 train_loss:3.1687 train_time:1783200ms step_avg:376.20ms
step:4750/5100 val_loss:3.2587 train_time:1783203ms step_avg:376.20ms
step:4751/5100 lr:0.00017449999999999999 train_loss:3.2420 train_time:1787342ms step_avg:377.00ms
step:4752/5100 lr:0.000174 train_loss:3.3281 train_time:1787742ms step_avg:377.00ms
step:4753/5100 lr:0.0001735 train_loss:3.2239 train_time:1788141ms step_avg:377.01ms
step:4754/5100 lr:0.000173 train_loss:3.1238 train_time:1788540ms step_avg:377.01ms
step:4755/5100 lr:0.0001725 train_loss:3.2025 train_time:1788938ms step_avg:377.02ms
step:4756/5100 lr:0.00017199999999999998 train_loss:3.2304 train_time:1789338ms step_avg:377.02ms
step:4757/5100 lr:0.00017150000000000002 train_loss:3.1956 train_time:1789737ms step_avg:377.02ms
step:4758/5100 lr:0.000171 train_loss:3.1956 train_time:1790135ms step_avg:377.03ms
step:4759/5100 lr:0.00017050000000000002 train_loss:3.4247 train_time:1790534ms step_avg:377.03ms
step:4760/5100 lr:0.00017 train_loss:3.1645 train_time:1790932ms step_avg:377.04ms
step:4761/5100 lr:0.00016950000000000003 train_loss:3.2269 train_time:1791331ms step_avg:377.04ms
step:4762/5100 lr:0.00016900000000000002 train_loss:3.1301 train_time:1791729ms step_avg:377.05ms
step:4763/5100 lr:0.0001685 train_loss:3.1157 train_time:1792333ms step_avg:377.10ms
step:4764/5100 lr:0.00016800000000000002 train_loss:3.2424 train_time:1792731ms step_avg:377.10ms
step:4765/5100 lr:0.0001675 train_loss:3.3162 train_time:1793129ms step_avg:377.10ms
step:4766/5100 lr:0.00016700000000000002 train_loss:3.3590 train_time:1793528ms step_avg:377.11ms
step:4767/5100 lr:0.0001665 train_loss:3.2336 train_time:1793927ms step_avg:377.11ms
step:4768/5100 lr:0.00016600000000000002 train_loss:3.2815 train_time:1794325ms step_avg:377.12ms
step:4769/5100 lr:0.0001655 train_loss:3.1373 train_time:1794724ms step_avg:377.12ms
step:4770/5100 lr:0.000165 train_loss:3.2376 train_time:1795122ms step_avg:377.13ms
step:4771/5100 lr:0.00016450000000000001 train_loss:3.2512 train_time:1795521ms step_avg:377.13ms
step:4772/5100 lr:0.000164 train_loss:3.4817 train_time:1795920ms step_avg:377.14ms
step:4773/5100 lr:0.00016350000000000002 train_loss:3.3199 train_time:1796319ms step_avg:377.14ms
step:4774/5100 lr:0.000163 train_loss:3.1587 train_time:1796718ms step_avg:377.14ms
step:4775/5100 lr:0.00016250000000000002 train_loss:3.1782 train_time:1797116ms step_avg:377.15ms
step:4776/5100 lr:0.000162 train_loss:3.3225 train_time:1797515ms step_avg:377.15ms
step:4777/5100 lr:0.0001615 train_loss:3.1891 train_time:1797912ms step_avg:377.16ms
step:4778/5100 lr:0.000161 train_loss:3.3370 train_time:1798311ms step_avg:377.16ms
step:4779/5100 lr:0.0001605 train_loss:3.2661 train_time:1798709ms step_avg:377.17ms
step:4780/5100 lr:0.00016 train_loss:3.2168 train_time:1799108ms step_avg:377.17ms
step:4781/5100 lr:0.0001595 train_loss:3.2652 train_time:1799506ms step_avg:377.18ms
step:4782/5100 lr:0.00015900000000000002 train_loss:3.3049 train_time:1799905ms step_avg:377.18ms
step:4783/5100 lr:0.0001585 train_loss:3.3216 train_time:1800303ms step_avg:377.18ms
step:4784/5100 lr:0.000158 train_loss:3.1902 train_time:1800701ms step_avg:377.19ms
step:4785/5100 lr:0.0001575 train_loss:3.2131 train_time:1801099ms step_avg:377.19ms
step:4786/5100 lr:0.000157 train_loss:3.1492 train_time:1801497ms step_avg:377.20ms
step:4787/5100 lr:0.0001565 train_loss:3.4450 train_time:1801895ms step_avg:377.20ms
step:4788/5100 lr:0.000156 train_loss:3.2134 train_time:1802293ms step_avg:377.21ms
step:4789/5100 lr:0.0001555 train_loss:3.2219 train_time:1802691ms step_avg:377.21ms
step:4790/5100 lr:0.000155 train_loss:3.2604 train_time:1803090ms step_avg:377.22ms
step:4791/5100 lr:0.00015450000000000001 train_loss:3.3061 train_time:1803489ms step_avg:377.22ms
step:4792/5100 lr:0.000154 train_loss:3.1840 train_time:1803887ms step_avg:377.22ms
step:4793/5100 lr:0.0001535 train_loss:3.1878 train_time:1804286ms step_avg:377.23ms
step:4794/5100 lr:0.000153 train_loss:3.2992 train_time:1804685ms step_avg:377.23ms
step:4795/5100 lr:0.0001525 train_loss:3.4327 train_time:1805083ms step_avg:377.24ms
step:4796/5100 lr:0.000152 train_loss:3.2508 train_time:1805482ms step_avg:377.24ms
step:4797/5100 lr:0.0001515 train_loss:3.2385 train_time:1805880ms step_avg:377.25ms
step:4798/5100 lr:0.000151 train_loss:3.2787 train_time:1806279ms step_avg:377.25ms
step:4799/5100 lr:0.0001505 train_loss:3.2799 train_time:1806678ms step_avg:377.26ms
step:4800/5100 lr:0.00015 train_loss:3.2591 train_time:1807077ms step_avg:377.26ms
step:4801/5100 lr:0.0001495 train_loss:3.3024 train_time:1807476ms step_avg:377.26ms
step:4802/5100 lr:0.000149 train_loss:3.2587 train_time:1807874ms step_avg:377.27ms
step:4803/5100 lr:0.0001485 train_loss:3.2468 train_time:1808272ms step_avg:377.27ms
step:4804/5100 lr:0.000148 train_loss:3.5288 train_time:1808671ms step_avg:377.28ms
step:4805/5100 lr:0.0001475 train_loss:3.4919 train_time:1809070ms step_avg:377.28ms
step:4806/5100 lr:0.000147 train_loss:3.2836 train_time:1809468ms step_avg:377.29ms
step:4807/5100 lr:0.00014649999999999998 train_loss:3.2507 train_time:1809867ms step_avg:377.29ms
step:4808/5100 lr:0.000146 train_loss:3.2912 train_time:1810266ms step_avg:377.30ms
step:4809/5100 lr:0.00014549999999999999 train_loss:3.2152 train_time:1810665ms step_avg:377.30ms
step:4810/5100 lr:0.000145 train_loss:3.1879 train_time:1811063ms step_avg:377.30ms
step:4811/5100 lr:0.0001445 train_loss:3.2704 train_time:1811461ms step_avg:377.31ms
step:4812/5100 lr:0.000144 train_loss:3.0724 train_time:1811860ms step_avg:377.31ms
step:4813/5100 lr:0.0001435 train_loss:3.4376 train_time:1812258ms step_avg:377.32ms
step:4814/5100 lr:0.00014299999999999998 train_loss:3.1918 train_time:1812658ms step_avg:377.32ms
step:4815/5100 lr:0.0001425 train_loss:3.3059 train_time:1813056ms step_avg:377.33ms
step:4816/5100 lr:0.00014199999999999998 train_loss:3.2304 train_time:1813455ms step_avg:377.33ms
step:4817/5100 lr:0.0001415 train_loss:3.3173 train_time:1813853ms step_avg:377.34ms
step:4818/5100 lr:0.00014099999999999998 train_loss:3.2028 train_time:1814251ms step_avg:377.34ms
step:4819/5100 lr:0.00014050000000000003 train_loss:3.2788 train_time:1814650ms step_avg:377.34ms
step:4820/5100 lr:0.00014000000000000001 train_loss:3.2488 train_time:1815049ms step_avg:377.35ms
step:4821/5100 lr:0.0001395 train_loss:2.9525 train_time:1815448ms step_avg:377.35ms
step:4822/5100 lr:0.00013900000000000002 train_loss:3.2046 train_time:1815847ms step_avg:377.36ms
step:4823/5100 lr:0.0001385 train_loss:3.2218 train_time:1816246ms step_avg:377.36ms
step:4824/5100 lr:0.00013800000000000002 train_loss:3.2706 train_time:1816645ms step_avg:377.37ms
step:4825/5100 lr:0.0001375 train_loss:3.1079 train_time:1817044ms step_avg:377.37ms
step:4826/5100 lr:0.00013700000000000002 train_loss:3.1869 train_time:1817442ms step_avg:377.38ms
step:4827/5100 lr:0.0001365 train_loss:2.9325 train_time:1817841ms step_avg:377.38ms
step:4828/5100 lr:0.00013600000000000003 train_loss:3.3251 train_time:1818240ms step_avg:377.38ms
step:4829/5100 lr:0.00013550000000000001 train_loss:3.2492 train_time:1818639ms step_avg:377.39ms
step:4830/5100 lr:0.000135 train_loss:3.4140 train_time:1819037ms step_avg:377.39ms
step:4831/5100 lr:0.00013450000000000002 train_loss:3.1264 train_time:1819436ms step_avg:377.40ms
step:4832/5100 lr:0.000134 train_loss:3.1860 train_time:1819834ms step_avg:377.40ms
step:4833/5100 lr:0.00013350000000000002 train_loss:3.2517 train_time:1820233ms step_avg:377.41ms
step:4834/5100 lr:0.000133 train_loss:3.3327 train_time:1820631ms step_avg:377.41ms
step:4835/5100 lr:0.00013250000000000002 train_loss:3.0301 train_time:1821030ms step_avg:377.42ms
step:4836/5100 lr:0.000132 train_loss:3.1375 train_time:1821428ms step_avg:377.42ms
step:4837/5100 lr:0.0001315 train_loss:3.2466 train_time:1821827ms step_avg:377.42ms
step:4838/5100 lr:0.000131 train_loss:3.1857 train_time:1822226ms step_avg:377.43ms
step:4839/5100 lr:0.0001305 train_loss:3.0495 train_time:1822624ms step_avg:377.43ms
step:4840/5100 lr:0.00013000000000000002 train_loss:3.4295 train_time:1823022ms step_avg:377.44ms
step:4841/5100 lr:0.0001295 train_loss:3.2127 train_time:1823420ms step_avg:377.44ms
step:4842/5100 lr:0.00012900000000000002 train_loss:3.1900 train_time:1823820ms step_avg:377.45ms
step:4843/5100 lr:0.0001285 train_loss:3.1841 train_time:1824219ms step_avg:377.45ms
step:4844/5100 lr:0.000128 train_loss:2.9630 train_time:1824617ms step_avg:377.45ms
step:4845/5100 lr:0.0001275 train_loss:3.2987 train_time:1825016ms step_avg:377.46ms
step:4846/5100 lr:0.000127 train_loss:3.1497 train_time:1825414ms step_avg:377.46ms
step:4847/5100 lr:0.0001265 train_loss:3.1581 train_time:1825815ms step_avg:377.47ms
step:4848/5100 lr:0.000126 train_loss:3.0755 train_time:1826213ms step_avg:377.47ms
step:4849/5100 lr:0.00012550000000000001 train_loss:3.1586 train_time:1826611ms step_avg:377.48ms
step:4850/5100 lr:0.000125 train_loss:3.2657 train_time:1827010ms step_avg:377.48ms
step:4851/5100 lr:0.0001245 train_loss:3.1276 train_time:1827409ms step_avg:377.49ms
step:4852/5100 lr:0.000124 train_loss:3.3371 train_time:1827808ms step_avg:377.49ms
step:4853/5100 lr:0.0001235 train_loss:3.1020 train_time:1828207ms step_avg:377.49ms
step:4854/5100 lr:0.000123 train_loss:3.1627 train_time:1828606ms step_avg:377.50ms
step:4855/5100 lr:0.0001225 train_loss:3.4044 train_time:1829005ms step_avg:377.50ms
step:4856/5100 lr:0.000122 train_loss:3.2903 train_time:1829403ms step_avg:377.51ms
step:4857/5100 lr:0.0001215 train_loss:3.3941 train_time:1829801ms step_avg:377.51ms
step:4858/5100 lr:0.000121 train_loss:3.2654 train_time:1830200ms step_avg:377.52ms
step:4859/5100 lr:0.0001205 train_loss:3.2235 train_time:1830598ms step_avg:377.52ms
step:4860/5100 lr:0.00012 train_loss:3.2977 train_time:1830997ms step_avg:377.53ms
step:4861/5100 lr:0.00011949999999999999 train_loss:3.2634 train_time:1831395ms step_avg:377.53ms
step:4862/5100 lr:0.00011899999999999999 train_loss:3.3328 train_time:1831794ms step_avg:377.53ms
step:4863/5100 lr:0.0001185 train_loss:3.2983 train_time:1832193ms step_avg:377.54ms
step:4864/5100 lr:0.000118 train_loss:3.1356 train_time:1832590ms step_avg:377.54ms
step:4865/5100 lr:0.0001175 train_loss:3.0030 train_time:1832989ms step_avg:377.55ms
step:4866/5100 lr:0.00011700000000000001 train_loss:3.2262 train_time:1833388ms step_avg:377.55ms
step:4867/5100 lr:0.00011650000000000001 train_loss:3.2751 train_time:1833786ms step_avg:377.56ms
step:4868/5100 lr:0.00011600000000000001 train_loss:3.2098 train_time:1834185ms step_avg:377.56ms
step:4869/5100 lr:0.0001155 train_loss:3.2792 train_time:1834584ms step_avg:377.56ms
step:4870/5100 lr:0.000115 train_loss:3.1707 train_time:1834982ms step_avg:377.57ms
step:4871/5100 lr:0.0001145 train_loss:3.1270 train_time:1835381ms step_avg:377.57ms
step:4872/5100 lr:0.000114 train_loss:3.2707 train_time:1835780ms step_avg:377.58ms
step:4873/5100 lr:0.00011350000000000001 train_loss:3.1760 train_time:1836179ms step_avg:377.58ms
step:4874/5100 lr:0.00011300000000000001 train_loss:3.2844 train_time:1836578ms step_avg:377.59ms
step:4875/5100 lr:0.00011250000000000001 train_loss:3.4717 train_time:1836977ms step_avg:377.59ms
step:4875/5100 val_loss:3.2501 train_time:1836979ms step_avg:377.59ms
step:4876/5100 lr:0.000112 train_loss:3.2797 train_time:1841130ms step_avg:378.37ms
step:4877/5100 lr:0.0001115 train_loss:3.1920 train_time:1841529ms step_avg:378.37ms
step:4878/5100 lr:0.000111 train_loss:3.1795 train_time:1841929ms step_avg:378.37ms
step:4879/5100 lr:0.0001105 train_loss:3.1587 train_time:1842328ms step_avg:378.38ms
step:4880/5100 lr:0.00011 train_loss:3.1149 train_time:1842726ms step_avg:378.38ms
step:4881/5100 lr:0.0001095 train_loss:3.3339 train_time:1843124ms step_avg:378.39ms
step:4882/5100 lr:0.000109 train_loss:3.1959 train_time:1843523ms step_avg:378.39ms
step:4883/5100 lr:0.00010850000000000001 train_loss:3.2877 train_time:1843922ms step_avg:378.40ms
step:4884/5100 lr:0.000108 train_loss:3.1580 train_time:1844321ms step_avg:378.40ms
step:4885/5100 lr:0.0001075 train_loss:3.2592 train_time:1844720ms step_avg:378.40ms
step:4886/5100 lr:0.000107 train_loss:3.1618 train_time:1845118ms step_avg:378.41ms
step:4887/5100 lr:0.0001065 train_loss:3.3271 train_time:1845516ms step_avg:378.41ms
step:4888/5100 lr:0.000106 train_loss:3.2172 train_time:1845914ms step_avg:378.42ms
step:4889/5100 lr:0.0001055 train_loss:3.1765 train_time:1846313ms step_avg:378.42ms
step:4890/5100 lr:0.000105 train_loss:3.3463 train_time:1846712ms step_avg:378.42ms
step:4891/5100 lr:0.00010449999999999999 train_loss:3.2693 train_time:1847110ms step_avg:378.43ms
step:4892/5100 lr:0.000104 train_loss:3.0881 train_time:1847509ms step_avg:378.43ms
step:4893/5100 lr:0.0001035 train_loss:3.2341 train_time:1847907ms step_avg:378.44ms
step:4894/5100 lr:0.000103 train_loss:3.2174 train_time:1848305ms step_avg:378.44ms
step:4895/5100 lr:0.0001025 train_loss:3.3540 train_time:1848703ms step_avg:378.44ms
step:4896/5100 lr:0.000102 train_loss:3.2505 train_time:1849103ms step_avg:378.45ms
step:4897/5100 lr:0.00010150000000000001 train_loss:3.3587 train_time:1849502ms step_avg:378.45ms
step:4898/5100 lr:0.000101 train_loss:3.1789 train_time:1849900ms step_avg:378.46ms
step:4899/5100 lr:0.0001005 train_loss:3.2471 train_time:1850298ms step_avg:378.46ms
step:4900/5100 lr:0.0001 train_loss:3.3882 train_time:1850696ms step_avg:378.47ms
step:4901/5100 lr:9.95e-05 train_loss:3.1145 train_time:1851094ms step_avg:378.47ms
step:4902/5100 lr:9.900000000000001e-05 train_loss:3.2286 train_time:1851493ms step_avg:378.47ms
step:4903/5100 lr:9.850000000000001e-05 train_loss:3.1061 train_time:1851892ms step_avg:378.48ms
step:4904/5100 lr:9.800000000000001e-05 train_loss:3.2874 train_time:1852291ms step_avg:378.48ms
step:4905/5100 lr:9.750000000000001e-05 train_loss:3.3915 train_time:1852690ms step_avg:378.49ms
step:4906/5100 lr:9.7e-05 train_loss:3.1952 train_time:1853089ms step_avg:378.49ms
step:4907/5100 lr:9.65e-05 train_loss:3.2150 train_time:1853488ms step_avg:378.49ms
step:4908/5100 lr:9.6e-05 train_loss:3.3615 train_time:1853886ms step_avg:378.50ms
step:4909/5100 lr:9.55e-05 train_loss:3.4160 train_time:1854284ms step_avg:378.50ms
step:4910/5100 lr:9.5e-05 train_loss:3.2633 train_time:1854928ms step_avg:378.56ms
step:4911/5100 lr:9.45e-05 train_loss:3.2094 train_time:1855327ms step_avg:378.56ms
step:4912/5100 lr:9.400000000000001e-05 train_loss:3.2672 train_time:1855725ms step_avg:378.56ms
step:4913/5100 lr:9.35e-05 train_loss:3.2466 train_time:1856124ms step_avg:378.57ms
step:4914/5100 lr:9.3e-05 train_loss:3.1541 train_time:1856522ms step_avg:378.57ms
step:4915/5100 lr:9.25e-05 train_loss:3.3708 train_time:1856921ms step_avg:378.58ms
step:4916/5100 lr:9.2e-05 train_loss:3.1114 train_time:1857319ms step_avg:378.58ms
step:4917/5100 lr:9.15e-05 train_loss:3.3472 train_time:1857718ms step_avg:378.59ms
step:4918/5100 lr:9.1e-05 train_loss:3.3070 train_time:1858116ms step_avg:378.59ms
step:4919/5100 lr:9.05e-05 train_loss:3.3109 train_time:1858514ms step_avg:378.59ms
step:4920/5100 lr:8.999999999999999e-05 train_loss:3.1282 train_time:1858913ms step_avg:378.60ms
step:4921/5100 lr:8.95e-05 train_loss:3.3142 train_time:1859311ms step_avg:378.60ms
step:4922/5100 lr:8.9e-05 train_loss:3.1390 train_time:1859951ms step_avg:378.65ms
step:4923/5100 lr:8.85e-05 train_loss:3.2424 train_time:1860350ms step_avg:378.66ms
step:4924/5100 lr:8.8e-05 train_loss:3.3150 train_time:1860748ms step_avg:378.66ms
step:4925/5100 lr:8.75e-05 train_loss:3.8311 train_time:1861147ms step_avg:378.67ms
step:4926/5100 lr:8.7e-05 train_loss:3.2119 train_time:1861545ms step_avg:378.67ms
step:4927/5100 lr:8.65e-05 train_loss:3.2941 train_time:1861943ms step_avg:378.67ms
step:4928/5100 lr:8.599999999999999e-05 train_loss:3.1247 train_time:1862341ms step_avg:378.68ms
step:4929/5100 lr:8.55e-05 train_loss:3.2808 train_time:1862740ms step_avg:378.68ms
step:4930/5100 lr:8.5e-05 train_loss:3.2862 train_time:1863140ms step_avg:378.69ms
step:4931/5100 lr:8.450000000000001e-05 train_loss:3.3346 train_time:1863539ms step_avg:378.69ms
step:4932/5100 lr:8.400000000000001e-05 train_loss:3.1783 train_time:1863939ms step_avg:378.70ms
step:4933/5100 lr:8.350000000000001e-05 train_loss:3.5273 train_time:1864338ms step_avg:378.70ms
step:4934/5100 lr:8.300000000000001e-05 train_loss:3.3919 train_time:1864736ms step_avg:378.70ms
step:4935/5100 lr:8.25e-05 train_loss:3.2670 train_time:1865134ms step_avg:378.71ms
step:4936/5100 lr:8.2e-05 train_loss:3.2219 train_time:1865533ms step_avg:378.71ms
step:4937/5100 lr:8.15e-05 train_loss:3.1830 train_time:1865932ms step_avg:378.72ms
step:4938/5100 lr:8.1e-05 train_loss:3.2324 train_time:1866330ms step_avg:378.72ms
step:4939/5100 lr:8.05e-05 train_loss:3.0170 train_time:1866729ms step_avg:378.72ms
step:4940/5100 lr:8e-05 train_loss:3.2514 train_time:1867324ms step_avg:378.77ms
step:4941/5100 lr:7.950000000000001e-05 train_loss:3.3724 train_time:1867723ms step_avg:378.77ms
step:4942/5100 lr:7.9e-05 train_loss:3.2694 train_time:1868122ms step_avg:378.78ms
step:4943/5100 lr:7.85e-05 train_loss:3.2221 train_time:1868520ms step_avg:378.78ms
step:4944/5100 lr:7.8e-05 train_loss:3.1708 train_time:1868918ms step_avg:378.78ms
step:4945/5100 lr:7.75e-05 train_loss:3.0907 train_time:1869317ms step_avg:378.79ms
step:4946/5100 lr:7.7e-05 train_loss:3.1953 train_time:1869715ms step_avg:378.79ms
step:4947/5100 lr:7.65e-05 train_loss:3.1910 train_time:1870113ms step_avg:378.80ms
step:4948/5100 lr:7.6e-05 train_loss:3.1145 train_time:1870512ms step_avg:378.80ms
step:4949/5100 lr:7.55e-05 train_loss:3.1101 train_time:1870911ms step_avg:378.80ms
step:4950/5100 lr:7.5e-05 train_loss:3.2745 train_time:1871310ms step_avg:378.81ms
step:4951/5100 lr:7.45e-05 train_loss:3.0330 train_time:1871708ms step_avg:378.81ms
step:4952/5100 lr:7.4e-05 train_loss:3.2048 train_time:1872107ms step_avg:378.82ms
step:4953/5100 lr:7.35e-05 train_loss:3.3526 train_time:1872703ms step_avg:378.86ms
step:4954/5100 lr:7.3e-05 train_loss:3.3334 train_time:1873102ms step_avg:378.86ms
step:4955/5100 lr:7.25e-05 train_loss:2.9585 train_time:1873501ms step_avg:378.87ms
step:4956/5100 lr:7.2e-05 train_loss:3.3341 train_time:1873899ms step_avg:378.87ms
step:4957/5100 lr:7.149999999999999e-05 train_loss:3.7642 train_time:1874298ms step_avg:378.88ms
step:4958/5100 lr:7.099999999999999e-05 train_loss:3.1347 train_time:1874696ms step_avg:378.88ms
step:4959/5100 lr:7.049999999999999e-05 train_loss:3.1676 train_time:1875095ms step_avg:378.88ms
step:4960/5100 lr:7.000000000000001e-05 train_loss:3.3796 train_time:1875493ms step_avg:378.89ms
step:4961/5100 lr:6.950000000000001e-05 train_loss:3.0595 train_time:1875893ms step_avg:378.89ms
step:4962/5100 lr:6.900000000000001e-05 train_loss:3.3613 train_time:1876292ms step_avg:378.90ms
step:4963/5100 lr:6.850000000000001e-05 train_loss:3.1736 train_time:1876691ms step_avg:378.90ms
step:4964/5100 lr:6.800000000000001e-05 train_loss:3.3546 train_time:1877090ms step_avg:378.90ms
step:4965/5100 lr:6.75e-05 train_loss:3.1652 train_time:1877489ms step_avg:378.91ms
step:4966/5100 lr:6.7e-05 train_loss:3.1826 train_time:1877888ms step_avg:378.91ms
step:4967/5100 lr:6.65e-05 train_loss:3.1338 train_time:1878285ms step_avg:378.92ms
step:4968/5100 lr:6.6e-05 train_loss:3.0984 train_time:1878684ms step_avg:378.92ms
step:4969/5100 lr:6.55e-05 train_loss:3.3138 train_time:1879083ms step_avg:378.92ms
step:4970/5100 lr:6.500000000000001e-05 train_loss:3.1433 train_time:1879482ms step_avg:378.93ms
step:4971/5100 lr:6.450000000000001e-05 train_loss:3.1559 train_time:1879880ms step_avg:378.93ms
step:4972/5100 lr:6.4e-05 train_loss:3.2833 train_time:1880279ms step_avg:378.94ms
step:4973/5100 lr:6.35e-05 train_loss:3.5647 train_time:1880677ms step_avg:378.94ms
step:4974/5100 lr:6.3e-05 train_loss:3.1451 train_time:1881075ms step_avg:378.94ms
step:4975/5100 lr:6.25e-05 train_loss:3.2951 train_time:1881474ms step_avg:378.95ms
step:4976/5100 lr:6.2e-05 train_loss:3.1461 train_time:1881873ms step_avg:378.95ms
step:4977/5100 lr:6.15e-05 train_loss:4.3317 train_time:1882272ms step_avg:378.96ms
step:4978/5100 lr:6.1e-05 train_loss:3.1849 train_time:1882671ms step_avg:378.96ms
step:4979/5100 lr:6.05e-05 train_loss:3.2684 train_time:1883070ms step_avg:378.96ms
step:4980/5100 lr:6e-05 train_loss:3.2994 train_time:1883469ms step_avg:378.97ms
step:4981/5100 lr:5.9499999999999996e-05 train_loss:4.3725 train_time:1883868ms step_avg:378.97ms
step:4982/5100 lr:5.9e-05 train_loss:3.4438 train_time:1884267ms step_avg:378.98ms
step:4983/5100 lr:5.8500000000000006e-05 train_loss:3.3380 train_time:1884665ms step_avg:378.98ms
step:4984/5100 lr:5.800000000000001e-05 train_loss:3.3054 train_time:1885064ms step_avg:378.98ms
step:4985/5100 lr:5.75e-05 train_loss:3.3254 train_time:1885463ms step_avg:378.99ms
step:4986/5100 lr:5.7e-05 train_loss:3.2029 train_time:1885862ms step_avg:378.99ms
step:4987/5100 lr:5.6500000000000005e-05 train_loss:3.2190 train_time:1886260ms step_avg:379.00ms
step:4988/5100 lr:5.6e-05 train_loss:3.3248 train_time:1886659ms step_avg:379.00ms
step:4989/5100 lr:5.55e-05 train_loss:3.1867 train_time:1887057ms step_avg:379.00ms
step:4990/5100 lr:5.5e-05 train_loss:3.1408 train_time:1887455ms step_avg:379.01ms
step:4991/5100 lr:5.45e-05 train_loss:3.2897 train_time:1887853ms step_avg:379.01ms
step:4992/5100 lr:5.4e-05 train_loss:3.1627 train_time:1888252ms step_avg:379.01ms
step:4993/5100 lr:5.35e-05 train_loss:3.4052 train_time:1888651ms step_avg:379.02ms
step:4994/5100 lr:5.3e-05 train_loss:3.3636 train_time:1889050ms step_avg:379.02ms
step:4995/5100 lr:5.25e-05 train_loss:3.0643 train_time:1889448ms step_avg:379.03ms
step:4996/5100 lr:5.2e-05 train_loss:2.9473 train_time:1889847ms step_avg:379.03ms
step:4997/5100 lr:5.15e-05 train_loss:3.6308 train_time:1890245ms step_avg:379.03ms
step:4998/5100 lr:5.1e-05 train_loss:3.5256 train_time:1890644ms step_avg:379.04ms
step:4999/5100 lr:5.05e-05 train_loss:3.2479 train_time:1891042ms step_avg:379.04ms
step:5000/5100 lr:5e-05 train_loss:3.3060 train_time:1891441ms step_avg:379.05ms
step:5000/5100 val_loss:3.2434 train_time:1891444ms step_avg:379.05ms
step:5001/5100 lr:4.9500000000000004e-05 train_loss:3.3034 train_time:1895610ms step_avg:379.81ms
step:5002/5100 lr:4.9000000000000005e-05 train_loss:3.1991 train_time:1896008ms step_avg:379.81ms
step:5003/5100 lr:4.85e-05 train_loss:3.1949 train_time:1896407ms step_avg:379.81ms
step:5004/5100 lr:4.8e-05 train_loss:3.3583 train_time:1896806ms step_avg:379.82ms
step:5005/5100 lr:4.75e-05 train_loss:3.0311 train_time:1897205ms step_avg:379.82ms
step:5006/5100 lr:4.7000000000000004e-05 train_loss:3.2584 train_time:1897604ms step_avg:379.82ms
step:5007/5100 lr:4.65e-05 train_loss:3.1932 train_time:1898003ms step_avg:379.83ms
step:5008/5100 lr:4.6e-05 train_loss:3.4439 train_time:1898402ms step_avg:379.83ms
step:5009/5100 lr:4.55e-05 train_loss:3.2853 train_time:1898800ms step_avg:379.84ms
step:5010/5100 lr:4.4999999999999996e-05 train_loss:3.3041 train_time:1899198ms step_avg:379.84ms
step:5011/5100 lr:4.45e-05 train_loss:3.3434 train_time:1899597ms step_avg:379.84ms
step:5012/5100 lr:4.4e-05 train_loss:3.4627 train_time:1899996ms step_avg:379.85ms
step:5013/5100 lr:4.35e-05 train_loss:3.2990 train_time:1900394ms step_avg:379.85ms
step:5014/5100 lr:4.2999999999999995e-05 train_loss:3.2770 train_time:1900793ms step_avg:379.85ms
step:5015/5100 lr:4.25e-05 train_loss:3.2726 train_time:1901192ms step_avg:379.86ms
step:5016/5100 lr:4.2000000000000004e-05 train_loss:3.3536 train_time:1901591ms step_avg:379.86ms
step:5017/5100 lr:4.1500000000000006e-05 train_loss:3.1472 train_time:1901989ms step_avg:379.87ms
step:5018/5100 lr:4.1e-05 train_loss:3.0223 train_time:1902388ms step_avg:379.87ms
step:5019/5100 lr:4.05e-05 train_loss:3.2166 train_time:1902786ms step_avg:379.87ms
step:5020/5100 lr:4e-05 train_loss:3.2894 train_time:1903184ms step_avg:379.88ms
step:5021/5100 lr:3.95e-05 train_loss:3.0633 train_time:1903582ms step_avg:379.88ms
step:5022/5100 lr:3.9e-05 train_loss:3.2225 train_time:1903981ms step_avg:379.88ms
step:5023/5100 lr:3.85e-05 train_loss:3.5801 train_time:1904379ms step_avg:379.89ms
step:5024/5100 lr:3.8e-05 train_loss:3.1936 train_time:1904777ms step_avg:379.89ms
step:5025/5100 lr:3.75e-05 train_loss:3.2619 train_time:1905175ms step_avg:379.90ms
step:5026/5100 lr:3.7e-05 train_loss:3.0310 train_time:1905574ms step_avg:379.90ms
step:5027/5100 lr:3.65e-05 train_loss:3.2843 train_time:1905973ms step_avg:379.90ms
step:5028/5100 lr:3.6e-05 train_loss:3.1869 train_time:1906371ms step_avg:379.91ms
step:5029/5100 lr:3.5499999999999996e-05 train_loss:3.1360 train_time:1906769ms step_avg:379.91ms
step:5030/5100 lr:3.5000000000000004e-05 train_loss:3.2071 train_time:1907167ms step_avg:379.91ms
step:5031/5100 lr:3.4500000000000005e-05 train_loss:3.2372 train_time:1907566ms step_avg:379.92ms
step:5032/5100 lr:3.4000000000000007e-05 train_loss:3.9117 train_time:1907965ms step_avg:379.92ms
step:5033/5100 lr:3.35e-05 train_loss:3.1360 train_time:1908364ms step_avg:379.93ms
step:5034/5100 lr:3.3e-05 train_loss:3.1990 train_time:1908762ms step_avg:379.93ms
step:5035/5100 lr:3.2500000000000004e-05 train_loss:3.2632 train_time:1909160ms step_avg:379.93ms
step:5036/5100 lr:3.2e-05 train_loss:3.3997 train_time:1909804ms step_avg:379.98ms
step:5037/5100 lr:3.15e-05 train_loss:3.1622 train_time:1910204ms step_avg:379.99ms
step:5038/5100 lr:3.1e-05 train_loss:3.5274 train_time:1910603ms step_avg:379.99ms
step:5039/5100 lr:3.05e-05 train_loss:3.1588 train_time:1911002ms step_avg:380.00ms
step:5040/5100 lr:3e-05 train_loss:3.2913 train_time:1911400ms step_avg:380.00ms
step:5041/5100 lr:2.95e-05 train_loss:3.3951 train_time:1911798ms step_avg:380.00ms
step:5042/5100 lr:2.9000000000000004e-05 train_loss:3.3521 train_time:1912439ms step_avg:380.06ms
step:5043/5100 lr:2.85e-05 train_loss:3.1704 train_time:1912837ms step_avg:380.06ms
step:5044/5100 lr:2.8e-05 train_loss:3.2457 train_time:1913236ms step_avg:380.06ms
step:5045/5100 lr:2.75e-05 train_loss:3.0579 train_time:1913635ms step_avg:380.07ms
step:5046/5100 lr:2.7e-05 train_loss:3.3384 train_time:1914035ms step_avg:380.07ms
step:5047/5100 lr:2.65e-05 train_loss:3.3935 train_time:1914434ms step_avg:380.07ms
step:5048/5100 lr:2.6e-05 train_loss:3.1464 train_time:1914833ms step_avg:380.08ms
step:5049/5100 lr:2.55e-05 train_loss:3.1647 train_time:1915232ms step_avg:380.08ms
step:5050/5100 lr:2.5e-05 train_loss:3.1412 train_time:1915631ms step_avg:380.09ms
step:5051/5100 lr:2.4500000000000003e-05 train_loss:3.2320 train_time:1916031ms step_avg:380.09ms
step:5052/5100 lr:2.4e-05 train_loss:3.1531 train_time:1916429ms step_avg:380.09ms
step:5053/5100 lr:2.3500000000000002e-05 train_loss:3.4156 train_time:1916828ms step_avg:380.10ms
step:5054/5100 lr:2.3e-05 train_loss:3.2165 train_time:1917227ms step_avg:380.10ms
step:5055/5100 lr:2.2499999999999998e-05 train_loss:3.3206 train_time:1917626ms step_avg:380.10ms
step:5056/5100 lr:2.2e-05 train_loss:3.2274 train_time:1918025ms step_avg:380.11ms
step:5057/5100 lr:2.1499999999999997e-05 train_loss:3.4315 train_time:1918425ms step_avg:380.11ms
step:5058/5100 lr:2.1000000000000002e-05 train_loss:3.1075 train_time:1918824ms step_avg:380.12ms
step:5059/5100 lr:2.05e-05 train_loss:3.2372 train_time:1919223ms step_avg:380.12ms
step:5060/5100 lr:2e-05 train_loss:2.8275 train_time:1919622ms step_avg:380.12ms
step:5061/5100 lr:1.95e-05 train_loss:3.3320 train_time:1920021ms step_avg:380.13ms
step:5062/5100 lr:1.9e-05 train_loss:3.2326 train_time:1920420ms step_avg:380.13ms
step:5063/5100 lr:1.85e-05 train_loss:3.1588 train_time:1920818ms step_avg:380.13ms
step:5064/5100 lr:1.8e-05 train_loss:3.2278 train_time:1921216ms step_avg:380.14ms
step:5065/5100 lr:1.7500000000000002e-05 train_loss:3.1901 train_time:1921616ms step_avg:380.14ms
step:5066/5100 lr:1.7000000000000003e-05 train_loss:3.3508 train_time:1922015ms step_avg:380.15ms
step:5067/5100 lr:1.65e-05 train_loss:3.4949 train_time:1922414ms step_avg:380.15ms
step:5068/5100 lr:1.6e-05 train_loss:3.2681 train_time:1922814ms step_avg:380.15ms
step:5069/5100 lr:1.55e-05 train_loss:3.2139 train_time:1923212ms step_avg:380.16ms
step:5070/5100 lr:1.5e-05 train_loss:3.1299 train_time:1923611ms step_avg:380.16ms
step:5071/5100 lr:1.4500000000000002e-05 train_loss:2.8933 train_time:1924010ms step_avg:380.16ms
step:5072/5100 lr:1.4e-05 train_loss:3.2153 train_time:1924408ms step_avg:380.17ms
step:5073/5100 lr:1.35e-05 train_loss:3.2222 train_time:1924807ms step_avg:380.17ms
step:5074/5100 lr:1.3e-05 train_loss:3.2144 train_time:1925205ms step_avg:380.17ms
step:5075/5100 lr:1.25e-05 train_loss:3.4485 train_time:1925604ms step_avg:380.18ms
step:5076/5100 lr:1.2e-05 train_loss:3.3180 train_time:1926004ms step_avg:380.18ms
step:5077/5100 lr:1.15e-05 train_loss:3.2895 train_time:1926403ms step_avg:380.19ms
step:5078/5100 lr:1.1e-05 train_loss:3.3178 train_time:1926802ms step_avg:380.19ms
step:5079/5100 lr:1.0500000000000001e-05 train_loss:3.7917 train_time:1927202ms step_avg:380.19ms
step:5080/5100 lr:1e-05 train_loss:3.2055 train_time:1927600ms step_avg:380.20ms
step:5081/5100 lr:9.5e-06 train_loss:3.4800 train_time:1927998ms step_avg:380.20ms
step:5082/5100 lr:9e-06 train_loss:3.2983 train_time:1928397ms step_avg:380.20ms
step:5083/5100 lr:8.500000000000002e-06 train_loss:3.4139 train_time:1928815ms step_avg:380.21ms
step:5084/5100 lr:8e-06 train_loss:3.2395 train_time:1929214ms step_avg:380.22ms
step:5085/5100 lr:7.5e-06 train_loss:3.3523 train_time:1929614ms step_avg:380.22ms
step:5086/5100 lr:7e-06 train_loss:3.4132 train_time:1930013ms step_avg:380.22ms
step:5087/5100 lr:6.5e-06 train_loss:3.3118 train_time:1930411ms step_avg:380.23ms
step:5088/5100 lr:6e-06 train_loss:3.2023 train_time:1930810ms step_avg:380.23ms
step:5089/5100 lr:5.5e-06 train_loss:3.1409 train_time:1931209ms step_avg:380.23ms
step:5090/5100 lr:5e-06 train_loss:3.3145 train_time:1931607ms step_avg:380.24ms
step:5091/5100 lr:4.5e-06 train_loss:3.4786 train_time:1932006ms step_avg:380.24ms
step:5092/5100 lr:4e-06 train_loss:3.4154 train_time:1932405ms step_avg:380.24ms
step:5093/5100 lr:3.5e-06 train_loss:3.2584 train_time:1932804ms step_avg:380.25ms
step:5094/5100 lr:3e-06 train_loss:3.3387 train_time:1933203ms step_avg:380.25ms
step:5095/5100 lr:2.5e-06 train_loss:3.1261 train_time:1933601ms step_avg:380.26ms
step:5096/5100 lr:2e-06 train_loss:3.2163 train_time:1934000ms step_avg:380.26ms
step:5097/5100 lr:1.5e-06 train_loss:3.1248 train_time:1934399ms step_avg:380.26ms
step:5098/5100 lr:1e-06 train_loss:3.4069 train_time:1934797ms step_avg:380.27ms
step:5099/5100 lr:5e-07 train_loss:3.3042 train_time:1935196ms step_avg:380.27ms
step:5100/5100 lr:0.0 train_loss:3.2111 train_time:1935595ms step_avg:380.27ms
step:5100/5100 val_loss:3.2405 train_time:1935597ms step_avg:380.27ms
peak memory consumption: 47957 MiB
